graphname,optimal_expectation,optimal_parameters,optimal_gamma,optimal_beta,initial_parameters,initial_gamma,initial_beta,num_layers,num_qubits,num_interactions,sim_time,n_restarts,mean_n_obj_calls,gamma_std_across_restarts,beta_std_across_restarts,graph_id,model
barabasi_0,14.308232158334638,"[2.8187109810518325, 1.923273289238735, 1.7962207550662608, 1.8205180199231106, 0.8371274598983325, 0.13574845381895112, 1.477577976586662, 2.8831139842120987, 3.119430306501691, 1.7636837183119356]",2.8187109810518325,0.13574845381895112,"[1.72414847 2.24683366 1.89363699 1.711801   1.33095081 1.0145681
 0.68736038 1.40079375 1.51371792 0.60230853]",1.7241484721289566,1.014568100303551,5,12,20,5.818973779678345,1,1466.0,0.0,0.0,0,barabasi
watts_1,27.81041949001023,"[2.9751011490554533, 3.1391957105987167, 2.6731286386179214, 1.6070994639644542, 1.6331528155195278, 0.6841357080111085, 1.391283495800455, 2.795461563586752, 3.137423462777827, 2.1822555122006935]",2.9751011490554533,0.6841357080111085,"[1.72414847 2.24683366 1.89363699 1.711801   1.33095081 1.0145681
 0.68736038 1.40079375 1.51371792 0.60230853]",1.7241484721289566,1.014568100303551,5,20,40,8.999577045440674,1,826.0,0.0,0.0,1,watts
barabasi_2,10.467927525973566,"[2.3947170513332905, 2.2669899579134127, 1.4137613171429144, 0.6860594709049351, 1.94306316083884, 1.4601453802059257, 1.3109149111033398, 1.9594263898202826, 1.2747671450387639, 0.17306328863087136]",2.3947170513332905,1.4601453802059257,"[1.72414847 2.24683366 1.89363699 1.711801   1.33095081 1.0145681
 0.68736038 1.40079375 1.51371792 0.60230853]",1.7241484721289566,1.014568100303551,5,13,12,2.6318652629852295,1,1054.0,0.0,0.0,2,barabasi
watts_3,14.584437256059852,"[2.880984493677421, 2.6792209194625247, 2.52275063648239, 1.2999676911118967, 1.9091163791735533, 2.1477279494023165, 0.3715472398964069, 2.9417727436913435, 3.086167855255223, 1.9725088856478128]",2.880984493677421,2.1477279494023165,"[1.72414847 2.24683366 1.89363699 1.711801   1.33095081 1.0145681
 0.68736038 1.40079375 1.51371792 0.60230853]",1.7241484721289566,1.014568100303551,5,17,17,7.598620891571045,1,1625.0,0.0,0.0,3,watts
gnm_4,74.99266518034155,"[2.7206721345798126, 2.115293941379858, 2.2364553647871723, 1.8967982797773129, 0.7857116375412623, 0.6969027906986783, 0.794922111253471, 2.7914796728233857, 3.140960116235446, 1.5362762311583111]",2.7206721345798126,0.6969027906986783,"[1.72414847 2.24683366 1.89363699 1.711801   1.33095081 1.0145681
 0.68736038 1.40079375 1.51371792 0.60230853]",1.7241484721289566,1.014568100303551,5,19,149,19.017816305160522,1,637.0,0.0,0.0,4,gnm
watts_5,8.567371733190463,"[2.7866196530427585, 1.3423290187737182, 2.933116952000365, 2.150888480909785, 0.6977352129123752, 0.3198267824245836, 1.4613906659734561, 1.8785260284574896, 2.9197488349215024, 1.119370465495306]",2.7866196530427585,0.3198267824245836,"[1.72414847 2.24683366 1.89363699 1.711801   1.33095081 1.0145681
 0.68736038 1.40079375 1.51371792 0.60230853]",1.7241484721289566,1.014568100303551,5,10,10,2.912886619567871,1,1585.0,0.0,0.0,5,watts
watts_6,25.03648963909618,"[1.1756154110988304, 2.1935571803799627, 2.617431239297617, 1.9838872706995367, 2.5740290978690457, 1.6162188269935935, 1.3522631421566558, 1.7696099170013566, 1.5487003820892573, -0.00585154397404369]",1.1756154110988304,1.6162188269935935,"[1.72414847 2.24683366 1.89363699 1.711801   1.33095081 1.0145681
 0.68736038 1.40079375 1.51371792 0.60230853]",1.7241484721289566,1.014568100303551,5,19,38,6.453138113021851,1,831.0,0.0,0.0,6,watts
barabasi_7,10.068711909748664,"[-0.2646301011314006, 2.0307964351903607, 3.089729447251729, 2.156299677774525, 2.9740286719880653, 1.9260058776058788, 1.755978393435993, 3.13320978710792, 2.98745658825059, 1.4765095534491635]",-0.2646301011314006,1.9260058776058788,"[1.72414847 2.24683366 1.89363699 1.711801   1.33095081 1.0145681
 0.68736038 1.40079375 1.51371792 0.60230853]",1.7241484721289566,1.014568100303551,5,13,12,0.49944067001342773,1,1279.0,0.0,0.0,7,barabasi
watts_8,10.020232605785168,"[2.431548412470949, 2.3813423573632555, -0.19675241274057897, 1.9704521741735281, 1.5150070181731934, 1.5987373857511775, 0.5869568404547794, 2.9607643744576393, 2.8183703367496475, 1.2953250792184368]",2.431548412470949,1.5987373857511775,"[1.72414847 2.24683366 1.89363699 1.711801   1.33095081 1.0145681
 0.68736038 1.40079375 1.51371792 0.60230853]",1.7241484721289566,1.014568100303551,5,8,16,3.2906854152679443,1,1249.0,0.0,0.0,8,watts
barabasi_9,26.505108335343486,"[1.4177446391600483, 2.0075858197304197, 3.0379648607173193, 3.1001589477219156, 0.375069953040909, 1.7208969462381005, 1.7794136411959354, 2.168432598391523, 1.8984701074653216, 1.3636127922998216]",1.4177446391600483,1.7208969462381005,"[1.72414847 2.24683366 1.89363699 1.711801   1.33095081 1.0145681
 0.68736038 1.40079375 1.51371792 0.60230853]",1.7241484721289566,1.014568100303551,5,20,36,10.98490285873413,1,1078.0,0.0,0.0,9,barabasi
gnm_10,20.36497851865265,"[2.8632639579775256, 1.9591676750305203, 1.6787862783412097, 1.6250652678380033, 1.7910081537024536, 1.6770226952905283, 1.6756477176122482, 2.7810682034868037, 3.060386993283439, 1.3297236239352943]",2.8632639579775256,1.6770226952905283,"[1.72414847 2.24683366 1.89363699 1.711801   1.33095081 1.0145681
 0.68736038 1.40079375 1.51371792 0.60230853]",1.7241484721289566,1.014568100303551,5,11,31,5.353657960891724,1,1156.0,0.0,0.0,10,gnm
barabasi_11,5.965153895952994,"[2.5305835137192574, 1.860661658352905, 2.47526400815358, 1.9888213766520442, 1.2422728799043683, 0.867092588637023, -0.10187428475786994, 2.965581471968286, 2.610852191054097, 1.3873340728576165]",2.5305835137192574,0.867092588637023,"[1.72414847 2.24683366 1.89363699 1.711801   1.33095081 1.0145681
 0.68736038 1.40079375 1.51371792 0.60230853]",1.7241484721289566,1.014568100303551,5,8,7,2.942211866378784,1,1660.0,0.0,0.0,11,barabasi
barabasi_12,12.807882382049076,"[2.931933600760331, 3.0146607281441042, 3.1410040557056025, 0.9047449137298027, 1.602775725153399, 0.2948994513652252, 3.1412540778763565, 1.723897697144543, 2.8976965338996568, 1.8553111338708144]",2.931933600760331,0.2948994513652252,"[1.72414847 2.24683366 1.89363699 1.711801   1.33095081 1.0145681
 0.68736038 1.40079375 1.51371792 0.60230853]",1.7241484721289566,1.014568100303551,5,16,15,6.919360399246216,1,1879.0,0.0,0.0,12,barabasi
watts_13,19.321899615937266,"[2.9664848278772102, 2.7805807354868888, 3.1365267807582313, 1.1248349872340717, 2.5917235207361555, 2.085092375831958, 0.45355403543583006, 2.9060270767982193, 3.049825182053323, 1.4231023059882943]",2.9664848278772102,2.085092375831958,"[1.72414847 2.24683366 1.89363699 1.711801   1.33095081 1.0145681
 0.68736038 1.40079375 1.51371792 0.60230853]",1.7241484721289566,1.014568100303551,5,14,28,8.893784284591675,1,1899.0,0.0,0.0,13,watts
watts_14,12.087212707550169,"[2.168076360377881, 2.3145030699493536, 2.56871299465175, 1.517796280845114, 1.3151514852326909, 1.0619231885842648, 0.08922509665036066, 1.9189183835997694, 2.158469862046309, 0.8887362060642949]",2.168076360377881,1.0619231885842648,"[1.72414847 2.24683366 1.89363699 1.711801   1.33095081 1.0145681
 0.68736038 1.40079375 1.51371792 0.60230853]",1.7241484721289566,1.014568100303551,5,15,15,6.553555965423584,1,1734.0,0.0,0.0,14,watts
regular_15,16.716984713001082,"[1.7343699660530665, 1.9689890460115844, 2.7016655774044813, 2.1594513077151705, 1.3823670198426292, 1.0703399751143232, 1.0244825530276342, 1.6071373861291558, 1.312252277390011, 0.4542906201162876]",1.7343699660530665,1.0703399751143232,"[1.72414847 2.24683366 1.89363699 1.711801   1.33095081 1.0145681
 0.68736038 1.40079375 1.51371792 0.60230853]",1.7241484721289566,1.014568100303551,5,12,24,5.879934072494507,1,1209.0,0.0,0.0,15,regular
barabasi_16,15.006870246669102,"[1.4334568612004641, 2.0703516341282295, 2.0051761833986816, 1.8590321485741303, 1.3407433399164301, 1.3536070498943154, 1.2405611194207897, 3.1414635362085823, 2.9551373360502526, 1.745148213886425]",1.4334568612004641,1.3536070498943154,"[1.72414847 2.24683366 1.89363699 1.711801   1.33095081 1.0145681
 0.68736038 1.40079375 1.51371792 0.60230853]",1.7241484721289566,1.014568100303551,5,19,18,5.97792387008667,1,1264.0,0.0,0.0,16,barabasi
gnm_17,47.74549632977221,"[2.9735004341947553, 2.621887803101264, 2.3377822087167144, 1.5709420277074422, 0.7831688785421609, 0.9884001178361134, 0.7860095304876165, 2.370135576544334, 2.3582866964951075, 0.764930877903633]",2.9735004341947553,0.9884001178361134,"[1.72414847 2.24683366 1.89363699 1.711801   1.33095081 1.0145681
 0.68736038 1.40079375 1.51371792 0.60230853]",1.7241484721289566,1.014568100303551,5,15,89,11.826452493667603,1,849.0,0.0,0.0,17,gnm
gnm_18,62.66013905602424,"[2.8646246172129, 2.27158332657552, 1.937773257741252, 1.8359753322895416, 1.4727795016251481, 0.666066139602131, 0.7683947538140834, 2.9316549472129037, 3.069524389198998, 1.908961204937579]",2.8646246172129,0.666066139602131,"[1.72414847 2.24683366 1.89363699 1.711801   1.33095081 1.0145681
 0.68736038 1.40079375 1.51371792 0.60230853]",1.7241484721289566,1.014568100303551,5,18,125,13.677365779876709,1,550.0,0.0,0.0,18,gnm
watts_19,13.990577265576373,"[2.900212362351361, 2.945717249979163, 2.865182329196892, 1.2223546807982255, 1.7100866528422152, 1.9368604976950223, 0.2428386115853911, 3.1380502476252987, 3.099929020547104, 1.8183063477373547]",2.900212362351361,1.9368604976950223,"[1.72414847 2.24683366 1.89363699 1.711801   1.33095081 1.0145681
 0.68736038 1.40079375 1.51371792 0.60230853]",1.7241484721289566,1.014568100303551,5,17,17,4.946581125259399,1,1303.0,0.0,0.0,19,watts
barabasi_20,16.09696351038833,"[2.7644911927893547, 1.469762216443228, 2.3294654048791537, 1.489122970656807, 1.0908474517307394, 0.11218263011768267, 1.5928705163575607, 2.9283497706711126, 3.13173074252003, 1.7305486542776072]",2.7644911927893547,0.11218263011768267,"[1.72414847 2.24683366 1.89363699 1.711801   1.33095081 1.0145681
 0.68736038 1.40079375 1.51371792 0.60230853]",1.7241484721289566,1.014568100303551,5,14,24,3.2824811935424805,1,1223.0,0.0,0.0,20,barabasi
gnm_21,5.656527099577943,"[2.903925993267941, 2.6914768470573565, 3.1241773024650676, 0.9069466657420914, 1.7472504464463916, 2.1141378753962243, 0.403229881346184, 3.095821737454334, 3.0684364864437335, 1.7841174225262553]",2.903925993267941,2.1141378753962243,"[1.72414847 2.24683366 1.89363699 1.711801   1.33095081 1.0145681
 0.68736038 1.40079375 1.51371792 0.60230853]",1.7241484721289566,1.014568100303551,5,6,7,1.9220654964447021,1,1196.0,0.0,0.0,21,gnm
watts_22,16.616030694511245,"[2.9543457393053205, 2.7829130392655075, 2.0955240989714845, 1.5874639420798606, 1.5659604536552283, 0.5736443457872993, 1.7745546339416698, 2.7076031690502367, 2.9537041546209704, 2.0041266454566697]",2.9543457393053205,0.5736443457872993,"[1.72414847 2.24683366 1.89363699 1.711801   1.33095081 1.0145681
 0.68736038 1.40079375 1.51371792 0.60230853]",1.7241484721289566,1.014568100303551,5,12,24,5.275100231170654,1,1237.0,0.0,0.0,22,watts
watts_23,21.484921674093858,"[2.9686434828586794, 2.812647261427968, 2.0437810372415264, 1.5472263156404948, 1.5918224093310027, 0.5685194347341151, 1.7910822585703006, 1.004287523740709, 1.3867867329738695, 0.5721610236558087]",2.9686434828586794,0.5685194347341151,"[1.72414847 2.24683366 1.89363699 1.711801   1.33095081 1.0145681
 0.68736038 1.40079375 1.51371792 0.60230853]",1.7241484721289566,1.014568100303551,5,15,30,5.755962610244751,1,888.0,0.0,0.0,23,watts
watts_24,8.19545114415219,"[-0.4824709676637011, 1.9734332629389386, 3.138335700940318, 2.0578289700964874, 1.782266570937285, 1.8169497481186074, 1.7704068189235103, 2.7318602491208246, 2.8682178793938427, 1.3989218006839366]",-0.4824709676637011,1.8169497481186074,"[1.72414847 2.24683366 1.89363699 1.711801   1.33095081 1.0145681
 0.68736038 1.40079375 1.51371792 0.60230853]",1.7241484721289566,1.014568100303551,5,10,10,1.5900013446807861,1,781.0,0.0,0.0,24,watts
barabasi_25,7.475384098700424,"[2.919831933277326, 2.717020803332968, 2.4716270943585372, 1.5425077753580243, 1.634662157221702, 2.1679921549474797, 0.28146177629946667, 3.1130794725606963, 2.9320228973394546, 1.8499379458018574]",2.919831933277326,2.1679921549474797,"[1.72414847 2.24683366 1.89363699 1.711801   1.33095081 1.0145681
 0.68736038 1.40079375 1.51371792 0.60230853]",1.7241484721289566,1.014568100303551,5,9,8,3.4529366493225098,1,1663.0,0.0,0.0,25,barabasi
regular_26,17.716489607432656,"[1.8263984589057753, 2.1403354389584086, 2.5979136224617063, 1.6187848031399947, 1.1970530703369622, 1.2696475957437467, 0.2735223864297848, 2.7836261464882512, 2.8463927190827425, 2.0041533278238735]",1.8263984589057753,1.2696475957437467,"[1.72414847 2.24683366 1.89363699 1.711801   1.33095081 1.0145681
 0.68736038 1.40079375 1.51371792 0.60230853]",1.7241484721289566,1.014568100303551,5,20,20,7.108819007873535,1,1259.0,0.0,0.0,26,regular
gnm_27,66.85064175429167,"[2.832482793497957, 2.297427123448725, 1.9765059198013426, 1.7226632095436825, 1.365660534431253, 0.840389564945305, 0.7522453236477914, 2.9841098317911645, 3.0350569875971507, 1.8960427328207972]",2.832482793497957,0.840389564945305,"[1.72414847 2.24683366 1.89363699 1.711801   1.33095081 1.0145681
 0.68736038 1.40079375 1.51371792 0.60230853]",1.7241484721289566,1.014568100303551,5,18,133,14.224499702453613,1,650.0,0.0,0.0,27,gnm
barabasi_28,23.530821668401305,"[2.9811537734463274, 3.1373729839041093, 2.86521106997411, 1.9197329503021026, 1.614556677611522, 1.208082910807898, 0.8916054615133995, 1.8140224614037361, 3.0892039261228827, 2.941513938147737]",2.9811537734463274,1.208082910807898,"[1.72414847 2.24683366 1.89363699 1.711801   1.33095081 1.0145681
 0.68736038 1.40079375 1.51371792 0.60230853]",1.7241484721289566,1.014568100303551,5,19,34,9.748261213302612,1,1299.0,0.0,0.0,28,barabasi
watts_29,9.804076454978713,"[2.9401725843304836, 2.934835628798951, 2.9492899886084807, 0.32261553483795513, 1.5079982590911327, 0.9086437775867364, 1.00270506909693, 1.4621920908028045, 2.675336746221254, 2.3428278831921623]",2.9401725843304836,0.9086437775867364,"[1.72414847 2.24683366 1.89363699 1.711801   1.33095081 1.0145681
 0.68736038 1.40079375 1.51371792 0.60230853]",1.7241484721289566,1.014568100303551,5,7,14,3.264568328857422,1,1718.0,0.0,0.0,29,watts
barabasi_30,8.91928975091391,"[2.183675170150517, 2.2634338809921783, 1.4901589505781747, 1.5540577078400213, 2.210140214858525, 1.4781485938499697, 0.684394504497041, 1.958289442867252, 2.359301812838128, 1.3344313279365791]",2.183675170150517,1.4781485938499697,"[1.72414847 2.24683366 1.89363699 1.711801   1.33095081 1.0145681
 0.68736038 1.40079375 1.51371792 0.60230853]",1.7241484721289566,1.014568100303551,5,12,11,2.300668239593506,1,1101.0,0.0,0.0,30,barabasi
gnm_31,13.91163157012923,"[2.9090400587936123, 2.119121208144818, 1.940816207397863, -0.4326605947511278, 0.3813985996163094, 1.7124815855639204, 1.5551620968426874, 3.141577211701213, 2.8366582221815815, 1.3852298381872838]",2.9090400587936123,1.7124815855639204,"[1.72414847 2.24683366 1.89363699 1.711801   1.33095081 1.0145681
 0.68736038 1.40079375 1.51371792 0.60230853]",1.7241484721289566,1.014568100303551,5,10,21,4.555947303771973,1,1892.0,0.0,0.0,31,gnm
gnm_32,10.32601383124711,"[2.7693157952428717, 2.4663728728148557, 2.061951390197323, 1.4111695049911583, 1.695601058802259, 0.7973981817304086, 0.7047604988497208, 2.9189691715213697, 2.7006255785654263, 1.892037748780837]",2.7693157952428717,0.7973981817304086,"[1.72414847 2.24683366 1.89363699 1.711801   1.33095081 1.0145681
 0.68736038 1.40079375 1.51371792 0.60230853]",1.7241484721289566,1.014568100303551,5,7,17,8.726030349731445,1,3111.0,0.0,0.0,32,gnm
barabasi_33,27.81053919087782,"[3.008259299868941, 2.91803003004438, 2.8121762126154533, 1.7963584595224207, 1.4120553742437565, 0.5345565009641416, 0.4380751998720718, 2.6416075269593686, 3.1134713550187096, 2.3723655315501997]",3.008259299868941,0.5345565009641416,"[1.72414847 2.24683366 1.89363699 1.711801   1.33095081 1.0145681
 0.68736038 1.40079375 1.51371792 0.60230853]",1.7241484721289566,1.014568100303551,5,16,39,7.738513469696045,1,938.0,0.0,0.0,33,barabasi
watts_34,24.314010080396027,"[2.391654740969857, 2.3662317338397205, 0.25409710013049613, 1.5411298846161414, 1.0719942023654672, 1.564566766260858, 1.8876597743979358, 3.077624198356798, 2.784225522803692, 1.562492348292131]",2.391654740969857,1.564566766260858,"[1.72414847 2.24683366 1.89363699 1.711801   1.33095081 1.0145681
 0.68736038 1.40079375 1.51371792 0.60230853]",1.7241484721289566,1.014568100303551,5,19,38,6.461453914642334,1,758.0,0.0,0.0,34,watts
barabasi_35,10.612116534199856,"[1.7590237499920625, 1.9400055771988722, 1.8399431787677456, 1.8867410410087333, 1.3321447813455214, 0.3670954608735838, 1.3223082266742592, 3.1229656291859715, 2.963184372910679, 1.790577108411647]",1.7590237499920625,0.3670954608735838,"[1.72414847 2.24683366 1.89363699 1.711801   1.33095081 1.0145681
 0.68736038 1.40079375 1.51371792 0.60230853]",1.7241484721289566,1.014568100303551,5,13,12,2.687929153442383,1,1142.0,0.0,0.0,35,barabasi
barabasi_36,7.512365039660864,"[2.907705918661785, 2.7737432590124396, 2.122304809273856, 1.8143630290131498, 1.5340315231568067, 0.6443011969613289, 0.3229005947685839, 2.8612010044556135, 2.868491837765935, 2.0378491151598457]",2.907705918661785,0.6443011969613289,"[1.72414847 2.24683366 1.89363699 1.711801   1.33095081 1.0145681
 0.68736038 1.40079375 1.51371792 0.60230853]",1.7241484721289566,1.014568100303551,5,9,8,1.6564514636993408,1,1018.0,0.0,0.0,36,barabasi
watts_37,13.28079611073027,"[1.8323117883129965, 2.1192322181493264, 2.618659420823221, 1.6100672752803753, 1.2036368117574028, 1.2610668342959748, 0.2787452066042294, 2.837502866541969, 2.7903936511994427, 1.9965210371343978]",1.8323117883129965,1.2610668342959748,"[1.72414847 2.24683366 1.89363699 1.711801   1.33095081 1.0145681
 0.68736038 1.40079375 1.51371792 0.60230853]",1.7241484721289566,1.014568100303551,5,15,15,3.6239399909973145,1,1156.0,0.0,0.0,37,watts
barabasi_38,5.447593162464614,"[1.761734664663401, 1.9062716964557318, 2.8978492287567974, 0.8595435595617115, 2.9585791288839713, 1.4037982692012982, 1.8935315559335162, 2.245268772444576, 1.9555079688097023, 0.9287471163859456]",1.761734664663401,1.4037982692012982,"[1.72414847 2.24683366 1.89363699 1.711801   1.33095081 1.0145681
 0.68736038 1.40079375 1.51371792 0.60230853]",1.7241484721289566,1.014568100303551,5,7,6,1.2260277271270752,1,1722.0,0.0,0.0,38,barabasi
barabasi_39,13.131987200197287,"[2.835380643592998, 2.6602049629583933, 3.104731368840119, 1.9965664570419732, 0.843894140320052, 0.3581611470186255, 1.7816158597150702, 3.14152511116153, 3.049657284798135, 1.7801145539031562]",2.835380643592998,0.3581611470186255,"[1.72414847 2.24683366 1.89363699 1.711801   1.33095081 1.0145681
 0.68736038 1.40079375 1.51371792 0.60230853]",1.7241484721289566,1.014568100303551,5,16,15,7.6187543869018555,1,1915.0,0.0,0.0,39,barabasi
barabasi_40,41.030174514949124,"[2.5451652864443712, 2.210708627019084, 1.6676151304242242, 2.7459919938161512, 0.06322782248174272, 1.5794023918934632, -0.01900258096496316, 1.4058819300110055, 1.1148010785065436, -0.7996112786261707]",2.5451652864443712,1.5794023918934632,"[1.72414847 2.24683366 1.89363699 1.711801   1.33095081 1.0145681
 0.68736038 1.40079375 1.51371792 0.60230853]",1.7241484721289566,1.014568100303551,5,20,64,17.94164776802063,1,1040.0,0.0,0.0,40,barabasi
regular_41,18.860245339707415,"[2.617392898343918, 3.0594696376804884, 3.1408252301997015, 2.0362770204734764, 1.897444013034812, 1.056618016399717, 1.014971037009488, 2.452926355988298, 2.471928189522878, 1.3002518021973255]",2.617392898343918,1.056618016399717,"[1.72414847 2.24683366 1.89363699 1.711801   1.33095081 1.0145681
 0.68736038 1.40079375 1.51371792 0.60230853]",1.7241484721289566,1.014568100303551,5,16,24,2.000779390335083,1,856.0,0.0,0.0,41,regular
gnm_42,52.909708078880975,"[3.0335867706598494, 2.9330451797895036, 0.3877487046852376, 1.3703258219914007, 0.2652274293426562, 2.01244609485403, 1.7678893534011149, 2.993089610131367, 3.1383291107864926, 1.57111000708303]",3.0335867706598494,2.01244609485403,"[1.72414847 2.24683366 1.89363699 1.711801   1.33095081 1.0145681
 0.68736038 1.40079375 1.51371792 0.60230853]",1.7241484721289566,1.014568100303551,5,19,87,21.384029626846313,1,1142.0,0.0,0.0,42,gnm
watts_43,7.2641368190816,"[2.2328350216779542, 1.8857387238138716, 2.9654272905689094, 1.6331712875311482, 1.2824010575676787, 1.2085635164541266, 1.7252034025794512, 1.802136043926818, 2.044941226733669, 0.973840002997663]",2.2328350216779542,1.2085635164541266,"[1.72414847 2.24683366 1.89363699 1.711801   1.33095081 1.0145681
 0.68736038 1.40079375 1.51371792 0.60230853]",1.7241484721289566,1.014568100303551,5,9,9,2.4013681411743164,1,1478.0,0.0,0.0,43,watts
barabasi_44,5.581722384581724,"[2.9059356198653132, 2.6944990195416527, 2.6384367277968135, 1.6331033696650268, 1.5096532172700745, 1.1127076552758428, 1.297307517146943, 1.759854330704595, 2.4780869629204108, 1.9240015823637067]",2.9059356198653132,1.1127076552758428,"[1.72414847 2.24683366 1.89363699 1.711801   1.33095081 1.0145681
 0.68736038 1.40079375 1.51371792 0.60230853]",1.7241484721289566,1.014568100303551,5,8,7,1.5793163776397705,1,1037.0,0.0,0.0,44,barabasi
regular_45,6.840125089940557,"[1.1981253601464865, 1.6988453126704532, 3.1414860059127716, 2.4531334339443505, 3.1415601369126542, 2.0313665551089963, 1.0299778993458801, 3.0035848059180776, 2.0838280395128352, 1.27469992038192]",1.1981253601464865,2.0313665551089963,"[1.72414847 2.24683366 1.89363699 1.711801   1.33095081 1.0145681
 0.68736038 1.40079375 1.51371792 0.60230853]",1.7241484721289566,1.014568100303551,5,6,9,1.7638120651245117,1,1014.0,0.0,0.0,45,regular
barabasi_46,11.383039776965136,"[2.7693485704549547, 3.1414115759593075, 3.014599599075154, 1.662574260240413, 1.1419617176539014, 1.2897307212428561, 0.6306318727542299, 3.1412664139234763, 3.012012960877282, 1.8153994985490893]",2.7693485704549547,1.2897307212428561,"[1.72414847 2.24683366 1.89363699 1.711801   1.33095081 1.0145681
 0.68736038 1.40079375 1.51371792 0.60230853]",1.7241484721289566,1.014568100303551,5,15,14,2.698662757873535,1,782.0,0.0,0.0,46,barabasi
watts_47,6.383087005573493,"[2.4286683701417817, 3.141590820195373, 3.049863649360037, 1.5681903656511955, 1.9540194038259115, 2.124653400909555, 1.8034423502373982, 2.045634782965509, 3.0253956507803736, 0.6666839907254044]",2.4286683701417817,2.124653400909555,"[1.72414847 2.24683366 1.89363699 1.711801   1.33095081 1.0145681
 0.68736038 1.40079375 1.51371792 0.60230853]",1.7241484721289566,1.014568100303551,5,8,8,0.6668827533721924,1,1228.0,0.0,0.0,47,watts
barabasi_48,27.55175788469051,"[3.0126435961671882, 2.8607457263755145, 1.996031775551515, 1.685032415333814, 1.4395842891869788, 0.5017352458192534, 0.20299189685628702, 1.9611415105623617, 2.968970985087905, 2.795755193104285]",3.0126435961671882,0.5017352458192534,"[1.72414847 2.24683366 1.89363699 1.711801   1.33095081 1.0145681
 0.68736038 1.40079375 1.51371792 0.60230853]",1.7241484721289566,1.014568100303551,5,17,42,11.103490114212036,1,1203.0,0.0,0.0,48,barabasi
barabasi_49,6.317747280164326,"[2.8530138344164597, 2.6303560108120774, 2.99201274768816, 2.6984839454783387, 0.08138907313484142, 2.0691157413477472, 0.31900857605538524, 3.137824169894251, 3.111229178968196, 1.8146764334066212]",2.8530138344164597,2.0691157413477472,"[1.72414847 2.24683366 1.89363699 1.711801   1.33095081 1.0145681
 0.68736038 1.40079375 1.51371792 0.60230853]",1.7241484721289566,1.014568100303551,5,8,7,2.114407539367676,1,1202.0,0.0,0.0,49,barabasi
watts_50,8.28592849416929,"[-0.49823541707912294, 1.977854246524914, 3.1415702074283676, 2.0561731839612154, 1.80677288378805, 1.8441527101541053, 1.4808609849781607, 3.008461885063733, 2.862257901497231, 1.3701103532529226]",-0.49823541707912294,1.8441527101541053,"[1.72414847 2.24683366 1.89363699 1.711801   1.33095081 1.0145681
 0.68736038 1.40079375 1.51371792 0.60230853]",1.7241484721289566,1.014568100303551,5,10,10,2.5125975608825684,1,934.0,0.0,0.0,50,watts
regular_51,12.399917378825632,"[1.8226829729339924, 2.1463816026943645, 2.598229372670776, 1.6175435063398367, 1.1998577953665603, 1.257363277003987, 0.2713001588804903, 2.8245747858784505, 2.80829822852949, 2.002664613206811]",1.8226829729339924,1.257363277003987,"[1.72414847 2.24683366 1.89363699 1.711801   1.33095081 1.0145681
 0.68736038 1.40079375 1.51371792 0.60230853]",1.7241484721289566,1.014568100303551,5,14,14,5.416945457458496,1,1531.0,0.0,0.0,51,regular
barabasi_52,14.279560601335795,"[2.851152371749187, 2.018342301706609, 1.733623800461865, 1.425052990574876, 1.1775773614428067, 0.12437839494497227, 1.1331313441576567, 2.87922782400722, 1.8552294735463433, 1.7313611651805871]",2.851152371749187,0.12437839494497227,"[1.72414847 2.24683366 1.89363699 1.711801   1.33095081 1.0145681
 0.68736038 1.40079375 1.51371792 0.60230853]",1.7241484721289566,1.014568100303551,5,12,20,7.407242298126221,1,1733.0,0.0,0.0,52,barabasi
barabasi_53,9.747794333054449,"[2.8614785523553747, 2.664890039096507, 2.6016165700677205, 1.1317552322411633, 2.042498351529693, 2.1113598732973653, 1.8767477254296518, 3.1365268848166528, 3.090515156216595, 1.768537519258397]",2.8614785523553747,2.1113598732973653,"[1.72414847 2.24683366 1.89363699 1.711801   1.33095081 1.0145681
 0.68736038 1.40079375 1.51371792 0.60230853]",1.7241484721289566,1.014568100303551,5,12,11,2.5555367469787598,1,1761.0,0.0,0.0,53,barabasi
gnm_54,5.532130871710251,"[1.7197890211642377, 2.587314381412553, 2.0876613458279967, 1.9096717892036557, 1.718858354100726, 0.5353409294997993, 0.30136024558964225, 2.7998305203501306, 1.2840439940103439, 1.3164898482346228]",1.7197890211642377,0.5353409294997993,"[1.72414847 2.24683366 1.89363699 1.711801   1.33095081 1.0145681
 0.68736038 1.40079375 1.51371792 0.60230853]",1.7241484721289566,1.014568100303551,5,6,7,4.911414623260498,1,2351.0,0.0,0.0,54,gnm
barabasi_55,19.20714618838067,"[2.157774252343698, 2.651734673086736, 1.708432646697141, 1.6167733696734274, 1.007218036350606, 0.040650728547314635, 0.1320672364659949, 2.9201624577312524, 3.075131114467618, 1.837221299429208]",2.157774252343698,0.040650728547314635,"[1.72414847 2.24683366 1.89363699 1.711801   1.33095081 1.0145681
 0.68736038 1.40079375 1.51371792 0.60230853]",1.7241484721289566,1.014568100303551,5,16,28,6.975738763809204,1,1113.0,0.0,0.0,55,barabasi
watts_56,10.781684811944729,"[2.746592907158926, 3.0034405379869074, 3.1415000649429996, 0.2803304834149323, 1.2968973624219116, 1.0648862176724163, 1.7750491906951233, 3.0886349090862137, 2.3323616770013365, 1.5693950157890773]",2.746592907158926,1.0648862176724163,"[1.72414847 2.24683366 1.89363699 1.711801   1.33095081 1.0145681
 0.68736038 1.40079375 1.51371792 0.60230853]",1.7241484721289566,1.014568100303551,5,8,16,3.7400994300842285,1,1252.0,0.0,0.0,56,watts
barabasi_57,34.7437956926496,"[3.0040204198693488, 2.9126350282808806, 1.8348529836698397, 1.688471372903452, 2.4439693655833725, 0.4838139719784733, 1.8547623506640551, 3.141521566007099, 3.057568422182549, 1.7401477725638248]",3.0040204198693488,0.4838139719784733,"[1.72414847 2.24683366 1.89363699 1.711801   1.33095081 1.0145681
 0.68736038 1.40079375 1.51371792 0.60230853]",1.7241484721289566,1.014568100303551,5,20,51,15.481507778167725,1,1282.0,0.0,0.0,57,barabasi
barabasi_58,13.809558015346136,"[2.8198225555295373, 3.1415923850285807, 3.141592653589793, 1.7588944378134626, 0.8625036383651832, 1.2778904173647239, 1.1991077905111855, 2.6610326156138933, 3.141549543883443, 1.82772652628034]",2.8198225555295373,1.2778904173647239,"[1.72414847 2.24683366 1.89363699 1.711801   1.33095081 1.0145681
 0.68736038 1.40079375 1.51371792 0.60230853]",1.7241484721289566,1.014568100303551,5,18,17,4.353604793548584,1,1116.0,0.0,0.0,58,barabasi
gnm_59,23.180146873941975,"[1.5928569165621764, 1.8396970659153005, 3.0488443789704807, 1.612837641099993, 1.5367860171246603, 1.3328583644262721, 0.4051671084797932, 3.088283728857933, 1.6001332863846385, 0.8506506835797268]",1.5928569165621764,1.3328583644262721,"[1.72414847 2.24683366 1.89363699 1.711801   1.33095081 1.0145681
 0.68736038 1.40079375 1.51371792 0.60230853]",1.7241484721289566,1.014568100303551,5,14,36,5.411915063858032,1,884.0,0.0,0.0,59,gnm
gnm_60,17.313088791334394,"[2.94401042922237, 2.4555168054434526, 1.5610679261529405, 2.172213282451532, 1.0573258525674176, 1.0633998218757934, 0.8004196524430961, 2.3791015171218266, 2.8715180177550437, 1.812431358826911]",2.94401042922237,1.0633998218757934,"[1.72414847 2.24683366 1.89363699 1.711801   1.33095081 1.0145681
 0.68736038 1.40079375 1.51371792 0.60230853]",1.7241484721289566,1.014568100303551,5,10,32,4.1476263999938965,1,814.0,0.0,0.0,60,gnm
barabasi_61,5.218620179577556,"[1.7317799109452654, 1.8980658250546898, 1.414239705555395, 2.192936948411819, -0.13463041979059948, 1.756271419961024, 1.1762273681845206, 3.132606771362595, 1.9917261856081354, 0.9022037003197458]",1.7317799109452654,1.756271419961024,"[1.72414847 2.24683366 1.89363699 1.711801   1.33095081 1.0145681
 0.68736038 1.40079375 1.51371792 0.60230853]",1.7241484721289566,1.014568100303551,5,7,6,1.3440001010894775,1,858.0,0.0,0.0,61,barabasi
watts_62,20.10358337258887,"[1.3050248243483074, 2.1809553683138825, 3.0221604157738264, 1.9537656369853378, 2.450923747676647, 1.7160191628671884, 0.3106042485597462, 2.4898048376966817, 1.488820562956771, 0.08127247247382291]",1.3050248243483074,1.7160191628671884,"[1.72414847 2.24683366 1.89363699 1.711801   1.33095081 1.0145681
 0.68736038 1.40079375 1.51371792 0.60230853]",1.7241484721289566,1.014568100303551,5,15,30,6.985057830810547,1,1183.0,0.0,0.0,62,watts
watts_63,8.428191356571915,"[2.7540995289287196, 2.3357654883911243, 1.6684476036032305, 1.6522462700658744, 1.0327368590089514, 0.6416360872811024, 0.6989502016495918, 2.5577603746187325, 2.4807578542613733, 0.9729232362914237]",2.7540995289287196,0.6416360872811024,"[1.72414847 2.24683366 1.89363699 1.711801   1.33095081 1.0145681
 0.68736038 1.40079375 1.51371792 0.60230853]",1.7241484721289566,1.014568100303551,5,7,14,4.294442415237427,1,1798.0,0.0,0.0,63,watts
gnm_64,6.510066917864606,"[1.6251771085688231, 2.1594953563287245, 1.7308960605230386, 2.0560748691862187, 1.7310018095827115, 1.7478965419768637, 0.9503591422880893, 2.3189756107961186, 2.5491592415595496, 1.346021492388971]",1.6251771085688231,1.7478965419768637,"[1.72414847 2.24683366 1.89363699 1.711801   1.33095081 1.0145681
 0.68736038 1.40079375 1.51371792 0.60230853]",1.7241484721289566,1.014568100303551,5,6,10,-0.8813836574554443,1,949.0,0.0,0.0,64,gnm
barabasi_65,8.73962930525871,"[2.892929839589236, 2.868876553740836, 2.6192947797009594, 1.544456724311142, 1.6583370637002122, 1.9383844454129053, 0.1972784477601443, 1.7594924522001127, 3.006130207718755, 3.1414984616578785]",2.892929839589236,1.9383844454129053,"[1.72414847 2.24683366 1.89363699 1.711801   1.33095081 1.0145681
 0.68736038 1.40079375 1.51371792 0.60230853]",1.7241484721289566,1.014568100303551,5,11,10,5.264740705490112,1,2215.0,0.0,0.0,65,barabasi
regular_66,16.75742533488272,"[1.7356697576937656, 2.0919859382317716, 2.9976211050298645, 1.5363086176073253, 1.539980233769199, 1.092953581717697, 1.7320812547759106, 2.1697443178655695, 1.6952193577474204, 0.39911357733729524]",1.7356697576937656,1.092953581717697,"[1.72414847 2.24683366 1.89363699 1.711801   1.33095081 1.0145681
 0.68736038 1.40079375 1.51371792 0.60230853]",1.7241484721289566,1.014568100303551,5,12,24,5.111149072647095,1,1087.0,0.0,0.0,66,regular
watts_67,13.525437617579485,"[2.8078620022254848, 2.216636064869298, 1.49613627102595, 1.6818196548928377, 1.841739080284572, 0.12066593580903223, 1.6322443699715465, 2.767267814103241, 3.0890489094650166, 1.3320716430167225]",2.8078620022254848,0.12066593580903223,"[1.72414847 2.24683366 1.89363699 1.711801   1.33095081 1.0145681
 0.68736038 1.40079375 1.51371792 0.60230853]",1.7241484721289566,1.014568100303551,5,10,20,4.025375127792358,1,1086.0,0.0,0.0,67,watts
gnm_68,31.700654515017746,"[2.974342439867095, 1.8734147189502486, 2.0649613204421, 1.3684170548748913, 0.6672878300901351, 2.032294993370359, 1.5661963849386242, 3.141064666684757, 3.1415057774758623, 1.8477034596559694]",2.974342439867095,2.032294993370359,"[1.72414847 2.24683366 1.89363699 1.711801   1.33095081 1.0145681
 0.68736038 1.40079375 1.51371792 0.60230853]",1.7241484721289566,1.014568100303551,5,20,47,8.104696035385132,1,609.0,0.0,0.0,68,gnm
barabasi_69,4.559712197265981,"[2.7136641865510938, 2.914614670015788, 3.112404109401962, 1.506599120581735, 1.4794779450508462, 1.744346000565295, 1.6566320929275455, 1.5999160291365417, 2.8425507542648543, 1.7640539161980051]",2.7136641865510938,1.744346000565295,"[1.72414847 2.24683366 1.89363699 1.711801   1.33095081 1.0145681
 0.68736038 1.40079375 1.51371792 0.60230853]",1.7241484721289566,1.014568100303551,5,6,5,1.2344989776611328,1,1261.0,0.0,0.0,69,barabasi
regular_70,17.760209158117558,"[0.4154262217675949, 2.447497297894425, 3.1413878924934004, 2.089192493677305, 1.2442729277501092, 1.2442758006296273, 2.7956032442870615, 1.3993338717164798, 1.7870160706743716, 0.580974076561831]",0.4154262217675949,1.2442758006296273,"[1.72414847 2.24683366 1.89363699 1.711801   1.33095081 1.0145681
 0.68736038 1.40079375 1.51371792 0.60230853]",1.7241484721289566,1.014568100303551,5,20,20,4.42816424369812,1,928.0,0.0,0.0,70,regular
watts_71,8.676450318358548,"[2.7996867781539585, 2.447659481499337, 1.7115994773410608, 1.9063350654363533, 0.4719845111649142, 1.1104857957553391, 0.5440062311441334, 2.62120371505795, 2.63412484306624, 1.4580522027888567]",2.7996867781539585,1.1104857957553391,"[1.72414847 2.24683366 1.89363699 1.711801   1.33095081 1.0145681
 0.68736038 1.40079375 1.51371792 0.60230853]",1.7241484721289566,1.014568100303551,5,7,14,1.8992528915405273,1,890.0,0.0,0.0,71,watts
watts_72,6.412951681863433,"[2.8762682984549715, 2.6810233066723037, 2.64147466305217, 1.4318582819057335, 1.7415405972978197, 2.134739086630182, 0.43085489800622767, 3.074858546073269, 3.0848936807903264, 1.8968468615518526]",2.8762682984549715,2.134739086630182,"[1.72414847 2.24683366 1.89363699 1.711801   1.33095081 1.0145681
 0.68736038 1.40079375 1.51371792 0.60230853]",1.7241484721289566,1.014568100303551,5,7,7,1.7813096046447754,1,1298.0,0.0,0.0,72,watts
watts_73,9.146774562462792,"[-0.5027308347162497, 1.9790973067125774, 3.135346095500341, 2.063614471352083, 1.8108604726254092, 1.8453712145018186, 1.3846524277451864, 3.11133737745675, 2.8615870798562075, 1.3695509619561446]",-0.5027308347162497,1.8453712145018186,"[1.72414847 2.24683366 1.89363699 1.711801   1.33095081 1.0145681
 0.68736038 1.40079375 1.51371792 0.60230853]",1.7241484721289566,1.014568100303551,5,11,11,0.42702507972717285,1,1211.0,0.0,0.0,73,watts
regular_74,10.91129332552373,"[1.8462353645135794, 2.4421355230661312, 1.8635823036188377, 1.7722993021389148, 1.4750109699246472, 1.4238590414370311, 1.4084733969292982, 0.9748410601888401, 2.0111135875389063, 0.6478970573534286]",1.8462353645135794,1.4238590414370311,"[1.72414847 2.24683366 1.89363699 1.711801   1.33095081 1.0145681
 0.68736038 1.40079375 1.51371792 0.60230853]",1.7241484721289566,1.014568100303551,5,7,14,4.73334813117981,1,1923.0,0.0,0.0,74,regular
gnm_75,37.54931448796323,"[2.274133284082936, 0.9980998499278864, 1.7452148091961708, 1.649361019539582, 1.896837815350759, 1.571161616412681, 1.1550661117991075, 3.116748295413597, 2.8720056419905093, 1.5082504304192708]",2.274133284082936,1.571161616412681,"[1.72414847 2.24683366 1.89363699 1.711801   1.33095081 1.0145681
 0.68736038 1.40079375 1.51371792 0.60230853]",1.7241484721289566,1.014568100303551,5,17,60,9.631420612335205,1,769.0,0.0,0.0,75,gnm
regular_76,14.175588152700755,"[1.841294043656955, 2.118520948617089, 2.619123464745827, 1.611056935721684, 1.2091919447991768, 1.2575100846531937, 0.2777629021981758, 2.872539812659654, 2.7503585483175943, 2.0042793766678537]",1.841294043656955,1.2575100846531937,"[1.72414847 2.24683366 1.89363699 1.711801   1.33095081 1.0145681
 0.68736038 1.40079375 1.51371792 0.60230853]",1.7241484721289566,1.014568100303551,5,16,16,5.4359450340271,1,1519.0,0.0,0.0,76,regular
barabasi_77,7.905023946906166,"[2.8531257709303355, 2.632685212514655, 2.8701353000598964, 1.6246670535044554, 1.317880114355799, 2.0833247026717427, 0.3326104898674448, 3.079027930693, 3.0915099836109956, 1.8052342203866183]",2.8531257709303355,2.0833247026717427,"[1.72414847 2.24683366 1.89363699 1.711801   1.33095081 1.0145681
 0.68736038 1.40079375 1.51371792 0.60230853]",1.7241484721289566,1.014568100303551,5,10,9,2.6947736740112305,1,1353.0,0.0,0.0,77,barabasi
barabasi_78,23.808852687369527,"[3.0095880655209886, 2.0143975177467395, 1.9923731852320077, 1.5718505353999739, 0.9841550309828342, 1.2841804882544672, 1.5518640118952567, 2.3542383886803835, 2.3743151107607634, 1.9250716678808135]",3.0095880655209886,1.2841804882544672,"[1.72414847 2.24683366 1.89363699 1.711801   1.33095081 1.0145681
 0.68736038 1.40079375 1.51371792 0.60230853]",1.7241484721289566,1.014568100303551,5,17,42,8.25776219367981,1,1178.0,0.0,0.0,78,barabasi
barabasi_79,10.386347245319035,"[1.811958274343946, 2.028851734714367, 2.0092657057527776, 1.573636684778823, 0.9156479516045943, 1.8540672912590468, 1.3734508352112653, 1.916928793985656, 1.7132519209528538, 1.7150069279416984]",1.811958274343946,1.8540672912590468,"[1.72414847 2.24683366 1.89363699 1.711801   1.33095081 1.0145681
 0.68736038 1.40079375 1.51371792 0.60230853]",1.7241484721289566,1.014568100303551,5,13,12,3.3479464054107666,1,1224.0,0.0,0.0,79,barabasi
gnm_80,5.917189985458208,"[2.902584255210289, 2.7637299580271395, 1.8452636726779095, 1.7786878093312732, 1.3481267074138241, 0.7796945933100824, 1.1545217540640427, 2.057960602237861, 2.563451098909912, 2.0482451285337513]",2.902584255210289,0.7796945933100824,"[1.72414847 2.24683366 1.89363699 1.711801   1.33095081 1.0145681
 0.68736038 1.40079375 1.51371792 0.60230853]",1.7241484721289566,1.014568100303551,5,6,7,3.4039828777313232,1,1380.0,0.0,0.0,80,gnm
gnm_81,9.15995760045189,"[2.850981712386251, 2.1346324284266496, 1.6126270479234674, 1.3181489357008884, 1.709516295586476, 1.0591418109926067, 0.79129273167577, 3.0830470388015088, 3.1414281863049185, 2.37916776573296]",2.850981712386251,1.0591418109926067,"[1.72414847 2.24683366 1.89363699 1.711801   1.33095081 1.0145681
 0.68736038 1.40079375 1.51371792 0.60230853]",1.7241484721289566,1.014568100303551,5,7,16,3.068248748779297,1,1018.0,0.0,0.0,81,gnm
barabasi_82,5.344472187058081,"[2.893712886024125, 3.132600971038454, 3.1415640759357295, 0.8445048722445725, 1.6065291265459447, 1.6928144436526757, 0.5317965799946408, 2.85864829885238, 2.8813676696161084, 1.8574438665471011]",2.893712886024125,1.6928144436526757,"[1.72414847 2.24683366 1.89363699 1.711801   1.33095081 1.0145681
 0.68736038 1.40079375 1.51371792 0.60230853]",1.7241484721289566,1.014568100303551,5,7,6,1.9941215515136719,1,1008.0,0.0,0.0,82,barabasi
watts_83,25.471350960275494,"[2.178177516259251, 2.4885389305253867, 0.07141735451972839, 1.7259087377545583, 0.3902428554120018, 1.5803782697479085, 1.395809262146123, 2.9373697590258248, 2.697162787090888, 1.3264950630181334]",2.178177516259251,1.5803782697479085,"[1.72414847 2.24683366 1.89363699 1.711801   1.33095081 1.0145681
 0.68736038 1.40079375 1.51371792 0.60230853]",1.7241484721289566,1.014568100303551,5,19,38,5.435243368148804,1,679.0,0.0,0.0,83,watts
watts_84,8.101331808075656,"[2.8174503403636937, 2.2348780656102374, 2.035481567573079, 1.8169586034272251, 1.6590516218090023, 0.9507985491961743, 1.0175992267713339, 2.1638580737953896, 1.9750079295301468, 1.316986837249975]",2.8174503403636937,0.9507985491961743,"[1.72414847 2.24683366 1.89363699 1.711801   1.33095081 1.0145681
 0.68736038 1.40079375 1.51371792 0.60230853]",1.7241484721289566,1.014568100303551,5,7,14,2.6981544494628906,1,1238.0,0.0,0.0,84,watts
regular_85,12.397342559175858,"[1.820395711433072, 2.145560242065725, 2.604398402542255, 1.6174719688460817, 1.198182617116632, 1.251799764509875, 0.2705051973451947, 2.8319358903957834, 2.8019312580564577, 1.9989268292332727]",1.820395711433072,1.251799764509875,"[1.72414847 2.24683366 1.89363699 1.711801   1.33095081 1.0145681
 0.68736038 1.40079375 1.51371792 0.60230853]",1.7241484721289566,1.014568100303551,5,14,14,4.173361539840698,1,1440.0,0.0,0.0,85,regular
barabasi_86,15.64831811155665,"[2.839544169688007, 3.1415751396130736, 2.594807437170094, 1.5867440949164093, 1.6093194439467657, 1.053197683892757, 0.8702177838592039, 2.725367474465919, 2.9811066867791647, 2.210648900914685]",2.839544169688007,1.053197683892757,"[1.72414847 2.24683366 1.89363699 1.711801   1.33095081 1.0145681
 0.68736038 1.40079375 1.51371792 0.60230853]",1.7241484721289566,1.014568100303551,5,20,19,2.794588565826416,1,864.0,0.0,0.0,86,barabasi
watts_87,10.656747645274047,"[2.0400754470839217, 1.8975355656665682, 2.8782356029145397, 1.6596822769674968, 1.285564587450105, 1.3432735873738086, 1.6620833860362023, 1.858932889124293, 1.8122798560024544, 0.8466490930851411]",2.0400754470839217,1.3432735873738086,"[1.72414847 2.24683366 1.89363699 1.711801   1.33095081 1.0145681
 0.68736038 1.40079375 1.51371792 0.60230853]",1.7241484721289566,1.014568100303551,5,13,13,3.0134763717651367,1,1191.0,0.0,0.0,87,watts
regular_88,24.44763245458974,"[2.9521804552176527, 2.8083597826571784, 2.562390745736882, 1.8390316020353645, 1.4343325748955587, 0.6124856349139017, 0.5243527173831555, 2.852867047896574, 3.0304031997646383, 2.052037113674566]",2.9521804552176527,0.6124856349139017,"[1.72414847 2.24683366 1.89363699 1.711801   1.33095081 1.0145681
 0.68736038 1.40079375 1.51371792 0.60230853]",1.7241484721289566,1.014568100303551,5,20,30,7.481346368789673,1,809.0,0.0,0.0,88,regular
watts_89,12.165255272964508,"[2.3570729160195554, 1.8662693553050338, 2.973568605007687, 1.8240816215894133, 1.2834987746506488, 1.4422642465402917, 0.589160458136675, 2.44083363054462, 2.0639907761311913, 1.8669628272138765]",2.3570729160195554,1.4422642465402917,"[1.72414847 2.24683366 1.89363699 1.711801   1.33095081 1.0145681
 0.68736038 1.40079375 1.51371792 0.60230853]",1.7241484721289566,1.014568100303551,5,14,14,2.8149144649505615,1,1089.0,0.0,0.0,89,watts
gnm_90,52.86630522204574,"[3.0319925838081803, 2.1079293032109594, 1.5819272481999382, 1.5276374996469135, 0.838987666167863, 1.9213915805572381, 1.5739009583020618, 3.1402671945394522, 3.134730916865804, 1.8247913916503866]",3.0319925838081803,1.9213915805572381,"[1.72414847 2.24683366 1.89363699 1.711801   1.33095081 1.0145681
 0.68736038 1.40079375 1.51371792 0.60230853]",1.7241484721289566,1.014568100303551,5,16,93,11.17697286605835,1,587.0,0.0,0.0,90,gnm
regular_91,6.00000702662411,"[0.5644732488868249, 2.456218256696629, 2.957538681054571, 1.4187054045814391, 2.1721588520658823, 1.1481979155372826, 1.454583807771459, 2.39111665112126, 1.733135160525104, 0.9790317849857271]",0.5644732488868249,1.1481979155372826,"[1.72414847 2.24683366 1.89363699 1.711801   1.33095081 1.0145681
 0.68736038 1.40079375 1.51371792 0.60230853]",1.7241484721289566,1.014568100303551,5,6,6,0.4522833824157715,1,344.0,0.0,0.0,91,regular
regular_92,11.062195558901294,"[0.18525744742958325, 2.172674905761604, 2.1156976218367802, 1.6374017537964334, 1.6908646376699772, 1.2325827777664062, 1.4109812919910798, 2.5541351897189504, 2.6901345822069356, 1.2111801646848748]",0.18525744742958325,1.2325827777664062,"[1.72414847 2.24683366 1.89363699 1.711801   1.33095081 1.0145681
 0.68736038 1.40079375 1.51371792 0.60230853]",1.7241484721289566,1.014568100303551,5,8,16,3.737872362136841,1,1222.0,0.0,0.0,92,regular
barabasi_93,13.474793035599927,"[2.24657021035138, 2.6135511467008703, 1.7152614146771423, 1.9859568967121455, -1.5633647585863342, 1.5410595048447913, 0.8798010292441838, 2.72964161941158, 3.108128802696431, 1.3769454602913136]",2.24657021035138,1.5410595048447913,"[1.72414847 2.24683366 1.89363699 1.711801   1.33095081 1.0145681
 0.68736038 1.40079375 1.51371792 0.60230853]",1.7241484721289566,1.014568100303551,5,12,20,0.7258527278900146,1,806.0,0.0,0.0,93,barabasi
gnm_94,63.75450547912987,"[3.0179160471511217, 3.0881463502609257, 0.08822419612975282, 2.806323605661097, 0.055171398175366385, 2.3221713501819625, 1.6935838130743364, 2.7778322562983755, 2.9880380013594854, 1.9941096759723367]",3.0179160471511217,2.3221713501819625,"[1.72414847 2.24683366 1.89363699 1.711801   1.33095081 1.0145681
 0.68736038 1.40079375 1.51371792 0.60230853]",1.7241484721289566,1.014568100303551,5,18,107,40.036484241485596,1,2042.0,0.0,0.0,94,gnm
gnm_95,19.03531362659332,"[2.2674090069420143, 2.5117029652840484, -0.023147545952008908, 1.6926960214543376, 0.32484997415934863, 1.5540058853620478, 1.710756578061346, 2.977437942148838, 2.6970938824619557, 1.2983213551677601]",2.2674090069420143,1.5540058853620478,"[1.72414847 2.24683366 1.89363699 1.711801   1.33095081 1.0145681
 0.68736038 1.40079375 1.51371792 0.60230853]",1.7241484721289566,1.014568100303551,5,12,29,3.577871322631836,1,801.0,0.0,0.0,95,gnm
watts_96,22.99439808060569,"[2.1423615163959684, 2.253158494188672, 1.6501639864768802, 0.531130570151561, 1.30515918652811, 1.5605690341491831, 1.5614734457183994, 1.7847764383723188, 1.3163917107567547, 1.5611282528684092]",2.1423615163959684,1.5605690341491831,"[1.72414847 2.24683366 1.89363699 1.711801   1.33095081 1.0145681
 0.68736038 1.40079375 1.51371792 0.60230853]",1.7241484721289566,1.014568100303551,5,17,34,4.664580583572388,1,627.0,0.0,0.0,96,watts
barabasi_97,7.4249859981993165,"[2.9189059972901035, 2.630562151728851, 2.5358312031397916, 1.573085376411902, 1.5970733751692778, 1.0511510827840964, 1.2964613613964713, 2.430203172560597, 2.4848340429960682, 1.2893235152656266]",2.9189059972901035,1.0511510827840964,"[1.72414847 2.24683366 1.89363699 1.711801   1.33095081 1.0145681
 0.68736038 1.40079375 1.51371792 0.60230853]",1.7241484721289566,1.014568100303551,5,10,9,2.670958995819092,1,1254.0,0.0,0.0,97,barabasi
watts_98,8.899025990092014,"[2.5446079099054453, 2.0655181108863014, 2.004081656925314, 0.6029558237123481, 1.845908457466243, 1.4612497904528716, 0.24122292927784555, 3.060271553882628, 3.11557203087409, 1.882089983907381]",2.5446079099054453,1.4612497904528716,"[1.72414847 2.24683366 1.89363699 1.711801   1.33095081 1.0145681
 0.68736038 1.40079375 1.51371792 0.60230853]",1.7241484721289566,1.014568100303551,5,7,14,3.8731729984283447,1,1502.0,0.0,0.0,98,watts
gnm_99,18.900384269842714,"[2.9731699003923007, 2.2034478330193714, 1.3767399137657066, 1.7620123406283157, 0.596746995985415, 1.9729203877254418, 2.0709154226252444, 3.119599354445614, 1.1008537064381227, 1.80890730221517]",2.9731699003923007,1.9729203877254418,"[1.72414847 2.24683366 1.89363699 1.711801   1.33095081 1.0145681
 0.68736038 1.40079375 1.51371792 0.60230853]",1.7241484721289566,1.014568100303551,5,13,29,8.549798488616943,1,1965.0,0.0,0.0,99,gnm
watts_100,27.02321822316341,"[2.2446948214081726, 2.1649909763965165, 0.6889353639602422, 1.3829126428458662, 0.3831759429756762, 1.5734784783695843, 1.629389305447048, 3.139457059541973, 2.693577297805983, 1.3249882683560399]",2.2446948214081726,1.5734784783695843,"[1.72414847 2.24683366 1.89363699 1.711801   1.33095081 1.0145681
 0.68736038 1.40079375 1.51371792 0.60230853]",1.7241484721289566,1.014568100303551,5,20,40,8.872267723083496,1,830.0,0.0,0.0,100,watts
gnm_101,53.095071654388065,"[3.028747510221724, 1.1926194539282515, 2.2738165409293485, 1.5049421009111934, 1.0721642294469658, 1.9463486859374322, 1.575828290963584, 3.1415915422002545, 3.140814542886769, 1.8160727666175642]",3.028747510221724,1.9463486859374322,"[1.72414847 2.24683366 1.89363699 1.711801   1.33095081 1.0145681
 0.68736038 1.40079375 1.51371792 0.60230853]",1.7241484721289566,1.014568100303551,5,19,90,12.255548477172852,1,646.0,0.0,0.0,101,gnm
gnm_102,13.263505532909292,"[2.95444666365519, 2.8028373392195602, 3.1389769280480433, 0.6084476990075834, 2.1295946832314483, 0.520474253031403, 1.9309356319398558, 3.1127745121429973, 3.0769009641361764, 1.765035441527235]",2.95444666365519,0.520474253031403,"[1.72414847 2.24683366 1.89363699 1.711801   1.33095081 1.0145681
 0.68736038 1.40079375 1.51371792 0.60230853]",1.7241484721289566,1.014568100303551,5,11,18,5.2278571128845215,1,1715.0,0.0,0.0,102,gnm
barabasi_103,8.175284513263,"[2.934060336643518, 2.784515089681183, 2.1840602397631095, 1.7934804800135593, 1.5477320209980077, 0.5503001308528369, 0.305398676234642, 3.108338010146384, 2.9076563995627787, 1.8872566595615758]",2.934060336643518,0.5503001308528369,"[1.72414847 2.24683366 1.89363699 1.711801   1.33095081 1.0145681
 0.68736038 1.40079375 1.51371792 0.60230853]",1.7241484721289566,1.014568100303551,5,10,9,0.9231798648834229,1,1557.0,0.0,0.0,103,barabasi
regular_104,11.348477949184598,"[1.7437105673946336, 1.880757129682744, 2.039800696922064, 3.141409413272202, 1.4907098809299713, 1.0318644586222132, 1.131121917659215, 3.139221734333901, 2.0929979256981746, 0.7747863741193679]",1.7437105673946336,1.0318644586222132,"[1.72414847 2.24683366 1.89363699 1.711801   1.33095081 1.0145681
 0.68736038 1.40079375 1.51371792 0.60230853]",1.7241484721289566,1.014568100303551,5,8,16,6.033936262130737,1,1890.0,0.0,0.0,104,regular
gnm_105,8.225469841589074,"[2.973168603619284, 2.9944769441393957, 2.997906072946831, 0.9028021914861579, 3.141048973862966, 1.7038533714777082, 0.16196704813773913, 3.130767257111943, 3.1003464410994255, 1.401312898624655]",2.973168603619284,1.7038533714777082,"[1.72414847 2.24683366 1.89363699 1.711801   1.33095081 1.0145681
 0.68736038 1.40079375 1.51371792 0.60230853]",1.7241484721289566,1.014568100303551,5,8,12,3.5483932495117188,1,1544.0,0.0,0.0,105,gnm
barabasi_106,5.581712113708647,"[2.9044883536775177, 2.6932167855038944, 2.6399440513783796, 1.6315053777256279, 1.51082209701616, 1.1137760857502452, 1.2988184328129835, 1.7573308352427683, 2.478209795347554, 1.9270235823511004]",2.9044883536775177,1.1137760857502452,"[1.72414847 2.24683366 1.89363699 1.711801   1.33095081 1.0145681
 0.68736038 1.40079375 1.51371792 0.60230853]",1.7241484721289566,1.014568100303551,5,8,7,1.5959815979003906,1,818.0,0.0,0.0,106,barabasi
gnm_107,38.791616599948846,"[3.025486177073468, 1.262595497928336, 2.224100864036751, 1.94057972442423, -0.09600462784230614, 1.7114551579540669, 1.5551949737973252, 2.9086709188273665, 3.1176205190900035, 1.7360911849498977]",3.025486177073468,1.7114551579540669,"[1.72414847 2.24683366 1.89363699 1.711801   1.33095081 1.0145681
 0.68736038 1.40079375 1.51371792 0.60230853]",1.7241484721289566,1.014568100303551,5,14,68,9.302391529083252,1,746.0,0.0,0.0,107,gnm
gnm_108,13.350955842834082,"[2.891830101296605, 2.160895590292684, 2.0344405886285486, 1.8697240551437653, 1.4704385431759448, 1.0142598017295914, 0.7138292152273833, 1.9468523766400323, 1.4577857698035404, 0.7530647730076725]",2.891830101296605,1.0142598017295914,"[1.72414847 2.24683366 1.89363699 1.711801   1.33095081 1.0145681
 0.68736038 1.40079375 1.51371792 0.60230853]",1.7241484721289566,1.014568100303551,5,8,24,6.66131854057312,1,1906.0,0.0,0.0,108,gnm
watts_109,15.810563612865764,"[0.22786596915067303, 2.597645365691778, 3.1415907148354805, 3.1363225918527387, 3.1415833416956302, 1.371443633265172, 0.8227810373392477, 2.4563506207265626, 2.1821490531848085, 1.0589442308508232]",0.22786596915067303,1.371443633265172,"[1.72414847 2.24683366 1.89363699 1.711801   1.33095081 1.0145681
 0.68736038 1.40079375 1.51371792 0.60230853]",1.7241484721289566,1.014568100303551,5,12,24,3.388660430908203,1,771.0,0.0,0.0,109,watts
barabasi_110,30.940993758069784,"[3.0170884734390766, 2.911652317372866, 2.806095201567146, 1.4547362162801871, 1.7348599221045424, 0.49831120688785574, 1.9330739411490843, 2.6026742921300574, 3.139905331801449, 2.3511407281367216]",3.0170884734390766,0.49831120688785574,"[1.72414847 2.24683366 1.89363699 1.711801   1.33095081 1.0145681
 0.68736038 1.40079375 1.51371792 0.60230853]",1.7241484721289566,1.014568100303551,5,18,45,11.555835723876953,1,1676.0,0.0,0.0,110,barabasi
regular_111,25.697604227309657,"[1.7246346137302067, 1.9551524137279874, 3.0579263272847794, 2.0455041265055174, 1.5071332730635865, 1.0108321747770135, 0.390910866153549, 2.2856318699683493, 2.096391158520418, 0.8215687175851492]",1.7246346137302067,1.0108321747770135,"[1.72414847 2.24683366 1.89363699 1.711801   1.33095081 1.0145681
 0.68736038 1.40079375 1.51371792 0.60230853]",1.7241484721289566,1.014568100303551,5,17,34,8.323114156723022,1,1217.0,0.0,0.0,111,regular
gnm_112,29.287980400318173,"[2.4124178550092146, 2.296249363413874, 1.7418884723704346, 1.2423521383938916, -0.10590267543916776, 1.572485912960298, 1.2416599233801089, 2.854274124840082, 3.140790253579077, 1.6235546615194252]",2.4124178550092146,1.572485912960298,"[1.72414847 2.24683366 1.89363699 1.711801   1.33095081 1.0145681
 0.68736038 1.40079375 1.51371792 0.60230853]",1.7241484721289566,1.014568100303551,5,14,51,7.803567886352539,1,813.0,0.0,0.0,112,gnm
gnm_113,33.496655777351414,"[2.6772892782230118, 2.104886061741685, 1.683148007572064, 1.631955632143219, 1.0864245379880557, 1.638312097878486, 1.6745836246761798, 1.3591857144049135, 1.5525072813165406, 0.24916891251213846]",2.6772892782230118,1.638312097878486,"[1.72414847 2.24683366 1.89363699 1.711801   1.33095081 1.0145681
 0.68736038 1.40079375 1.51371792 0.60230853]",1.7241484721289566,1.014568100303551,5,19,52,12.623014450073242,1,1161.0,0.0,0.0,113,gnm
watts_114,19.84593806241699,"[1.6443501877711508, 1.9147467777606695, 3.086789217175374, 1.9360861835035938, 1.1477770330439812, 1.3105786118122238, 1.9895696431378171, 1.59494379493866, 1.5164111220538685, 0.8352333391952086]",1.6443501877711508,1.3105786118122238,"[1.72414847 2.24683366 1.89363699 1.711801   1.33095081 1.0145681
 0.68736038 1.40079375 1.51371792 0.60230853]",1.7241484721289566,1.014568100303551,5,15,30,7.127590179443359,1,1449.0,0.0,0.0,114,watts
barabasi_115,4.867571677043685,"[2.897287338330748, 2.6585534539815265, 2.4702863383396094, 1.6797062840301775, 0.8734173379658124, 0.5848416325097011, 0.502007621576027, 2.6373004832070572, 2.3313750311081076, 1.7699758484743202]",2.897287338330748,0.5848416325097011,"[1.72414847 2.24683366 1.89363699 1.711801   1.33095081 1.0145681
 0.68736038 1.40079375 1.51371792 0.60230853]",1.7241484721289566,1.014568100303551,5,6,5,2.7425920963287354,1,1625.0,0.0,0.0,115,barabasi
watts_116,16.40051273388211,"[2.8716169567625314, 2.644709335459763, 3.084107117209453, -0.2775804621786853, 2.903744612481266, 0.5773259171183304, 1.9875349580798773, 3.1385213089285235, 3.1390945916801365, 1.7921588825684214]",2.8716169567625314,0.5773259171183304,"[1.72414847 2.24683366 1.89363699 1.711801   1.33095081 1.0145681
 0.68736038 1.40079375 1.51371792 0.60230853]",1.7241484721289566,1.014568100303551,5,19,19,5.7489399909973145,1,1217.0,0.0,0.0,116,watts
gnm_117,83.08422489621535,"[2.749633229016173, 2.653231968147649, 1.7003488904208837, 1.5360228944965417, 0.33408619065851153, 1.4681867851455725, 1.3010381479411284, 2.6316355561261733, 2.4871749959029996, 0.7885059217271814]",2.749633229016173,1.4681867851455725,"[1.72414847 2.24683366 1.89363699 1.711801   1.33095081 1.0145681
 0.68736038 1.40079375 1.51371792 0.60230853]",1.7241484721289566,1.014568100303551,5,19,167,33.8658549785614,1,1186.0,0.0,0.0,117,gnm
watts_118,23.069469774689463,"[0.7250057342683681, 2.165996127174076, 3.141580794868884, 1.8669390546152287, 3.1274399292250923, 1.571158878774929, 1.400607621506095, 2.0986255964821767, 2.0960945964751168, 1.0743290291691]",0.7250057342683681,1.571158878774929,"[1.72414847 2.24683366 1.89363699 1.711801   1.33095081 1.0145681
 0.68736038 1.40079375 1.51371792 0.60230853]",1.7241484721289566,1.014568100303551,5,18,36,5.320974111557007,1,691.0,0.0,0.0,118,watts
watts_119,14.256047885701275,"[2.8669254642537876, 2.650187108089109, 3.1398924332754303, 1.4539299574620077, 1.1613037960353467, 2.1116787891919864, 0.38200116185109784, 3.123376845945332, 3.1206659329371362, 1.7794277746868397]",2.8669254642537876,2.1116787891919864,"[1.72414847 2.24683366 1.89363699 1.711801   1.33095081 1.0145681
 0.68736038 1.40079375 1.51371792 0.60230853]",1.7241484721289566,1.014568100303551,5,17,17,6.353645324707031,1,1612.0,0.0,0.0,119,watts
regular_120,18.334622868968783,"[1.726208546524144, 1.8317763427940634, 2.795390950162763, 1.7504819213219975, 1.4041564279489616, 0.9363677931171694, 1.2070158461919291, 2.8605922373844543, 1.8291066970290601, 0.2815399434788705]",1.726208546524144,0.9363677931171694,"[1.72414847 2.24683366 1.89363699 1.711801   1.33095081 1.0145681
 0.68736038 1.40079375 1.51371792 0.60230853]",1.7241484721289566,1.014568100303551,5,13,26,7.040143251419067,1,1266.0,0.0,0.0,120,regular
regular_121,13.218046374230827,"[2.663512029018394, 3.024488096292135, 3.141369712488882, 1.853322738886682, 1.2305976219145636, 0.9391828668731362, 1.1556250405024295, 2.3118145558681364, 2.4236277713989955, 1.6808357473011486]",2.663512029018394,0.9391828668731362,"[1.72414847 2.24683366 1.89363699 1.711801   1.33095081 1.0145681
 0.68736038 1.40079375 1.51371792 0.60230853]",1.7241484721289566,1.014568100303551,5,12,18,3.2050819396972656,1,851.0,0.0,0.0,121,regular
gnm_122,24.990758060724765,"[2.985965725793287, 1.8054947056909645, 1.4748353077564715, 3.1387168691797585, -0.4596893110199791, 2.0506473167328507, 1.5717274875361926, 3.10822251442327, 3.1410192714992293, 1.8262876082802895]",2.985965725793287,2.0506473167328507,"[1.72414847 2.24683366 1.89363699 1.711801   1.33095081 1.0145681
 0.68736038 1.40079375 1.51371792 0.60230853]",1.7241484721289566,1.014568100303551,5,15,38,5.3617262840271,1,976.0,0.0,0.0,122,gnm
barabasi_123,6.957240616944091,"[1.4542748368922118, 2.228683494761469, 1.8684983530815649, 1.4849045583748492, 1.5477527573325403, 1.0971733014896157, 1.1707404018288279, 2.7046355720854733, 3.080870790357854, 2.238282492298638]",1.4542748368922118,1.0971733014896157,"[1.72414847 2.24683366 1.89363699 1.711801   1.33095081 1.0145681
 0.68736038 1.40079375 1.51371792 0.60230853]",1.7241484721289566,1.014568100303551,5,8,7,1.75999116897583,1,967.0,0.0,0.0,123,barabasi
barabasi_124,5.5817174591996945,"[2.9054769445260566, 2.6949953434630163, 2.6395501570411155, 1.6332735170209993, 1.5091881156796498, 1.1134358338231567, 1.2975386252780192, 1.7619263710982342, 2.477798185759289, 1.9223175568677855]",2.9054769445260566,1.1134358338231567,"[1.72414847 2.24683366 1.89363699 1.711801   1.33095081 1.0145681
 0.68736038 1.40079375 1.51371792 0.60230853]",1.7241484721289566,1.014568100303551,5,8,7,2.413433313369751,1,1031.0,0.0,0.0,124,barabasi
barabasi_125,7.467162884773288,"[2.9108496643970625, 2.6921449191569433, 2.3294727340137875, 1.7369245278918677, 1.6155929918496255, 2.132389172692168, 0.26216513395986285, 3.1114735122022243, 2.966751705492391, 1.8305478131184911]",2.9108496643970625,2.132389172692168,"[1.72414847 2.24683366 1.89363699 1.711801   1.33095081 1.0145681
 0.68736038 1.40079375 1.51371792 0.60230853]",1.7241484721289566,1.014568100303551,5,9,8,3.978027105331421,1,1886.0,0.0,0.0,125,barabasi
barabasi_126,14.71065659174146,"[2.4331310997491142, 2.3411762584294147, 1.3896995667398877, 1.5988243196037883, 1.1540489470191329, 1.5973380525474814, 1.0125330024575454, 1.980450932030886, 1.525650530974406, 0.228695339911338]",2.4331310997491142,1.5973380525474814,"[1.72414847 2.24683366 1.89363699 1.711801   1.33095081 1.0145681
 0.68736038 1.40079375 1.51371792 0.60230853]",1.7241484721289566,1.014568100303551,5,13,22,3.36454439163208,1,718.0,0.0,0.0,126,barabasi
barabasi_127,9.836789187914091,"[3.141063768027716, 2.8932401092716136, 2.49266683510974, 1.5619578871984308, 1.5863391791699861, 1.29548126497548, 0.32919415463585144, 2.347080526132717, 2.884883309443902, 2.628580058706098]",3.141063768027716,1.29548126497548,"[1.72414847 2.24683366 1.89363699 1.711801   1.33095081 1.0145681
 0.68736038 1.40079375 1.51371792 0.60230853]",1.7241484721289566,1.014568100303551,5,12,11,5.692737817764282,1,1939.0,0.0,0.0,127,barabasi
barabasi_128,6.825962040108905,"[2.8262947017989504, 3.1389663791191045, 3.1415878552745493, 0.8948169752938462, 1.647240143951057, 3.141508765472489, -1.0420829166356598, 3.0135778314856916, 3.016535313820685, 1.8023413607850443]",2.8262947017989504,3.141508765472489,"[1.72414847 2.24683366 1.89363699 1.711801   1.33095081 1.0145681
 0.68736038 1.40079375 1.51371792 0.60230853]",1.7241484721289566,1.014568100303551,5,9,8,3.6302900314331055,1,1531.0,0.0,0.0,128,barabasi
watts_129,28.67917924675664,"[2.9891536572478365, 3.1415601087926253, 2.7664358596607164, 1.9413953415573073, 1.2895857184930843, 1.1048796670610792, 0.980549168946949, 1.1205823674179105, 1.57162548940253, 2.347193337905918]",2.9891536572478365,1.1048796670610792,"[1.72414847 2.24683366 1.89363699 1.711801   1.33095081 1.0145681
 0.68736038 1.40079375 1.51371792 0.60230853]",1.7241484721289566,1.014568100303551,5,20,40,7.905493259429932,1,946.0,0.0,0.0,129,watts
barabasi_130,7.73441874948584,"[1.6242802170860773, 1.9058222971999101, 2.981263248269216, 0.7126413159054997, 1.3797882900773004, 0.17908730449674626, 1.8901285092283686, 0.8538383050252629, 1.3660837287751528, 0.14994543532194837]",1.6242802170860773,0.17908730449674626,"[1.72414847 2.24683366 1.89363699 1.711801   1.33095081 1.0145681
 0.68736038 1.40079375 1.51371792 0.60230853]",1.7241484721289566,1.014568100303551,5,10,9,2.4179534912109375,1,1432.0,0.0,0.0,130,barabasi
regular_131,23.640977699911144,"[2.9354841715206708, 3.1207058499442457, 2.919115871748847, 1.7586886967062187, 2.2434713155000416, -1.1133787804987838, 3.1415026007651523, 2.0652758296338325, 1.9375189894506548, 1.3867200040015653]",2.9354841715206708,-1.1133787804987838,"[1.72414847 2.24683366 1.89363699 1.711801   1.33095081 1.0145681
 0.68736038 1.40079375 1.51371792 0.60230853]",1.7241484721289566,1.014568100303551,5,20,30,11.680460929870605,1,1248.0,0.0,0.0,131,regular
barabasi_132,5.447665122813987,"[1.7550734962022994, 1.9122696472951275, 2.8963690009108705, 0.8578356100606928, 2.959100151735775, 1.3982942676256007, 1.8949664821745962, 2.243806118798859, 1.9582151771600025, 0.926311088847701]",1.7550734962022994,1.3982942676256007,"[1.72414847 2.24683366 1.89363699 1.711801   1.33095081 1.0145681
 0.68736038 1.40079375 1.51371792 0.60230853]",1.7241484721289566,1.014568100303551,5,7,6,1.7208106517791748,1,1507.0,0.0,0.0,132,barabasi
gnm_133,26.032113815821816,"[2.5136878766137425, 2.18793244466884, 1.858775452971381, 1.7773780506079953, 1.2698640325236097, 1.568156321480276, 0.7558372831569626, 1.941953410150061, 1.5687142666960812, 0.8235997411486258]",2.5136878766137425,1.568156321480276,"[1.72414847 2.24683366 1.89363699 1.711801   1.33095081 1.0145681
 0.68736038 1.40079375 1.51371792 0.60230853]",1.7241484721289566,1.014568100303551,5,17,40,6.326040983200073,1,655.0,0.0,0.0,133,gnm
watts_134,20.43779310811209,"[3.0179903201744134, 3.090215990439806, 3.1414487121240002, 1.7638621509329113, 1.315443646289665, 1.3836598568036813, 1.2908257977556914, 1.9523737297266046, 2.3595357572558022, 1.9361604629104747]",3.0179903201744134,1.3836598568036813,"[1.72414847 2.24683366 1.89363699 1.711801   1.33095081 1.0145681
 0.68736038 1.40079375 1.51371792 0.60230853]",1.7241484721289566,1.014568100303551,5,16,32,4.793391704559326,1,648.0,0.0,0.0,134,watts
watts_135,12.181592028349007,"[2.856481690487974, 3.1410903596016464, 3.139119741176386, 2.0879619049304505, 0.5317176093043663, 0.517793357854607, 1.5750158296043695, 3.1414481720689658, 3.1413912196309437, 1.856824058273812]",2.856481690487974,0.517793357854607,"[1.72414847 2.24683366 1.89363699 1.711801   1.33095081 1.0145681
 0.68736038 1.40079375 1.51371792 0.60230853]",1.7241484721289566,1.014568100303551,5,15,15,1.5333232879638672,1,919.0,0.0,0.0,135,watts
watts_136,8.006561671063537,"[2.9119818755733338, 2.581343021593155, 1.8449991762748805, 1.8271732307993689, 1.5995403822796228, 1.194686340609009, 0.7661620234179887, 1.5890315336712424, 1.8330383447385852, 0.5946850200538623]",2.9119818755733338,1.194686340609009,"[1.72414847 2.24683366 1.89363699 1.711801   1.33095081 1.0145681
 0.68736038 1.40079375 1.51371792 0.60230853]",1.7241484721289566,1.014568100303551,5,7,14,2.8069512844085693,1,760.0,0.0,0.0,136,watts
gnm_137,79.84199389068607,"[2.996034939771029, 2.2733119426757664, 1.4671822485562926, 1.8406651086485155, 1.4017084471296168, 0.9041996518307029, 0.9680421635337679, 3.1277152074930985, 3.1287496373226644, 2.2514654598613033]",2.996034939771029,0.9041996518307029,"[1.72414847 2.24683366 1.89363699 1.711801   1.33095081 1.0145681
 0.68736038 1.40079375 1.51371792 0.60230853]",1.7241484721289566,1.014568100303551,5,20,155,26.177464962005615,1,630.0,0.0,0.0,137,gnm
barabasi_138,16.82451361128233,"[2.9154180300619004, 1.7863194206311848, 1.4413227619253979, 2.3116264119989283, 1.2711480694405362, 1.164649077330826, 1.5973306832659904, 2.3231544965611857, 1.5602481770610153, 1.3743308118573716]",2.9154180300619004,1.164649077330826,"[1.72414847 2.24683366 1.89363699 1.711801   1.33095081 1.0145681
 0.68736038 1.40079375 1.51371792 0.60230853]",1.7241484721289566,1.014568100303551,5,14,24,2.7609963417053223,1,1197.0,0.0,0.0,138,barabasi
regular_139,24.44918680212793,"[1.746360015515545, 1.8950073818839095, 3.076483892066383, 2.042541366426705, 1.5471396256792214, 1.0315449110063653, 1.0890811749593192, 1.6792884966124246, 1.0130209170490416, 0.36420089300623054]",1.746360015515545,1.0315449110063653,"[1.72414847 2.24683366 1.89363699 1.711801   1.33095081 1.0145681
 0.68736038 1.40079375 1.51371792 0.60230853]",1.7241484721289566,1.014568100303551,5,17,34,9.546530485153198,1,1161.0,0.0,0.0,139,regular
watts_140,12.108661754773038,"[0.23917447623263866, 2.600368421139054, 3.1364911186318962, 1.73823629748833, 3.141505093121113, 1.3887784550273479, 1.705746956871915, 1.7158655156833325, 2.155836555462735, 0.9976641128995882]",0.23917447623263866,1.3887784550273479,"[1.72414847 2.24683366 1.89363699 1.711801   1.33095081 1.0145681
 0.68736038 1.40079375 1.51371792 0.60230853]",1.7241484721289566,1.014568100303551,5,9,18,4.479482412338257,1,1246.0,0.0,0.0,140,watts
gnm_141,19.392996057648293,"[0.21533121966617363, 2.633737951608263, 3.1404432003231495, 3.1328973839264522, 3.141592653589793, 1.3562237847373164, 2.3379831874102743, 0.9214256269472976, 0.26944435299630354, 3.017588543334049]",0.21533121966617363,1.3562237847373164,"[1.72414847 2.24683366 1.89363699 1.711801   1.33095081 1.0145681
 0.68736038 1.40079375 1.51371792 0.60230853]",1.7241484721289566,1.014568100303551,5,15,29,6.449187994003296,1,927.0,0.0,0.0,141,gnm
gnm_142,30.847722310456618,"[3.024377467207902, 2.146945971400609, 1.5719654791276265, 2.3652790824693843, 1.2768480561811462, 0.6739218716241522, 0.7869311361416048, 2.354745995702892, 2.614809572822722, 1.6872586152727478]",3.024377467207902,0.6739218716241522,"[1.72414847 2.24683366 1.89363699 1.711801   1.33095081 1.0145681
 0.68736038 1.40079375 1.51371792 0.60230853]",1.7241484721289566,1.014568100303551,5,14,57,11.717335939407349,1,1290.0,0.0,0.0,142,gnm
watts_143,16.085689074119475,"[1.5134550723658027, 1.8524441492066046, 3.080249258943656, 1.746095706911774, 0.9005826082131269, 0.31465399057985755, 1.3728169071736405, 3.1413948179928, 3.140442530926382, 1.800350262764935]",1.5134550723658027,0.31465399057985755,"[1.72414847 2.24683366 1.89363699 1.711801   1.33095081 1.0145681
 0.68736038 1.40079375 1.51371792 0.60230853]",1.7241484721289566,1.014568100303551,5,12,24,3.424192428588867,1,763.0,0.0,0.0,143,watts
watts_144,14.005094174224727,"[2.0326562020338903, 2.2495646633366047, 2.579827509687358, 1.499833064728981, 1.3981119535604059, 1.2736656170732343, 1.6754500902092815, 1.9590228797385425, 1.9214415059275862, 0.7733717833786694]",2.0326562020338903,1.2736656170732343,"[1.72414847 2.24683366 1.89363699 1.711801   1.33095081 1.0145681
 0.68736038 1.40079375 1.51371792 0.60230853]",1.7241484721289566,1.014568100303551,5,17,17,8.270220041275024,1,2044.0,0.0,0.0,144,watts
regular_145,16.83802741294531,"[1.8215208199922173, 2.1745287293146607, 2.5899135469787478, 1.6216644959288082, 1.2073516612296176, 1.2271263596544721, 0.25821380739956534, 2.916078963608739, 2.716832212552034, 2.014429830980264]",1.8215208199922173,1.2271263596544721,"[1.72414847 2.24683366 1.89363699 1.711801   1.33095081 1.0145681
 0.68736038 1.40079375 1.51371792 0.60230853]",1.7241484721289566,1.014568100303551,5,19,19,5.55903697013855,1,1392.0,0.0,0.0,145,regular
watts_146,5.549146414095958,"[2.4371724951533738, 2.446012933331949, 2.1853002892586275, 1.3993999276340334, 1.5471120496226738, 1.663372640347783, 1.1675321151268383, 1.9228111026843426, 1.7455785468771055, 0.854256686193863]",2.4371724951533738,1.663372640347783,"[1.72414847 2.24683366 1.89363699 1.711801   1.33095081 1.0145681
 0.68736038 1.40079375 1.51371792 0.60230853]",1.7241484721289566,1.014568100303551,5,7,7,2.8456766605377197,1,2105.0,0.0,0.0,146,watts
regular_147,18.699496096049085,"[1.727934439978676, 1.9227196911863431, 3.0462470693636465, 2.0586350082356075, 1.4683745936133556, 1.0077642725699705, 0.4590420004244675, 2.1000111349800967, 2.0189510574715683, 0.7915537076582153]",1.727934439978676,1.0077642725699705,"[1.72414847 2.24683366 1.89363699 1.711801   1.33095081 1.0145681
 0.68736038 1.40079375 1.51371792 0.60230853]",1.7241484721289566,1.014568100303551,5,12,24,4.599745988845825,1,1095.0,0.0,0.0,147,regular
watts_148,14.025118578122347,"[2.878865177309252, 2.678453255343441, 2.477274424250465, 0.46882930735624107, 2.8043175978505652, 0.6210290570047371, 2.066901721414294, 2.7552543280868824, 3.1415859873313847, 2.2329275700802143]",2.878865177309252,0.6210290570047371,"[1.72414847 2.24683366 1.89363699 1.711801   1.33095081 1.0145681
 0.68736038 1.40079375 1.51371792 0.60230853]",1.7241484721289566,1.014568100303551,5,16,16,3.9949471950531006,1,1677.0,0.0,0.0,148,watts
watts_149,12.62369999956005,"[1.164753053721787, 1.9830617071006493, 3.103672406398444, 1.599259712259414, 1.9624071652941688, 1.589119739963071, 1.0026058583627173, 2.805630838418682, 2.410917458638722, 1.1918103510091762]",1.164753053721787,1.589119739963071,"[1.72414847 2.24683366 1.89363699 1.711801   1.33095081 1.0145681
 0.68736038 1.40079375 1.51371792 0.60230853]",1.7241484721289566,1.014568100303551,5,17,17,3.836684465408325,1,917.0,0.0,0.0,149,watts
barabasi_150,8.287373318483063,"[2.936590785357955, 2.7879823126713257, 2.0366342387978813, 1.9323852052373751, 1.5617523186402718, 2.193547748283228, 0.28399240504079465, 3.0134163910932985, 2.859014992752281, 1.8913608494103982]",2.936590785357955,2.193547748283228,"[1.72414847 2.24683366 1.89363699 1.711801   1.33095081 1.0145681
 0.68736038 1.40079375 1.51371792 0.60230853]",1.7241484721289566,1.014568100303551,5,10,9,3.775301933288574,1,1913.0,0.0,0.0,150,barabasi
barabasi_151,17.03062353872984,"[2.966058946618587, 2.803775117082264, 3.1393519448314025, 0.5658394464946082, 3.074233163756778, 2.1208231610105592, 0.532463245735735, 2.835320621668405, 3.124497650540328, 1.4049792845332914]",2.966058946618587,2.1208231610105592,"[1.72414847 2.24683366 1.89363699 1.711801   1.33095081 1.0145681
 0.68736038 1.40079375 1.51371792 0.60230853]",1.7241484721289566,1.014568100303551,5,14,24,15.621244430541992,1,3194.0,0.0,0.0,151,barabasi
watts_152,5.441908755812619,"[2.194715950500437, 2.288119955437012, 1.4655261515351787, 1.1697711351981135, 1.380047570321367, 1.5562030517777212, 0.540254320743432, 2.6797644216953884, 2.3590158493138387, 0.5900623348022295]",2.194715950500437,1.5562030517777212,"[1.72414847 2.24683366 1.89363699 1.711801   1.33095081 1.0145681
 0.68736038 1.40079375 1.51371792 0.60230853]",1.7241484721289566,1.014568100303551,5,7,7,1.002429485321045,1,695.0,0.0,0.0,152,watts
gnm_153,23.38496251865489,"[2.9881960511949206, 2.639744789595725, 0.8483088254428629, 2.002543202272451, 1.4359869572523558, 1.7296013682646378, 0.0042551648009903804, 2.842743911478827, 3.1301760721723966, 2.9161074645870935]",2.9881960511949206,1.7296013682646378,"[1.72414847 2.24683366 1.89363699 1.711801   1.33095081 1.0145681
 0.68736038 1.40079375 1.51371792 0.60230853]",1.7241484721289566,1.014568100303551,5,13,36,9.422567367553711,1,1752.0,0.0,0.0,153,gnm
gnm_154,77.43472990285984,"[2.838595833346863, 1.974957137465619, 1.5605057079696676, 1.6063530910493877, 1.2210327082701886, 1.5792286725627076, 0.38961335886747606, 2.989378082533783, 2.744767305595568, 1.748982611244947]",2.838595833346863,1.5792286725627076,"[1.72414847 2.24683366 1.89363699 1.711801   1.33095081 1.0145681
 0.68736038 1.40079375 1.51371792 0.60230853]",1.7241484721289566,1.014568100303551,5,20,141,34.98198986053467,1,993.0,0.0,0.0,154,gnm
barabasi_155,16.871937508604752,"[2.9367550165215257, 2.7608779441931564, 2.951589379806359, 1.305215098643704, 1.1431212055561848, 0.47385018116834193, 0.2988732684956952, 3.1415567565330105, 2.929645527386373, 1.7365884457807832]",2.9367550165215257,0.47385018116834193,"[1.72414847 2.24683366 1.89363699 1.711801   1.33095081 1.0145681
 0.68736038 1.40079375 1.51371792 0.60230853]",1.7241484721289566,1.014568100303551,5,20,19,8.32584261894226,1,1533.0,0.0,0.0,155,barabasi
regular_156,20.92048115354917,"[2.918905898200711, 3.134789146838105, 2.9348795060415824, 1.7310634745459121, 1.9014633984180629, 1.5383083832513935, 0.491223389004976, 2.572367156132431, 2.339326047241838, 1.3251513866493325]",2.918905898200711,1.5383083832513935,"[1.72414847 2.24683366 1.89363699 1.711801   1.33095081 1.0145681
 0.68736038 1.40079375 1.51371792 0.60230853]",1.7241484721289566,1.014568100303551,5,18,27,5.306932210922241,1,829.0,0.0,0.0,156,regular
barabasi_157,5.340794688015194,"[2.7935314755843432, 3.141592653589793, 2.450702232703992, 1.6155752825774268, 1.6167806796020132, 3.140721888874273, -1.1758017494253896, 2.9025417368557234, 2.986802399535393, 2.0102415385779184]",2.7935314755843432,3.140721888874273,"[1.72414847 2.24683366 1.89363699 1.711801   1.33095081 1.0145681
 0.68736038 1.40079375 1.51371792 0.60230853]",1.7241484721289566,1.014568100303551,5,7,6,1.6723079681396484,1,1386.0,0.0,0.0,157,barabasi
watts_158,7.454079104169068,"[2.5123398935246266, 2.351724328873914, 2.0326991651667594, 0.6542217585247788, 1.0094618696380993, 1.733854188250183, 0.9527684259642867, 2.049942265546127, 1.9682830262262645, 0.8942826456454098]",2.5123398935246266,1.733854188250183,"[1.72414847 2.24683366 1.89363699 1.711801   1.33095081 1.0145681
 0.68736038 1.40079375 1.51371792 0.60230853]",1.7241484721289566,1.014568100303551,5,6,12,1.680450677871704,1,987.0,0.0,0.0,158,watts
regular_159,19.25984975184117,"[2.955684792032354, 2.753024181229509, 2.466524514255174, 1.69205448838464, 1.0159861111492061, 0.5971200583705629, 0.4646308590816629, 2.9386441118508406, 2.672981956456236, 1.7095188965873194]",2.955684792032354,0.5971200583705629,"[1.72414847 2.24683366 1.89363699 1.711801   1.33095081 1.0145681
 0.68736038 1.40079375 1.51371792 0.60230853]",1.7241484721289566,1.014568100303551,5,16,24,2.805133581161499,1,943.0,0.0,0.0,159,regular
barabasi_160,26.368947509630154,"[2.971530402322613, 2.8404431738864493, 3.1341434426126424, 2.4600448228184457, 1.1214556195876604, 2.1356039676475462, 0.2458151640190538, 3.141521311144553, 3.138778581054048, 1.3764483081737326]",2.971530402322613,2.1356039676475462,"[1.72414847 2.24683366 1.89363699 1.711801   1.33095081 1.0145681
 0.68736038 1.40079375 1.51371792 0.60230853]",1.7241484721289566,1.014568100303551,5,20,36,13.50318956375122,1,1282.0,0.0,0.0,160,barabasi
barabasi_161,4.7719733961912425,"[2.1451422211366427, 2.546154759173124, 2.4481678358988095, 1.761783696342348, 1.2956048748318394, 0.9448587554969314, 1.825426461840129, 2.0214859511127736, 2.3524205386908243, 0.7242390747439265]",2.1451422211366427,0.9448587554969314,"[1.72414847 2.24683366 1.89363699 1.711801   1.33095081 1.0145681
 0.68736038 1.40079375 1.51371792 0.60230853]",1.7241484721289566,1.014568100303551,5,6,5,2.3652212619781494,1,2169.0,0.0,0.0,161,barabasi
watts_162,25.673200209216553,"[1.3990731803310539, 2.0994534119641592, 3.0125640250977193, 1.3909028100887666, 3.139075084455812, 1.7095124794664587, 0.3412222022862822, 2.4336933390463624, 1.7494376532274356, -0.08783797585757096]",1.3990731803310539,1.7095124794664587,"[1.72414847 2.24683366 1.89363699 1.711801   1.33095081 1.0145681
 0.68736038 1.40079375 1.51371792 0.60230853]",1.7241484721289566,1.014568100303551,5,19,38,11.075576543807983,1,1276.0,0.0,0.0,162,watts
gnm_163,85.35727969461948,"[2.7330140504300973, 2.7341758737174793, 1.959097071268714, 1.5678395897552826, 0.9501411283033407, 0.7872685951226384, 0.7857159784265595, 2.3941060399944405, 2.226281689378802, 0.7059238775978538]",2.7330140504300973,0.7872685951226384,"[1.72414847 2.24683366 1.89363699 1.711801   1.33095081 1.0145681
 0.68736038 1.40079375 1.51371792 0.60230853]",1.7241484721289566,1.014568100303551,5,20,169,37.531633138656616,1,949.0,0.0,0.0,163,gnm
regular_164,14.362953849922569,"[1.7335734494544908, 2.1055653522084334, 2.9686885976774193, 1.5121808012408855, 1.4614833030107686, 1.061189212854055, 1.6806695480395817, 1.8419558024860954, 2.2412165400625286, 0.22741379733018338]",1.7335734494544908,1.061189212854055,"[1.72414847 2.24683366 1.89363699 1.711801   1.33095081 1.0145681
 0.68736038 1.40079375 1.51371792 0.60230853]",1.7241484721289566,1.014568100303551,5,10,20,3.7363662719726562,1,1150.0,0.0,0.0,164,regular
watts_165,9.914654976826569,"[2.943338758696539, 1.9533085047442613, 1.89775782382575, 1.8414460651312334, 1.2979878106176754, 1.6976759003829964, 1.1978555383337501, 2.7374191583709213, 2.9701150903247218, 1.7426234804844758]",2.943338758696539,1.6976759003829964,"[1.72414847 2.24683366 1.89363699 1.711801   1.33095081 1.0145681
 0.68736038 1.40079375 1.51371792 0.60230853]",1.7241484721289566,1.014568100303551,5,7,14,4.195283651351929,1,1629.0,0.0,0.0,165,watts
gnm_166,5.567750563473965,"[2.8793181338177405, 2.646885089912835, 1.8937483572055411, 1.9871172101522592, 0.5971403548916263, 0.6764392548917607, 1.818255768118328, 1.506970786459382, 2.8659097313441118, 1.384151361433267]",2.8793181338177405,0.6764392548917607,"[1.72414847 2.24683366 1.89363699 1.711801   1.33095081 1.0145681
 0.68736038 1.40079375 1.51371792 0.60230853]",1.7241484721289566,1.014568100303551,5,6,7,7.143178939819336,1,2507.0,0.0,0.0,166,gnm
regular_167,11.707187152906045,"[1.7233651523356261, 1.966584901203748, 3.0330841705096825, 2.0576480080025026, 1.1011049990911328, 0.9900986607145299, 0.5905902827106283, 1.9702303259766285, 1.3986049865382983, 0.2228695413976814]",1.7233651523356261,0.9900986607145299,"[1.72414847 2.24683366 1.89363699 1.711801   1.33095081 1.0145681
 0.68736038 1.40079375 1.51371792 0.60230853]",1.7241484721289566,1.014568100303551,5,8,16,4.940790891647339,1,1572.0,0.0,0.0,167,regular
gnm_168,14.785963407750387,"[2.729635609058865, 2.3358538124302948, 2.48253269888721, 1.1635260369375293, 1.5936222721654805, 1.1349556286761724, 0.9039506179208917, 1.8053862484570182, 1.9249151217082912, 0.8101908322546475]",2.729635609058865,1.1349556286761724,"[1.72414847 2.24683366 1.89363699 1.711801   1.33095081 1.0145681
 0.68736038 1.40079375 1.51371792 0.60230853]",1.7241484721289566,1.014568100303551,5,8,26,2.5426206588745117,1,1185.0,0.0,0.0,168,gnm
gnm_169,4.67067648760306,"[3.0044378838073387, 2.951143484003812, 3.139720645985588, 0.89980352626866, 1.5875635310353073, 1.908712497020409, 2.29906687983702, 1.0171406626403803, 2.8684157921794347, 1.8627314041542102]",3.0044378838073387,1.908712497020409,"[1.72414847 2.24683366 1.89363699 1.711801   1.33095081 1.0145681
 0.68736038 1.40079375 1.51371792 0.60230853]",1.7241484721289566,1.014568100303551,5,6,5,3.5297045707702637,1,1321.0,0.0,0.0,169,gnm
regular_170,23.881888755546008,"[1.7166106555228966, 1.9156553791763211, 3.0385299137948953, 2.0532403027508828, 1.47139862332248, 0.9719833091142613, 0.4260138278878437, 2.0898822639882324, 1.97150493662472, 0.839920966233374]",1.7166106555228966,0.9719833091142613,"[1.72414847 2.24683366 1.89363699 1.711801   1.33095081 1.0145681
 0.68736038 1.40079375 1.51371792 0.60230853]",1.7241484721289566,1.014568100303551,5,15,30,6.82092547416687,1,1017.0,0.0,0.0,170,regular
barabasi_171,6.884713000592129,"[1.378625066327272, 2.0715356269143115, 2.0326684084966273, 1.8076954626005037, 1.4537389021688059, 1.7407211486331353, 1.09340285649643, 1.9667370345728614, 1.2372252821682685, 1.3116986876161314]",1.378625066327272,1.7407211486331353,"[1.72414847 2.24683366 1.89363699 1.711801   1.33095081 1.0145681
 0.68736038 1.40079375 1.51371792 0.60230853]",1.7241484721289566,1.014568100303551,5,9,8,4.248023509979248,1,1749.0,0.0,0.0,171,barabasi
gnm_172,15.591163717066593,"[3.001737550194078, 1.3238210085097395, 1.9659578661335495, 1.5128220632084042, 2.274399074153156, 2.13059235665511, 1.3450248277886845, 2.80478235905328, 2.9493071005887903, 1.4406414039777746]",3.001737550194078,2.13059235665511,"[1.72414847 2.24683366 1.89363699 1.711801   1.33095081 1.0145681
 0.68736038 1.40079375 1.51371792 0.60230853]",1.7241484721289566,1.014568100303551,5,9,26,6.244079351425171,1,1540.0,0.0,0.0,172,gnm
regular_173,17.717059271846548,"[1.8359018202426691, 2.1234184404423946, 2.6107662593187753, 1.6134390081775352, 1.2048197997176646, 1.2649753460016842, 0.2775625936900043, 2.8358599603873023, 2.7898587800178385, 2.0012871298185146]",1.8359018202426691,1.2649753460016842,"[1.72414847 2.24683366 1.89363699 1.711801   1.33095081 1.0145681
 0.68736038 1.40079375 1.51371792 0.60230853]",1.7241484721289566,1.014568100303551,5,20,20,7.55414080619812,1,1422.0,0.0,0.0,173,regular
watts_174,22.809158907336638,"[0.8865905159701745, 2.0240020177574833, 3.136597675341351, 2.2657527419490444, 3.080677151530672, 1.5499976153337192, 0.2642218789204912, 3.1410564544232775, 2.0766738319264606, 0.9295753636567574]",0.8865905159701745,1.5499976153337192,"[1.72414847 2.24683366 1.89363699 1.711801   1.33095081 1.0145681
 0.68736038 1.40079375 1.51371792 0.60230853]",1.7241484721289566,1.014568100303551,5,18,36,3.675386667251587,1,980.0,0.0,0.0,174,watts
gnm_175,11.535493273125866,"[2.990157146921446, 2.905486064575206, 2.9391351773628926, 1.5513317797670174, 1.2556623363903228, 1.033473879713096, 1.151682592630991, 2.000211766859688, 2.3570529569739413, 1.8447837059593102]",2.990157146921446,1.033473879713096,"[1.72414847 2.24683366 1.89363699 1.711801   1.33095081 1.0145681
 0.68736038 1.40079375 1.51371792 0.60230853]",1.7241484721289566,1.014568100303551,5,12,17,3.678333044052124,1,1221.0,0.0,0.0,175,gnm
watts_176,21.56238452843578,"[3.139855749298723, 1.6302133759705588, 1.8612504728442902, 1.6061056210304843, 1.4338759775031753, 0.7836565457616365, 1.018987260467191, 1.998473402545415, 1.5657894746981214, 0.7808531831170686]",3.139855749298723,0.7836565457616365,"[1.72414847 2.24683366 1.89363699 1.711801   1.33095081 1.0145681
 0.68736038 1.40079375 1.51371792 0.60230853]",1.7241484721289566,1.014568100303551,5,16,32,8.174859762191772,1,1256.0,0.0,0.0,176,watts
regular_177,11.707195916576893,"[1.7223918056714735, 1.9661435681916464, 3.0323130876911466, 2.056684061889646, 1.1050046805744564, 0.9918726463453382, 0.5956372563896487, 1.9643783420945953, 1.3981189507203247, 0.22488847194324574]",1.7223918056714735,0.9918726463453382,"[1.72414847 2.24683366 1.89363699 1.711801   1.33095081 1.0145681
 0.68736038 1.40079375 1.51371792 0.60230853]",1.7241484721289566,1.014568100303551,5,8,16,4.786515235900879,1,1675.0,0.0,0.0,177,regular
gnm_178,8.707877410077344,"[2.843661320527641, 2.0418161547849643, 1.8057436438187684, 1.802231649808678, 0.3469310850237347, 1.7239260541695285, 1.217725471125235, 2.8335594068008154, 2.9152034808140943, 1.420794280605646]",2.843661320527641,1.7239260541695285,"[1.72414847 2.24683366 1.89363699 1.711801   1.33095081 1.0145681
 0.68736038 1.40079375 1.51371792 0.60230853]",1.7241484721289566,1.014568100303551,5,8,12,4.333486080169678,1,1822.0,0.0,0.0,178,gnm
watts_179,21.711273446808217,"[2.132095121866821, 2.2191701140208364, 0.1762493512487059, 1.9512124488452036, 0.37993882767315357, 1.578165144346872, 1.5977666163319535, 3.1383615982681423, 2.6795804468912516, 1.3117209166904014]",2.132095121866821,1.578165144346872,"[1.72414847 2.24683366 1.89363699 1.711801   1.33095081 1.0145681
 0.68736038 1.40079375 1.51371792 0.60230853]",1.7241484721289566,1.014568100303551,5,16,32,5.38651442527771,1,836.0,0.0,0.0,179,watts
gnm_180,7.855797421740135,"[1.759332560975676, 2.076175847806777, 1.454466862729911, 3.117351089272981, 1.6582084215534398, 1.188893635522634, 0.34663136265059313, 3.0040129590532576, 2.8511111777990292, 1.297340916947379]",1.759332560975676,1.188893635522634,"[1.72414847 2.24683366 1.89363699 1.711801   1.33095081 1.0145681
 0.68736038 1.40079375 1.51371792 0.60230853]",1.7241484721289566,1.014568100303551,5,6,11,1.741593360900879,1,759.0,0.0,0.0,180,gnm
gnm_181,7.862271078047343,"[2.765591828322308, 2.327632922494206, 1.788088456692225, 1.6827764229173736, 1.523930601134372, 0.8740123767984977, 2.0234583448388594, 2.893314558812204, 2.7331440963998004, 1.8039722133136893]",2.765591828322308,0.8740123767984977,"[1.72414847 2.24683366 1.89363699 1.711801   1.33095081 1.0145681
 0.68736038 1.40079375 1.51371792 0.60230853]",1.7241484721289566,1.014568100303551,5,6,13,-0.41348886489868164,1,958.0,0.0,0.0,181,gnm
barabasi_182,13.099118830097195,"[3.141100549168544, 2.5766346155717423, 1.5696428606476394, 3.1222375582491573, 0.8311787488979856, 1.3954299932281102, 0.42525478112127113, 2.914461395371559, 3.017638651064075, 1.7053829555418893]",3.141100549168544,1.3954299932281102,"[1.72414847 2.24683366 1.89363699 1.711801   1.33095081 1.0145681
 0.68736038 1.40079375 1.51371792 0.60230853]",1.7241484721289566,1.014568100303551,5,16,15,3.9881935119628906,1,1054.0,0.0,0.0,182,barabasi
regular_183,6.0000017085357396,"[1.8607295242342659, 1.9855063729720661, 2.805548962404762, 1.8154018272789256, 1.360205828374618, 1.0202629828402126, 0.7099879075584692, 2.8335653342608413, 2.53267364104051, 1.4010368180217792]",1.8607295242342659,1.0202629828402126,"[1.72414847 2.24683366 1.89363699 1.711801   1.33095081 1.0145681
 0.68736038 1.40079375 1.51371792 0.60230853]",1.7241484721289566,1.014568100303551,5,7,7,0.9917564392089844,1,652.0,0.0,0.0,183,regular
watts_184,16.158175676070776,"[-0.519812331761695, 1.9710418135164844, 3.141207248922822, 2.0858512190189575, 1.7976600541971774, 1.8039763768111363, 1.6160648211909348, 2.933714150893257, 2.833107545584568, 1.4305574899034432]",-0.519812331761695,1.8039763768111363,"[1.72414847 2.24683366 1.89363699 1.711801   1.33095081 1.0145681
 0.68736038 1.40079375 1.51371792 0.60230853]",1.7241484721289566,1.014568100303551,5,20,20,4.930752277374268,1,824.0,0.0,0.0,184,watts
gnm_185,17.77011929764746,"[2.990210662847227, 2.880908080694523, 2.737935173239199, 1.8119479662954512, 1.4122557599791827, 0.5467614826481723, 0.44577001177884756, 2.740071269547868, 3.09463523252878, 2.2384412237880698]",2.990210662847227,0.5467614826481723,"[1.72414847 2.24683366 1.89363699 1.711801   1.33095081 1.0145681
 0.68736038 1.40079375 1.51371792 0.60230853]",1.7241484721289566,1.014568100303551,5,12,24,6.702155113220215,1,1488.0,0.0,0.0,185,gnm
barabasi_186,11.621142874745718,"[2.864696811353209, 2.6303331043651204, 3.1408186133539244, 1.658168768254995, 0.9897081399351089, 2.0290088697799673, 1.367910246901812, 2.0658262953263025, 3.097626886323937, 1.770713256314151]",2.864696811353209,2.0290088697799673,"[1.72414847 2.24683366 1.89363699 1.711801   1.33095081 1.0145681
 0.68736038 1.40079375 1.51371792 0.60230853]",1.7241484721289566,1.014568100303551,5,14,13,4.66130518913269,1,1504.0,0.0,0.0,186,barabasi
watts_187,10.918553695548692,"[-0.5138939783105336, 1.9506609823676426, 3.1386360243199674, 2.123711880874775, 1.7804100028468262, 1.8068917929909345, 1.4143788772695003, 3.137075083462877, 2.8454905285286802, 1.4466396246141602]",-0.5138939783105336,1.8068917929909345,"[1.72414847 2.24683366 1.89363699 1.711801   1.33095081 1.0145681
 0.68736038 1.40079375 1.51371792 0.60230853]",1.7241484721289566,1.014568100303551,5,14,14,5.860403537750244,1,1803.0,0.0,0.0,187,watts
gnm_188,10.7287995075949,"[1.6943305553721646, 1.9623417521458189, 2.870350766169552, 1.501605417922145, 1.4406381027573318, 1.1967594374193253, 1.74957941814797, 2.4312885192292635, 1.7190263324563124, 0.25442331240278604]",1.6943305553721646,1.1967594374193253,"[1.72414847 2.24683366 1.89363699 1.711801   1.33095081 1.0145681
 0.68736038 1.40079375 1.51371792 0.60230853]",1.7241484721289566,1.014568100303551,5,8,16,3.3546535968780518,1,1116.0,0.0,0.0,188,gnm
barabasi_189,25.62769771886146,"[2.9479416623513446, 3.133181815631064, 1.8754834726502114, 1.7307626316386466, 1.408613595820355, 1.671246807639222, 1.6614392046815762, 1.7521331932302355, 2.8453452398860906, 1.435116458893892]",2.9479416623513446,1.671246807639222,"[1.72414847 2.24683366 1.89363699 1.711801   1.33095081 1.0145681
 0.68736038 1.40079375 1.51371792 0.60230853]",1.7241484721289566,1.014568100303551,5,16,39,7.236792802810669,1,1160.0,0.0,0.0,189,barabasi
gnm_190,11.882187897586846,"[1.7669871566402309, 2.34346854790275, 1.85921232208494, 2.742270741908032, 2.68340290595519, 0.9241954997921571, 0.9373434720967173, 2.7031326950572474, 2.763926406076951, 1.95075794526728]",1.7669871566402309,0.9241954997921571,"[1.72414847 2.24683366 1.89363699 1.711801   1.33095081 1.0145681
 0.68736038 1.40079375 1.51371792 0.60230853]",1.7241484721289566,1.014568100303551,5,7,20,2.746478796005249,1,890.0,0.0,0.0,190,gnm
barabasi_191,15.775826622663315,"[3.141472184434856, 2.847643391317759, 2.556970451041179, 1.5812196040406468, 1.6559872722806865, 1.4966560787548744, 0.4263767826167135, 2.7186029078484184, 3.0587174377808815, 2.230559831859204]",3.141472184434856,1.4966560787548744,"[1.72414847 2.24683366 1.89363699 1.711801   1.33095081 1.0145681
 0.68736038 1.40079375 1.51371792 0.60230853]",1.7241484721289566,1.014568100303551,5,20,19,6.701599359512329,1,1133.0,0.0,0.0,191,barabasi
barabasi_192,17.768117010325483,"[2.9429774379749327, 2.0965541297246055, 1.8682751913652462, 1.3022982949091548, 1.5452447823838933, 1.8042171932540567, 0.7133687087379604, 1.5858636519129772, 2.3339612632543827, 1.2942738118286665]",2.9429774379749327,1.8042171932540567,"[1.72414847 2.24683366 1.89363699 1.711801   1.33095081 1.0145681
 0.68736038 1.40079375 1.51371792 0.60230853]",1.7241484721289566,1.014568100303551,5,15,26,5.273051023483276,1,1055.0,0.0,0.0,192,barabasi
watts_193,16.34936596476815,"[1.718314285952947, 1.8500309229350584, 2.9712118694941525, 1.3604156820706232, 1.4495233718558707, 1.1731874161134646, 1.9077523536828696, 2.4145567113562656, 1.742728868196875, 0.13725888963626992]",1.718314285952947,1.1731874161134646,"[1.72414847 2.24683366 1.89363699 1.711801   1.33095081 1.0145681
 0.68736038 1.40079375 1.51371792 0.60230853]",1.7241484721289566,1.014568100303551,5,12,24,7.614819526672363,1,1704.0,0.0,0.0,193,watts
gnm_194,73.170668232993,"[2.79203273983942, 2.925684126627699, 1.872266456792073, 1.7323714323671897, 1.2695280141272125, 1.2807240792392576, 0.78308602589814, 2.9598053705363045, 3.1119429757244594, 2.213979263694193]",2.79203273983942,1.2807240792392576,"[1.72414847 2.24683366 1.89363699 1.711801   1.33095081 1.0145681
 0.68736038 1.40079375 1.51371792 0.60230853]",1.7241484721289566,1.014568100303551,5,18,146,17.30121898651123,1,645.0,0.0,0.0,194,gnm
barabasi_195,18.404463474709054,"[2.9617819942811403, 2.618840259005375, 2.186014998929695, 1.9003741119023059, 0.3398750674267227, 1.7863163269324085, 1.6134038489432947, 1.4828845240175648, 1.2608024405107823, -0.21559799512195738]",2.9617819942811403,1.7863163269324085,"[1.72414847 2.24683366 1.89363699 1.711801   1.33095081 1.0145681
 0.68736038 1.40079375 1.51371792 0.60230853]",1.7241484721289566,1.014568100303551,5,15,26,6.049068927764893,1,1171.0,0.0,0.0,195,barabasi
barabasi_196,7.735008460119161,"[1.6283379926529924, 1.8988380612690796, 2.9843504218178114, 0.7160285124580108, 1.3765822325486439, 0.16688474152084004, 1.8937554923578244, 0.8506200569559271, 1.3663659812202447, 0.15160462401151864]",1.6283379926529924,0.16688474152084004,"[1.72414847 2.24683366 1.89363699 1.711801   1.33095081 1.0145681
 0.68736038 1.40079375 1.51371792 0.60230853]",1.7241484721289566,1.014568100303551,5,10,9,2.8735575675964355,1,1274.0,0.0,0.0,196,barabasi
gnm_197,18.36521892178242,"[2.182401871238888, 2.5159431650317234, 1.393124182665221, 1.4243900087391612, 1.3893797918567983, 1.576533317713754, 0.40212459894340147, 2.057377265646041, 1.563441228289095, 0.2961308582846787]",2.182401871238888,1.576533317713754,"[1.72414847 2.24683366 1.89363699 1.711801   1.33095081 1.0145681
 0.68736038 1.40079375 1.51371792 0.60230853]",1.7241484721289566,1.014568100303551,5,13,26,4.203315734863281,1,755.0,0.0,0.0,197,gnm
barabasi_198,16.224854234354442,"[2.9508321975104996, 1.5619236722667376, 1.9761704907729243, 1.0691348104696359, 2.410038119731417, 1.7422920005568687, 1.5678690513814812, 2.853765042400373, 3.1414786493337057, 1.361814206528567]",2.9508321975104996,1.7422920005568687,"[1.72414847 2.24683366 1.89363699 1.711801   1.33095081 1.0145681
 0.68736038 1.40079375 1.51371792 0.60230853]",1.7241484721289566,1.014568100303551,5,14,24,3.40358304977417,1,1151.0,0.0,0.0,198,barabasi
watts_199,21.80641150354423,"[2.7677576185680435, 2.310072519515086, 1.586947199166901, 1.5743726251021006, 1.458792214708476, 1.6985537420806684, -0.41141544980931305, 1.997257301185717, 1.983814530382013, 2.394746050643268]",2.7677576185680435,1.6985537420806684,"[1.72414847 2.24683366 1.89363699 1.711801   1.33095081 1.0145681
 0.68736038 1.40079375 1.51371792 0.60230853]",1.7241484721289566,1.014568100303551,5,16,32,8.313037395477295,1,1158.0,0.0,0.0,199,watts
gnm_200,21.133319339961872,"[2.5119119083947634, 2.3327233458733563, 1.7225129190033086, 1.5771662830112518, 0.19414239503680478, 1.573173926182327, 0.9777978154553935, 2.8434841921496856, 2.2117006538057167, 1.266103582118827]",2.5119119083947634,1.573173926182327,"[1.72414847 2.24683366 1.89363699 1.711801   1.33095081 1.0145681
 0.68736038 1.40079375 1.51371792 0.60230853]",1.7241484721289566,1.014568100303551,5,10,37,5.539801597595215,1,901.0,0.0,0.0,200,gnm
gnm_201,28.466708771650598,"[3.0012096879369006, 2.3303511302738564, 1.7763142309327744, 1.334272255493795, 0.5665189736577725, 1.9777161673868773, 1.6075501510695211, 3.138950600116339, 3.114301820752747, 1.8396770719596818]",3.0012096879369006,1.9777161673868773,"[1.72414847 2.24683366 1.89363699 1.711801   1.33095081 1.0145681
 0.68736038 1.40079375 1.51371792 0.60230853]",1.7241484721289566,1.014568100303551,5,14,46,5.7023680210113525,1,615.0,0.0,0.0,201,gnm
watts_202,13.064937715705346,"[2.308807844942803, 1.6783623284769074, 3.0064766287667517, 2.0514243988570215, 1.3121239866385679, 1.4688660776216713, 0.7906601920049308, 2.1761563621341926, 2.0010081217330358, 1.8360279176806427]",2.308807844942803,1.4688660776216713,"[1.72414847 2.24683366 1.89363699 1.711801   1.33095081 1.0145681
 0.68736038 1.40079375 1.51371792 0.60230853]",1.7241484721289566,1.014568100303551,5,15,15,5.24057936668396,1,1432.0,0.0,0.0,202,watts
watts_203,24.18939932515173,"[2.958950475944257, 2.8010094651065636, 3.140203319424275, 0.9759498180135284, 2.663969700520568, 2.1404205046634264, 0.26563902347487767, 3.10590061803868, 3.095974137306662, 1.3847745922257104]",2.958950475944257,2.1404205046634264,"[1.72414847 2.24683366 1.89363699 1.711801   1.33095081 1.0145681
 0.68736038 1.40079375 1.51371792 0.60230853]",1.7241484721289566,1.014568100303551,5,17,34,5.977700233459473,1,1133.0,0.0,0.0,203,watts
watts_204,18.336137398332518,"[2.9471060465151737, 1.5474441565322836, 2.734960060748972, 1.6615297352842533, 1.0378119396355503, 2.0710941514908354, 1.5213179990500687, 3.0874423194226788, 1.8783449346577725, 1.533739297381322]",2.9471060465151737,2.0710941514908354,"[1.72414847 2.24683366 1.89363699 1.711801   1.33095081 1.0145681
 0.68736038 1.40079375 1.51371792 0.60230853]",1.7241484721289566,1.014568100303551,5,13,26,5.580234050750732,1,1037.0,0.0,0.0,204,watts
watts_205,13.358257655908574,"[2.87679742053996, 2.7331037092880077, 2.1589806237629405, 1.8520183885163397, 1.0934779970210589, 1.376991219531722, -0.002218912416039418, 2.525615487464929, 2.894188415920141, 1.426632672832513]",2.87679742053996,1.376991219531722,"[1.72414847 2.24683366 1.89363699 1.711801   1.33095081 1.0145681
 0.68736038 1.40079375 1.51371792 0.60230853]",1.7241484721289566,1.014568100303551,5,10,20,4.791704416275024,1,1185.0,0.0,0.0,205,watts
regular_206,15.94381061740945,"[1.8323845301644957, 2.1270668781444924, 2.6025290841979976, 1.616994595490131, 1.196662869461608, 1.2752815639372344, 0.27874481237490056, 2.7707244273948493, 2.8585307968939513, 2.002481671753449]",1.8323845301644957,1.2752815639372344,"[1.72414847 2.24683366 1.89363699 1.711801   1.33095081 1.0145681
 0.68736038 1.40079375 1.51371792 0.60230853]",1.7241484721289566,1.014568100303551,5,18,18,4.61309027671814,1,1215.0,0.0,0.0,206,regular
watts_207,8.285943979129305,"[-0.4978421214649682, 1.97821892230862, 3.141566039341038, 2.05565193283168, 1.8068845721106632, 1.8436236407992168, 1.481040381258606, 3.008934342627353, 2.861797776605362, 1.371121734113883]",-0.4978421214649682,1.8436236407992168,"[1.72414847 2.24683366 1.89363699 1.711801   1.33095081 1.0145681
 0.68736038 1.40079375 1.51371792 0.60230853]",1.7241484721289566,1.014568100303551,5,10,10,1.685046672821045,1,920.0,0.0,0.0,207,watts
gnm_208,20.442051422556005,"[2.4592020681581994, 2.3921955319309673, 1.7045943755688493, 1.5647231774620616, 0.19238243706133223, 1.572310595705436, 0.930186021700911, 2.8244461945733605, 2.4093358344674547, 1.232731551808281]",2.4592020681581994,1.572310595705436,"[1.72414847 2.24683366 1.89363699 1.711801   1.33095081 1.0145681
 0.68736038 1.40079375 1.51371792 0.60230853]",1.7241484721289566,1.014568100303551,5,10,35,4.820954084396362,1,870.0,0.0,0.0,208,gnm
barabasi_209,4.979546261389714,"[1.7474211636693477, 1.945918953567356, 1.721058968452574, 2.0039695286073833, 1.4348061355161321, 1.8005205318762365, 1.7703554859138064, 2.133492507763877, 1.9212459332891823, 0.653414318498361]",1.7474211636693477,1.8005205318762365,"[1.72414847 2.24683366 1.89363699 1.711801   1.33095081 1.0145681
 0.68736038 1.40079375 1.51371792 0.60230853]",1.7241484721289566,1.014568100303551,5,6,5,2.535291910171509,1,1269.0,0.0,0.0,209,barabasi
regular_210,20.298998653778227,"[2.9568591278845924, 2.7943536216288987, 2.6096353735614883, 1.6976733149636418, 0.9548659264313637, 0.621631392066543, 0.5416984699556635, 2.632519864887991, 2.2175368964044315, 1.773750396044922]",2.9568591278845924,0.621631392066543,"[1.72414847 2.24683366 1.89363699 1.711801   1.33095081 1.0145681
 0.68736038 1.40079375 1.51371792 0.60230853]",1.7241484721289566,1.014568100303551,5,16,24,11.55622124671936,1,2425.0,0.0,0.0,210,regular
gnm_211,25.722069278294875,"[2.976761743566974, 3.10992988680428, 1.961876713328472, 1.6826756170962383, 1.5023726186288546, 1.6929808655300533, 0.06797061322056536, 2.8280458184285093, 2.859261666666604, 1.8619085752216957]",2.976761743566974,1.6929808655300533,"[1.72414847 2.24683366 1.89363699 1.711801   1.33095081 1.0145681
 0.68736038 1.40079375 1.51371792 0.60230853]",1.7241484721289566,1.014568100303551,5,16,40,8.46488904953003,1,958.0,0.0,0.0,211,gnm
gnm_212,41.25076962080566,"[3.0158366883980507, 0.047239523412111725, 3.14098153077093, 1.6884387917414894, 1.1202468712705582, 2.242317452435862, 1.54769376328047, 2.9377380781188616, 3.1055713193442607, 1.8295597395124898]",3.0158366883980507,2.242317452435862,"[1.72414847 2.24683366 1.89363699 1.711801   1.33095081 1.0145681
 0.68736038 1.40079375 1.51371792 0.60230853]",1.7241484721289566,1.014568100303551,5,16,68,14.527412414550781,1,1224.0,0.0,0.0,212,gnm
regular_213,11.513759325808266,"[1.8350749864038767, 2.12188828429754, 2.6185986295093366, 1.610789345526145, 1.2047711061923003, 1.2566824029343642, 0.27916409936875414, 2.848383768268016, 2.777352033205659, 2.000449144486356]",1.8350749864038767,1.2566824029343642,"[1.72414847 2.24683366 1.89363699 1.711801   1.33095081 1.0145681
 0.68736038 1.40079375 1.51371792 0.60230853]",1.7241484721289566,1.014568100303551,5,13,13,4.599090337753296,1,1483.0,0.0,0.0,213,regular
regular_214,15.8866435559462,"[2.939627328913838, 3.1301618954540564, 2.8332436677636528, 1.8704320033234874, 1.3577626435871935, 1.6319405750717833, 0.5393194303852777, 2.39976073654335, 2.948331688295055, 2.516751541762365]",2.939627328913838,1.6319405750717833,"[1.72414847 2.24683366 1.89363699 1.711801   1.33095081 1.0145681
 0.68736038 1.40079375 1.51371792 0.60230853]",1.7241484721289566,1.014568100303551,5,12,18,3.8044044971466064,1,939.0,0.0,0.0,214,regular
watts_215,14.012525347331037,"[1.8944488085535354, 2.2657141493683826, 2.6010809591513118, 1.5241626310594278, 1.4249848624915629, 1.3211426405647395, 0.12131580277186765, 2.0551332456391123, 1.8376736517565333, 0.6437605671891933]",1.8944488085535354,1.3211426405647395,"[1.72414847 2.24683366 1.89363699 1.711801   1.33095081 1.0145681
 0.68736038 1.40079375 1.51371792 0.60230853]",1.7241484721289566,1.014568100303551,5,17,17,8.450045108795166,1,1340.0,0.0,0.0,215,watts
watts_216,12.613415385772726,"[1.3131353804189376, 1.893798768508043, 3.1375028017780586, 1.6307898305474502, 1.965045851299168, 1.593156835695364, 1.382340348829378, 2.3975367237459118, 2.3739950054875982, 1.1901909536445414]",1.3131353804189376,1.593156835695364,"[1.72414847 2.24683366 1.89363699 1.711801   1.33095081 1.0145681
 0.68736038 1.40079375 1.51371792 0.60230853]",1.7241484721289566,1.014568100303551,5,17,17,4.9260993003845215,1,666.0,0.0,0.0,216,watts
regular_217,18.98827670435819,"[1.7049416579849557, 1.9098545841151529, 3.0392612617808212, 1.8872850788502, 1.491259308257502, 0.9910483000283675, 0.3839597317358891, 2.2015432596224396, 2.4794563831434653, 1.9945314231625884]",1.7049416579849557,0.9910483000283675,"[1.72414847 2.24683366 1.89363699 1.711801   1.33095081 1.0145681
 0.68736038 1.40079375 1.51371792 0.60230853]",1.7241484721289566,1.014568100303551,5,12,24,9.572149276733398,1,1124.0,0.0,0.0,217,regular
watts_218,15.671451053239705,"[1.5098616908800195, 2.2074171314134885, 3.141385542825585, 2.913549254910782, -0.09088667797156479, 1.3836453786151754, 1.4166035303033535, 1.9239203988637228, 1.9437612712172871, 0.6277242704916776]",1.5098616908800195,1.3836453786151754,"[1.72414847 2.24683366 1.89363699 1.711801   1.33095081 1.0145681
 0.68736038 1.40079375 1.51371792 0.60230853]",1.7241484721289566,1.014568100303551,5,20,20,5.579696416854858,1,902.0,0.0,0.0,218,watts
gnm_219,35.25616899886431,"[1.460056330618969, 3.1106629775320815, 2.736537862655116, -0.8868533925411555, 0.2738338996310866, 1.578401721331856, 0.08787648664669956, 3.1415673088604508, 2.77726868512397, 1.3371902814370928]",1.460056330618969,1.578401721331856,"[1.72414847 2.24683366 1.89363699 1.711801   1.33095081 1.0145681
 0.68736038 1.40079375 1.51371792 0.60230853]",1.7241484721289566,1.014568100303551,5,15,59,14.58933424949646,1,1343.0,0.0,0.0,219,gnm
barabasi_220,14.142693006735328,"[2.8418835213191427, 2.9448103993338575, 2.656101637563998, 1.5508231136378166, 1.6060950286377675, 1.8841424874643415, 0.1567062162033683, 2.9752239365363855, 3.030954558345883, 1.9118899269444856]",2.8418835213191427,1.8841424874643415,"[1.72414847 2.24683366 1.89363699 1.711801   1.33095081 1.0145681
 0.68736038 1.40079375 1.51371792 0.60230853]",1.7241484721289566,1.014568100303551,5,18,17,4.007505655288696,1,980.0,0.0,0.0,220,barabasi
barabasi_221,14.913520808133297,"[2.7361875445956727, 2.2459011323770053, 1.6993828792711765, 1.452694661805639, 0.5096557989952399, 1.7292773866851987, 1.0201547392636947, 2.8340823168806972, 1.9587936802894168, 1.4658535050917967]",2.7361875445956727,1.7292773866851987,"[1.72414847 2.24683366 1.89363699 1.711801   1.33095081 1.0145681
 0.68736038 1.40079375 1.51371792 0.60230853]",1.7241484721289566,1.014568100303551,5,13,22,3.7526626586914062,1,1549.0,0.0,0.0,221,barabasi
gnm_222,12.18367120940259,"[2.963068693739971, 2.799662619305206, 3.1402402309729682, 2.330718531205801, 0.38765726519366384, 2.0499251438319392, 0.32507153461796134, 3.133006700028097, 3.1415605532145037, 1.741737860452453]",2.963068693739971,2.0499251438319392,"[1.72414847 2.24683366 1.89363699 1.711801   1.33095081 1.0145681
 0.68736038 1.40079375 1.51371792 0.60230853]",1.7241484721289566,1.014568100303551,5,10,17,4.772463798522949,1,1442.0,0.0,0.0,222,gnm
gnm_223,72.54609642664447,"[3.0446185889748634, 2.122663067363483, 1.0822161298826591, 1.1689517711641222, 1.6870493285218955, 1.9907356298301957, 1.5715577994428584, 3.0880919063718255, 3.136857111211262, 1.8269005533407818]",3.0446185889748634,1.9907356298301957,"[1.72414847 2.24683366 1.89363699 1.711801   1.33095081 1.0145681
 0.68736038 1.40079375 1.51371792 0.60230853]",1.7241484721289566,1.014568100303551,5,20,127,22.0742290019989,1,728.0,0.0,0.0,223,gnm
barabasi_224,5.990336996427573,"[2.7671707760041344, 3.1414941116804744, 2.6275408355230114, 1.6940006846131703, 1.2731900277587072, 1.3090340573346788, 2.269171790164343, 3.1415509831138584, 3.0034064302304984, 1.7974788817253993]",2.7671707760041344,1.3090340573346788,"[1.72414847 2.24683366 1.89363699 1.711801   1.33095081 1.0145681
 0.68736038 1.40079375 1.51371792 0.60230853]",1.7241484721289566,1.014568100303551,5,8,7,1.1003022193908691,1,765.0,0.0,0.0,224,barabasi
barabasi_225,12.753281306469653,"[1.4146477266844615, 2.078260654942433, 1.9424268580862512, 1.838400893755256, 1.3416754998887863, 1.3012376300854314, 1.2768684774763952, 3.140205048691544, 2.946198752477427, 1.7524928690498927]",1.4146477266844615,1.3012376300854314,"[1.72414847 2.24683366 1.89363699 1.711801   1.33095081 1.0145681
 0.68736038 1.40079375 1.51371792 0.60230853]",1.7241484721289566,1.014568100303551,5,16,15,3.0823261737823486,1,955.0,0.0,0.0,225,barabasi
gnm_226,20.75267855738116,"[2.8926347202982003, 2.338309110176728, 2.0742583569449424, 1.6166485347010764, -0.12922088750263355, 2.0480993496666495, 1.058424403851426, 2.331391313357516, 2.225877575218476, 1.1378892121483635]",2.8926347202982003,2.0480993496666495,"[1.72414847 2.24683366 1.89363699 1.711801   1.33095081 1.0145681
 0.68736038 1.40079375 1.51371792 0.60230853]",1.7241484721289566,1.014568100303551,5,10,39,4.437744855880737,1,743.0,0.0,0.0,226,gnm
watts_227,25.93545381253448,"[3.007990459384482, 3.021848101644868, 2.779973863612307, 1.6454747582708338, 1.5773427865893712, 0.38301267130603717, 1.845605005125573, 1.1201269585763907, 3.1367129212832188, 2.3179768325543764]",3.007990459384482,0.38301267130603717,"[1.72414847 2.24683366 1.89363699 1.711801   1.33095081 1.0145681
 0.68736038 1.40079375 1.51371792 0.60230853]",1.7241484721289566,1.014568100303551,5,18,36,16.757563591003418,1,2172.0,0.0,0.0,227,watts
watts_228,4.776238519581966,"[1.4927496647354017, 2.1087838333059916, 1.7208258948394695, 3.13800311182535, 1.1829414980892068, 0.8358794788289607, 1.8747620961771756, 3.1415140461042785, 3.125668884008293, 2.471084421655814]",1.4927496647354017,0.8358794788289607,"[1.72414847 2.24683366 1.89363699 1.711801   1.33095081 1.0145681
 0.68736038 1.40079375 1.51371792 0.60230853]",1.7241484721289566,1.014568100303551,5,6,6,1.94150710105896,1,1667.0,0.0,0.0,228,watts
regular_229,15.727875705714716,"[1.709978595207521, 1.9436070012671642, 3.058443134755745, 2.0352187479684005, 1.107306557002255, 1.0111062861379765, 0.5750809748353753, 2.0224782841563154, 1.4237197224967095, 0.17652715722224963]",1.709978595207521,1.0111062861379765,"[1.72414847 2.24683366 1.89363699 1.711801   1.33095081 1.0145681
 0.68736038 1.40079375 1.51371792 0.60230853]",1.7241484721289566,1.014568100303551,5,11,22,3.9743759632110596,1,1580.0,0.0,0.0,229,regular
watts_230,17.7862262564862,"[2.9298517564897324, 3.038017389492077, 1.850086947715808, 1.3698058798214081, 0.6555599452638644, 1.8157608409241506, 0.7610081133079861, 3.098399435566337, 2.4708462162538467, 1.4146717321176687]",2.9298517564897324,1.8157608409241506,"[1.72414847 2.24683366 1.89363699 1.711801   1.33095081 1.0145681
 0.68736038 1.40079375 1.51371792 0.60230853]",1.7241484721289566,1.014568100303551,5,13,26,8.367146015167236,1,1714.0,0.0,0.0,230,watts
barabasi_231,16.206443962061446,"[3.1380665694499115, 2.9588605969402493, 2.765876058288651, 0.9821106610837318, 2.7030578200790973, 1.632958342506014, 0.5609072196534117, 1.7998235357095722, 1.5259421615078859, 1.3968135012833507]",3.1380665694499115,1.632958342506014,"[1.72414847 2.24683366 1.89363699 1.711801   1.33095081 1.0145681
 0.68736038 1.40079375 1.51371792 0.60230853]",1.7241484721289566,1.014568100303551,5,13,22,7.196687459945679,1,1500.0,0.0,0.0,231,barabasi
gnm_232,41.02547340148151,"[3.064401152960118, 2.7772002726969403, 1.9409672910552083, 1.4575844780351648, 1.3830772700112606, 1.7851898185639072, 0.802875794317381, 2.0044504545089237, 2.271985588481834, 1.3087225228207633]",3.064401152960118,1.7851898185639072,"[1.72414847 2.24683366 1.89363699 1.711801   1.33095081 1.0145681
 0.68736038 1.40079375 1.51371792 0.60230853]",1.7241484721289566,1.014568100303551,5,14,79,20.273401498794556,1,1492.0,0.0,0.0,232,gnm
watts_233,8.989481102256875,"[0.9081601500876608, 2.0180244585711113, 3.0719215534079236, 2.1651846950946485, 1.421092343011814, 1.3762872416987542, 0.31613261940025306, 1.900280382564754, 1.8094284312315803, 1.2439987953751839]",0.9081601500876608,1.3762872416987542,"[1.72414847 2.24683366 1.89363699 1.711801   1.33095081 1.0145681
 0.68736038 1.40079375 1.51371792 0.60230853]",1.7241484721289566,1.014568100303551,5,11,11,2.3297064304351807,1,883.0,0.0,0.0,233,watts
gnm_234,7.285842977280481,"[2.8572885129935814, 1.3441652818222602, 1.6189784186333642, 1.7182927339050318, 0.09222181969424254, 1.9281513224718632, 1.8022082944335502, 3.1386386456821445, 2.740931630476182, 0.2591181501314515]",2.8572885129935814,1.9281513224718632,"[1.72414847 2.24683366 1.89363699 1.711801   1.33095081 1.0145681
 0.68736038 1.40079375 1.51371792 0.60230853]",1.7241484721289566,1.014568100303551,5,7,11,2.5302937030792236,1,1120.0,0.0,0.0,234,gnm
watts_235,24.132655209052928,"[0.94490097015883, 1.964687824026662, 3.1405300718213156, 1.9171042230674042, 3.0900756734420547, 1.5347582925990926, 1.1868773210008619, 2.305844787975676, 2.3517281389510254, 0.7104193820628872]",0.94490097015883,1.5347582925990926,"[1.72414847 2.24683366 1.89363699 1.711801   1.33095081 1.0145681
 0.68736038 1.40079375 1.51371792 0.60230853]",1.7241484721289566,1.014568100303551,5,19,38,8.824998617172241,1,1131.0,0.0,0.0,235,watts
barabasi_236,9.018027642664187,"[2.8927186063782093, 2.650830719560938, 2.6881403095137957, 1.2969981583838819, 1.7661442308636304, 2.1251792619126375, 0.3178847125539679, 3.0819114907698357, 3.0332383090183455, 1.8224712615507432]",2.8927186063782093,2.1251792619126375,"[1.72414847 2.24683366 1.89363699 1.711801   1.33095081 1.0145681
 0.68736038 1.40079375 1.51371792 0.60230853]",1.7241484721289566,1.014568100303551,5,11,10,2.889225482940674,1,1516.0,0.0,0.0,236,barabasi
gnm_237,13.531929498733007,"[2.5893597492939335, 2.445260711903586, 2.0085044506553533, 1.6046188595312652, 0.6021178903582585, 1.2418970984781335, 0.8832504118721308, 1.9116189813536089, 1.8685554393815669, 0.826897643549726]",2.5893597492939335,1.2418970984781335,"[1.72414847 2.24683366 1.89363699 1.711801   1.33095081 1.0145681
 0.68736038 1.40079375 1.51371792 0.60230853]",1.7241484721289566,1.014568100303551,5,9,25,2.7649004459381104,1,769.0,0.0,0.0,237,gnm
barabasi_238,20.257100336795894,"[1.2967297242413496, 2.0305130152776742, 1.8945882996945729, 3.1415281063567555, 1.5738345878894875, 1.6932465457901233, 1.1503107139091564, 1.536731280813182, 3.0973998031283356, 1.3322166436037435]",1.2967297242413496,1.6932465457901233,"[1.72414847 2.24683366 1.89363699 1.711801   1.33095081 1.0145681
 0.68736038 1.40079375 1.51371792 0.60230853]",1.7241484721289566,1.014568100303551,5,16,28,6.2241435050964355,1,1583.0,0.0,0.0,238,barabasi
watts_239,10.550100662062505,"[2.7185762202335555, 2.0026054775689817, 1.810355200380695, 1.5612690328613748, 1.0022973181632469, 1.5802730751816685, 0.7254986339536539, 2.9550320889502246, 3.141567633975126, 1.8321575167560276]",2.7185762202335555,1.5802730751816685,"[1.72414847 2.24683366 1.89363699 1.711801   1.33095081 1.0145681
 0.68736038 1.40079375 1.51371792 0.60230853]",1.7241484721289566,1.014568100303551,5,8,16,2.046149730682373,1,727.0,0.0,0.0,239,watts
watts_240,8.94933272028311,"[2.848489365076456, 2.3021991769734838, 1.6799272786224677, 1.6746417649564083, 1.3702049323762022, 1.1515747948048238, 0.8428899053402443, 3.0602634108194167, 3.0043407493665386, 2.3368888966288877]",2.848489365076456,1.1515747948048238,"[1.72414847 2.24683366 1.89363699 1.711801   1.33095081 1.0145681
 0.68736038 1.40079375 1.51371792 0.60230853]",1.7241484721289566,1.014568100303551,5,8,16,2.395184278488159,1,804.0,0.0,0.0,240,watts
watts_241,23.922570658728766,"[2.946160219045984, 3.1073659340366597, 3.141511172128024, 0.5366751844405282, 3.1398970174466556, 1.6743308369510683, 0.5801256861682529, 2.692344193215452, 3.1375903979976822, 1.3518032090689471]",2.946160219045984,1.6743308369510683,"[1.72414847 2.24683366 1.89363699 1.711801   1.33095081 1.0145681
 0.68736038 1.40079375 1.51371792 0.60230853]",1.7241484721289566,1.014568100303551,5,18,36,7.319529294967651,1,996.0,0.0,0.0,241,watts
barabasi_242,25.88655527536773,"[2.9993252303312166, 1.459558161767791, 3.140260004286251, 1.4016061064062515, 0.4554024792819582, 2.075369672852048, 1.6293357235354504, 3.0977149039553775, 1.7828714752868282, 1.4084224670569243]",2.9993252303312166,2.075369672852048,"[1.72414847 2.24683366 1.89363699 1.711801   1.33095081 1.0145681
 0.68736038 1.40079375 1.51371792 0.60230853]",1.7241484721289566,1.014568100303551,5,16,39,12.889053106307983,1,1533.0,0.0,0.0,242,barabasi
barabasi_243,28.450964482360124,"[2.99289447032689, 2.8760170950724473, -0.5037790274641307, 0.9163750659960695, 1.1707533192881625, 2.09225115913693, 1.795550190291185, 3.136968980054619, 2.964989487676138, 1.5750444783090256]",2.99289447032689,2.09225115913693,"[1.72414847 2.24683366 1.89363699 1.711801   1.33095081 1.0145681
 0.68736038 1.40079375 1.51371792 0.60230853]",1.7241484721289566,1.014568100303551,5,17,42,7.148260116577148,1,976.0,0.0,0.0,243,barabasi
watts_244,9.234488264837637,"[2.302363093330343, 2.29561329544812, 1.8967392221718922, 1.199633062971022, 1.8547663986907112, 1.5774523666187594, 0.8787190832362504, 2.0365121270167315, 1.6236280685595617, 0.7458877699386637]",2.302363093330343,1.5774523666187594,"[1.72414847 2.24683366 1.89363699 1.711801   1.33095081 1.0145681
 0.68736038 1.40079375 1.51371792 0.60230853]",1.7241484721289566,1.014568100303551,5,7,14,2.6411848068237305,1,1092.0,0.0,0.0,244,watts
regular_245,16.56547743019037,"[2.9600841289795476, 3.0000738053144547, 2.8660600802606084, 1.6916740802909573, 2.401683808064057, 2.0516738189441304, 0.07582331922834959, 2.203471072173662, 1.8785798900287465, 1.368211000317756]",2.9600841289795476,2.0516738189441304,"[1.72414847 2.24683366 1.89363699 1.711801   1.33095081 1.0145681
 0.68736038 1.40079375 1.51371792 0.60230853]",1.7241484721289566,1.014568100303551,5,14,21,10.37222695350647,1,2264.0,0.0,0.0,245,regular
gnm_246,87.74797800285253,"[2.5349317748087095, 2.6276252098853377, 1.5997425230325177, 1.1877358138619192, 1.9022350084492499, 1.3398447692108975, 1.0776611912872704, 2.001896329310182, 1.679129364974912, 0.5004029986941483]",2.5349317748087095,1.3398447692108975,"[1.72414847 2.24683366 1.89363699 1.711801   1.33095081 1.0145681
 0.68736038 1.40079375 1.51371792 0.60230853]",1.7241484721289566,1.014568100303551,5,20,187,52.88305854797363,1,1156.0,0.0,0.0,246,gnm
regular_247,15.186395882798305,"[1.721152693855488, 1.9698105064141336, 3.034068939570325, 1.9550600872186368, 1.5053135097542076, 1.0122949838023296, 0.29906894486550306, 2.3861113508102774, 2.2402433647832076, 2.2550141281763914]",1.721152693855488,1.0122949838023296,"[1.72414847 2.24683366 1.89363699 1.711801   1.33095081 1.0145681
 0.68736038 1.40079375 1.51371792 0.60230853]",1.7241484721289566,1.014568100303551,5,10,20,5.992105960845947,1,1835.0,0.0,0.0,247,regular
watts_248,14.108530808561836,"[2.620774069664957, 1.8093339735151606, 2.207888821466515, 1.5602154663329597, 1.811378264515878, 1.2111331058852863, 0.736651632320894, 2.4746193485327703, 2.204617117154547, -0.0004779803080293722]",2.620774069664957,1.2111331058852863,"[1.72414847 2.24683366 1.89363699 1.711801   1.33095081 1.0145681
 0.68736038 1.40079375 1.51371792 0.60230853]",1.7241484721289566,1.014568100303551,5,17,17,7.385907888412476,1,1868.0,0.0,0.0,248,watts
watts_249,7.787730452022515,"[2.428255337826795, 1.9975290294839065, 1.6462487648161315, 1.6729551149622717, 1.6768392469787656, 1.450405928283777, 0.858092139530328, 2.3384295725873967, 2.2845509978354066, 1.153816961214054]",2.428255337826795,1.450405928283777,"[1.72414847 2.24683366 1.89363699 1.711801   1.33095081 1.0145681
 0.68736038 1.40079375 1.51371792 0.60230853]",1.7241484721289566,1.014568100303551,5,6,12,3.7612364292144775,1,1880.0,0.0,0.0,249,watts
regular_250,23.94274667396747,"[2.9659143766856833, 2.977679826970923, 2.8333915674566335, 1.6952005902557508, 2.2946857696739142, 2.067839471558224, 0.1793380146831973, 2.175882426051084, 1.9221269772213985, 1.3785412900764362]",2.9659143766856833,2.067839471558224,"[1.72414847 2.24683366 1.89363699 1.711801   1.33095081 1.0145681
 0.68736038 1.40079375 1.51371792 0.60230853]",1.7241484721289566,1.014568100303551,5,20,30,12.312441110610962,1,1679.0,0.0,0.0,250,regular
gnm_251,53.13258227650907,"[2.9800398206475665, 1.6806559784297956, 1.8159627485025882, 1.5464319400356588, 1.2243928818365417, 1.6738522708323134, 1.566464119484703, 2.9273227102378474, 3.1403385846584952, 1.7011212031683645]",2.9800398206475665,1.6738522708323134,"[1.72414847 2.24683366 1.89363699 1.711801   1.33095081 1.0145681
 0.68736038 1.40079375 1.51371792 0.60230853]",1.7241484721289566,1.014568100303551,5,20,89,17.635448455810547,1,759.0,0.0,0.0,251,gnm
watts_252,13.518665458862387,"[2.839353005197654, 3.1415318796975016, 3.137885704740283, 1.898129429454821, 0.6905047911688318, 0.8200141969278147, 1.247972968229546, 3.14128548666951, 3.141563803280293, 1.8349829567930809]",2.839353005197654,0.8200141969278147,"[1.72414847 2.24683366 1.89363699 1.711801   1.33095081 1.0145681
 0.68736038 1.40079375 1.51371792 0.60230853]",1.7241484721289566,1.014568100303551,5,17,17,0.9423346519470215,1,960.0,0.0,0.0,252,watts
barabasi_253,29.366104796093083,"[2.216761463014419, 2.4993528547525905, -0.05368009544265802, 1.7806960283955202, 0.29728823862874976, 1.572730721718678, 2.5275465896254246, 3.0776421456592473, 2.7176742301263412, 1.29753704010591]",2.216761463014419,1.572730721718678,"[1.72414847 2.24683366 1.89363699 1.711801   1.33095081 1.0145681
 0.68736038 1.40079375 1.51371792 0.60230853]",1.7241484721289566,1.014568100303551,5,18,45,7.315913677215576,1,788.0,0.0,0.0,253,barabasi
regular_254,9.714838081870319,"[1.8292931113167128, 2.101035912301492, 2.672229762049848, 1.5442892038626297, 1.2240761812221184, 1.2677788072714824, 0.293773104148781, 3.0631650565100137, 2.5494912603877777, 2.0095395452597162]",1.8292931113167128,1.2677788072714824,"[1.72414847 2.24683366 1.89363699 1.711801   1.33095081 1.0145681
 0.68736038 1.40079375 1.51371792 0.60230853]",1.7241484721289566,1.014568100303551,5,11,11,2.36034893989563,1,1251.0,0.0,0.0,254,regular
regular_255,9.872953802026359,"[2.853201495318644, 2.074673498336434, 1.7746985779473041, 1.891135803370348, 0.9490034728171198, 1.6658800021395033, 1.214139238915466, 2.906491201324274, 2.985930784199108, 1.6663961398757081]",2.853201495318644,1.6658800021395033,"[1.72414847 2.24683366 1.89363699 1.711801   1.33095081 1.0145681
 0.68736038 1.40079375 1.51371792 0.60230853]",1.7241484721289566,1.014568100303551,5,7,14,3.008864164352417,1,1416.0,0.0,0.0,255,regular
watts_256,21.953410413741487,"[2.8194795771454144, 2.1539763891304875, 1.5637630440373111, 1.568306497812778, 1.0675824677274002, 1.6846001637100834, 0.523700406690684, 2.9032258053013003, 2.608302726864653, 1.7333702156568815]",2.8194795771454144,1.6846001637100834,"[1.72414847 2.24683366 1.89363699 1.711801   1.33095081 1.0145681
 0.68736038 1.40079375 1.51371792 0.60230853]",1.7241484721289566,1.014568100303551,5,16,32,8.337623119354248,1,1262.0,0.0,0.0,256,watts
barabasi_257,28.13088842243184,"[3.0142282838338548, 2.8519387766337845, 1.660798706755516, 1.5338340111141218, 1.5174475214435157, 0.44519718491513893, 2.4396468679329653, 1.7634851478319566, 2.5937694398855866, 1.3226846891941437]",3.0142282838338548,0.44519718491513893,"[1.72414847 2.24683366 1.89363699 1.711801   1.33095081 1.0145681
 0.68736038 1.40079375 1.51371792 0.60230853]",1.7241484721289566,1.014568100303551,5,17,42,9.56804370880127,1,1357.0,0.0,0.0,257,barabasi
regular_258,6.0000038325237774,"[2.062285877810276, 2.0325359749800387, 2.646142194187769, 1.8901150720698037, 1.0773076260096284, 1.0103192932822957, 0.6983371600890893, 2.6962064187491332, 2.3831218347612886, 1.3626963782675507]",2.062285877810276,1.0103192932822957,"[1.72414847 2.24683366 1.89363699 1.711801   1.33095081 1.0145681
 0.68736038 1.40079375 1.51371792 0.60230853]",1.7241484721289566,1.014568100303551,5,6,6,0.6645569801330566,1,519.0,0.0,0.0,258,regular
gnm_259,47.034404801876605,"[2.7509648555014525, 2.2947636760427534, 1.93679578077953, 1.4341609307591576, 1.3537858520684458, 0.794551167089495, 0.9210485965846142, 3.1377377509200954, 3.1392037542891176, 2.1877535655734706]",2.7509648555014525,0.794551167089495,"[1.72414847 2.24683366 1.89363699 1.711801   1.33095081 1.0145681
 0.68736038 1.40079375 1.51371792 0.60230853]",1.7241484721289566,1.014568100303551,5,15,92,11.752218008041382,1,644.0,0.0,0.0,259,gnm
regular_260,6.840152646320348,"[1.1981974972403813, 1.6989571740451586, 3.1415390052823255, 2.4544410541993984, 3.1415333810266715, 2.0286110571478604, 1.059011754284119, 2.9725338650857447, 2.1046596487015816, 1.2542400525747066]",1.1981974972403813,2.0286110571478604,"[1.72414847 2.24683366 1.89363699 1.711801   1.33095081 1.0145681
 0.68736038 1.40079375 1.51371792 0.60230853]",1.7241484721289566,1.014568100303551,5,6,9,2.149038314819336,1,1213.0,0.0,0.0,260,regular
watts_261,12.479239975405047,"[2.978473650321472, 3.006496723381523, 2.8902756901251934, 1.6625696725129084, 1.1704822390642655, 1.2891115806702922, 1.1092194667312771, 2.092384155735301, 2.3097182057501753, 1.929799233137771]",2.978473650321472,1.2891115806702922,"[1.72414847 2.24683366 1.89363699 1.711801   1.33095081 1.0145681
 0.68736038 1.40079375 1.51371792 0.60230853]",1.7241484721289566,1.014568100303551,5,16,16,3.4365768432617188,1,872.0,0.0,0.0,261,watts
watts_262,26.294062697723703,"[1.6647291435313787, 1.9393359424611276, 3.0233590127829584, 1.5696394895155934, 1.4989700592747943, 1.1940491047291992, 1.7112070048262993, 2.0177532660153013, 1.6245674803950982, 0.6210968827435561]",1.6647291435313787,1.1940491047291992,"[1.72414847 2.24683366 1.89363699 1.711801   1.33095081 1.0145681
 0.68736038 1.40079375 1.51371792 0.60230853]",1.7241484721289566,1.014568100303551,5,19,38,6.344455718994141,1,721.0,0.0,0.0,262,watts
watts_263,14.846332250181302,"[2.784045244744216, 2.902283990537624, 2.265167733208794, 1.2161055088541288, 2.970406296700318, 2.1859506401271496, 0.6206053962665179, 1.5563395379463651, 1.9053796237169398, 0.6928018462767052]",2.784045244744216,2.1859506401271496,"[1.72414847 2.24683366 1.89363699 1.711801   1.33095081 1.0145681
 0.68736038 1.40079375 1.51371792 0.60230853]",1.7241484721289566,1.014568100303551,5,18,18,8.33801007270813,1,2189.0,0.0,0.0,263,watts
watts_264,13.642485929501747,"[1.5690936343435844, 1.9314866969761986, 2.8942322545811647, 1.585804440543003, 1.2845810158328952, 1.1274196264216956, 1.7484764617820496, 2.4711327205436318, 1.5890402434286963, 0.24473838387751778]",1.5690936343435844,1.1274196264216956,"[1.72414847 2.24683366 1.89363699 1.711801   1.33095081 1.0145681
 0.68736038 1.40079375 1.51371792 0.60230853]",1.7241484721289566,1.014568100303551,5,10,20,3.6600100994110107,1,1175.0,0.0,0.0,264,watts
watts_265,13.257191176747625,"[2.8196148587429803, 3.0642509768228425, 1.716713706817449, 1.6109012680609789, 1.565859125852602, 0.6804318353802041, 1.965257001308958, 2.198387261188737, 2.4793909484393457, 0.9543290379662046]",2.8196148587429803,0.6804318353802041,"[1.72414847 2.24683366 1.89363699 1.711801   1.33095081 1.0145681
 0.68736038 1.40079375 1.51371792 0.60230853]",1.7241484721289566,1.014568100303551,5,10,20,3.3344852924346924,1,968.0,0.0,0.0,265,watts
watts_266,6.165176070557209,"[2.633512594198039, 3.086456990699287, 3.1355983424883775, 0.8893741053787804, 0.523838227681885, 1.6420400720730428, 0.08593851533251737, 3.1156024907904527, 2.6300325717482336, 1.2610950712964504]",2.633512594198039,1.6420400720730428,"[1.72414847 2.24683366 1.89363699 1.711801   1.33095081 1.0145681
 0.68736038 1.40079375 1.51371792 0.60230853]",1.7241484721289566,1.014568100303551,5,7,7,3.226473331451416,1,1910.0,0.0,0.0,266,watts
watts_267,25.585496964032213,"[3.123062160715625, 2.995521308722436, 2.8619555397926506, 0.42304074534956215, 2.359964917240004, 3.077977536972962, 0.5262017207998548, 1.844520072027322, 3.053024269670416, 1.7279998763641098]",3.123062160715625,3.077977536972962,"[1.72414847 2.24683366 1.89363699 1.711801   1.33095081 1.0145681
 0.68736038 1.40079375 1.51371792 0.60230853]",1.7241484721289566,1.014568100303551,5,18,36,9.1220862865448,1,1836.0,0.0,0.0,267,watts
watts_268,10.623379554557383,"[1.837605810855987, 2.112535395615669, 2.627788828034385, 1.6048751021027114, 1.2102485631607252, 1.2482587820003066, 0.28227680223850943, 2.926362167986833, 2.6951962981011235, 2.0027760334744724]",1.837605810855987,1.2482587820003066,"[1.72414847 2.24683366 1.89363699 1.711801   1.33095081 1.0145681
 0.68736038 1.40079375 1.51371792 0.60230853]",1.7241484721289566,1.014568100303551,5,12,12,2.4172680377960205,1,1241.0,0.0,0.0,268,watts
regular_269,30.000994228848253,"[1.7210068610942364, 1.9221391919987258, 3.0697174973753913, 2.0662703645042226, 1.5032253249954461, 1.0196572907637793, 0.4761855829663837, 2.186993057505889, 2.06648326588636, 0.8410184473730005]",1.7210068610942364,1.0196572907637793,"[1.72414847 2.24683366 1.89363699 1.711801   1.33095081 1.0145681
 0.68736038 1.40079375 1.51371792 0.60230853]",1.7241484721289566,1.014568100303551,5,20,40,10.907910585403442,1,961.0,0.0,0.0,269,regular
gnm_270,26.67597659691882,"[3.000270773230088, 1.663039776773072, 1.998135287778513, 1.7158762218549137, 0.6085110838134871, 1.9895660046573256, 1.5331314164472236, 3.1408660883832535, 3.141180649008311, 1.8203184367448155]",3.000270773230088,1.9895660046573256,"[1.72414847 2.24683366 1.89363699 1.711801   1.33095081 1.0145681
 0.68736038 1.40079375 1.51371792 0.60230853]",1.7241484721289566,1.014568100303551,5,14,43,4.498736381530762,1,667.0,0.0,0.0,270,gnm
gnm_271,54.856136742027054,"[2.9999310341083616, 1.0052168392224878, 2.4666256752727773, 1.642824621127136, 1.143054246669039, 1.6777959537270997, 1.5716236499635898, 2.941478802791419, 3.1087521609919664, 1.6833779467975931]",2.9999310341083616,1.6777959537270997,"[1.72414847 2.24683366 1.89363699 1.711801   1.33095081 1.0145681
 0.68736038 1.40079375 1.51371792 0.60230853]",1.7241484721289566,1.014568100303551,5,19,94,12.616438150405884,1,758.0,0.0,0.0,271,gnm
gnm_272,9.459212216369451,"[2.803341544391489, 2.993512780934138, 1.9297639746845374, 0.9004948178309425, 0.555587261972111, 0.8772699146963641, 1.8015712020678352, 1.610751806564618, 1.5291746404370627, 0.9029600063049931]",2.803341544391489,0.8772699146963641,"[1.72414847 2.24683366 1.89363699 1.711801   1.33095081 1.0145681
 0.68736038 1.40079375 1.51371792 0.60230853]",1.7241484721289566,1.014568100303551,5,8,14,4.165948867797852,1,1995.0,0.0,0.0,272,gnm
barabasi_273,5.373006228008535,"[2.8763434936603796, 3.135999492905672, 3.137442976875108, 0.8724878953447077, 1.6171734156685784, 1.9214502489076173, 0.01958757720998104, 3.136767664945826, 2.8894342752540245, 1.859555066647533]",2.8763434936603796,1.9214502489076173,"[1.72414847 2.24683366 1.89363699 1.711801   1.33095081 1.0145681
 0.68736038 1.40079375 1.51371792 0.60230853]",1.7241484721289566,1.014568100303551,5,7,6,0.927854061126709,1,837.0,0.0,0.0,273,barabasi
gnm_274,21.715538344282088,"[2.3635793546834125, 2.383946659365038, 2.5261963924470825, -0.7507374383645791, 1.1490714597677016, 1.5783946148648793, 0.9831486301054697, 3.1396912145950493, 2.816353297323034, 1.4777865347324868]",2.3635793546834125,1.5783946148648793,"[1.72414847 2.24683366 1.89363699 1.711801   1.33095081 1.0145681
 0.68736038 1.40079375 1.51371792 0.60230853]",1.7241484721289566,1.014568100303551,5,14,36,8.373262643814087,1,1164.0,0.0,0.0,274,gnm
watts_275,28.40594898963076,"[2.942239928383564, 2.0707900380894957, 1.571319046393354, 1.5531790175519495, 1.4714395274379264, 1.736266056987709, 1.0121948693156189, 2.0524235329764107, 2.1266806808279983, 0.7565834951102467]",2.942239928383564,1.736266056987709,"[1.72414847 2.24683366 1.89363699 1.711801   1.33095081 1.0145681
 0.68736038 1.40079375 1.51371792 0.60230853]",1.7241484721289566,1.014568100303551,5,20,40,10.776367902755737,1,1202.0,0.0,0.0,275,watts
regular_276,28.64972642546474,"[1.7208424083929488, 1.9150115181236722, 3.0621239105859983, 2.068609553734637, 1.495514087545859, 1.0034295341556092, 0.49292748689592647, 2.13473082021465, 2.0492895826489463, 0.8369845372805811]",1.7208424083929488,1.0034295341556092,"[1.72414847 2.24683366 1.89363699 1.711801   1.33095081 1.0145681
 0.68736038 1.40079375 1.51371792 0.60230853]",1.7241484721289566,1.014568100303551,5,19,38,7.078376054763794,1,861.0,0.0,0.0,276,regular
watts_277,17.812593092245137,"[2.9571323610894495, 2.340324485406263, 1.4074333847536902, 1.4082533467823268, 0.7868492137213445, 2.022313511448907, 1.5993196926894127, 3.1378738632409933, 3.1364123317860724, 1.8327436867467295]",2.9571323610894495,2.022313511448907,"[1.72414847 2.24683366 1.89363699 1.711801   1.33095081 1.0145681
 0.68736038 1.40079375 1.51371792 0.60230853]",1.7241484721289566,1.014568100303551,5,13,26,3.656200885772705,1,839.0,0.0,0.0,277,watts
gnm_278,17.859574534412666,"[2.4914300393408184, 2.6977165541369876, 1.7639590111541232, 1.0006614292104183, 1.013738753405188, 1.384038225593665, 1.1961771883855645, 2.585876167099975, 2.329955846945782, 0.829412248131427]",2.4914300393408184,1.384038225593665,"[1.72414847 2.24683366 1.89363699 1.711801   1.33095081 1.0145681
 0.68736038 1.40079375 1.51371792 0.60230853]",1.7241484721289566,1.014568100303551,5,11,35,3.630082607269287,1,669.0,0.0,0.0,278,gnm
watts_279,15.67409630299944,"[0.3787983922044157, 2.353774455207404, 3.1415586674711533, 1.7759722934613489, 3.1414869743724605, 1.3082872238219942, 0.7953420126011973, 2.589391485745412, 2.92361653237172, 0.18879647514427467]",0.3787983922044157,1.3082872238219942,"[1.72414847 2.24683366 1.89363699 1.711801   1.33095081 1.0145681
 0.68736038 1.40079375 1.51371792 0.60230853]",1.7241484721289566,1.014568100303551,5,20,20,5.667510032653809,1,905.0,0.0,0.0,279,watts
barabasi_280,4.67067648760306,"[3.0044378838073387, 2.951143484003812, 3.139720645985588, 0.89980352626866, 1.5875635310353073, 1.908712497020409, 2.29906687983702, 1.0171406626403803, 2.8684157921794347, 1.8627314041542102]",3.0044378838073387,1.908712497020409,"[1.72414847 2.24683366 1.89363699 1.711801   1.33095081 1.0145681
 0.68736038 1.40079375 1.51371792 0.60230853]",1.7241484721289566,1.014568100303551,5,6,5,1.2772562503814697,1,1321.0,0.0,0.0,280,barabasi
barabasi_281,7.201469397832312,"[2.864654760259465, 2.582395346481883, 2.869938836025644, 1.33676105031839, 1.4635534571916362, 0.5574079663105886, 1.9358646588399988, 3.132299858687791, 3.1091170113774846, 1.769776654296356]",2.864654760259465,0.5574079663105886,"[1.72414847 2.24683366 1.89363699 1.711801   1.33095081 1.0145681
 0.68736038 1.40079375 1.51371792 0.60230853]",1.7241484721289566,1.014568100303551,5,9,8,1.5402698516845703,1,1027.0,0.0,0.0,281,barabasi
gnm_282,10.615989011792124,"[2.9113228546915915, 2.8896264407414884, 0.5410712901029836, 2.5789814531325326, 0.274842529261128, 0.6245618879996511, 1.7643104768856033, 1.417258672038207, 1.7496790693236706, 1.3714244843712275]",2.9113228546915915,0.6245618879996511,"[1.72414847 2.24683366 1.89363699 1.711801   1.33095081 1.0145681
 0.68736038 1.40079375 1.51371792 0.60230853]",1.7241484721289566,1.014568100303551,5,8,14,2.5888004302978516,1,2041.0,0.0,0.0,282,gnm
barabasi_283,4.867602147126036,"[2.8950087318725135, 2.6565708174334093, 2.468428781335167, 1.6794389616575809, 0.8725344068835926, 0.5847275101099669, 0.5034248479012471, 2.63986192491956, 2.3357595740651305, 1.7707027313349708]",2.8950087318725135,0.5847275101099669,"[1.72414847 2.24683366 1.89363699 1.711801   1.33095081 1.0145681
 0.68736038 1.40079375 1.51371792 0.60230853]",1.7241484721289566,1.014568100303551,5,6,5,3.42427134513855,1,1940.0,0.0,0.0,283,barabasi
barabasi_284,16.527925862121467,"[1.9562292616687014, 0.953013717172071, 3.141592653589793, 3.1412600339036274, 2.0117291053248914, 1.421391160981217, 1.3149144958256382, 2.824641189546813, 2.4181582491280595, 1.3833441334512802]",1.9562292616687014,1.421391160981217,"[1.72414847 2.24683366 1.89363699 1.711801   1.33095081 1.0145681
 0.68736038 1.40079375 1.51371792 0.60230853]",1.7241484721289566,1.014568100303551,5,14,24,6.196901082992554,1,1220.0,0.0,0.0,284,barabasi
watts_285,14.603116648833737,"[2.875387947423642, 2.639913370359514, 3.1412682211662286, 1.1101278704027764, 1.4622492837105865, 2.167503033725636, 1.5450635077004462, 2.0292793335891126, 3.1224637110809432, 1.7942201659532042]",2.875387947423642,2.167503033725636,"[1.72414847 2.24683366 1.89363699 1.711801   1.33095081 1.0145681
 0.68736038 1.40079375 1.51371792 0.60230853]",1.7241484721289566,1.014568100303551,5,17,17,5.286447286605835,1,1371.0,0.0,0.0,285,watts
watts_286,28.80970574378751,"[2.9930807524746768, 2.8563256833781416, 2.714136611646813, 1.3153547028567791, 1.8903444863942558, 0.5372226208375059, 0.37978275232259057, 2.645133006934988, 3.137612153934158, 2.2964147619030633]",2.9930807524746768,0.5372226208375059,"[1.72414847 2.24683366 1.89363699 1.711801   1.33095081 1.0145681
 0.68736038 1.40079375 1.51371792 0.60230853]",1.7241484721289566,1.014568100303551,5,20,40,16.17029356956482,1,1490.0,0.0,0.0,286,watts
barabasi_287,32.27397372472369,"[3.0177537170608515, 2.8971886827080233, 2.7337302279773734, 2.106443926172348, 1.0957245442178984, 0.48319725851613177, 0.34616773658211397, 2.938912462986507, 3.141226145634401, 1.981341737686087]",3.0177537170608515,0.48319725851613177,"[1.72414847 2.24683366 1.89363699 1.711801   1.33095081 1.0145681
 0.68736038 1.40079375 1.51371792 0.60230853]",1.7241484721289566,1.014568100303551,5,19,48,7.031859874725342,1,937.0,0.0,0.0,287,barabasi
gnm_288,11.414225483045925,"[2.8902158866917933, 1.9049580833950253, 1.6583371648849463, 1.4056797941327266, 1.5450685508280397, 1.3439762619307754, 1.0938147524848998, 2.760453414034328, 2.8015901423409524, 3.1415494604923326]",2.8902158866917933,1.3439762619307754,"[1.72414847 2.24683366 1.89363699 1.711801   1.33095081 1.0145681
 0.68736038 1.40079375 1.51371792 0.60230853]",1.7241484721289566,1.014568100303551,5,8,18,4.0907769203186035,1,1648.0,0.0,0.0,288,gnm
barabasi_289,5.562188630666242,"[2.83225439027727, 2.637747184712455, 2.546609529650446, 2.0320665247963774, 2.142461437377931, 2.1345061312442692, 0.3688817514817215, 1.8020194105813236, 1.5661203260619325, 1.4662656326214554]",2.83225439027727,2.1345061312442692,"[1.72414847 2.24683366 1.89363699 1.711801   1.33095081 1.0145681
 0.68736038 1.40079375 1.51371792 0.60230853]",1.7241484721289566,1.014568100303551,5,7,6,2.1925177574157715,1,1577.0,0.0,0.0,289,barabasi
regular_290,14.937506241648151,"[1.7215376147747432, 1.9667271532635593, 3.0425995253341656, 1.9747350425581864, 1.5080763014632024, 1.0069559313244625, 0.29929913661975005, 2.3985615155039306, 0.6730500287731359, 0.6893057055062513]",1.7215376147747432,1.0069559313244625,"[1.72414847 2.24683366 1.89363699 1.711801   1.33095081 1.0145681
 0.68736038 1.40079375 1.51371792 0.60230853]",1.7241484721289566,1.014568100303551,5,10,20,5.733118772506714,1,1576.0,0.0,0.0,290,regular
barabasi_291,16.408279067029216,"[1.2758164761025332, 2.111969279949881, 1.6255434162747306, 1.923945019472213, 0.2797535827972143, 1.6584272865273726, 1.1447173799254362, 3.1404294808580078, 2.8855439677697596, 1.3514441081269501]",1.2758164761025332,1.6584272865273726,"[1.72414847 2.24683366 1.89363699 1.711801   1.33095081 1.0145681
 0.68736038 1.40079375 1.51371792 0.60230853]",1.7241484721289566,1.014568100303551,5,20,19,7.106792688369751,1,1209.0,0.0,0.0,291,barabasi
regular_292,29.80869050959743,"[1.7214738454271168, 1.9349305674740993, 2.9754857386360056, 2.0217821045761846, 1.2391736424497095, 0.9725980846123264, 0.7469667112369953, 1.781004999012528, 1.392094218195905, 0.3271648120595678]",1.7214738454271168,0.9725980846123264,"[1.72414847 2.24683366 1.89363699 1.711801   1.33095081 1.0145681
 0.68736038 1.40079375 1.51371792 0.60230853]",1.7241484721289566,1.014568100303551,5,20,40,18.58977508544922,1,1874.0,0.0,0.0,292,regular
gnm_293,45.59350081314824,"[2.7894190232765324, 2.903134992026221, 1.7751952479516324, 1.6564524962261737, 1.5992337262918337, 1.0738601389002718, 0.9056050099995991, 3.078310824770956, 2.770619616405032, 1.937533643617276]",2.7894190232765324,1.0738601389002718,"[1.72414847 2.24683366 1.89363699 1.711801   1.33095081 1.0145681
 0.68736038 1.40079375 1.51371792 0.60230853]",1.7241484721289566,1.014568100303551,5,14,89,16.575495958328247,1,1201.0,0.0,0.0,293,gnm
watts_294,11.241060024897706,"[1.7669660507503577, 1.1424857355443812, 3.141592653589793, 3.1415728814807666, 1.685125047663897, 1.4449833788099393, 1.2984940391310575, 2.6474771140026885, 2.6646922341152406, 1.4813818765195306]",1.7669660507503577,1.4449833788099393,"[1.72414847 2.24683366 1.89363699 1.711801   1.33095081 1.0145681
 0.68736038 1.40079375 1.51371792 0.60230853]",1.7241484721289566,1.014568100303551,5,9,18,2.4386789798736572,1,779.0,0.0,0.0,294,watts
gnm_295,59.264618108752664,"[3.0342233133003598, 1.9956019850934745, 1.5317850600875165, 1.4472030745162672, 1.0923046235933684, 1.9280003142503939, 1.570472918983378, 3.141511203336106, 3.136723605977555, 1.8308509930249603]",3.0342233133003598,1.9280003142503939,"[1.72414847 2.24683366 1.89363699 1.711801   1.33095081 1.0145681
 0.68736038 1.40079375 1.51371792 0.60230853]",1.7241484721289566,1.014568100303551,5,18,103,15.618049621582031,1,731.0,0.0,0.0,295,gnm
gnm_296,62.01393425971138,"[2.7216422441088586, 2.227428948562574, 2.0068815739802988, 1.5746143817269258, 1.363552640457842, 0.7928990386920163, 0.5182010618116004, 2.9486927043438476, 3.0919591088508493, 2.230184747484051]",2.7216422441088586,0.7928990386920163,"[1.72414847 2.24683366 1.89363699 1.711801   1.33095081 1.0145681
 0.68736038 1.40079375 1.51371792 0.60230853]",1.7241484721289566,1.014568100303551,5,17,123,19.050398349761963,1,851.0,0.0,0.0,296,gnm
gnm_297,34.899984376077555,"[1.6706543201848194, 1.5746930728655335, 3.14138827616012, 1.5405838641375378, 1.9587297558634735, 1.4528383706354266, 1.3339033270798417, 3.054716888804423, 3.0517669766572615, 1.4951434658083498]",1.6706543201848194,1.4528383706354266,"[1.72414847 2.24683366 1.89363699 1.711801   1.33095081 1.0145681
 0.68736038 1.40079375 1.51371792 0.60230853]",1.7241484721289566,1.014568100303551,5,12,64,9.008296012878418,1,734.0,0.0,0.0,297,gnm
barabasi_298,9.879841197987348,"[1.7856094286902469, 1.7008093181216006, 1.8674857644007008, 3.14099886392962, 1.788932336522119, 1.4682034768744634, 1.1597248424495166, 1.8440767427715876, 3.007829893264656, 1.3244602986116636]",1.7856094286902469,1.4682034768744634,"[1.72414847 2.24683366 1.89363699 1.711801   1.33095081 1.0145681
 0.68736038 1.40079375 1.51371792 0.60230853]",1.7241484721289566,1.014568100303551,5,13,12,5.3637354373931885,1,1616.0,0.0,0.0,298,barabasi
gnm_299,9.682040690604936,"[1.7798568194961586, 1.9242296288502811, 2.91369003842307, 1.2706852018860473, 2.11184726670724, 0.8360793375603279, 0.2257694380366172, 2.5889794638928665, 1.9169654302447823, 1.3176604321739536]",1.7798568194961586,0.8360793375603279,"[1.72414847 2.24683366 1.89363699 1.711801   1.33095081 1.0145681
 0.68736038 1.40079375 1.51371792 0.60230853]",1.7241484721289566,1.014568100303551,5,8,13,5.128579616546631,1,2011.0,0.0,0.0,299,gnm
watts_300,5.999989195030973,"[1.8604712662599665, 1.9859909631707244, 2.8060880119981166, 1.8147282369553037, 1.3617872744732766, 1.0182831928992053, 0.7114352165114454, 2.8326297009935404, 2.5317986804246857, 1.4008423137763675]",1.8604712662599665,1.0182831928992053,"[1.72414847 2.24683366 1.89363699 1.711801   1.33095081 1.0145681
 0.68736038 1.40079375 1.51371792 0.60230853]",1.7241484721289566,1.014568100303551,5,7,7,0.5686135292053223,1,400.0,0.0,0.0,300,watts
barabasi_301,13.885625010423677,"[2.900168144166569, 2.202430997580864, 1.5627623065247809, 2.2858021900144863, 0.7641472471929047, 1.750707677050122, -0.009565205137015736, 2.0043415131681277, 1.5704282544833623, 0.8498602038880221]",2.900168144166569,1.750707677050122,"[1.72414847 2.24683366 1.89363699 1.711801   1.33095081 1.0145681
 0.68736038 1.40079375 1.51371792 0.60230853]",1.7241484721289566,1.014568100303551,5,12,20,4.374643325805664,1,1708.0,0.0,0.0,301,barabasi
gnm_302,12.399239656901699,"[2.9941252480657257, 2.8521836658286683, 2.717604217022362, 2.1272702728181954, 1.0853035470878558, 0.5019080574735224, 1.9426085863855787, 2.607069493584596, 3.115966829042091, 2.3581936227825473]",2.9941252480657257,0.5019080574735224,"[1.72414847 2.24683366 1.89363699 1.711801   1.33095081 1.0145681
 0.68736038 1.40079375 1.51371792 0.60230853]",1.7241484721289566,1.014568100303551,5,9,17,5.029386043548584,1,1568.0,0.0,0.0,302,gnm
barabasi_303,4.351319316887384,"[2.8280715605845788, 2.971812585693125, 3.1015298020702957, 2.1769020828960812, 0.47189703727432225, 0.34749104174857814, 1.795925815701188, 3.129462610846738, 3.141581606717538, 1.8300240175809757]",2.8280715605845788,0.34749104174857814,"[1.72414847 2.24683366 1.89363699 1.711801   1.33095081 1.0145681
 0.68736038 1.40079375 1.51371792 0.60230853]",1.7241484721289566,1.014568100303551,5,6,5,0.9744958877563477,1,600.0,0.0,0.0,303,barabasi
watts_304,15.941151497003508,"[1.8577441119034872, 2.0920814449593648, 2.6482830750442075, 1.5923512566961784, 1.2233358664820728, 1.2519049899311683, 0.29008565094962024, 2.9824201862856494, 2.624482104724786, 2.013075464202214]",1.8577441119034872,1.2519049899311683,"[1.72414847 2.24683366 1.89363699 1.711801   1.33095081 1.0145681
 0.68736038 1.40079375 1.51371792 0.60230853]",1.7241484721289566,1.014568100303551,5,18,18,4.8697733879089355,1,1427.0,0.0,0.0,304,watts
gnm_305,11.306178114027716,"[1.7164230977553487, 2.1796623672743873, 3.057772323744132, 2.806954368059958, 3.082235731332907, 1.2052325551169094, 0.38444696466045214, 2.6969977132679763, 2.2307452210975676, 0.777465540026878]",1.7164230977553487,1.2052325551169094,"[1.72414847 2.24683366 1.89363699 1.711801   1.33095081 1.0145681
 0.68736038 1.40079375 1.51371792 0.60230853]",1.7241484721289566,1.014568100303551,5,7,19,4.10568904876709,1,1544.0,0.0,0.0,305,gnm
gnm_306,25.003863337749923,"[2.343105717125383, 2.4093079535473088, 2.0116569196923075, -0.2744332918926728, 0.3286158380142046, 1.5685727673491883, 1.20040467496669, 3.1415767913470933, 2.720749689662739, 1.3167198420229616]",2.343105717125383,1.5685727673491883,"[1.72414847 2.24683366 1.89363699 1.711801   1.33095081 1.0145681
 0.68736038 1.40079375 1.51371792 0.60230853]",1.7241484721289566,1.014568100303551,5,18,37,9.092838287353516,1,1146.0,0.0,0.0,306,gnm
watts_307,12.300862205518715,"[2.91143746936452, 2.9385280519856103, 3.0228190170966567, 1.647580492546, 1.2031080138204109, 1.009166053320122, 1.472445193881713, 1.9929076422715504, 2.3409992185555106, 1.9155169179837004]",2.91143746936452,1.009166053320122,"[1.72414847 2.24683366 1.89363699 1.711801   1.33095081 1.0145681
 0.68736038 1.40079375 1.51371792 0.60230853]",1.7241484721289566,1.014568100303551,5,16,16,6.567154169082642,1,1871.0,0.0,0.0,307,watts
watts_308,12.213212251622735,"[1.5881545781308035, 1.8492509496381278, 3.0433495900925562, 1.7287343410987792, 1.9106631809688297, 0.9876904019583164, 0.43498018909093117, 2.181459033397589, 1.6028564405415837, 1.3422369969483798]",1.5881545781308035,0.9876904019583164,"[1.72414847 2.24683366 1.89363699 1.711801   1.33095081 1.0145681
 0.68736038 1.40079375 1.51371792 0.60230853]",1.7241484721289566,1.014568100303551,5,9,18,6.580435514450073,1,1999.0,0.0,0.0,308,watts
regular_309,11.22390272144564,"[2.9016879914338327, 2.999862753174095, 3.1146445310727584, 1.775189596421147, 2.3371051875478814, 2.0388449241883366, -0.006138699786607618, 1.9581074090975727, 1.901940620448483, 1.387598915260293]",2.9016879914338327,2.0388449241883366,"[1.72414847 2.24683366 1.89363699 1.711801   1.33095081 1.0145681
 0.68736038 1.40079375 1.51371792 0.60230853]",1.7241484721289566,1.014568100303551,5,10,15,5.868950605392456,1,1871.0,0.0,0.0,309,regular
gnm_310,31.177764268607746,"[2.729187833478508, 2.3300428056120497, 1.735024540300784, 1.5820602899345837, 1.0946604149440389, 1.2544250083728068, 0.7679588907713504, 2.9781369183798754, 2.963404186320937, 1.7460499262032636]",2.729187833478508,1.2544250083728068,"[1.72414847 2.24683366 1.89363699 1.711801   1.33095081 1.0145681
 0.68736038 1.40079375 1.51371792 0.60230853]",1.7241484721289566,1.014568100303551,5,12,60,6.597272634506226,1,630.0,0.0,0.0,310,gnm
regular_311,15.243939201287908,"[2.9523422833064226, 2.7829010106609138, 2.4411553702693025, 1.8394040363900772, 1.1289208316066877, 0.6299021807361502, 0.5783588741184045, 3.0443146407992283, 2.6588449382724164, 1.7553070430171913]",2.9523422833064226,0.6299021807361502,"[1.72414847 2.24683366 1.89363699 1.711801   1.33095081 1.0145681
 0.68736038 1.40079375 1.51371792 0.60230853]",1.7241484721289566,1.014568100303551,5,12,18,5.955108880996704,1,1332.0,0.0,0.0,311,regular
gnm_312,48.29978887069755,"[2.9844531541452244, 1.4856123846261733, 2.0138212797388677, 1.3324906717150966, 1.3558521844810971, 1.6562371526150064, 1.5410533167942129, 2.977028586746864, 3.023060067748343, 1.7494997868827897]",2.9844531541452244,1.6562371526150064,"[1.72414847 2.24683366 1.89363699 1.711801   1.33095081 1.0145681
 0.68736038 1.40079375 1.51371792 0.60230853]",1.7241484721289566,1.014568100303551,5,20,80,21.353716135025024,1,1098.0,0.0,0.0,312,gnm
gnm_313,37.399220810252984,"[2.9314641476367536, 1.9993972616754925, 1.5651729901831106, 1.5749742147488872, 1.1442852671321055, 1.676301813232078, 1.0547746630424528, 2.923832040965112, 2.075548050842599, 0.14800844614366798]",2.9314641476367536,1.676301813232078,"[1.72414847 2.24683366 1.89363699 1.711801   1.33095081 1.0145681
 0.68736038 1.40079375 1.51371792 0.60230853]",1.7241484721289566,1.014568100303551,5,18,60,9.58858609199524,1,860.0,0.0,0.0,313,gnm
gnm_314,48.65591778704828,"[3.011294770217002, 2.026249041189727, 0.9224471948815651, 1.5187223124351807, 0.8538836282670152, 1.8273107554076438, 1.5775815703220766, 3.1415691947575386, 3.0598569157992133, 1.588707268642834]",3.011294770217002,1.8273107554076438,"[1.72414847 2.24683366 1.89363699 1.711801   1.33095081 1.0145681
 0.68736038 1.40079375 1.51371792 0.60230853]",1.7241484721289566,1.014568100303551,5,17,88,12.57829761505127,1,753.0,0.0,0.0,314,gnm
watts_315,8.201079005592668,"[2.902083082363334, 2.7066578524151805, 2.5810998759936794, 1.1487316453359546, 2.0762600299255096, 0.6044092774896377, 0.46072912316047865, 2.6094210226560888, 3.141579623229041, 2.3668698011745803]",2.902083082363334,0.6044092774896377,"[1.72414847 2.24683366 1.89363699 1.711801   1.33095081 1.0145681
 0.68736038 1.40079375 1.51371792 0.60230853]",1.7241484721289566,1.014568100303551,5,9,9,1.5575647354125977,1,955.0,0.0,0.0,315,watts
regular_316,6.000006533073001,"[1.8590129605476209, 1.9889713220110008, 2.803646427497868, 1.8098457048080268, 1.36388502250398, 1.0121017306158775, 0.7275277462235814, 2.8315821831121526, 2.5167962612524315, 1.3980308933845629]",1.8590129605476209,1.0121017306158775,"[1.72414847 2.24683366 1.89363699 1.711801   1.33095081 1.0145681
 0.68736038 1.40079375 1.51371792 0.60230853]",1.7241484721289566,1.014568100303551,5,7,7,0.8698809146881104,1,658.0,0.0,0.0,316,regular
barabasi_317,8.618029029252172,"[2.837192185929416, 3.141366198311591, 2.4757065899529893, 1.531810079886653, 1.6500610180562523, 1.5096918483280182, 0.4410682547742717, 3.107827049683781, 2.96266839979155, 1.823670537300921]",2.837192185929416,1.5096918483280182,"[1.72414847 2.24683366 1.89363699 1.711801   1.33095081 1.0145681
 0.68736038 1.40079375 1.51371792 0.60230853]",1.7241484721289566,1.014568100303551,5,11,10,1.8993608951568604,1,841.0,0.0,0.0,317,barabasi
gnm_318,47.371661674398496,"[3.028319687827411, 2.496289971501052, 1.3748655377801653, 1.5081970464273846, 1.2799326384721792, 1.7235912816720562, 0.0007149968627324985, 3.141442927178983, 3.141499013086598, 1.3688700624786276]",3.028319687827411,1.7235912816720562,"[1.72414847 2.24683366 1.89363699 1.711801   1.33095081 1.0145681
 0.68736038 1.40079375 1.51371792 0.60230853]",1.7241484721289566,1.014568100303551,5,16,84,9.267372131347656,1,605.0,0.0,0.0,318,gnm
watts_319,14.527814029979409,"[-0.5128365844963392, 1.9462290372067774, 3.135570755019538, 2.1148858043279044, 1.7603468642873326, 1.8070635464708762, 1.8902816412007986, 2.6566749182076976, 2.8305969848155605, 1.447819738618673]",-0.5128365844963392,1.8070635464708762,"[1.72414847 2.24683366 1.89363699 1.711801   1.33095081 1.0145681
 0.68736038 1.40079375 1.51371792 0.60230853]",1.7241484721289566,1.014568100303551,5,18,18,3.8379905223846436,1,1103.0,0.0,0.0,319,watts
regular_320,5.99998937270094,"[1.8587409330290439, 1.9881447727573631, 2.804619177849438, 1.8109397704948296, 1.3631846549559719, 1.0131735883950537, 0.7231312575390384, 2.8317201918920425, 2.5204598129651488, 1.3985554587236968]",1.8587409330290439,1.0131735883950537,"[1.72414847 2.24683366 1.89363699 1.711801   1.33095081 1.0145681
 0.68736038 1.40079375 1.51371792 0.60230853]",1.7241484721289566,1.014568100303551,5,7,7,0.43772125244140625,1,400.0,0.0,0.0,320,regular
gnm_321,17.142588512708812,"[2.392944507891115, 2.3958218400370224, 1.7382373560881277, 1.8526512427471782, 0.3964388402351429, 1.5771074502641769, 1.1487315541786565, 1.286950583978133, 1.3088082358680118, -0.14175073004020858]",2.392944507891115,1.5771074502641769,"[1.72414847 2.24683366 1.89363699 1.711801   1.33095081 1.0145681
 0.68736038 1.40079375 1.51371792 0.60230853]",1.7241484721289566,1.014568100303551,5,9,29,4.152677297592163,1,1164.0,0.0,0.0,321,gnm
watts_322,13.136390615088544,"[2.7376715275937817, 2.9857628723886194, 2.9417748433349993, 1.691669582988327, 1.8490444245564905, 1.8547912608331099, 0.6502127541753557, 1.78381842173232, 3.0640506680795516, 0.943857090680813]",2.7376715275937817,1.8547912608331099,"[1.72414847 2.24683366 1.89363699 1.711801   1.33095081 1.0145681
 0.68736038 1.40079375 1.51371792 0.60230853]",1.7241484721289566,1.014568100303551,5,16,16,5.508248329162598,1,1692.0,0.0,0.0,322,watts
regular_323,5.999997240452606,"[1.8591503198354284, 1.989027426077743, 2.8046262097308965, 1.810768407971573, 1.3632204799475884, 1.011788067906541, 0.7252753124663863, 2.830689077432806, 2.519072072514932, 1.3983269024923521]",1.8591503198354284,1.011788067906541,"[1.72414847 2.24683366 1.89363699 1.711801   1.33095081 1.0145681
 0.68736038 1.40079375 1.51371792 0.60230853]",1.7241484721289566,1.014568100303551,5,7,7,0.8628373146057129,1,667.0,0.0,0.0,323,regular
gnm_324,52.13152607948694,"[2.9641757378088753, 2.5614513319389536, 1.8585134343214145, 1.8226984014105387, 1.0177419089088784, 1.0347535878631953, 0.8223119469503368, 1.5678349435042145, 1.566986596675299, 0.8240474549061994]",2.9641757378088753,1.0347535878631953,"[1.72414847 2.24683366 1.89363699 1.711801   1.33095081 1.0145681
 0.68736038 1.40079375 1.51371792 0.60230853]",1.7241484721289566,1.014568100303551,5,19,102,12.726467370986938,1,609.0,0.0,0.0,324,gnm
watts_325,11.525830932819566,"[2.909850447462037, 3.139167945249673, 2.646661525857591, 1.8607770810126656, 1.39657674717003, 1.4262633747885398, 0.6201697841320946, 2.644493351762436, 3.131657443630562, 2.36460094993539]",2.909850447462037,1.4262633747885398,"[1.72414847 2.24683366 1.89363699 1.711801   1.33095081 1.0145681
 0.68736038 1.40079375 1.51371792 0.60230853]",1.7241484721289566,1.014568100303551,5,14,14,2.502965211868286,1,895.0,0.0,0.0,325,watts
gnm_326,31.36413377855118,"[2.9526085562765383, 2.455378550977087, 1.8016235925971853, 1.325820963209059, 1.6012933433812182, 0.9732511012081638, 1.140947510244401, 3.0066030332955087, 2.982788118769242, 2.174313860792651]",2.9526085562765383,0.9732511012081638,"[1.72414847 2.24683366 1.89363699 1.711801   1.33095081 1.0145681
 0.68736038 1.40079375 1.51371792 0.60230853]",1.7241484721289566,1.014568100303551,5,14,61,11.096041679382324,1,1128.0,0.0,0.0,326,gnm
watts_327,7.935728403619029,"[1.9121937536144182, 1.7352158530499768, 2.9317080344191595, 1.4765728857817184, 3.1088152722991347, 1.4906503209238338, 0.3385157457286889, 2.4182359534420756, 3.044987775339993, 1.7315081824087961]",1.9121937536144182,1.4906503209238338,"[1.72414847 2.24683366 1.89363699 1.711801   1.33095081 1.0145681
 0.68736038 1.40079375 1.51371792 0.60230853]",1.7241484721289566,1.014568100303551,5,10,10,2.1655242443084717,1,1099.0,0.0,0.0,327,watts
barabasi_328,8.59918080259163,"[2.993555855959727, 2.4626364159963208, 3.0760456081253524, 1.5745728812660416, 1.3884264095270433, 1.9062663897000558, 1.6204536960299594, 1.8486461300890071, 2.816533000563525, 1.5721546645011149]",2.993555855959727,1.9062663897000558,"[1.72414847 2.24683366 1.89363699 1.711801   1.33095081 1.0145681
 0.68736038 1.40079375 1.51371792 0.60230853]",1.7241484721289566,1.014568100303551,5,10,9,1.2965288162231445,1,707.0,0.0,0.0,328,barabasi
watts_329,5.375307344349494,"[2.56324320906319, 2.639804107644367, 2.3564058441711753, 0.6962754747206679, 1.608945862238179, 1.1578012552444101, 1.6327039358136866, 2.3836301116167795, 2.2180390139927795, 0.9058695227056279]",2.56324320906319,1.1578012552444101,"[1.72414847 2.24683366 1.89363699 1.711801   1.33095081 1.0145681
 0.68736038 1.40079375 1.51371792 0.60230853]",1.7241484721289566,1.014568100303551,5,6,6,1.031602382659912,1,834.0,0.0,0.0,329,watts
barabasi_330,21.764827061749948,"[2.964466949646177, 3.141072279456596, 3.1184507602500835, 0.48390692224538584, 3.1415547524281626, -1.3317877228898716, 3.1402877383666334, 3.141383159807214, 3.0935607027322565, 1.3577541886530442]",2.964466949646177,-1.3317877228898716,"[1.72414847 2.24683366 1.89363699 1.711801   1.33095081 1.0145681
 0.68736038 1.40079375 1.51371792 0.60230853]",1.7241484721289566,1.014568100303551,5,18,32,6.845885753631592,1,1053.0,0.0,0.0,330,barabasi
watts_331,9.07244654115857,"[2.6805264952024643, 2.4139453998161087, 2.03286912099969, 1.8990030185325844, -0.27472306137112495, 1.1884624169643903, 0.7792237534932892, 2.324113796052142, 2.39854002777817, 1.0127092503290287]",2.6805264952024643,1.1884624169643903,"[1.72414847 2.24683366 1.89363699 1.711801   1.33095081 1.0145681
 0.68736038 1.40079375 1.51371792 0.60230853]",1.7241484721289566,1.014568100303551,5,8,16,2.8924951553344727,1,1330.0,0.0,0.0,331,watts
watts_332,16.428642046677705,"[1.163304074462499, 1.7280256643053065, 3.1415836733489657, 2.0671918690611957, 3.1415395230927565, 1.5168800945394922, 1.5297642957346747, 1.9606015921064037, 2.2947199824339064, 0.8560796834852396]",1.163304074462499,1.5168800945394922,"[1.72414847 2.24683366 1.89363699 1.711801   1.33095081 1.0145681
 0.68736038 1.40079375 1.51371792 0.60230853]",1.7241484721289566,1.014568100303551,5,13,26,3.833648443222046,1,882.0,0.0,0.0,332,watts
regular_333,14.179683314639849,"[1.826631294983167, 2.1441787008221187, 2.581345975470205, 1.629551456381444, 1.1916472198290426, 1.2747070656302013, 0.27235312613862356, 2.803131852189357, 2.831548196921186, 2.0014288424933238]",1.826631294983167,1.2747070656302013,"[1.72414847 2.24683366 1.89363699 1.711801   1.33095081 1.0145681
 0.68736038 1.40079375 1.51371792 0.60230853]",1.7241484721289566,1.014568100303551,5,16,16,4.1770453453063965,1,1258.0,0.0,0.0,333,regular
watts_334,26.061342800737734,"[1.3096722803526761, 2.0309590108899016, 3.1093792809842027, 1.8093447388905672, 1.730500826518608, 0.08744863416360076, 1.1816269251412272, 3.0976072526127094, 3.0822618889481888, 1.342763418694564]",1.3096722803526761,0.08744863416360076,"[1.72414847 2.24683366 1.89363699 1.711801   1.33095081 1.0145681
 0.68736038 1.40079375 1.51371792 0.60230853]",1.7241484721289566,1.014568100303551,5,19,38,8.99760389328003,1,1193.0,0.0,0.0,334,watts
watts_335,8.801161641359476,"[-0.3993175780527273, 2.1433998625908393, 3.0755845802109416, 1.9084728439423542, 1.2826422023713302, 1.7908324717915662, 2.3762504423832453, 1.968132777434563, 2.842412520464273, 1.8402782558248754]",-0.3993175780527273,1.7908324717915662,"[1.72414847 2.24683366 1.89363699 1.711801   1.33095081 1.0145681
 0.68736038 1.40079375 1.51371792 0.60230853]",1.7241484721289566,1.014568100303551,5,11,11,4.302308559417725,1,2400.0,0.0,0.0,335,watts
gnm_336,23.938367405292865,"[2.979476722791045, 1.9289749925991353, 1.6464605129652599, 1.7654138602267286, 1.721783647991546, 1.707271990880892, 1.4019604572087445, 1.4050123036556803, 1.5275334286320013, -0.1701894354543857]",2.979476722791045,1.707271990880892,"[1.72414847 2.24683366 1.89363699 1.711801   1.33095081 1.0145681
 0.68736038 1.40079375 1.51371792 0.60230853]",1.7241484721289566,1.014568100303551,5,11,40,11.210813999176025,1,1854.0,0.0,0.0,336,gnm
barabasi_337,6.328054267669472,"[2.8625672695193285, 2.58689654191842, 3.122882839604955, 1.2446572046386226, 1.28170910277445, 0.5509151717814726, 1.9376087527446313, 3.13951409656551, 3.0930370406097736, 1.7847269531542762]",2.8625672695193285,0.5509151717814726,"[1.72414847 2.24683366 1.89363699 1.711801   1.33095081 1.0145681
 0.68736038 1.40079375 1.51371792 0.60230853]",1.7241484721289566,1.014568100303551,5,8,7,1.8290374279022217,1,1269.0,0.0,0.0,337,barabasi
gnm_338,14.77105415750431,"[2.4286979609163453, 2.466643065564103, 1.5971445541233282, 1.600601347197558, 0.27579495612401733, 1.5571460517646383, 0.9925496913262598, 2.424384867077369, 2.137708055322276, 0.8322598777608303]",2.4286979609163453,1.5571460517646383,"[1.72414847 2.24683366 1.89363699 1.711801   1.33095081 1.0145681
 0.68736038 1.40079375 1.51371792 0.60230853]",1.7241484721289566,1.014568100303551,5,9,27,2.435464859008789,1,593.0,0.0,0.0,338,gnm
regular_339,28.560547941430993,"[1.7260938249064197, 1.9390046028002341, 3.0620429097455224, 2.0679509804828538, 1.5005835663702833, 1.0188050207910084, 0.45317490361910795, 2.207990583082331, 2.081808333496693, 0.8228914043346416]",1.7260938249064197,1.0188050207910084,"[1.72414847 2.24683366 1.89363699 1.711801   1.33095081 1.0145681
 0.68736038 1.40079375 1.51371792 0.60230853]",1.7241484721289566,1.014568100303551,5,19,38,9.494240283966064,1,1240.0,0.0,0.0,339,regular
gnm_340,11.78842058178094,"[1.5741499947656639, 1.7631582304922933, 2.622032525721884, 1.6820259942990943, 1.539561617350513, 0.7706053887274616, 1.369786851448728, 2.51369165999898, 1.5656386591381635, 0.9102040530669705]",1.5741499947656639,0.7706053887274616,"[1.72414847 2.24683366 1.89363699 1.711801   1.33095081 1.0145681
 0.68736038 1.40079375 1.51371792 0.60230853]",1.7241484721289566,1.014568100303551,5,9,17,4.18971061706543,1,1759.0,0.0,0.0,340,gnm
watts_341,25.781880683532865,"[1.2798463442009251, 2.05551972324728, 3.1410800425618155, 1.9122306093998236, 1.6046592897248124, 0.035020201944264626, 1.2001577790473057, 3.0616362508060107, 3.1247540210207214, 1.3274544777067687]",1.2798463442009251,0.035020201944264626,"[1.72414847 2.24683366 1.89363699 1.711801   1.33095081 1.0145681
 0.68736038 1.40079375 1.51371792 0.60230853]",1.7241484721289566,1.014568100303551,5,19,38,5.923355579376221,1,789.0,0.0,0.0,341,watts
watts_342,10.665844022480114,"[2.895839338792805, 2.675860432306317, 2.4742162582231333, 2.3120244963381387, 0.9389926313946091, 0.5923462243762021, 2.0420398871802545, 2.9180175128532104, 3.1361857187232247, 2.0435924482269465]",2.895839338792805,0.5923462243762021,"[1.72414847 2.24683366 1.89363699 1.711801   1.33095081 1.0145681
 0.68736038 1.40079375 1.51371792 0.60230853]",1.7241484721289566,1.014568100303551,5,12,12,3.2009739875793457,1,1548.0,0.0,0.0,342,watts
regular_343,21.74343480840222,"[1.7201381211705389, 1.919269139823777, 3.0482796124477587, 2.0503216273318143, 1.4836463433087261, 0.9797329657143631, 0.44506513899455785, 2.1206880062499565, 2.0262140986494286, 0.8105401690042787]",1.7201381211705389,0.9797329657143631,"[1.72414847 2.24683366 1.89363699 1.711801   1.33095081 1.0145681
 0.68736038 1.40079375 1.51371792 0.60230853]",1.7241484721289566,1.014568100303551,5,14,28,6.4177467823028564,1,1207.0,0.0,0.0,343,regular
gnm_344,26.84994093943363,"[2.6913479016178954, 2.9290738234119704, 2.203011826549017, 2.0205006792024323, 0.40722228597496757, 1.3199323502656246, 0.8874439555441518, 2.3052038308103717, 1.850216815284599, 1.1560637922933212]",2.6913479016178954,1.3199323502656246,"[1.72414847 2.24683366 1.89363699 1.711801   1.33095081 1.0145681
 0.68736038 1.40079375 1.51371792 0.60230853]",1.7241484721289566,1.014568100303551,5,12,53,5.846723794937134,1,705.0,0.0,0.0,344,gnm
regular_345,23.833280531871516,"[1.715431405567318, 1.8857387192031032, 3.071882324266836, 2.1088446155449567, 1.5029971608579658, 1.0392398897609803, 0.6401562071027915, 2.035071454075835, 1.9958922910676622, 0.9222095724349271]",1.715431405567318,1.0392398897609803,"[1.72414847 2.24683366 1.89363699 1.711801   1.33095081 1.0145681
 0.68736038 1.40079375 1.51371792 0.60230853]",1.7241484721289566,1.014568100303551,5,16,32,6.429468393325806,1,978.0,0.0,0.0,345,regular
watts_346,9.828005144374108,"[2.884802424806737, 3.1392917781047402, 2.449092760438507, 1.511787279453971, 1.7971704576222998, 0.5580557445528931, 1.5135142911056287, 2.7077080417976296, 3.1008858330582285, 2.2702318680442435]",2.884802424806737,0.5580557445528931,"[1.72414847 2.24683366 1.89363699 1.711801   1.33095081 1.0145681
 0.68736038 1.40079375 1.51371792 0.60230853]",1.7241484721289566,1.014568100303551,5,12,12,2.59822678565979,1,1090.0,0.0,0.0,346,watts
barabasi_347,39.99467376000608,"[2.971725188261657, 2.1473596098864185, 1.9815386546315357, 1.155282994797639, 1.4081406699313068, 1.7401703052713304, 1.9983659539008283, 1.5687575444959212, 1.1285527145636483, -0.28232575977017293]",2.971725188261657,1.7401703052713304,"[1.72414847 2.24683366 1.89363699 1.711801   1.33095081 1.0145681
 0.68736038 1.40079375 1.51371792 0.60230853]",1.7241484721289566,1.014568100303551,5,20,64,11.655046939849854,1,753.0,0.0,0.0,347,barabasi
watts_348,9.211890618279682,"[2.8171975355428334, 2.9158000787849723, 2.3176542051642777, 1.8511972096646074, 1.4301519376034308, 1.7170861603782839, 0.09989197942072592, 2.184601185417592, 2.8845149922035045, 2.5872481231627105]",2.8171975355428334,1.7170861603782839,"[1.72414847 2.24683366 1.89363699 1.711801   1.33095081 1.0145681
 0.68736038 1.40079375 1.51371792 0.60230853]",1.7241484721289566,1.014568100303551,5,11,11,2.9891486167907715,1,1523.0,0.0,0.0,348,watts
barabasi_349,11.131263628046398,"[2.8661477230926646, 3.0371886914766493, 2.543724237846133, 1.6507014714487545, 1.5895666794169165, 1.8129901452402692, 0.2304348590013106, 2.718339971453977, 3.033718341560963, 2.2155713855777797]",2.8661477230926646,1.8129901452402692,"[1.72414847 2.24683366 1.89363699 1.711801   1.33095081 1.0145681
 0.68736038 1.40079375 1.51371792 0.60230853]",1.7241484721289566,1.014568100303551,5,14,13,3.4117496013641357,1,1203.0,0.0,0.0,349,barabasi
watts_350,21.513751024080996,"[2.997604075442575, 2.872331493081806, 2.724098337845348, 3.1403258998729386, 0.08144727201486612, 0.5696831437498787, 2.0130820634688833, 2.673161421326017, 3.1043169484591715, 2.3591200428362686]",2.997604075442575,0.5696831437498787,"[1.72414847 2.24683366 1.89363699 1.711801   1.33095081 1.0145681
 0.68736038 1.40079375 1.51371792 0.60230853]",1.7241484721289566,1.014568100303551,5,15,30,7.232088804244995,1,1328.0,0.0,0.0,350,watts
barabasi_351,6.390584636998511,"[2.8664596341270254, 2.6669350401901886, 3.133671194660363, 0.8492865306169826, 1.6927364980639141, 2.161446602587832, 0.3003801189687281, 3.138931612525006, 2.974225299522325, 1.8075034421023166]",2.8664596341270254,2.161446602587832,"[1.72414847 2.24683366 1.89363699 1.711801   1.33095081 1.0145681
 0.68736038 1.40079375 1.51371792 0.60230853]",1.7241484721289566,1.014568100303551,5,8,7,4.061786890029907,1,2130.0,0.0,0.0,351,barabasi
barabasi_352,8.617967234697362,"[2.838049442144685, 3.1415695581216863, 2.4760334032172917, 1.5314281919219916, 1.6493853595740302, 1.5056542669865292, 0.44486958953283273, 3.1068869461004596, 2.961643418544564, 1.823570222486565]",2.838049442144685,1.5056542669865292,"[1.72414847 2.24683366 1.89363699 1.711801   1.33095081 1.0145681
 0.68736038 1.40079375 1.51371792 0.60230853]",1.7241484721289566,1.014568100303551,5,11,10,1.4774236679077148,1,764.0,0.0,0.0,352,barabasi
barabasi_353,5.218599876450753,"[1.7313845129283711, 1.8982263012953013, 1.414980616432831, 2.192321646600236, -0.13556744459113323, 1.7537399814917485, 1.174886207399335, 3.1327425068560375, 1.9921516167244637, 0.9019932851432597]",1.7313845129283711,1.7537399814917485,"[1.72414847 2.24683366 1.89363699 1.711801   1.33095081 1.0145681
 0.68736038 1.40079375 1.51371792 0.60230853]",1.7241484721289566,1.014568100303551,5,7,6,1.909104585647583,1,783.0,0.0,0.0,353,barabasi
watts_354,8.486659838447817,"[0.7826483957487156, 2.763496309418021, 2.976857650916977, 1.2667413454155247, 2.540471391748172, 1.623033728301562, 1.9552902425011367, 2.165877148286347, 1.535355774781957, 1.3229961719133698]",0.7826483957487156,1.623033728301562,"[1.72414847 2.24683366 1.89363699 1.711801   1.33095081 1.0145681
 0.68736038 1.40079375 1.51371792 0.60230853]",1.7241484721289566,1.014568100303551,5,10,10,3.2527031898498535,1,1469.0,0.0,0.0,354,watts
gnm_355,21.991207577667193,"[2.598305647304592, 2.595010602948915, 2.5094089705198357, 1.9861536824708461, 1.546227610819904, 1.6011310224407844, 0.01113498350864574, 1.796165883547612, 2.772931807267324, 1.7355068739775432]",2.598305647304592,1.6011310224407844,"[1.72414847 2.24683366 1.89363699 1.711801   1.33095081 1.0145681
 0.68736038 1.40079375 1.51371792 0.60230853]",1.7241484721289566,1.014568100303551,5,16,35,5.592529773712158,1,843.0,0.0,0.0,355,gnm
barabasi_356,14.781435872478344,"[2.4652232240048946, 1.7794689713827734, 1.7168619330527286, 2.5787648681699284, 2.0829038819613577, 1.705820996812731, 1.4189893711922124, 1.8547679992206954, 1.8540216496125912, 0.1306656986658655]",2.4652232240048946,1.705820996812731,"[1.72414847 2.24683366 1.89363699 1.711801   1.33095081 1.0145681
 0.68736038 1.40079375 1.51371792 0.60230853]",1.7241484721289566,1.014568100303551,5,19,18,4.303422927856445,1,988.0,0.0,0.0,356,barabasi
regular_357,7.960639304809068,"[1.8771810007292342, 2.133290644907217, 2.685436404004044, 1.5917736861622775, 1.234657319145659, 1.1887612177682545, 0.25044539708234836, 3.0260086703581517, 2.572414913502356, 2.0467911954570566]",1.8771810007292342,1.1887612177682545,"[1.72414847 2.24683366 1.89363699 1.711801   1.33095081 1.0145681
 0.68736038 1.40079375 1.51371792 0.60230853]",1.7241484721289566,1.014568100303551,5,9,9,1.5174586772918701,1,1045.0,0.0,0.0,357,regular
gnm_358,25.61061762198094,"[3.012680311373761, 2.8379240900772915, 0.7178604128365166, 2.135441388804404, -0.007463207804696385, 1.7640540733414882, 1.625852764230212, 2.8984509336143267, 2.8584470020808483, 1.8554993700045637]",3.012680311373761,1.7640540733414882,"[1.72414847 2.24683366 1.89363699 1.711801   1.33095081 1.0145681
 0.68736038 1.40079375 1.51371792 0.60230853]",1.7241484721289566,1.014568100303551,5,13,42,9.925883531570435,1,1458.0,0.0,0.0,358,gnm
gnm_359,38.71855691115388,"[2.7783195280536046, 2.8749253101484658, 2.061400435102753, 1.6033618080630894, 0.8857669427564321, 1.3473419105297004, 1.0421827927467189, 2.4043021686352812, 2.3896535735529763, 1.7331708096112917]",2.7783195280536046,1.3473419105297004,"[1.72414847 2.24683366 1.89363699 1.711801   1.33095081 1.0145681
 0.68736038 1.40079375 1.51371792 0.60230853]",1.7241484721289566,1.014568100303551,5,13,75,11.717866659164429,1,972.0,0.0,0.0,359,gnm
watts_360,12.493342319931813,"[2.8774877449446485, 3.0983680741295614, 2.9697947402079157, 2.633341942221439, 0.15693936141715276, 2.0116679208863126, 0.1655786406148573, 3.141592653589793, 2.7814222959467845, 2.2187816002077954]",2.8774877449446485,2.0116679208863126,"[1.72414847 2.24683366 1.89363699 1.711801   1.33095081 1.0145681
 0.68736038 1.40079375 1.51371792 0.60230853]",1.7241484721289566,1.014568100303551,5,15,15,4.303809642791748,1,1336.0,0.0,0.0,360,watts
gnm_361,11.485353115362955,"[1.1877476434269685, 2.3191134959270463, 2.992740394483681, 1.8519122710633356, 3.1172537879925097, 1.5786707304142533, 0.357422638827396, 2.383143677365535, 2.236051543638345, 0.8837125700834008]",1.1877476434269685,1.5786707304142533,"[1.72414847 2.24683366 1.89363699 1.711801   1.33095081 1.0145681
 0.68736038 1.40079375 1.51371792 0.60230853]",1.7241484721289566,1.014568100303551,5,9,16,2.3031210899353027,1,806.0,0.0,0.0,361,gnm
barabasi_362,27.305864478775085,"[2.9559411958340847, 3.1011135053853933, 2.789991483520947, 0.8297823612685105, 1.8808225721275544, 1.664355222653059, 0.07917141663556553, 3.137792175901337, 2.8526776784434658, 1.7138305718911604]",2.9559411958340847,1.664355222653059,"[1.72414847 2.24683366 1.89363699 1.711801   1.33095081 1.0145681
 0.68736038 1.40079375 1.51371792 0.60230853]",1.7241484721289566,1.014568100303551,5,17,42,10.593916177749634,1,1260.0,0.0,0.0,362,barabasi
gnm_363,84.36848194772679,"[2.7826911793941767, 2.70257161238861, 1.6603692679453008, 1.5827083372731543, 0.21167733269231667, 1.5734223893104387, 0.989616856178618, 2.832662434277149, 2.0803017317082277, 0.6912603712391971]",2.7826911793941767,1.5734223893104387,"[1.72414847 2.24683366 1.89363699 1.711801   1.33095081 1.0145681
 0.68736038 1.40079375 1.51371792 0.60230853]",1.7241484721289566,1.014568100303551,5,19,168,28.547107219696045,1,940.0,0.0,0.0,363,gnm
barabasi_364,39.222373412725005,"[2.5438729659152512, 2.2378902912872443, 1.7377868985031886, 1.6520859289788317, 1.4265426682811029, 0.017484393336938554, 1.5040264665714043, 1.9739990368023328, 3.1415510008646526, 2.3827916410646584]",2.5438729659152512,0.017484393336938554,"[1.72414847 2.24683366 1.89363699 1.711801   1.33095081 1.0145681
 0.68736038 1.40079375 1.51371792 0.60230853]",1.7241484721289566,1.014568100303551,5,20,64,12.980423927307129,1,840.0,0.0,0.0,364,barabasi
barabasi_365,5.479388302930147,"[2.8405724467045, 2.598652924622617, 2.4415252255334656, 3.137680791581116, 0.10619483655192383, 2.1547581779715745, 0.434812125847394, 3.0092407422829632, 2.836188356261466, 2.254309035263126]",2.8405724467045,2.1547581779715745,"[1.72414847 2.24683366 1.89363699 1.711801   1.33095081 1.0145681
 0.68736038 1.40079375 1.51371792 0.60230853]",1.7241484721289566,1.014568100303551,5,7,6,2.3132383823394775,1,2285.0,0.0,0.0,365,barabasi
barabasi_366,16.683268096014107,"[2.8813377343136386, 2.667222576198562, 3.1415458845731727, 1.2192838657906289, 1.4519638575964828, 2.045892446646144, 0.3831944404754516, 3.018715073437079, 3.0565194141698675, 1.7680582372569709]",2.8813377343136386,2.045892446646144,"[1.72414847 2.24683366 1.89363699 1.711801   1.33095081 1.0145681
 0.68736038 1.40079375 1.51371792 0.60230853]",1.7241484721289566,1.014568100303551,5,20,19,11.061112403869629,1,2236.0,0.0,0.0,366,barabasi
gnm_367,30.17350423681033,"[3.1008463517929306, 3.13966212436614, 1.6181319166063641, 1.7071399666227443, 1.046087679362972, 2.143161272230411, 1.0511000657358243, 2.2270103809026116, 2.913627886159933, 1.5190448277587905]",3.1008463517929306,2.143161272230411,"[1.72414847 2.24683366 1.89363699 1.711801   1.33095081 1.0145681
 0.68736038 1.40079375 1.51371792 0.60230853]",1.7241484721289566,1.014568100303551,5,12,55,7.801879405975342,1,975.0,0.0,0.0,367,gnm
barabasi_368,5.4108392060547885,"[2.8145239506933173, 2.567168026922664, 3.053617158567625, 2.492494312376133, 0.11663402709566043, 2.158178254391944, 0.5438216842770087, 3.0107769184937654, 2.9997878815401426, 1.9523972641704779]",2.8145239506933173,2.158178254391944,"[1.72414847 2.24683366 1.89363699 1.711801   1.33095081 1.0145681
 0.68736038 1.40079375 1.51371792 0.60230853]",1.7241484721289566,1.014568100303551,5,7,6,1.2710535526275635,1,1177.0,0.0,0.0,368,barabasi
gnm_369,13.211439204635099,"[2.8759174228321984, 2.2103164456931674, 2.011118455818436, 2.0162470563177317, 1.2594158996711624, 1.1258812258923605, 0.6270619659460067, 1.8296104718852053, 1.4303604661926022, 0.7174133004553737]",2.8759174228321984,1.1258812258923605,"[1.72414847 2.24683366 1.89363699 1.711801   1.33095081 1.0145681
 0.68736038 1.40079375 1.51371792 0.60230853]",1.7241484721289566,1.014568100303551,5,8,24,4.529117822647095,1,1418.0,0.0,0.0,369,gnm
watts_370,20.308919188347723,"[2.2589665863668777, 1.0458276021216326, 2.3047554495012923, 1.1326154113852196, 0.3551392337969975, 1.5794726525516554, 1.0650989388236145, 3.140814941959233, 2.7595548705230604, 1.3513576264528115]",2.2589665863668777,1.5794726525516554,"[1.72414847 2.24683366 1.89363699 1.711801   1.33095081 1.0145681
 0.68736038 1.40079375 1.51371792 0.60230853]",1.7241484721289566,1.014568100303551,5,14,28,5.562271595001221,1,1132.0,0.0,0.0,370,watts
regular_371,5.99999506602792,"[1.8598067499399824, 1.9881073729765366, 2.8054022566659222, 1.8150794441427682, 1.3594805418506866, 1.0194271630422234, 0.7091450579238088, 2.8344545319781185, 2.5308019366256493, 1.4004577392227358]",1.8598067499399824,1.0194271630422234,"[1.72414847 2.24683366 1.89363699 1.711801   1.33095081 1.0145681
 0.68736038 1.40079375 1.51371792 0.60230853]",1.7241484721289566,1.014568100303551,5,7,7,0.918245792388916,1,647.0,0.0,0.0,371,regular
gnm_372,6.846504448563792,"[1.51645709330778, 1.867641405004012, 3.088657543146306, 3.0934627598888014, 2.3133130682956735, 1.1554164815068941, 2.3931346492880694, 2.522771573289072, 2.6842134097827426, 1.7114588456854032]",1.51645709330778,1.1554164815068941,"[1.72414847 2.24683366 1.89363699 1.711801   1.33095081 1.0145681
 0.68736038 1.40079375 1.51371792 0.60230853]",1.7241484721289566,1.014568100303551,5,6,11,2.1238906383514404,1,1139.0,0.0,0.0,372,gnm
gnm_373,16.279179212945483,"[2.688945063822521, 0.7470199717553991, 3.0552046969213946, 2.5724934466630085, 0.058471988872246486, 0.10073068362205011, 2.0068623545671462, 2.430231326160695, 3.140329007349408, 1.763081262801364]",2.688945063822521,0.10073068362205011,"[1.72414847 2.24683366 1.89363699 1.711801   1.33095081 1.0145681
 0.68736038 1.40079375 1.51371792 0.60230853]",1.7241484721289566,1.014568100303551,5,12,23,7.186291694641113,1,1866.0,0.0,0.0,373,gnm
gnm_374,34.81773758751243,"[2.98133816118446, 2.389981945946527, 2.2474303839406833, 1.9919148400277935, 0.25538052768368796, 1.6911733046701336, -0.008791362497494546, 3.141546187381744, 2.808442023676043, 1.3462982308683311]",2.98133816118446,1.6911733046701336,"[1.72414847 2.24683366 1.89363699 1.711801   1.33095081 1.0145681
 0.68736038 1.40079375 1.51371792 0.60230853]",1.7241484721289566,1.014568100303551,5,16,55,8.031031370162964,1,765.0,0.0,0.0,374,gnm
regular_375,9.440637661873552,"[2.9749430898956764, 2.940813663917389, 2.7379251136291467, 2.3325210336000075, 1.844451398401417, 1.9674610202373457, 0.3186668787986323, 2.003799686983653, 1.4799249058177995, 1.3068505400198869]",2.9749430898956764,1.9674610202373457,"[1.72414847 2.24683366 1.89363699 1.711801   1.33095081 1.0145681
 0.68736038 1.40079375 1.51371792 0.60230853]",1.7241484721289566,1.014568100303551,5,8,12,3.8328001499176025,1,1742.0,0.0,0.0,375,regular
barabasi_376,11.731369155493683,"[1.2145936437978249, 2.237376249018266, 1.9676586763420705, 1.7754009643660364, 1.4676447444637737, 1.6867538406925384, 1.1122457124095388, 1.9646581455405228, 2.855484577444688, 2.9068784381115407]",1.2145936437978249,1.6867538406925384,"[1.72414847 2.24683366 1.89363699 1.711801   1.33095081 1.0145681
 0.68736038 1.40079375 1.51371792 0.60230853]",1.7241484721289566,1.014568100303551,5,15,14,3.400127649307251,1,1114.0,0.0,0.0,376,barabasi
gnm_377,14.957068159506889,"[2.9866254223423896, 2.2579108577537035, 1.7624766408683108, 1.9998865333143585, 2.6830047550825533, 0.9269528614574352, 0.7684854563288293, 3.0789888687786933, 2.5540846218173203, 1.2141639483075717]",2.9866254223423896,0.9269528614574352,"[1.72414847 2.24683366 1.89363699 1.711801   1.33095081 1.0145681
 0.68736038 1.40079375 1.51371792 0.60230853]",1.7241484721289566,1.014568100303551,5,8,25,5.488626956939697,1,1490.0,0.0,0.0,377,gnm
regular_378,9.544677179934979,"[2.9796102610515156, 2.9268321491890665, 2.823009918033409, 1.9168939591808685, 2.2800039091511497, 1.9888986822615418, 0.2853657415592902, 1.9362266190067507, 1.662530596647744, 1.3303150177333714]",2.9796102610515156,1.9888986822615418,"[1.72414847 2.24683366 1.89363699 1.711801   1.33095081 1.0145681
 0.68736038 1.40079375 1.51371792 0.60230853]",1.7241484721289566,1.014568100303551,5,8,12,4.067484378814697,1,1883.0,0.0,0.0,378,regular
barabasi_379,22.375100237674054,"[2.9570258510559935, 2.8423761958903473, 1.9877609877403044, 1.5680160218557546, 3.14034511300174, 2.1592711191639764, 0.2519764346628337, 3.129511326793358, 2.97868802715188, 1.5264605369413142]",2.9570258510559935,2.1592711191639764,"[1.72414847 2.24683366 1.89363699 1.711801   1.33095081 1.0145681
 0.68736038 1.40079375 1.51371792 0.60230853]",1.7241484721289566,1.014568100303551,5,17,30,11.15835452079773,1,1713.0,0.0,0.0,379,barabasi
gnm_380,30.616194239753032,"[3.00506231965823, 3.1167916916064997, 1.2499061367197415, 1.9755723029164793, 1.2479250158132866, 1.9588289702527253, 0.31751816685932205, 3.039509704853783, 2.840546697815336, 3.0207651293427955]",3.00506231965823,1.9588289702527253,"[1.72414847 2.24683366 1.89363699 1.711801   1.33095081 1.0145681
 0.68736038 1.40079375 1.51371792 0.60230853]",1.7241484721289566,1.014568100303551,5,16,49,11.159653663635254,1,1174.0,0.0,0.0,380,gnm
gnm_381,8.385270140026268,"[2.863984315806887, 2.602276222280696, -0.5309629650387702, 3.0838326768287283, 3.1399096721858006, 2.1132022306408205, 0.38260113602806595, 3.140346047167445, 3.134787715858895, 1.7986189051670727]",2.863984315806887,2.1132022306408205,"[1.72414847 2.24683366 1.89363699 1.711801   1.33095081 1.0145681
 0.68736038 1.40079375 1.51371792 0.60230853]",1.7241484721289566,1.014568100303551,5,10,10,4.149964809417725,1,1982.0,0.0,0.0,381,gnm
regular_382,6.000003754892363,"[1.8583701849138174, 1.989126883539778, 2.8041842470258813, 1.8106055389827507, 1.3623558888480924, 1.014110081542611, 0.7222162662240329, 2.832989467757825, 2.519391888947254, 1.3986439450364219]",1.8583701849138174,1.014110081542611,"[1.72414847 2.24683366 1.89363699 1.711801   1.33095081 1.0145681
 0.68736038 1.40079375 1.51371792 0.60230853]",1.7241484721289566,1.014568100303551,5,7,7,0.7803094387054443,1,598.0,0.0,0.0,382,regular
watts_383,8.540200888298568,"[2.862392145394974, 3.1415004948270635, 2.657461768852521, 1.5707783113881235, 2.1914317787421256, 0.6805796819299281, 1.5433725085241359, 1.8335979859489495, 3.097623138493045, 2.924854767329146]",2.862392145394974,0.6805796819299281,"[1.72414847 2.24683366 1.89363699 1.711801   1.33095081 1.0145681
 0.68736038 1.40079375 1.51371792 0.60230853]",1.7241484721289566,1.014568100303551,5,10,10,3.5468413829803467,1,1497.0,0.0,0.0,383,watts
watts_384,16.21473460388822,"[2.94589579751848, 2.8466990315952705, 2.853635274144787, 2.974476945539224, 0.18959381457140942, 2.0928183232822057, 0.4146885034103681, 1.9682020230032844, 1.8459382307603494, 1.3048643447427162]",2.94589579751848,2.0928183232822057,"[1.72414847 2.24683366 1.89363699 1.711801   1.33095081 1.0145681
 0.68736038 1.40079375 1.51371792 0.60230853]",1.7241484721289566,1.014568100303551,5,11,22,7.600873231887817,1,2078.0,0.0,0.0,384,watts
gnm_385,12.90871963493247,"[0.2530226314314309, 2.604177303775916, 3.1358413561843017, 2.212046271204784, 3.141385580199252, 1.3652219303365234, 1.5364893978884693, 1.8975775054084099, 2.8817521299302937, 0.25441295509678735]",0.2530226314314309,1.3652219303365234,"[1.72414847 2.24683366 1.89363699 1.711801   1.33095081 1.0145681
 0.68736038 1.40079375 1.51371792 0.60230853]",1.7241484721289566,1.014568100303551,5,11,18,3.940175771713257,1,1171.0,0.0,0.0,385,gnm
barabasi_386,5.479104251942772,"[1.9234475445280108, 1.574646891420459, 2.0330463702339827, 1.8636880798806454, 1.4431956934818855, 1.4058895389062922, 1.0670190236834967, 1.9347655335825218, 2.8305407844181496, 1.403962505948879]",1.9234475445280108,1.4058895389062922,"[1.72414847 2.24683366 1.89363699 1.711801   1.33095081 1.0145681
 0.68736038 1.40079375 1.51371792 0.60230853]",1.7241484721289566,1.014568100303551,5,7,6,1.554450273513794,1,1135.0,0.0,0.0,386,barabasi
gnm_387,30.86647582798471,"[1.6773296840894418, 1.8070709843690036, 2.9622886204009227, 1.4654335801093743, 1.4512132108135978, 1.27523176234306, 1.8008493401743642, 2.4244040407803777, 1.7187221195335907, 0.19215929441155696]",1.6773296840894418,1.27523176234306,"[1.72414847 2.24683366 1.89363699 1.711801   1.33095081 1.0145681
 0.68736038 1.40079375 1.51371792 0.60230853]",1.7241484721289566,1.014568100303551,5,20,46,22.314900159835815,1,1842.0,0.0,0.0,387,gnm
regular_388,7.972043551619954,"[0.3902498782846206, 2.489478903713477, 3.1358212634278284, 2.219310700852869, 1.1593214329442922, 1.236267147837239, 1.1397316223503275, 2.9911886491296595, 1.7047877050701326, 0.690513036858535]",0.3902498782846206,1.236267147837239,"[1.72414847 2.24683366 1.89363699 1.711801   1.33095081 1.0145681
 0.68736038 1.40079375 1.51371792 0.60230853]",1.7241484721289566,1.014568100303551,5,9,9,1.383336067199707,1,941.0,0.0,0.0,388,regular
gnm_389,11.994185199082466,"[1.566057827577468, 2.361830275979626, 2.749711961465899, 2.351951146389875, 0.7840435804277053, 1.1708820672249853, 0.7408304048499843, 2.3581818818008324, 1.964461881364575, 0.7382703895383731]",1.566057827577468,1.1708820672249853,"[1.72414847 2.24683366 1.89363699 1.711801   1.33095081 1.0145681
 0.68736038 1.40079375 1.51371792 0.60230853]",1.7241484721289566,1.014568100303551,5,7,19,3.607513427734375,1,1051.0,0.0,0.0,389,gnm
regular_390,12.643397071385568,"[2.985181503255788, 2.847648143800039, 2.6335759372818046, 1.785641063207903, 1.4498899925507733, 0.5992210663312659, 0.4933620860551706, 2.8899632459913174, 3.021203191063139, 2.0086181187492187]",2.985181503255788,0.5992210663312659,"[1.72414847 2.24683366 1.89363699 1.711801   1.33095081 1.0145681
 0.68736038 1.40079375 1.51371792 0.60230853]",1.7241484721289566,1.014568100303551,5,10,15,2.8085134029388428,1,757.0,0.0,0.0,390,regular
regular_391,13.101905467781476,"[2.766791930029009, 2.9537398271556885, 2.9482856580266654, 1.7264294047295727, 1.842666922636389, 1.863426357937036, 0.963220271286612, 1.9468205952102884, 2.005678812893186, 0.8107655512752043]",2.766791930029009,1.863426357937036,"[1.72414847 2.24683366 1.89363699 1.711801   1.33095081 1.0145681
 0.68736038 1.40079375 1.51371792 0.60230853]",1.7241484721289566,1.014568100303551,5,12,18,4.231180191040039,1,1218.0,0.0,0.0,391,regular
watts_392,9.550042780364478,"[3.06163623121582, 3.1001485061398553, 2.84791731458278, 1.7170682309273606, 1.930265552736358, -0.025165717958198296, 2.0610764822965297, 2.8346507272595334, 2.357081225720327, 1.251266002804324]",3.06163623121582,-0.025165717958198296,"[1.72414847 2.24683366 1.89363699 1.711801   1.33095081 1.0145681
 0.68736038 1.40079375 1.51371792 0.60230853]",1.7241484721289566,1.014568100303551,5,13,13,4.64358377456665,1,1672.0,0.0,0.0,392,watts
regular_393,26.598150903958018,"[1.7215732988725527, 1.9292292679271792, 3.067095662969561, 2.103971568584086, 1.4987022928776272, 1.0089996180703031, 0.49527289236890065, 2.172891504375351, 2.006619193739974, 0.9149814237006781]",1.7215732988725527,1.0089996180703031,"[1.72414847 2.24683366 1.89363699 1.711801   1.33095081 1.0145681
 0.68736038 1.40079375 1.51371792 0.60230853]",1.7241484721289566,1.014568100303551,5,18,36,5.62433934211731,1,784.0,0.0,0.0,393,regular
gnm_394,25.58038859220573,"[3.0264768906787882, 1.997411453653507, 1.5407878999062437, 1.2013904360914371, 0.4446468498925521, 1.723510597627058, 1.3228044975036692, 2.9565395147044686, 3.110749819512824, 1.814499114159212]",3.0264768906787882,1.723510597627058,"[1.72414847 2.24683366 1.89363699 1.711801   1.33095081 1.0145681
 0.68736038 1.40079375 1.51371792 0.60230853]",1.7241484721289566,1.014568100303551,5,11,45,7.05060887336731,1,1150.0,0.0,0.0,394,gnm
gnm_395,41.87418329086469,"[2.95280552406614, 2.3490827665754677, 1.8193605703863343, 1.7309593011350066, 1.1577686261951379, 0.8595127080492586, 0.9999154453290199, 3.1202911099560278, 3.1268543813392258, 2.2754017679209015]",2.95280552406614,0.8595127080492586,"[1.72414847 2.24683366 1.89363699 1.711801   1.33095081 1.0145681
 0.68736038 1.40079375 1.51371792 0.60230853]",1.7241484721289566,1.014568100303551,5,15,82,9.939891576766968,1,682.0,0.0,0.0,395,gnm
watts_396,7.785838769981638,"[2.4316979863738646, 1.9908959719561068, 1.6686386933500326, 1.701190514459687, 1.660805337729362, 1.4622712833085152, 0.9027274628927661, 2.415445780584923, 2.21240217471183, 1.099176832885627]",2.4316979863738646,1.4622712833085152,"[1.72414847 2.24683366 1.89363699 1.711801   1.33095081 1.0145681
 0.68736038 1.40079375 1.51371792 0.60230853]",1.7241484721289566,1.014568100303551,5,6,12,2.6703619956970215,1,1421.0,0.0,0.0,396,watts
barabasi_397,4.559712197265981,"[2.7136641865510938, 2.914614670015788, 3.112404109401962, 1.506599120581735, 1.4794779450508462, 1.744346000565295, 1.6566320929275455, 1.5999160291365417, 2.8425507542648543, 1.7640539161980051]",2.7136641865510938,1.744346000565295,"[1.72414847 2.24683366 1.89363699 1.711801   1.33095081 1.0145681
 0.68736038 1.40079375 1.51371792 0.60230853]",1.7241484721289566,1.014568100303551,5,6,5,1.2839443683624268,1,1261.0,0.0,0.0,397,barabasi
gnm_398,41.856468585963874,"[3.014496561826637, 1.3943472064535771, 2.229301766907467, 0.8815542001607052, 1.545640288930282, 1.9793448737859112, 1.6497539969781772, 3.140877364056676, 3.0720260524558354, 1.8647691657791445]",3.014496561826637,1.9793448737859112,"[1.72414847 2.24683366 1.89363699 1.711801   1.33095081 1.0145681
 0.68736038 1.40079375 1.51371792 0.60230853]",1.7241484721289566,1.014568100303551,5,17,68,12.33861756324768,1,940.0,0.0,0.0,398,gnm
watts_399,14.350309818084197,"[2.8708382790549933, 2.681371863719728, 3.1401679941735754, 2.010111616323322, 0.6213346198273905, 2.108343609063345, 0.37571275571624607, 3.1039619943127104, 3.1415748340049943, 1.7724189974168996]",2.8708382790549933,2.108343609063345,"[1.72414847 2.24683366 1.89363699 1.711801   1.33095081 1.0145681
 0.68736038 1.40079375 1.51371792 0.60230853]",1.7241484721289566,1.014568100303551,5,17,17,4.928051233291626,1,1244.0,0.0,0.0,399,watts
barabasi_400,11.932120831839951,"[1.8144388448095823, 1.7184481715574935, 1.778895941451211, 1.9201444834413564, 3.008090814451965, 1.3960107025429411, 1.1664521932019811, 1.7833275761681793, 1.9693851935317708, 0.9188636765001976]",1.8144388448095823,1.3960107025429411,"[1.72414847 2.24683366 1.89363699 1.711801   1.33095081 1.0145681
 0.68736038 1.40079375 1.51371792 0.60230853]",1.7241484721289566,1.014568100303551,5,15,14,2.453430652618408,1,815.0,0.0,0.0,400,barabasi
barabasi_401,13.734877717032044,"[2.9125445335840405, 2.78652351537971, 2.1536138588863682, 1.754614863630143, 1.5349522365562003, 0.6303448324314698, 0.35329794440090334, 2.796034425778003, 2.8690957619913293, 2.1257214849632753]",2.9125445335840405,0.6303448324314698,"[1.72414847 2.24683366 1.89363699 1.711801   1.33095081 1.0145681
 0.68736038 1.40079375 1.51371792 0.60230853]",1.7241484721289566,1.014568100303551,5,16,15,5.376349210739136,1,1614.0,0.0,0.0,401,barabasi
watts_402,11.97319330510531,"[2.8792022356007454, 3.141592528024623, 2.5901214266628667, 1.35843671510202, 1.8739469544664202, 1.0425440603515153, 0.9787396609660013, 2.5780765103191285, 3.059028650130951, 2.381156071686839]",2.8792022356007454,1.0425440603515153,"[1.72414847 2.24683366 1.89363699 1.711801   1.33095081 1.0145681
 0.68736038 1.40079375 1.51371792 0.60230853]",1.7241484721289566,1.014568100303551,5,15,15,3.843289613723755,1,1156.0,0.0,0.0,402,watts
barabasi_403,14.894296135279294,"[2.9552378448781873, 3.141526384756455, 3.141565538441901, 1.611416507616965, 1.17792077591784, 1.504550996442604, 0.5868168178705093, 3.042712924216068, 3.130312524331278, 1.8190252307132113]",2.9552378448781873,1.504550996442604,"[1.72414847 2.24683366 1.89363699 1.711801   1.33095081 1.0145681
 0.68736038 1.40079375 1.51371792 0.60230853]",1.7241484721289566,1.014568100303551,5,13,22,2.759106159210205,1,754.0,0.0,0.0,403,barabasi
watts_404,9.35142874408848,"[1.6585271272604198, 2.9257158308365616, 2.2300384226069916, 1.5310109169996584, 1.4926098834104236, 0.8320291594126739, 0.21211769773553357, 1.9011618009846343, 1.6441096538018993, 0.9319506660232959]",1.6585271272604198,0.8320291594126739,"[1.72414847 2.24683366 1.89363699 1.711801   1.33095081 1.0145681
 0.68736038 1.40079375 1.51371792 0.60230853]",1.7241484721289566,1.014568100303551,5,7,14,3.9796433448791504,1,1713.0,0.0,0.0,404,watts
barabasi_405,24.460327086787142,"[1.8203652870108091, 1.5113029207092032, 1.9982643018678559, 3.1415687246674775, 1.5327028624469698, 1.4926903622630308, 1.1295271616255427, 2.4084414947403108, 2.227602446379243, 1.3235889812493418]",1.8203652870108091,1.4926903622630308,"[1.72414847 2.24683366 1.89363699 1.711801   1.33095081 1.0145681
 0.68736038 1.40079375 1.51371792 0.60230853]",1.7241484721289566,1.014568100303551,5,20,36,6.672658681869507,1,774.0,0.0,0.0,405,barabasi
watts_406,14.348558549148501,"[0.5121931411879056, 2.8970701421416027, 3.1256037483459664, 2.3906274281997923, 1.3666845409812454, 1.8293917456358475, 0.7725914962796029, 3.139308504569942, 3.141569356155883, 1.342392816501612]",0.5121931411879056,1.8293917456358475,"[1.72414847 2.24683366 1.89363699 1.711801   1.33095081 1.0145681
 0.68736038 1.40079375 1.51371792 0.60230853]",1.7241484721289566,1.014568100303551,5,17,17,4.412893056869507,1,1471.0,0.0,0.0,406,watts
watts_407,14.857447006590201,"[2.8946129452967417, 2.7023749977655953, 2.6081607870347456, 2.07404496261003, 1.1545522023160473, 2.1788608401536793, 0.4456111617824852, 2.5291996331041826, 3.1255266611692925, 2.4470126306388207]",2.8946129452967417,2.1788608401536793,"[1.72414847 2.24683366 1.89363699 1.711801   1.33095081 1.0145681
 0.68736038 1.40079375 1.51371792 0.60230853]",1.7241484721289566,1.014568100303551,5,17,17,4.6603546142578125,1,1327.0,0.0,0.0,407,watts
barabasi_408,24.85028237431391,"[2.9506027079987436, 3.133514683065937, 3.1106415176890296, 1.918445447337638, 1.7485343058041667, 3.1382273525474633, 0.19913551164795207, 3.1414990450183495, 3.141049355172776, 1.3198120496396524]",2.9506027079987436,3.1382273525474633,"[1.72414847 2.24683366 1.89363699 1.711801   1.33095081 1.0145681
 0.68736038 1.40079375 1.51371792 0.60230853]",1.7241484721289566,1.014568100303551,5,16,39,9.019081830978394,1,1219.0,0.0,0.0,408,barabasi
barabasi_409,9.122954955376478,"[2.9025347274411546, 2.651735445701453, 2.4956411617270806, 1.5045807091737795, 1.6988061858080645, 2.129078447759926, 0.323065298304301, 2.8489288785197173, 3.0126036439812225, 2.0537509469949935]",2.9025347274411546,2.129078447759926,"[1.72414847 2.24683366 1.89363699 1.711801   1.33095081 1.0145681
 0.68736038 1.40079375 1.51371792 0.60230853]",1.7241484721289566,1.014568100303551,5,11,10,2.338714122772217,1,1230.0,0.0,0.0,409,barabasi
gnm_410,39.746217998199526,"[3.062595417355481, 1.7575377431413575, 1.7695051362873508, 1.2589679486497158, 1.1624616416669684, 1.7579894696959872, 0.295406346748346, 3.0335653733487136, 2.944402395418533, 1.7046414957709142]",3.062595417355481,1.7579894696959872,"[1.72414847 2.24683366 1.89363699 1.711801   1.33095081 1.0145681
 0.68736038 1.40079375 1.51371792 0.60230853]",1.7241484721289566,1.014568100303551,5,14,69,9.18367886543274,1,762.0,0.0,0.0,410,gnm
watts_411,17.47865087117023,"[2.2759894181273137, 2.4691926872140613, 0.21628512149164697, 1.5164164848887127, 0.3812595393978709, 1.569950372913024, 1.7956753654133373, 3.112936016606895, 2.6898338290130015, 1.318427865866176]",2.2759894181273137,1.569950372913024,"[1.72414847 2.24683366 1.89363699 1.711801   1.33095081 1.0145681
 0.68736038 1.40079375 1.51371792 0.60230853]",1.7241484721289566,1.014568100303551,5,13,26,2.736586809158325,1,640.0,0.0,0.0,411,watts
barabasi_412,11.657752904300073,"[1.4610482856975486, 2.0232833258099965, 1.8770574048442927, 1.917947578108885, 1.3224940981368771, 1.3953285762506225, 1.2174620522908688, 3.141079016874001, 2.922258936149058, 1.7442991847380056]",1.4610482856975486,1.3953285762506225,"[1.72414847 2.24683366 1.89363699 1.711801   1.33095081 1.0145681
 0.68736038 1.40079375 1.51371792 0.60230853]",1.7241484721289566,1.014568100303551,5,15,14,3.81020188331604,1,1236.0,0.0,0.0,412,barabasi
barabasi_413,9.722521507347427,"[0.34932603236627935, 2.472716565837672, 1.2475217948246935, 2.526902606991119, 1.970613068602253, 1.413975271389935, 0.2947819134512152, 3.064211794258343, 3.015416808388708, 0.17263499594803225]",0.34932603236627935,1.413975271389935,"[1.72414847 2.24683366 1.89363699 1.711801   1.33095081 1.0145681
 0.68736038 1.40079375 1.51371792 0.60230853]",1.7241484721289566,1.014568100303551,5,12,11,5.184838056564331,1,2272.0,0.0,0.0,413,barabasi
gnm_414,43.200116386398435,"[1.749499453138685, 2.3800433411325805, 1.7555636236352927, 1.5601411327533903, 2.9514605738587036, 0.5873437150643188, 0.40156318237072286, 3.0367129442131118, 3.028973390099878, 1.946504553944709]",1.749499453138685,0.5873437150643188,"[1.72414847 2.24683366 1.89363699 1.711801   1.33095081 1.0145681
 0.68736038 1.40079375 1.51371792 0.60230853]",1.7241484721289566,1.014568100303551,5,16,83,17.895990133285522,1,1162.0,0.0,0.0,414,gnm
barabasi_415,12.44044607190213,"[2.8816590955530708, 2.6361465035817404, 2.6280991034997148, 1.824045816137559, 1.3742437446393412, 2.040793486577667, 0.25733582971520874, 3.0533679566988736, 3.014735606421576, 1.8553557268277716]",2.8816590955530708,2.040793486577667,"[1.72414847 2.24683366 1.89363699 1.711801   1.33095081 1.0145681
 0.68736038 1.40079375 1.51371792 0.60230853]",1.7241484721289566,1.014568100303551,5,15,14,5.12911057472229,1,1735.0,0.0,0.0,415,barabasi
regular_416,9.131176678956358,"[2.202366395152067, 1.9355476794715332, 2.5320874117421694, 1.9574570535990765, 1.076588635582591, 1.0557797108189342, 0.4694719886240344, 2.7500956647111936, 2.726707395372863, 1.912337817716186]",2.202366395152067,1.0557797108189342,"[1.72414847 2.24683366 1.89363699 1.711801   1.33095081 1.0145681
 0.68736038 1.40079375 1.51371792 0.60230853]",1.7241484721289566,1.014568100303551,5,10,10,7.889657258987427,1,3718.0,0.0,0.0,416,regular
regular_417,24.56753012987714,"[1.7292746364796434, 1.9678304412420795, 3.0619606666414088, 2.0616975651813254, 1.5008867743764907, 1.0009639409782667, 0.31121289343293507, 2.3921217693192274, 2.0140211480201744, 0.9218612049287062]",1.7292746364796434,1.0009639409782667,"[1.72414847 2.24683366 1.89363699 1.711801   1.33095081 1.0145681
 0.68736038 1.40079375 1.51371792 0.60230853]",1.7241484721289566,1.014568100303551,5,17,34,5.864063262939453,1,841.0,0.0,0.0,417,regular
regular_418,13.048678707858812,"[1.728491616372706, 1.9593776899032838, 3.0530512217397385, 1.9606321954779822, 1.3715109458063017, 1.0368520951989746, 0.5683260659605596, 2.111351953560675, 1.3136909708817301, 0.1531240344725905]",1.728491616372706,1.0368520951989746,"[1.72414847 2.24683366 1.89363699 1.711801   1.33095081 1.0145681
 0.68736038 1.40079375 1.51371792 0.60230853]",1.7241484721289566,1.014568100303551,5,9,18,3.9021506309509277,1,1233.0,0.0,0.0,418,regular
barabasi_419,6.319269052513846,"[1.293209591596401, 2.235559051037134, 1.5687111669025686, 1.959367891527703, 1.536660367093096, 1.2341163728518554, 0.8958903521066245, 2.7370790268618173, 2.2348124818307262, 0.8845864394115958]",1.293209591596401,1.2341163728518554,"[1.72414847 2.24683366 1.89363699 1.711801   1.33095081 1.0145681
 0.68736038 1.40079375 1.51371792 0.60230853]",1.7241484721289566,1.014568100303551,5,8,7,2.2654740810394287,1,1493.0,0.0,0.0,419,barabasi
watts_420,13.839536117257524,"[2.848791788435527, 1.4523614896595776, 1.8838964361962223, 1.9714267440531437, 1.4978990379707726, 1.2551991843901438, 1.6593107118452752, 2.3035886732352777, 1.601846231509622, 1.3210814285239223]",2.848791788435527,1.2551991843901438,"[1.72414847 2.24683366 1.89363699 1.711801   1.33095081 1.0145681
 0.68736038 1.40079375 1.51371792 0.60230853]",1.7241484721289566,1.014568100303551,5,10,20,5.462605953216553,1,1573.0,0.0,0.0,420,watts
watts_421,26.18930284321634,"[1.2045943561311683, 1.7188752380861028, 3.141348949674068, 1.9995800465869915, 3.104389049426944, 1.4599201020033843, 1.0271636098821437, 2.518773037396281, 2.276815536468856, 0.7216672550104111]",1.2045943561311683,1.4599201020033843,"[1.72414847 2.24683366 1.89363699 1.711801   1.33095081 1.0145681
 0.68736038 1.40079375 1.51371792 0.60230853]",1.7241484721289566,1.014568100303551,5,20,40,11.444701671600342,1,1129.0,0.0,0.0,421,watts
watts_422,19.288950731570683,"[2.966288312231802, 2.898780545792347, 3.038752092682678, 1.3186038384030014, 2.062157653315287, 2.02160172624639, 0.43925976094804436, 3.1394016044690294, 3.034677718406861, 1.335398440888513]",2.966288312231802,2.02160172624639,"[1.72414847 2.24683366 1.89363699 1.711801   1.33095081 1.0145681
 0.68736038 1.40079375 1.51371792 0.60230853]",1.7241484721289566,1.014568100303551,5,14,28,6.166396856307983,1,1260.0,0.0,0.0,422,watts
barabasi_423,4.639446264503931,"[2.7884971900732998, 2.546484147819498, 2.717456279909104, 2.4782022087359357, 0.46540914653743914, 0.5573766936979219, 0.39383249242457496, 3.1415778533446437, 3.1414924638521553, 1.8211422052952093]",2.7884971900732998,0.5573766936979219,"[1.72414847 2.24683366 1.89363699 1.711801   1.33095081 1.0145681
 0.68736038 1.40079375 1.51371792 0.60230853]",1.7241484721289566,1.014568100303551,5,6,5,3.186020851135254,1,1769.0,0.0,0.0,423,barabasi
watts_424,16.57368384427882,"[2.89275239997123, 2.5668992011885505, 3.1413854735308586, 1.9577306533524124, 1.3114146072493624, -1.0437029828762932, 2.8575334279515516, 2.946355259275401, 3.14141232986094, 2.3477464574187006]",2.89275239997123,-1.0437029828762932,"[1.72414847 2.24683366 1.89363699 1.711801   1.33095081 1.0145681
 0.68736038 1.40079375 1.51371792 0.60230853]",1.7241484721289566,1.014568100303551,5,20,20,11.219632148742676,1,2114.0,0.0,0.0,424,watts
watts_425,4.868410018712893,"[2.8847137084074537, 2.6322586700377597, 3.0632607871577067, 1.4993097009967173, 1.2213066756273903, 2.001285774375659, 0.24994029958428982, 3.131740131205034, 3.0923209272936933, 1.7271250816572161]",2.8847137084074537,2.001285774375659,"[1.72414847 2.24683366 1.89363699 1.711801   1.33095081 1.0145681
 0.68736038 1.40079375 1.51371792 0.60230853]",1.7241484721289566,1.014568100303551,5,6,6,1.2250361442565918,1,1171.0,0.0,0.0,425,watts
barabasi_426,12.29501193572565,"[2.8966776538857393, 2.7212100348838577, 2.756595780769007, 1.4565727530480108, 1.7081094688227378, 2.0239412412873006, 0.23198120148620194, 2.102631818126794, 3.0213289660550426, 2.7995734773846723]",2.8966776538857393,2.0239412412873006,"[1.72414847 2.24683366 1.89363699 1.711801   1.33095081 1.0145681
 0.68736038 1.40079375 1.51371792 0.60230853]",1.7241484721289566,1.014568100303551,5,15,14,3.9552431106567383,1,1445.0,0.0,0.0,426,barabasi
regular_427,30.081021327411218,"[1.7162258414124083, 1.8750952772264529, 3.0691089860000336, 2.0620648734331954, 1.5059542434457085, 1.0231632297693012, 0.6156682018159205, 2.0136039627472613, 2.0471760279420943, 0.8375349788004322]",1.7162258414124083,1.0231632297693012,"[1.72414847 2.24683366 1.89363699 1.711801   1.33095081 1.0145681
 0.68736038 1.40079375 1.51371792 0.60230853]",1.7241484721289566,1.014568100303551,5,20,40,7.596626281738281,1,724.0,0.0,0.0,427,regular
regular_428,14.074788338769451,"[2.9445347663525605, 2.8316252029714093, 2.5688806675544216, 1.9103875301275026, 1.401988144703469, 0.63307422447841, 0.5971640449009963, 2.91465352272942, 2.9289866964852402, 2.008491337806365]",2.9445347663525605,0.63307422447841,"[1.72414847 2.24683366 1.89363699 1.711801   1.33095081 1.0145681
 0.68736038 1.40079375 1.51371792 0.60230853]",1.7241484721289566,1.014568100303551,5,10,15,2.0795280933380127,1,943.0,0.0,0.0,428,regular
barabasi_429,15.626167496873766,"[1.2714796164247018, 2.1721427572567666, 3.041016935477143, 1.488962589837944, 2.7013442918271835, 1.7284703294265267, 0.4015816093274549, 2.3576710520192528, 1.7052772276380677, 0.13862902986909292]",1.2714796164247018,1.7284703294265267,"[1.72414847 2.24683366 1.89363699 1.711801   1.33095081 1.0145681
 0.68736038 1.40079375 1.51371792 0.60230853]",1.7241484721289566,1.014568100303551,5,13,22,8.159915208816528,1,1962.0,0.0,0.0,429,barabasi
regular_430,9.721932127991836,"[1.8589259566125027, 2.0379049778528993, 2.6593877338578498, 1.6124451555719777, 1.1776335335535504, 1.283756785415565, 0.3106077628490358, 2.5966316017560302, 3.0210476261107253, 1.9840065234590798]",1.8589259566125027,1.283756785415565,"[1.72414847 2.24683366 1.89363699 1.711801   1.33095081 1.0145681
 0.68736038 1.40079375 1.51371792 0.60230853]",1.7241484721289566,1.014568100303551,5,11,11,4.645801544189453,1,1803.0,0.0,0.0,430,regular
regular_431,28.51290332227371,"[1.7143051514639953, 1.9234470292159438, 3.068422652261129, 2.098377970034559, 1.510674893088518, 1.0070752027671879, 0.4929417092818737, 2.1848041378230616, 1.9354375950952547, 1.008266457522575]",1.7143051514639953,1.0070752027671879,"[1.72414847 2.24683366 1.89363699 1.711801   1.33095081 1.0145681
 0.68736038 1.40079375 1.51371792 0.60230853]",1.7241484721289566,1.014568100303551,5,19,38,6.2133870124816895,1,781.0,0.0,0.0,431,regular
regular_432,28.55154832706041,"[1.7142604568345257, 1.9209851158674291, 3.0480359101220973, 2.028857055295459, 1.4974349177259645, 0.9667689406573712, 0.39847640234366244, 2.1662468972560367, 2.0067818602582355, 0.8515615465787361]",1.7142604568345257,0.9667689406573712,"[1.72414847 2.24683366 1.89363699 1.711801   1.33095081 1.0145681
 0.68736038 1.40079375 1.51371792 0.60230853]",1.7241484721289566,1.014568100303551,5,18,36,6.6369733810424805,1,998.0,0.0,0.0,432,regular
regular_433,25.3645237165131,"[1.709244955567411, 1.8831765687891253, 3.0781707573953496, 2.0728878063857747, 1.5159134328738455, 1.0323263899900679, 0.5882727562104061, 2.0872632045177855, 2.01236092282147, 0.9152302095293798]",1.709244955567411,1.0323263899900679,"[1.72414847 2.24683366 1.89363699 1.711801   1.33095081 1.0145681
 0.68736038 1.40079375 1.51371792 0.60230853]",1.7241484721289566,1.014568100303551,5,17,34,6.4946208000183105,1,1036.0,0.0,0.0,433,regular
gnm_434,43.786418585081236,"[3.0203822167892094, 2.2064366591928573, 1.3682431859358861, 1.646672194440995, 0.8181306272199664, 1.9615879427799277, 1.57109990439274, 3.141450213829296, 3.1415092100209963, 1.828756936062362]",3.0203822167892094,1.9615879427799277,"[1.72414847 2.24683366 1.89363699 1.711801   1.33095081 1.0145681
 0.68736038 1.40079375 1.51371792 0.60230853]",1.7241484721289566,1.014568100303551,5,17,73,10.262433528900146,1,735.0,0.0,0.0,434,gnm
watts_435,10.56996947588916,"[2.891558290314157, 2.568203005673853, 1.9252471486131357, 1.3479284346978626, 2.505838330988813, 0.5998526254844485, 1.1248307451917876, 3.141574794764571, 2.482135605448171, 1.787962091330376]",2.891558290314157,0.5998526254844485,"[1.72414847 2.24683366 1.89363699 1.711801   1.33095081 1.0145681
 0.68736038 1.40079375 1.51371792 0.60230853]",1.7241484721289566,1.014568100303551,5,12,12,4.642256021499634,1,1903.0,0.0,0.0,435,watts
barabasi_436,7.374737953062347,"[2.84458905477672, 3.141590126426806, 3.1413511269168874, 1.3894148077494801, 1.2101396509933526, 1.4742015914534117, 0.5956075082945458, 3.131199523409826, 3.141582088415631, 1.8329855057024957]",2.84458905477672,1.4742015914534117,"[1.72414847 2.24683366 1.89363699 1.711801   1.33095081 1.0145681
 0.68736038 1.40079375 1.51371792 0.60230853]",1.7241484721289566,1.014568100303551,5,10,9,1.809112787246704,1,850.0,0.0,0.0,436,barabasi
watts_437,9.819538598014084,"[2.753994260447491, 1.9750280793134745, 2.1138142817327656, 1.7222846963274354, 1.2290563778221384, 1.728520473122829, -0.07815811976336318, 2.0090173466894568, 1.5935612106766555, 0.8353685370010218]",2.753994260447491,1.728520473122829,"[1.72414847 2.24683366 1.89363699 1.711801   1.33095081 1.0145681
 0.68736038 1.40079375 1.51371792 0.60230853]",1.7241484721289566,1.014568100303551,5,12,12,2.6239006519317627,1,1110.0,0.0,0.0,437,watts
gnm_438,27.227227599376665,"[2.1966763731888435, 2.6331705793124915, 1.582317537634783, 0.24490363308619884, 0.3071122991234756, 1.5706812177535054, 1.5590627642729202, 2.6731523315805426, 2.7792262896798365, 1.3643489083766696]",2.1966763731888435,1.5706812177535054,"[1.72414847 2.24683366 1.89363699 1.711801   1.33095081 1.0145681
 0.68736038 1.40079375 1.51371792 0.60230853]",1.7241484721289566,1.014568100303551,5,14,41,6.1233861446380615,1,841.0,0.0,0.0,438,gnm
barabasi_439,4.867602147126036,"[2.8950087318725135, 2.6565708174334093, 2.468428781335167, 1.6794389616575809, 0.8725344068835926, 0.5847275101099669, 0.5034248479012471, 2.63986192491956, 2.3357595740651305, 1.7707027313349708]",2.8950087318725135,0.5847275101099669,"[1.72414847 2.24683366 1.89363699 1.711801   1.33095081 1.0145681
 0.68736038 1.40079375 1.51371792 0.60230853]",1.7241484721289566,1.014568100303551,5,6,5,4.493841886520386,1,1940.0,0.0,0.0,439,barabasi
gnm_440,59.98347145787574,"[2.9745432689433153, 2.4820209095128556, 1.7848023010756129, 2.0682824423047563, 0.8565746683772296, 1.010433671928499, 0.6202591608215124, 3.108257157106955, 3.1210773614036107, 2.4242757277210014]",2.9745432689433153,1.010433671928499,"[1.72414847 2.24683366 1.89363699 1.711801   1.33095081 1.0145681
 0.68736038 1.40079375 1.51371792 0.60230853]",1.7241484721289566,1.014568100303551,5,17,116,15.436368465423584,1,697.0,0.0,0.0,440,gnm
watts_441,10.476161294601752,"[1.6998139913371042, 1.9118917318996669, 3.0033567554283005, 3.0944619898199726, 1.3124791030631822, 1.1373125722371067, 1.7251447403258093, 2.1907151859272913, 2.0427732937388376, 0.1658073457322901]",1.6998139913371042,1.1373125722371067,"[1.72414847 2.24683366 1.89363699 1.711801   1.33095081 1.0145681
 0.68736038 1.40079375 1.51371792 0.60230853]",1.7241484721289566,1.014568100303551,5,8,16,3.170461416244507,1,1254.0,0.0,0.0,441,watts
barabasi_442,9.197027555290676,"[1.3763280697472293, 1.99255220518853, 1.9507292078743241, 2.002715174942705, 1.9542411005313904, 1.4932358370598326, 1.1180291176031707, 1.8491203375316465, 1.331514493695913, 1.744323946936275]",1.3763280697472293,1.4932358370598326,"[1.72414847 2.24683366 1.89363699 1.711801   1.33095081 1.0145681
 0.68736038 1.40079375 1.51371792 0.60230853]",1.7241484721289566,1.014568100303551,5,11,10,4.250572681427002,1,1946.0,0.0,0.0,442,barabasi
gnm_443,22.725653170168243,"[2.7474517660531266, 2.334401590350895, 2.249309050458111, 1.7141659354173049, 1.187893413474542, 1.096691164486169, 0.6869504123516184, 1.8566121713855206, 1.7664759013946152, 0.2809335102246584]",2.7474517660531266,1.096691164486169,"[1.72414847 2.24683366 1.89363699 1.711801   1.33095081 1.0145681
 0.68736038 1.40079375 1.51371792 0.60230853]",1.7241484721289566,1.014568100303551,5,10,43,6.415188312530518,1,1080.0,0.0,0.0,443,gnm
barabasi_444,4.639268933096901,"[2.7870920982025824, 2.5469879728648457, 2.837402878871637, 2.0129748977120983, 0.8116399903942195, 0.5573560990163454, 0.39461360425005476, 3.141553596639329, 3.1413592532944508, 1.8192783059248296]",2.7870920982025824,0.5573560990163454,"[1.72414847 2.24683366 1.89363699 1.711801   1.33095081 1.0145681
 0.68736038 1.40079375 1.51371792 0.60230853]",1.7241484721289566,1.014568100303551,5,6,5,2.0471343994140625,1,1851.0,0.0,0.0,444,barabasi
regular_445,22.24338013948344,"[1.7171921086766733, 1.990656993900517, 3.026506906727522, 1.9586929917117333, 1.5096028597648248, 0.9925215310070743, 0.2767010131896774, 2.4611065771558716, 2.2334738229499704, 0.7255055771247452]",1.7171921086766733,0.9925215310070743,"[1.72414847 2.24683366 1.89363699 1.711801   1.33095081 1.0145681
 0.68736038 1.40079375 1.51371792 0.60230853]",1.7241484721289566,1.014568100303551,5,15,30,8.112897872924805,1,1391.0,0.0,0.0,445,regular
gnm_446,32.135545208070695,"[3.0170673244702915, 2.994018858916342, 0.9887371094713129, 2.386383238893166, 0.3446625924788477, 2.2060331882858275, 0.19940991644744893, 3.1380820575652497, 2.784009155615843, 1.3993471679037262]",3.0170673244702915,2.2060331882858275,"[1.72414847 2.24683366 1.89363699 1.711801   1.33095081 1.0145681
 0.68736038 1.40079375 1.51371792 0.60230853]",1.7241484721289566,1.014568100303551,5,17,48,21.819167613983154,1,2387.0,0.0,0.0,446,gnm
gnm_447,67.26889351364058,"[3.041255193737677, 2.1957028383769397, 1.0990036854485692, 1.7159261097374001, 1.0527054119991348, 1.9141389174701477, 1.5684693772438647, 3.1377330804158445, 3.1276806453464787, 1.8064094197280631]",3.041255193737677,1.9141389174701477,"[1.72414847 2.24683366 1.89363699 1.711801   1.33095081 1.0145681
 0.68736038 1.40079375 1.51371792 0.60230853]",1.7241484721289566,1.014568100303551,5,19,119,13.38108229637146,1,584.0,0.0,0.0,447,gnm
watts_448,9.359289023842393,"[1.6813230267691868, 2.9520128227778093, 2.190091091108223, 1.4899831139407225, 1.5317294399153951, 0.6098365796480076, 0.32788590533835044, 1.8965994052465633, 1.6364406302844838, 0.9345900105123488]",1.6813230267691868,0.6098365796480076,"[1.72414847 2.24683366 1.89363699 1.711801   1.33095081 1.0145681
 0.68736038 1.40079375 1.51371792 0.60230853]",1.7241484721289566,1.014568100303551,5,7,14,2.6564579010009766,1,1507.0,0.0,0.0,448,watts
watts_449,16.774300900105874,"[2.9449792582704784, 2.802975923510867, 1.9100289495177527, 0.32227977047008594, 1.4065932287055638, 2.159800317675445, 1.7793754241472253, 3.134947666225774, 3.1374580860063648, 1.3555684089145865]",2.9449792582704784,2.159800317675445,"[1.72414847 2.24683366 1.89363699 1.711801   1.33095081 1.0145681
 0.68736038 1.40079375 1.51371792 0.60230853]",1.7241484721289566,1.014568100303551,5,12,24,4.206421852111816,1,1101.0,0.0,0.0,449,watts
regular_450,19.869333451405076,"[2.955239727856071, 2.8044747623771684, 2.5148595902512163, 1.8957941224774035, 1.4000047113589396, 0.6298909653274993, 0.5539322664958505, 2.938222641163514, 2.9640956468594, 1.9414539009925613]",2.955239727856071,0.6298909653274993,"[1.72414847 2.24683366 1.89363699 1.711801   1.33095081 1.0145681
 0.68736038 1.40079375 1.51371792 0.60230853]",1.7241484721289566,1.014568100303551,5,16,24,4.825265884399414,1,928.0,0.0,0.0,450,regular
gnm_451,91.01231845674238,"[2.7926629480490783, 2.2345318805976317, 1.8742328375372688, 1.7257039704932586, 2.156739813357702, 1.0069681973668145, 0.6704774556248903, 2.24218332481224, 2.3176806332459656, 1.4468443292310988]",2.7926629480490783,1.0069681973668145,"[1.72414847 2.24683366 1.89363699 1.711801   1.33095081 1.0145681
 0.68736038 1.40079375 1.51371792 0.60230853]",1.7241484721289566,1.014568100303551,5,20,189,47.465569734573364,1,1011.0,0.0,0.0,451,gnm
gnm_452,14.177705889895156,"[2.9548926676099088, 3.1289666292973113, 2.68370906504047, 1.2976323047445522, 1.9663548836936193, 1.8229705974646426, 0.31091799024002265, 2.7134097030901616, 3.131603234373777, 2.3423917548246562]",2.9548926676099088,1.8229705974646426,"[1.72414847 2.24683366 1.89363699 1.711801   1.33095081 1.0145681
 0.68736038 1.40079375 1.51371792 0.60230853]",1.7241484721289566,1.014568100303551,5,13,18,4.152514696121216,1,1260.0,0.0,0.0,452,gnm
gnm_453,57.055604191958935,"[2.8682691764147012, 3.006009269002505, 1.937382577100475, 1.7102202168755105, 1.2935290203297263, 1.1337111883729754, 0.8050206708268781, 2.921740422050844, 3.0225090315051117, 2.089984566310939]",2.8682691764147012,1.1337111883729754,"[1.72414847 2.24683366 1.89363699 1.711801   1.33095081 1.0145681
 0.68736038 1.40079375 1.51371792 0.60230853]",1.7241484721289566,1.014568100303551,5,16,117,19.589893579483032,1,900.0,0.0,0.0,453,gnm
barabasi_454,8.002889614434432,"[2.929455541561353, 3.141430074450735, 1.8513634158388386, 2.120386300759706, 1.5973817655283882, 0.9169949550410068, 1.0169837611318755, 3.08273087935758, 2.8476383032530315, 1.8732959281397332]",2.929455541561353,0.9169949550410068,"[1.72414847 2.24683366 1.89363699 1.711801   1.33095081 1.0145681
 0.68736038 1.40079375 1.51371792 0.60230853]",1.7241484721289566,1.014568100303551,5,10,9,3.33516001701355,1,1642.0,0.0,0.0,454,barabasi
barabasi_455,6.624801762655398,"[2.97553397494728, 3.079624190356687, 2.4654082485854802, 1.582743136810115, 1.5827036407751844, 1.8301984729761278, 0.0756799325755833, 2.7849333500747986, 2.832004201381824, 2.2397862619294058]",2.97553397494728,1.8301984729761278,"[1.72414847 2.24683366 1.89363699 1.711801   1.33095081 1.0145681
 0.68736038 1.40079375 1.51371792 0.60230853]",1.7241484721289566,1.014568100303551,5,8,7,0.9133667945861816,1,671.0,0.0,0.0,455,barabasi
barabasi_456,4.867602147126036,"[2.8950087318725135, 2.6565708174334093, 2.468428781335167, 1.6794389616575809, 0.8725344068835926, 0.5847275101099669, 0.5034248479012471, 2.63986192491956, 2.3357595740651305, 1.7707027313349708]",2.8950087318725135,0.5847275101099669,"[1.72414847 2.24683366 1.89363699 1.711801   1.33095081 1.0145681
 0.68736038 1.40079375 1.51371792 0.60230853]",1.7241484721289566,1.014568100303551,5,6,5,4.071817874908447,1,1940.0,0.0,0.0,456,barabasi
barabasi_457,13.610989243992096,"[1.4158231866069881, 2.1218046581447805, 1.811317402495702, 1.8967426011883788, 1.3415375135410392, 1.3012206527435362, 1.264729109487712, 3.1415877845053446, 2.9525037435553, 1.787744757006705]",1.4158231866069881,1.3012206527435362,"[1.72414847 2.24683366 1.89363699 1.711801   1.33095081 1.0145681
 0.68736038 1.40079375 1.51371792 0.60230853]",1.7241484721289566,1.014568100303551,5,17,16,5.945455312728882,1,1596.0,0.0,0.0,457,barabasi
regular_458,24.544882943827222,"[1.7181069818255605, 1.9254972218520292, 3.058602361173855, 2.040042024477321, 1.5032045166892307, 0.9976140333033104, 0.40143625939128746, 2.229901584600347, 2.0485784500530286, 0.8518205743993845]",1.7181069818255605,0.9976140333033104,"[1.72414847 2.24683366 1.89363699 1.711801   1.33095081 1.0145681
 0.68736038 1.40079375 1.51371792 0.60230853]",1.7241484721289566,1.014568100303551,5,16,32,7.317586898803711,1,1132.0,0.0,0.0,458,regular
barabasi_459,26.066317136268637,"[2.9991488018392993, 2.8796372436802047, 2.7916789953306282, 1.9505940420444545, 1.2422809552665066, 0.4937381903565661, 0.3298951620490952, 2.542205120672265, 3.1361250119482036, 2.3978972510319636]",2.9991488018392993,0.4937381903565661,"[1.72414847 2.24683366 1.89363699 1.711801   1.33095081 1.0145681
 0.68736038 1.40079375 1.51371792 0.60230853]",1.7241484721289566,1.014568100303551,5,20,36,14.934134244918823,1,1671.0,0.0,0.0,459,barabasi
watts_460,12.12398558205581,"[2.303833948851292, 2.4427645790449963, 2.0591759952467754, -0.3228192599578317, 0.362713567333527, 1.5618493240960556, 1.2938986504631282, 3.141260160587385, 2.696702110546334, 1.3038344470143044]",2.303833948851292,1.5618493240960556,"[1.72414847 2.24683366 1.89363699 1.711801   1.33095081 1.0145681
 0.68736038 1.40079375 1.51371792 0.60230853]",1.7241484721289566,1.014568100303551,5,9,18,1.9790961742401123,1,771.0,0.0,0.0,460,watts
regular_461,7.972045886501662,"[0.38877582089423807, 2.4893540062965496, 3.135793650389355, 2.218656786080814, 1.159216051029445, 1.2357639522833672, 1.142182349745524, 2.991138402891673, 1.7055072012751884, 0.6891685873404001]",0.38877582089423807,1.2357639522833672,"[1.72414847 2.24683366 1.89363699 1.711801   1.33095081 1.0145681
 0.68736038 1.40079375 1.51371792 0.60230853]",1.7241484721289566,1.014568100303551,5,9,9,1.3803675174713135,1,944.0,0.0,0.0,461,regular
regular_462,21.4426309503368,"[1.7132364165430407, 1.9811547330232533, 3.0157736304262386, 1.9114406004190623, 1.510987065982445, 0.9810820882418153, 0.2528913879508302, 2.454844356534129, 2.2693603897463954, 0.6755857141101087]",1.7132364165430407,0.9810820882418153,"[1.72414847 2.24683366 1.89363699 1.711801   1.33095081 1.0145681
 0.68736038 1.40079375 1.51371792 0.60230853]",1.7241484721289566,1.014568100303551,5,14,28,6.468994140625,1,1230.0,0.0,0.0,462,regular
gnm_463,13.239443326969454,"[2.963540579864664, 2.7935862581792525, 1.9288928488228398, 1.684011697010436, 1.5235869279412015, 0.7129068810488519, 1.3526501356676333, 2.383285954430308, 2.7578373342269, 1.585284011084947]",2.963540579864664,0.7129068810488519,"[1.72414847 2.24683366 1.89363699 1.711801   1.33095081 1.0145681
 0.68736038 1.40079375 1.51371792 0.60230853]",1.7241484721289566,1.014568100303551,5,10,20,3.277972936630249,1,955.0,0.0,0.0,463,gnm
gnm_464,13.98043596746976,"[2.7403657264516412, 2.755730766339612, 2.32777135513473, 1.6394775332372948, 0.3266887369433006, 1.5472077574414043, 0.8376676005880417, 2.466269000707451, 1.7450016198575156, 0.7856297084779529]",2.7403657264516412,1.5472077574414043,"[1.72414847 2.24683366 1.89363699 1.711801   1.33095081 1.0145681
 0.68736038 1.40079375 1.51371792 0.60230853]",1.7241484721289566,1.014568100303551,5,10,27,3.538938045501709,1,811.0,0.0,0.0,464,gnm
gnm_465,7.514417135198229,"[2.860077202583044, 3.1415836490975533, 2.7742698276335083, 2.1233870693114563, 0.8628746897825461, 0.7476395562822387, 1.2358604541796083, 3.141574635477975, 3.141580780700965, 1.815678275397529]",2.860077202583044,0.7476395562822387,"[1.72414847 2.24683366 1.89363699 1.711801   1.33095081 1.0145681
 0.68736038 1.40079375 1.51371792 0.60230853]",1.7241484721289566,1.014568100303551,5,9,10,1.2273764610290527,1,691.0,0.0,0.0,465,gnm
regular_466,15.96086093293691,"[1.8699001068238705, 2.102437455328939, 2.646762225107382, 1.6025818257728934, 1.2266666433725992, 1.2368359644568854, 0.2827982137688804, 2.985516812711565, 2.6146164213436967, 2.026815349376128]",1.8699001068238705,1.2368359644568854,"[1.72414847 2.24683366 1.89363699 1.711801   1.33095081 1.0145681
 0.68736038 1.40079375 1.51371792 0.60230853]",1.7241484721289566,1.014568100303551,5,18,18,7.070611953735352,1,1958.0,0.0,0.0,466,regular
watts_467,14.283911194711216,"[1.3509223667553458, 2.036584298073939, 2.9377920631770866, 1.7448058881730857, 3.1396087930303525, 1.8124573518370415, 1.1395740581188754, 1.6541153737923557, 2.227824778362336, 1.1030910733052526]",1.3509223667553458,1.8124573518370415,"[1.72414847 2.24683366 1.89363699 1.711801   1.33095081 1.0145681
 0.68736038 1.40079375 1.51371792 0.60230853]",1.7241484721289566,1.014568100303551,5,11,22,2.4420087337493896,1,818.0,0.0,0.0,467,watts
regular_468,11.205049753186444,"[2.771674639875749, 2.9591967928660057, 2.968728378046645, 1.761331652022911, 1.8231081593947511, 2.0055209020972864, 0.8769413790337719, 1.8673454425355613, 2.063367092133598, 0.938432372248908]",2.771674639875749,2.0055209020972864,"[1.72414847 2.24683366 1.89363699 1.711801   1.33095081 1.0145681
 0.68736038 1.40079375 1.51371792 0.60230853]",1.7241484721289566,1.014568100303551,5,10,15,2.629286289215088,1,924.0,0.0,0.0,468,regular
barabasi_469,13.639202251434542,"[2.883313551006804, 2.9868333130588374, 3.1047821659616472, 1.8506951793932558, 1.542185071937829, 2.1954774267272974, 0.22781343419251246, 3.141243766662313, 1.607655751150025, 1.1864694014133188]",2.883313551006804,2.1954774267272974,"[1.72414847 2.24683366 1.89363699 1.711801   1.33095081 1.0145681
 0.68736038 1.40079375 1.51371792 0.60230853]",1.7241484721289566,1.014568100303551,5,12,20,4.897206544876099,1,1371.0,0.0,0.0,469,barabasi
barabasi_470,11.556067746228964,"[2.937247159724219, 2.7557675624049778, 3.140964777774903, 1.018301404617493, 1.5943977295964293, 2.0242726513736025, 0.27060470146401006, 3.102560588482034, 2.981368576560836, 1.7819263319443415]",2.937247159724219,2.0242726513736025,"[1.72414847 2.24683366 1.89363699 1.711801   1.33095081 1.0145681
 0.68736038 1.40079375 1.51371792 0.60230853]",1.7241484721289566,1.014568100303551,5,14,13,4.9638166427612305,1,1647.0,0.0,0.0,470,barabasi
watts_471,12.701008133126926,"[2.966856027879009, 2.824040127693329, -0.3372385528858546, 0.8718729805659848, 2.202498998765721, 2.065640452835054, 1.854260468305184, 3.138956301144192, 3.049032189265536, 1.7380358914630472]",2.966856027879009,2.065640452835054,"[1.72414847 2.24683366 1.89363699 1.711801   1.33095081 1.0145681
 0.68736038 1.40079375 1.51371792 0.60230853]",1.7241484721289566,1.014568100303551,5,9,18,4.944883108139038,1,1572.0,0.0,0.0,471,watts
barabasi_472,8.119725054027164,"[2.970311615454192, 2.8012033257590403, 2.6671856022006493, 1.4651839972354996, 1.7162450144149575, 2.002520347772688, 0.2607776291203834, 2.247129176374689, 1.3688367426994037, 1.0728474566734871]",2.970311615454192,2.002520347772688,"[1.72414847 2.24683366 1.89363699 1.711801   1.33095081 1.0145681
 0.68736038 1.40079375 1.51371792 0.60230853]",1.7241484721289566,1.014568100303551,5,10,9,4.315208196640015,1,2278.0,0.0,0.0,472,barabasi
watts_473,7.275349261402411,"[2.8997124943300587, 2.7269260529294277, 3.1335437983992898, 1.809303454474699, 0.9078815928528194, 2.0306435186903067, 0.2723781547883648, 3.1287422471536823, 3.1414333597764292, 1.7493275882440191]",2.8997124943300587,2.0306435186903067,"[1.72414847 2.24683366 1.89363699 1.711801   1.33095081 1.0145681
 0.68736038 1.40079375 1.51371792 0.60230853]",1.7241484721289566,1.014568100303551,5,9,9,2.0634987354278564,1,989.0,0.0,0.0,473,watts
regular_474,6.000006321648062,"[1.8586121769635517, 1.9898427704580515, 2.804227038745216, 1.8100448065601116, 1.3631420469574227, 1.0123531314694014, 0.7250477269625903, 2.8322106799709568, 2.517576389548882, 1.3981362257620664]",1.8586121769635517,1.0123531314694014,"[1.72414847 2.24683366 1.89363699 1.711801   1.33095081 1.0145681
 0.68736038 1.40079375 1.51371792 0.60230853]",1.7241484721289566,1.014568100303551,5,7,7,1.4821548461914062,1,638.0,0.0,0.0,474,regular
gnm_475,40.730205651746964,"[2.458661874552593, 2.2839143097988788, 1.7977154605652266, -0.07859738040412895, 1.025451683966109, 1.569752743758966, 1.337641356350477, 3.1415427702849668, 2.8506524912637725, 1.569687892927197]",2.458661874552593,1.569752743758966,"[1.72414847 2.24683366 1.89363699 1.711801   1.33095081 1.0145681
 0.68736038 1.40079375 1.51371792 0.60230853]",1.7241484721289566,1.014568100303551,5,18,71,9.897258043289185,1,735.0,0.0,0.0,475,gnm
gnm_476,33.441917303770566,"[3.0193382386869496, 2.915911709987674, 0.07057039676942573, 1.4585275613613213, 0.13772511835615486, 1.9684950405320643, 2.0538759703712257, 2.919787338280692, 3.1341361222950055, 1.5852572510847034]",3.0193382386869496,1.9684950405320643,"[1.72414847 2.24683366 1.89363699 1.711801   1.33095081 1.0145681
 0.68736038 1.40079375 1.51371792 0.60230853]",1.7241484721289566,1.014568100303551,5,15,54,8.085105657577515,1,906.0,0.0,0.0,476,gnm
gnm_477,25.705336488412627,"[2.705002934767476, 2.928320804556618, 1.9245967941933095, 1.5318391485251608, 1.5255625413622935, 1.4064810071589124, 0.6567915188955389, 2.7609820575129067, 2.379173851265105, 1.9485149257695704]",2.705002934767476,1.4064810071589124,"[1.72414847 2.24683366 1.89363699 1.711801   1.33095081 1.0145681
 0.68736038 1.40079375 1.51371792 0.60230853]",1.7241484721289566,1.014568100303551,5,11,49,6.053720474243164,1,833.0,0.0,0.0,477,gnm
regular_478,30.059487562806137,"[1.7202390064951385, 1.9289312647464474, 3.0620867541831336, 2.045430474299237, 1.5086542280786888, 0.990338944529356, 0.45216735453079604, 2.201378475301681, 2.107732347700864, 0.7961437449731884]",1.7202390064951385,0.990338944529356,"[1.72414847 2.24683366 1.89363699 1.711801   1.33095081 1.0145681
 0.68736038 1.40079375 1.51371792 0.60230853]",1.7241484721289566,1.014568100303551,5,20,40,9.60011887550354,1,932.0,0.0,0.0,478,regular
watts_479,6.81802245070827,"[-0.31266730142262456, 1.9914330171308965, 3.134210662905379, 1.9630364104850289, 1.987505449743301, 1.7882089307215518, 1.292582929603059, 3.129576302328236, 2.767376332185038, 1.411597260863735]",-0.31266730142262456,1.7882089307215518,"[1.72414847 2.24683366 1.89363699 1.711801   1.33095081 1.0145681
 0.68736038 1.40079375 1.51371792 0.60230853]",1.7241484721289566,1.014568100303551,5,8,8,1.2104544639587402,1,900.0,0.0,0.0,479,watts
barabasi_480,7.618235052175848,"[1.567217621775818, 1.9298673935484216, 2.0015484248218964, 1.653367739880526, 1.4524289524407803, 0.8029941246166138, 1.2221462760226751, 3.141209704816342, 2.9259955085556637, 1.720910862225935]",1.567217621775818,0.8029941246166138,"[1.72414847 2.24683366 1.89363699 1.711801   1.33095081 1.0145681
 0.68736038 1.40079375 1.51371792 0.60230853]",1.7241484721289566,1.014568100303551,5,10,9,1.0321640968322754,1,715.0,0.0,0.0,480,barabasi
watts_481,7.454073310655076,"[2.5134562390144777, 2.3508768148625157, 2.0326004259402666, 0.6540585643606073, 1.0091817112195889, 1.7336138365523994, 0.9537345898053491, 2.049924568141546, 1.9680802517845386, 0.894435680809418]",2.5134562390144777,1.7336138365523994,"[1.72414847 2.24683366 1.89363699 1.711801   1.33095081 1.0145681
 0.68736038 1.40079375 1.51371792 0.60230853]",1.7241484721289566,1.014568100303551,5,6,12,1.3907020092010498,1,948.0,0.0,0.0,481,watts
watts_482,9.546945242253823,"[2.366745497047858, 1.7299541491237804, 3.0110826132183806, 1.9280863899103016, 1.3055059503120443, 1.4466819804249444, 0.6295521205247262, 2.3613356233314793, 2.0449684417044818, 1.8314393700953497]",2.366745497047858,1.4466819804249444,"[1.72414847 2.24683366 1.89363699 1.711801   1.33095081 1.0145681
 0.68736038 1.40079375 1.51371792 0.60230853]",1.7241484721289566,1.014568100303551,5,11,11,3.2348008155822754,1,1492.0,0.0,0.0,482,watts
watts_483,16.625099036385528,"[2.8823827664984876, 2.678716048014936, 2.4669559891858457, 1.8603573794594064, 1.4190378975181213, 0.6367685236346008, 2.0802572860995046, 2.7143837733951535, 3.138781866260334, 2.2738066179611733]",2.8823827664984876,0.6367685236346008,"[1.72414847 2.24683366 1.89363699 1.711801   1.33095081 1.0145681
 0.68736038 1.40079375 1.51371792 0.60230853]",1.7241484721289566,1.014568100303551,5,19,19,10.492531538009644,1,2606.0,0.0,0.0,483,watts
barabasi_484,8.387817124047388,"[1.7835213339442006, 1.980944370850056, 1.9711839028995177, 1.9938187600061692, 2.6538667906997224, 2.0810600500509477, 1.2481507145887871, 1.899118163968497, 1.4022829175181721, 0.09880907819495516]",1.7835213339442006,2.0810600500509477,"[1.72414847 2.24683366 1.89363699 1.711801   1.33095081 1.0145681
 0.68736038 1.40079375 1.51371792 0.60230853]",1.7241484721289566,1.014568100303551,5,10,9,2.9168856143951416,1,1952.0,0.0,0.0,484,barabasi
gnm_485,62.08254185630442,"[2.6349711810063883, 2.1370220660988744, 1.7391031658207214, 1.3735199222863705, 1.7406144566657504, 1.5765889595364104, 0.4351769220500117, 1.836282424233195, 1.5846498654484313, 1.0915503330761542]",2.6349711810063883,1.5765889595364104,"[1.72414847 2.24683366 1.89363699 1.711801   1.33095081 1.0145681
 0.68736038 1.40079375 1.51371792 0.60230853]",1.7241484721289566,1.014568100303551,5,17,115,26.79291558265686,1,1204.0,0.0,0.0,485,gnm
gnm_486,27.09423926688917,"[2.9974114644937364, 2.864394295405339, 1.9227871736456748, 1.5743591958348657, 1.5709574124815986, 0.4252084241422752, 1.8405559402945726, 2.764961241314543, 3.140969819860109, 1.9684567893727476]",2.9974114644937364,0.4252084241422752,"[1.72414847 2.24683366 1.89363699 1.711801   1.33095081 1.0145681
 0.68736038 1.40079375 1.51371792 0.60230853]",1.7241484721289566,1.014568100303551,5,14,43,7.393279790878296,1,1016.0,0.0,0.0,486,gnm
gnm_487,18.25141364723656,"[3.0146709822255495, 2.9085862197051573, 1.2586463965385724, 1.9962993041446309, 0.40347908786518516, 2.075423441221399, 0.5043552769769699, 3.0302438819785475, 2.874188432538492, 1.4114341770950383]",3.0146709822255495,2.075423441221399,"[1.72414847 2.24683366 1.89363699 1.711801   1.33095081 1.0145681
 0.68736038 1.40079375 1.51371792 0.60230853]",1.7241484721289566,1.014568100303551,5,10,27,4.4213457107543945,1,1110.0,0.0,0.0,487,gnm
barabasi_488,7.881072916832682,"[2.7175899990550043, 0.6993097445874112, 2.4998783820214694, 3.1403456444688342, 1.164130767107988, 1.69306161447006, 1.2507902293056987, 2.0247985745797443, 2.857656043872151, 1.3703668141720893]",2.7175899990550043,1.69306161447006,"[1.72414847 2.24683366 1.89363699 1.711801   1.33095081 1.0145681
 0.68736038 1.40079375 1.51371792 0.60230853]",1.7241484721289566,1.014568100303551,5,10,9,3.2694602012634277,1,1707.0,0.0,0.0,488,barabasi
watts_489,20.0370819052217,"[1.5644743274875919, 1.767206771128961, 3.1214557116304147, 1.7732539027554919, 1.7763903972152195, 1.6005213942832173, 1.1232040618418053, 3.141182534649036, 3.1415729270495074, 1.3280822865319708]",1.5644743274875919,1.6005213942832173,"[1.72414847 2.24683366 1.89363699 1.711801   1.33095081 1.0145681
 0.68736038 1.40079375 1.51371792 0.60230853]",1.7241484721289566,1.014568100303551,5,15,30,3.5034239292144775,1,691.0,0.0,0.0,489,watts
gnm_490,7.167587226431351,"[2.7434186158767178, 2.0377357868287618, 1.9539843891601958, 1.7694942642048344, 1.8309304651998732, 1.3907876298984239, 0.7986407269909768, 2.5603934330824423, 1.8145294356823656, 1.1990664585564756]",2.7434186158767178,1.3907876298984239,"[1.72414847 2.24683366 1.89363699 1.711801   1.33095081 1.0145681
 0.68736038 1.40079375 1.51371792 0.60230853]",1.7241484721289566,1.014568100303551,5,6,10,2.2015867233276367,1,1303.0,0.0,0.0,490,gnm
watts_491,22.85199839055303,"[2.5520227921421252, 2.1711372070386186, 1.9076817740162721, 1.7065880293593008, 1.3152460028226436, 1.5686560632500364, 0.9443796830487283, 1.92997933518584, 1.5869779817887373, 0.8393754251424379]",2.5520227921421252,1.5686560632500364,"[1.72414847 2.24683366 1.89363699 1.711801   1.33095081 1.0145681
 0.68736038 1.40079375 1.51371792 0.60230853]",1.7241484721289566,1.014568100303551,5,17,34,5.091401100158691,1,760.0,0.0,0.0,491,watts
barabasi_492,5.3449162375471175,"[2.897519469962762, 3.1305218935050254, 3.1415790614161136, 0.8472900754724523, 1.6068062084918817, 1.6956370381637789, 0.48937035318474675, 2.8979423834142475, 2.8810362771280786, 1.858381798043728]",2.897519469962762,1.6956370381637789,"[1.72414847 2.24683366 1.89363699 1.711801   1.33095081 1.0145681
 0.68736038 1.40079375 1.51371792 0.60230853]",1.7241484721289566,1.014568100303551,5,7,6,1.399829626083374,1,1196.0,0.0,0.0,492,barabasi
regular_493,18.153170854109938,"[1.714956425938968, 1.889325914063099, 3.086312323977286, 2.0145375703664055, 1.5275752855025164, 1.0766587350807217, 0.6457639773017273, 2.122461384018743, 1.0300117663223232, 0.3820756674013567]",1.714956425938968,1.0766587350807217,"[1.72414847 2.24683366 1.89363699 1.711801   1.33095081 1.0145681
 0.68736038 1.40079375 1.51371792 0.60230853]",1.7241484721289566,1.014568100303551,5,13,26,6.391800403594971,1,1368.0,0.0,0.0,493,regular
barabasi_494,4.867571677043685,"[2.897287338330748, 2.6585534539815265, 2.4702863383396094, 1.6797062840301775, 0.8734173379658124, 0.5848416325097011, 0.502007621576027, 2.6373004832070572, 2.3313750311081076, 1.7699758484743202]",2.897287338330748,0.5848416325097011,"[1.72414847 2.24683366 1.89363699 1.711801   1.33095081 1.0145681
 0.68736038 1.40079375 1.51371792 0.60230853]",1.7241484721289566,1.014568100303551,5,6,5,1.7662436962127686,1,1625.0,0.0,0.0,494,barabasi
watts_495,11.531788292687995,"[2.935741244303795, 2.7917813957277153, 2.6687067531259014, 3.1415205476743027, -0.5851230386591739, 0.5535042276841742, 2.036546427994762, 2.0473949579039896, 1.5238351820093161, 1.8058742738565834]",2.935741244303795,0.5535042276841742,"[1.72414847 2.24683366 1.89363699 1.711801   1.33095081 1.0145681
 0.68736038 1.40079375 1.51371792 0.60230853]",1.7241484721289566,1.014568100303551,5,13,13,5.66231107711792,1,1800.0,0.0,0.0,495,watts
gnm_496,7.862069181865081,"[2.7644951093406025, 2.3282820758822647, 1.784320857305242, 1.684418457168656, 1.5247259810346008, 0.8721840144913218, 2.0208749970256967, 2.8990870517155196, 2.733606036024507, 1.7973503262860822]",2.7644951093406025,0.8721840144913218,"[1.72414847 2.24683366 1.89363699 1.711801   1.33095081 1.0145681
 0.68736038 1.40079375 1.51371792 0.60230853]",1.7241484721289566,1.014568100303551,5,6,13,1.9478847980499268,1,869.0,0.0,0.0,496,gnm
gnm_497,11.559348148392914,"[2.9154272189423245, 3.1410631835834266, 3.0329410743661946, 1.495719719805665, 1.3002102992801825, 1.455068165393271, 0.5257939685560096, 3.1412317738506212, 3.0904140589519242, 1.8188709384861794]",2.9154272189423245,1.455068165393271,"[1.72414847 2.24683366 1.89363699 1.711801   1.33095081 1.0145681
 0.68736038 1.40079375 1.51371792 0.60230853]",1.7241484721289566,1.014568100303551,5,12,16,2.886911392211914,1,888.0,0.0,0.0,497,gnm
barabasi_498,8.772900547027582,"[2.8933781499509887, 2.84055190608053, 2.6271576197571362, 1.5433246897338022, 1.709781222495336, 1.9602437796541734, 0.20927862146066828, 1.758786707435903, 3.0103563421900077, 3.1415319883334956]",2.8933781499509887,1.9602437796541734,"[1.72414847 2.24683366 1.89363699 1.711801   1.33095081 1.0145681
 0.68736038 1.40079375 1.51371792 0.60230853]",1.7241484721289566,1.014568100303551,5,11,10,4.875958681106567,1,2213.0,0.0,0.0,498,barabasi
watts_499,5.375396343501052,"[2.563644844210031, 2.6409827502409557, 2.3555720187050975, 0.6974894347577226, 1.6080382798082766, 1.156598189909012, 1.6331109241261692, 2.386490316178398, 2.2172601638218374, 0.9051269585055711]",2.563644844210031,1.156598189909012,"[1.72414847 2.24683366 1.89363699 1.711801   1.33095081 1.0145681
 0.68736038 1.40079375 1.51371792 0.60230853]",1.7241484721289566,1.014568100303551,5,6,6,2.0950310230255127,1,919.0,0.0,0.0,499,watts
barabasi_500,11.29237676498796,"[2.1804142727691858, 2.2347635105562578, 1.601366726258596, 1.5701237351477035, 1.0709263596546414, 1.5613204778457814, 0.6979167119345101, 1.9886512971912114, 2.4708409257871407, 1.8404234383262106]",2.1804142727691858,1.5613204778457814,"[1.72414847 2.24683366 1.89363699 1.711801   1.33095081 1.0145681
 0.68736038 1.40079375 1.51371792 0.60230853]",1.7241484721289566,1.014568100303551,5,15,14,2.2466092109680176,1,683.0,0.0,0.0,500,barabasi
gnm_501,81.62900447500654,"[2.8052546405184033, 3.0000653875027794, 2.306783402778392, 1.5621829934689466, 1.2195799522001172, 1.359581083899478, 0.6961529887817743, 2.3170134064648034, 2.333585739133145, 1.5471595483930758]",2.8052546405184033,1.359581083899478,"[1.72414847 2.24683366 1.89363699 1.711801   1.33095081 1.0145681
 0.68736038 1.40079375 1.51371792 0.60230853]",1.7241484721289566,1.014568100303551,5,19,160,17.785754680633545,1,572.0,0.0,0.0,501,gnm
regular_502,6.000004858620476,"[1.859754345335308, 1.9878068338820736, 2.8050788121036256, 1.8102356056011466, 1.3649982531686211, 1.0114351893216447, 0.7269033837721834, 2.830556171250492, 2.5193519276014227, 1.398742933594354]",1.859754345335308,1.0114351893216447,"[1.72414847 2.24683366 1.89363699 1.711801   1.33095081 1.0145681
 0.68736038 1.40079375 1.51371792 0.60230853]",1.7241484721289566,1.014568100303551,5,7,7,0.7336413860321045,1,619.0,0.0,0.0,502,regular
barabasi_503,5.373930748446128,"[2.882325379808972, 3.136065642397681, 3.1413733823577132, 0.8603397595171995, 1.6169245167048918, 1.7729437990724604, 0.16777553778972626, 3.139996194288026, 2.8872269710926757, 1.8597258826849992]",2.882325379808972,1.7729437990724604,"[1.72414847 2.24683366 1.89363699 1.711801   1.33095081 1.0145681
 0.68736038 1.40079375 1.51371792 0.60230853]",1.7241484721289566,1.014568100303551,5,7,6,1.244309663772583,1,1192.0,0.0,0.0,503,barabasi
gnm_504,14.09267926509629,"[1.773972605359361, 2.160597262175733, 3.1207005304121673, 2.089420509308289, 1.616933669445072, 1.2721346436068464, 1.5019811354732633, 1.621514224231836, 1.9856967543681594, 1.3154101657241346]",1.773972605359361,1.2721346436068464,"[1.72414847 2.24683366 1.89363699 1.711801   1.33095081 1.0145681
 0.68736038 1.40079375 1.51371792 0.60230853]",1.7241484721289566,1.014568100303551,5,12,21,3.051332712173462,1,855.0,0.0,0.0,504,gnm
watts_505,13.74532602725092,"[2.8719927841460255, 2.54287296683007, 2.2003784794323074, 1.0607506873192285, 0.7232267882358451, 0.6615943574657559, 1.1043035383897597, 3.1415926533044907, 2.265836444236636, 1.387150849520542]",2.8719927841460255,0.6615943574657559,"[1.72414847 2.24683366 1.89363699 1.711801   1.33095081 1.0145681
 0.68736038 1.40079375 1.51371792 0.60230853]",1.7241484721289566,1.014568100303551,5,16,16,3.890348196029663,1,1096.0,0.0,0.0,505,watts
barabasi_506,7.382179149720741,"[1.681289523701753, 1.9170148215641667, 1.9177074890361265, 1.8451499996365788, 1.2610166963558762, 1.9311098363260357, 1.2762262292458995, 2.0459788924191833, 1.3571303925865563, 1.3581761262099454]",1.681289523701753,1.9311098363260357,"[1.72414847 2.24683366 1.89363699 1.711801   1.33095081 1.0145681
 0.68736038 1.40079375 1.51371792 0.60230853]",1.7241484721289566,1.014568100303551,5,9,8,2.9646737575531006,1,1544.0,0.0,0.0,506,barabasi
barabasi_507,7.852113422815666,"[1.4341874080168506, 2.0968311220495934, 2.0295598664444365, 1.7548796572245564, 1.3054109267245326, 1.382558979337232, 1.2295138231581315, 3.1415808216711305, 2.9158081154653237, 1.8113948828992934]",1.4341874080168506,1.382558979337232,"[1.72414847 2.24683366 1.89363699 1.711801   1.33095081 1.0145681
 0.68736038 1.40079375 1.51371792 0.60230853]",1.7241484721289566,1.014568100303551,5,10,9,1.406423568725586,1,575.0,0.0,0.0,507,barabasi
watts_508,9.921674207642354,"[2.9502776209227606, 1.9612033359586525, 1.889405216999744, 1.890016092042592, 1.4689873705438912, 1.680854689423418, 2.736579653841188, 2.8212000138065325, 2.8606717828818073, 1.7102682490137826]",2.9502776209227606,1.680854689423418,"[1.72414847 2.24683366 1.89363699 1.711801   1.33095081 1.0145681
 0.68736038 1.40079375 1.51371792 0.60230853]",1.7241484721289566,1.014568100303551,5,7,14,2.2630767822265625,1,1003.0,0.0,0.0,508,watts
regular_509,15.943756844176743,"[1.832899911138981, 2.12570903001849, 2.6027445701501515, 1.6172246076542387, 1.1963572001823182, 1.275121415840652, 0.2789464438029847, 2.7715268575429883, 2.857929524466652, 2.002293536916013]",1.832899911138981,1.275121415840652,"[1.72414847 2.24683366 1.89363699 1.711801   1.33095081 1.0145681
 0.68736038 1.40079375 1.51371792 0.60230853]",1.7241484721289566,1.014568100303551,5,18,18,4.126327037811279,1,1233.0,0.0,0.0,509,regular
barabasi_510,10.089235780127085,"[1.4761418072263988, 2.0353975296526103, 1.9932515829445694, 1.8146303136179218, 1.3114661179985903, 1.3962319422113172, 1.187536866710432, 3.141422727713623, 2.9131372224331686, 1.7621886417553725]",1.4761418072263988,1.3962319422113172,"[1.72414847 2.24683366 1.89363699 1.711801   1.33095081 1.0145681
 0.68736038 1.40079375 1.51371792 0.60230853]",1.7241484721289566,1.014568100303551,5,13,12,1.480339765548706,1,743.0,0.0,0.0,510,barabasi
barabasi_511,39.719494462624965,"[3.0066528123817053, 2.3409648591541297, 1.7051790342253388, 1.9640174305642009, 1.0547407596059415, 0.4006069191747834, 1.5801590375223635, 1.5721218909351544, 1.8201821945943855, 0.027601661206198592]",3.0066528123817053,0.4006069191747834,"[1.72414847 2.24683366 1.89363699 1.711801   1.33095081 1.0145681
 0.68736038 1.40079375 1.51371792 0.60230853]",1.7241484721289566,1.014568100303551,5,20,64,15.508283615112305,1,1036.0,0.0,0.0,511,barabasi
watts_512,14.573018318368659,"[2.8774928094208314, 3.0892707930021537, 2.6679808128839975, 1.7660658745798372, 0.7827193079557742, 0.4233263764372077, 1.7478603403683606, 1.9818423189160792, 1.60676792490622, 1.7983894987235562]",2.8774928094208314,0.4233263764372077,"[1.72414847 2.24683366 1.89363699 1.711801   1.33095081 1.0145681
 0.68736038 1.40079375 1.51371792 0.60230853]",1.7241484721289566,1.014568100303551,5,17,17,5.082492113113403,1,1399.0,0.0,0.0,512,watts
gnm_513,18.897297316179902,"[2.551577885447487, 2.572223711772419, 1.8102096334951527, 1.32587428649542, 0.11262102934941182, 1.4175485629359685, 1.0011680310798057, 2.90318939507093, 2.2057700024070463, 1.28338701634309]",2.551577885447487,1.4175485629359685,"[1.72414847 2.24683366 1.89363699 1.711801   1.33095081 1.0145681
 0.68736038 1.40079375 1.51371792 0.60230853]",1.7241484721289566,1.014568100303551,5,9,35,9.030120849609375,1,1793.0,0.0,0.0,513,gnm
regular_514,15.07214909717678,"[1.82056214046687, 2.169927351213697, 2.5740542578807086, 1.634436717940173, 1.1890126215843217, 1.2712793710405454, 0.2646869464698838, 2.749765524481044, 2.8840268961374314, 2.009421687681959]",1.82056214046687,1.2712793710405454,"[1.72414847 2.24683366 1.89363699 1.711801   1.33095081 1.0145681
 0.68736038 1.40079375 1.51371792 0.60230853]",1.7241484721289566,1.014568100303551,5,17,17,5.458989858627319,1,1555.0,0.0,0.0,514,regular
barabasi_515,16.771039687974174,"[2.7964416293908894, 2.0762122139467993, 1.6926655622936828, 2.5864194579109476, 0.06570691430669251, 1.5179910013823272, 0.9308859834419845, 2.8644720615928705, 2.7433694677287397, 0.6284668936142557]",2.7964416293908894,1.5179910013823272,"[1.72414847 2.24683366 1.89363699 1.711801   1.33095081 1.0145681
 0.68736038 1.40079375 1.51371792 0.60230853]",1.7241484721289566,1.014568100303551,5,14,24,4.129608869552612,1,932.0,0.0,0.0,515,barabasi
barabasi_516,13.780216667438708,"[1.6325141097782876, 1.8843387269462926, 1.6787541302463054, 3.098245522799245, 1.3872378584140672, 1.2260922900630868, 0.3903011322289118, 3.1303189848836697, 3.1391816141359574, 0.8190731457060844]",1.6325141097782876,1.2260922900630868,"[1.72414847 2.24683366 1.89363699 1.711801   1.33095081 1.0145681
 0.68736038 1.40079375 1.51371792 0.60230853]",1.7241484721289566,1.014568100303551,5,12,20,4.1341705322265625,1,1140.0,0.0,0.0,516,barabasi
regular_517,15.313569618106767,"[1.7518792833029926, 1.8420956673732363, 2.7327247745046583, 1.9010885352357791, 1.1699270877950891, 1.0462952895770685, 0.922661566754386, 3.08417351388183, 2.020213113088528, 0.1441723967285527]",1.7518792833029926,1.0462952895770685,"[1.72414847 2.24683366 1.89363699 1.711801   1.33095081 1.0145681
 0.68736038 1.40079375 1.51371792 0.60230853]",1.7241484721289566,1.014568100303551,5,11,22,7.14596152305603,1,1866.0,0.0,0.0,517,regular
barabasi_518,26.885014901668963,"[2.998015358578197, 2.883027761423609, 3.1308649075368478, 1.3178770607194115, 1.9154698540297708, 2.069879776176125, 0.6143869404600135, 3.1291192227041438, 2.991852830758643, 1.2620902119954807]",2.998015358578197,2.069879776176125,"[1.72414847 2.24683366 1.89363699 1.711801   1.33095081 1.0145681
 0.68736038 1.40079375 1.51371792 0.60230853]",1.7241484721289566,1.014568100303551,5,16,39,8.174216508865356,1,1081.0,0.0,0.0,518,barabasi
barabasi_519,8.25653830490308,"[2.9026153549471485, 2.6657982952353807, 2.608011029299334, 1.3921227645887961, 1.772460028193671, 2.108366588011349, 0.3319334952868508, 1.8599323518295812, 3.0115105652359615, 3.035303239897287]",2.9026153549471485,2.108366588011349,"[1.72414847 2.24683366 1.89363699 1.711801   1.33095081 1.0145681
 0.68736038 1.40079375 1.51371792 0.60230853]",1.7241484721289566,1.014568100303551,5,10,9,3.673736095428467,1,1967.0,0.0,0.0,519,barabasi
barabasi_520,10.941739925117206,"[1.9739313815712491, 1.5131367320542601, 2.104094965040762, 1.7960034518014312, 1.2695644050049542, 1.4549269030520353, 1.1168995988173473, 3.13083827863821, 2.905538957631686, 1.7554622380058722]",1.9739313815712491,1.4549269030520353,"[1.72414847 2.24683366 1.89363699 1.711801   1.33095081 1.0145681
 0.68736038 1.40079375 1.51371792 0.60230853]",1.7241484721289566,1.014568100303551,5,14,13,2.4581289291381836,1,805.0,0.0,0.0,520,barabasi
barabasi_521,17.445764296827004,"[2.8660573149207917, 2.108531274263676, 1.6150916605250782, 2.0043439541649426, 4.250847377938117e-05, 1.7510848832556967, 1.4549485354918845, 2.8778174684645794, 2.521488144620058, 0.5300516572627898]",2.8660573149207917,1.7510848832556967,"[1.72414847 2.24683366 1.89363699 1.711801   1.33095081 1.0145681
 0.68736038 1.40079375 1.51371792 0.60230853]",1.7241484721289566,1.014568100303551,5,15,26,6.015599012374878,1,1186.0,0.0,0.0,521,barabasi
regular_522,11.83291486244875,"[2.905242950465704, 2.7959670405797343, 3.141592653589793, 2.097914811640656, 2.1995573061855342, 2.189086650714591, 3.136670384360696, -1.372444364968795, 1.8251147730230213, 1.3590730450458535]",2.905242950465704,2.189086650714591,"[1.72414847 2.24683366 1.89363699 1.711801   1.33095081 1.0145681
 0.68736038 1.40079375 1.51371792 0.60230853]",1.7241484721289566,1.014568100303551,5,10,15,4.383541107177734,1,1640.0,0.0,0.0,522,regular
watts_523,9.739810068736896,"[1.8232057770936856, 2.1386790734556675, 2.6032754940614677, 1.6143653824773272, 1.1999423946743577, 1.261643626287224, 0.2734760334948433, 2.8136610107028797, 2.8183516000681426, 2.00090467209616]",1.8232057770936856,1.261643626287224,"[1.72414847 2.24683366 1.89363699 1.711801   1.33095081 1.0145681
 0.68736038 1.40079375 1.51371792 0.60230853]",1.7241484721289566,1.014568100303551,5,11,11,2.609487295150757,1,1326.0,0.0,0.0,523,watts
regular_524,20.375385388676982,"[2.9474330001725013, 2.7772096595816325, 2.5684180276232413, 1.6775224087463652, 0.9463097531009588, 0.6172723657492651, 0.5300114063946286, 2.728606610267399, 2.3801224821008917, 1.73265010937269]",2.9474330001725013,0.6172723657492651,"[1.72414847 2.24683366 1.89363699 1.711801   1.33095081 1.0145681
 0.68736038 1.40079375 1.51371792 0.60230853]",1.7241484721289566,1.014568100303551,5,16,24,5.424180507659912,1,1097.0,0.0,0.0,524,regular
watts_525,12.338404590774758,"[2.9905059513228562, 2.2548574489354483, 0.9871308307588778, 2.5825950197394043, 0.07264058549857325, 2.196455836040062, 1.5658784420579257, 2.9945085059991166, 2.555458128365965, 2.4241936883071546]",2.9905059513228562,2.196455836040062,"[1.72414847 2.24683366 1.89363699 1.711801   1.33095081 1.0145681
 0.68736038 1.40079375 1.51371792 0.60230853]",1.7241484721289566,1.014568100303551,5,9,18,5.019214153289795,1,1777.0,0.0,0.0,525,watts
gnm_526,32.81981875781594,"[2.9475664605919407, 2.4960274495951555, 2.062499934037292, 1.9072090060016476, 1.2062767547926554, 1.0605366577548545, 0.8910365173637015, 1.7003870657418152, 1.780898072577532, 0.7005111958398929]",2.9475664605919407,1.0605366577548545,"[1.72414847 2.24683366 1.89363699 1.711801   1.33095081 1.0145681
 0.68736038 1.40079375 1.51371792 0.60230853]",1.7241484721289566,1.014568100303551,5,14,65,9.510444641113281,1,869.0,0.0,0.0,526,gnm
watts_527,7.9034526330651715,"[2.9037198771027093, 2.100236909622309, 1.7381171720261919, 1.413689384332153, 0.4613151772958743, 1.7373966563601233, 2.6631372188872544, 2.8270136768387357, 1.8855497816160969, 1.4070679049472887]",2.9037198771027093,1.7373966563601233,"[1.72414847 2.24683366 1.89363699 1.711801   1.33095081 1.0145681
 0.68736038 1.40079375 1.51371792 0.60230853]",1.7241484721289566,1.014568100303551,5,6,12,2.623934745788574,1,1517.0,0.0,0.0,527,watts
gnm_528,67.5665820292278,"[3.019535817350609, 2.2234478199687695, 0.4462583337868552, 1.9481080017598478, 0.63528984387016, 1.8127695478417403, 1.56730652677377, 3.141554482734489, 3.1255723520012593, 1.569829994112618]",3.019535817350609,1.8127695478417403,"[1.72414847 2.24683366 1.89363699 1.711801   1.33095081 1.0145681
 0.68736038 1.40079375 1.51371792 0.60230853]",1.7241484721289566,1.014568100303551,5,20,124,19.88002848625183,1,654.0,0.0,0.0,528,gnm
watts_529,27.26153809477844,"[1.6875702470467777, 1.8817828135634966, 2.9916550035533422, 1.534485106241782, 1.5375715186920131, 1.3414907527680724, 1.7434852149584033, 2.159040643482627, 1.656673806771658, 0.4495407158064616]",1.6875702470467777,1.3414907527680724,"[1.72414847 2.24683366 1.89363699 1.711801   1.33095081 1.0145681
 0.68736038 1.40079375 1.51371792 0.60230853]",1.7241484721289566,1.014568100303551,5,20,40,10.286038637161255,1,1057.0,0.0,0.0,529,watts
watts_530,9.009247338633635,"[2.726564194292891, 1.3579440499648774, 2.020273030804155, 2.1771302333165923, 1.3169581049527261, 1.7564774236689868, 1.2705783380620317, 2.2312652736337673, 1.8018124183968154, 1.0557126892753388]",2.726564194292891,1.7564774236689868,"[1.72414847 2.24683366 1.89363699 1.711801   1.33095081 1.0145681
 0.68736038 1.40079375 1.51371792 0.60230853]",1.7241484721289566,1.014568100303551,5,11,11,1.3545918464660645,1,796.0,0.0,0.0,530,watts
barabasi_531,7.382259386488386,"[1.6804081045019164, 1.9158677576824306, 1.9184511995261542, 1.8463005004410242, 1.2587849741810317, 1.935912663100684, 1.2751188175117205, 2.0428076170732288, 1.3546736998620867, 1.3615140190168307]",1.6804081045019164,1.935912663100684,"[1.72414847 2.24683366 1.89363699 1.711801   1.33095081 1.0145681
 0.68736038 1.40079375 1.51371792 0.60230853]",1.7241484721289566,1.014568100303551,5,9,8,2.011939764022827,1,1495.0,0.0,0.0,531,barabasi
watts_532,7.469603536497743,"[2.9486632866698854, 2.517849572331227, 1.858376064799875, 1.663033687531321, 0.4613233364801647, 1.741599809366761, 0.8059936041493827, 2.5358047086589073, 1.9685073415122218, 0.9872897352009989]",2.9486632866698854,1.741599809366761,"[1.72414847 2.24683366 1.89363699 1.711801   1.33095081 1.0145681
 0.68736038 1.40079375 1.51371792 0.60230853]",1.7241484721289566,1.014568100303551,5,6,12,1.4219748973846436,1,949.0,0.0,0.0,532,watts
watts_533,15.814957681667938,"[2.8068777755801335, 0.9962800903348721, 2.736184675002175, 2.7971876738219152, 0.3863067377422268, 1.7961573419402934, 0.2057724231478778, 1.8335931956082034, 2.863667046218511, 2.5860187019416387]",2.8068777755801335,1.7961573419402934,"[1.72414847 2.24683366 1.89363699 1.711801   1.33095081 1.0145681
 0.68736038 1.40079375 1.51371792 0.60230853]",1.7241484721289566,1.014568100303551,5,18,18,6.914561986923218,1,2113.0,0.0,0.0,533,watts
watts_534,7.99458001999875,"[2.8820701354866296, 2.688619019666154, 3.141566054792589, 0.8676069796458683, 1.7733700050191423, 2.144802521256991, 0.5329971569111243, 3.0099897324732767, 3.078089573273372, 1.8114096937065898]",2.8820701354866296,2.144802521256991,"[1.72414847 2.24683366 1.89363699 1.711801   1.33095081 1.0145681
 0.68736038 1.40079375 1.51371792 0.60230853]",1.7241484721289566,1.014568100303551,5,9,9,4.559743642807007,1,2738.0,0.0,0.0,534,watts
regular_535,25.466224614063975,"[1.7225811375688806, 1.928771015892655, 3.0586462723745536, 2.0635657729012777, 1.4935611428846813, 0.9963142908985767, 0.4498184627215833, 2.181749218171819, 2.04852487657607, 0.8356773151502483]",1.7225811375688806,0.9963142908985767,"[1.72414847 2.24683366 1.89363699 1.711801   1.33095081 1.0145681
 0.68736038 1.40079375 1.51371792 0.60230853]",1.7241484721289566,1.014568100303551,5,17,34,5.0790886878967285,1,704.0,0.0,0.0,535,regular
watts_536,27.0476555577931,"[2.9833063604386725, 2.8459386142557825, 2.7591663018362844, 1.6961482113003008, 1.4972748590606177, 0.5152424101181337, 1.919531404594944, 2.4220104741983786, 3.1262914714195036, 2.5141332173274407]",2.9833063604386725,0.5152424101181337,"[1.72414847 2.24683366 1.89363699 1.711801   1.33095081 1.0145681
 0.68736038 1.40079375 1.51371792 0.60230853]",1.7241484721289566,1.014568100303551,5,19,38,7.161969184875488,1,988.0,0.0,0.0,536,watts
gnm_537,7.319159097652118,"[1.9097255762176366, 2.0992034468501974, 2.5022008479522335, 2.077492447743578, 0.12698461591215754, 0.9087845841382403, 1.0139465715267533, 3.0484716713114084, 2.690611023041784, 2.233568598756457]",1.9097255762176366,0.9087845841382403,"[1.72414847 2.24683366 1.89363699 1.711801   1.33095081 1.0145681
 0.68736038 1.40079375 1.51371792 0.60230853]",1.7241484721289566,1.014568100303551,5,7,11,2.626539468765259,1,1640.0,0.0,0.0,537,gnm
barabasi_538,10.621895357716317,"[2.9036988504538392, 3.1415899173815207, 3.141592653589793, 0.8450547508889565, 1.601148020778318, 1.0407172571178687, 0.891072522639683, 3.139924936365415, 2.865015575375808, 1.864542443769424]",2.9036988504538392,1.0407172571178687,"[1.72414847 2.24683366 1.89363699 1.711801   1.33095081 1.0145681
 0.68736038 1.40079375 1.51371792 0.60230853]",1.7241484721289566,1.014568100303551,5,13,12,2.120168447494507,1,1117.0,0.0,0.0,538,barabasi
regular_539,21.407094413768245,"[1.7345144803222499, 2.269748131168366, 2.748580252849056, 1.8619255495280158, 1.5140550988484833, 1.0238401309380598, 0.01598337775235832, 2.781281641509684, 2.5923565388015435, 1.927851318929857]",1.7345144803222499,1.0238401309380598,"[1.72414847 2.24683366 1.89363699 1.711801   1.33095081 1.0145681
 0.68736038 1.40079375 1.51371792 0.60230853]",1.7241484721289566,1.014568100303551,5,15,30,6.056545257568359,1,1046.0,0.0,0.0,539,regular
barabasi_540,31.574327851595637,"[2.240676006322314, 2.490545066628565, 0.348933096645261, 1.3722138670153474, 0.2980464847667928, 1.5612221632053027, 1.1608598967145836, 3.1408512276664493, 2.7110273960266333, 1.3145032786767303]",2.240676006322314,1.5612221632053027,"[1.72414847 2.24683366 1.89363699 1.711801   1.33095081 1.0145681
 0.68736038 1.40079375 1.51371792 0.60230853]",1.7241484721289566,1.014568100303551,5,19,48,7.553333044052124,1,740.0,0.0,0.0,540,barabasi
barabasi_541,5.4108392060547885,"[2.8145239506933173, 2.567168026922664, 3.053617158567625, 2.492494312376133, 0.11663402709566043, 2.158178254391944, 0.5438216842770087, 3.0107769184937654, 2.9997878815401426, 1.9523972641704779]",2.8145239506933173,2.158178254391944,"[1.72414847 2.24683366 1.89363699 1.711801   1.33095081 1.0145681
 0.68736038 1.40079375 1.51371792 0.60230853]",1.7241484721289566,1.014568100303551,5,7,6,1.2039542198181152,1,1177.0,0.0,0.0,541,barabasi
regular_542,10.904350865908782,"[1.847501316232568, 2.4345729713720594, 1.8664762455755444, 1.7564385356386971, 1.478323755006635, 1.4304215184845523, 1.4003680922989055, 0.9823520046194829, 2.067188414202382, 0.6128973522660849]",1.847501316232568,1.4304215184845523,"[1.72414847 2.24683366 1.89363699 1.711801   1.33095081 1.0145681
 0.68736038 1.40079375 1.51371792 0.60230853]",1.7241484721289566,1.014568100303551,5,7,14,3.530998945236206,1,1899.0,0.0,0.0,542,regular
gnm_543,32.926708409176904,"[2.376754048618597, 1.9046629025369335, 1.804646405961932, 1.5362413146901388, 0.5446327515312881, 1.5664914408573605, 1.5554971626054166, 1.905550983399111, 3.1400848199758817, 1.5578022360243526]",2.376754048618597,1.5664914408573605,"[1.72414847 2.24683366 1.89363699 1.711801   1.33095081 1.0145681
 0.68736038 1.40079375 1.51371792 0.60230853]",1.7241484721289566,1.014568100303551,5,18,55,7.432444095611572,1,689.0,0.0,0.0,543,gnm
watts_544,13.014434862212905,"[2.9638619662030985, 2.3749871937260307, 2.071204569947226, 1.4301660635355744, 1.7473893426059517, 0.8301530272150976, 1.54764386635598, 1.1260598771630637, 1.9476227986079007, 2.6648646881459195]",2.9638619662030985,0.8301530272150976,"[1.72414847 2.24683366 1.89363699 1.711801   1.33095081 1.0145681
 0.68736038 1.40079375 1.51371792 0.60230853]",1.7241484721289566,1.014568100303551,5,10,20,5.019909620285034,1,1717.0,0.0,0.0,544,watts
watts_545,10.781796436604814,"[2.2249328192693985, 2.1428926047984937, 2.636246396085606, 1.467987100362635, 1.420352406713771, 1.3449412522187978, 0.23644035773139338, 1.7421865059506993, 1.995655833817661, 0.9641839064997915]",2.2249328192693985,1.3449412522187978,"[1.72414847 2.24683366 1.89363699 1.711801   1.33095081 1.0145681
 0.68736038 1.40079375 1.51371792 0.60230853]",1.7241484721289566,1.014568100303551,5,13,13,8.38049864768982,1,2802.0,0.0,0.0,545,watts
watts_546,11.542074474842877,"[2.9508508514349856, 2.80718319588026, 1.7134904164942204, 1.3895764593875164, 2.7800404695028416, 0.9094242429107979, 1.7993662139587947, 2.3275425685504194, 1.8504722032713201, 1.6933821328534895]",2.9508508514349856,0.9094242429107979,"[1.72414847 2.24683366 1.89363699 1.711801   1.33095081 1.0145681
 0.68736038 1.40079375 1.51371792 0.60230853]",1.7241484721289566,1.014568100303551,5,8,16,5.176238298416138,1,1939.0,0.0,0.0,546,watts
regular_547,14.912370885332106,"[2.9502594273347333, 2.78125035528601, 2.587723814547449, 1.6960122458672688, 0.9501632247016062, 0.6004574223193877, 0.5201645492455882, 2.6371777463657464, 2.2408982096160006, 1.773156581616067]",2.9502594273347333,0.6004574223193877,"[1.72414847 2.24683366 1.89363699 1.711801   1.33095081 1.0145681
 0.68736038 1.40079375 1.51371792 0.60230853]",1.7241484721289566,1.014568100303551,5,12,18,4.999467134475708,1,1449.0,0.0,0.0,547,regular
barabasi_548,6.93978385189957,"[2.945090733204732, 2.919598487289038, 3.099086080841936, 0.9864858020545595, 1.652577039798154, 1.9471162609053674, 1.731084520648075, 1.6625347104310815, 3.0465309248785104, 1.8377604460247314]",2.945090733204732,1.9471162609053674,"[1.72414847 2.24683366 1.89363699 1.711801   1.33095081 1.0145681
 0.68736038 1.40079375 1.51371792 0.60230853]",1.7241484721289566,1.014568100303551,5,9,8,3.8018009662628174,1,2130.0,0.0,0.0,548,barabasi
gnm_549,30.54002644908131,"[2.6384466998442253, 1.8462706772692055, 1.5851298357924053, 1.560214473881196, 1.6251948251664003, 1.5721520975510483, 1.0480921273861243, 2.681050896745232, 2.108898169194343, 0.799291079661322]",2.6384466998442253,1.5721520975510483,"[1.72414847 2.24683366 1.89363699 1.711801   1.33095081 1.0145681
 0.68736038 1.40079375 1.51371792 0.60230853]",1.7241484721289566,1.014568100303551,5,14,51,8.820800542831421,1,958.0,0.0,0.0,549,gnm
gnm_550,9.815752851930029,"[2.5206519630201947, 2.0851101369604255, 2.042991985339895, 1.8914283233042526, 0.8246130619824659, 1.1889550720303048, 1.231378430408023, 2.8564197384883077, 2.6012432350067343, 0.5389237860410335]",2.5206519630201947,1.1889550720303048,"[1.72414847 2.24683366 1.89363699 1.711801   1.33095081 1.0145681
 0.68736038 1.40079375 1.51371792 0.60230853]",1.7241484721289566,1.014568100303551,5,8,17,4.307427167892456,1,1448.0,0.0,0.0,550,gnm
barabasi_551,6.328054267669472,"[2.8625672695193285, 2.58689654191842, 3.122882839604955, 1.2446572046386226, 1.28170910277445, 0.5509151717814726, 1.9376087527446313, 3.13951409656551, 3.0930370406097736, 1.7847269531542762]",2.8625672695193285,0.5509151717814726,"[1.72414847 2.24683366 1.89363699 1.711801   1.33095081 1.0145681
 0.68736038 1.40079375 1.51371792 0.60230853]",1.7241484721289566,1.014568100303551,5,8,7,1.8348510265350342,1,1269.0,0.0,0.0,551,barabasi
barabasi_552,31.16951622624636,"[3.012508814917632, 2.9100399882183416, 2.6996192364951623, 1.8747778368650243, 1.4044672594400551, 0.4989657018090095, 0.37176667576375133, 3.141556902079438, 3.086772212221476, 1.7917356623770289]",3.012508814917632,0.4989657018090095,"[1.72414847 2.24683366 1.89363699 1.711801   1.33095081 1.0145681
 0.68736038 1.40079375 1.51371792 0.60230853]",1.7241484721289566,1.014568100303551,5,18,45,7.248986005783081,1,853.0,0.0,0.0,552,barabasi
watts_553,8.101386500415515,"[2.816780727121837, 2.2349922919862775, 2.036158080326228, 1.817405075848622, 1.6589338687291464, 0.9492698995878459, 1.0169630634234519, 2.162681896290065, 1.9730185187675793, 1.3155643169748583]",2.816780727121837,0.9492698995878459,"[1.72414847 2.24683366 1.89363699 1.711801   1.33095081 1.0145681
 0.68736038 1.40079375 1.51371792 0.60230853]",1.7241484721289566,1.014568100303551,5,7,14,2.103698968887329,1,1183.0,0.0,0.0,553,watts
barabasi_554,11.685864454493586,"[1.4578512298936879, 2.0330566062090716, 1.624459702385783, 2.2207799847730683, 1.3488551494758567, 1.3788518237578182, 1.2235741991099407, 3.140834972975625, 2.9200353726281367, 1.762617505004136]",1.4578512298936879,1.3788518237578182,"[1.72414847 2.24683366 1.89363699 1.711801   1.33095081 1.0145681
 0.68736038 1.40079375 1.51371792 0.60230853]",1.7241484721289566,1.014568100303551,5,15,14,3.345277786254883,1,1146.0,0.0,0.0,554,barabasi
barabasi_555,9.971135619779798,"[2.930395603996961, 2.761517102640864, 2.327865472065018, 1.8525996568078393, 1.6057724028427658, 2.0045824656942757, 0.23041083885746427, 3.14158451403529, 2.9849857337485077, 1.7659500547152085]",2.930395603996961,2.0045824656942757,"[1.72414847 2.24683366 1.89363699 1.711801   1.33095081 1.0145681
 0.68736038 1.40079375 1.51371792 0.60230853]",1.7241484721289566,1.014568100303551,5,12,11,5.159976243972778,1,1985.0,0.0,0.0,555,barabasi
barabasi_556,16.97892570074412,"[2.9433042148603823, 2.8088670052158013, 3.1407503880948138, 2.54654734865799, 1.0466930891523543, 2.170216680209105, 0.29026958332282793, 3.04645776538481, 3.122352271983514, 1.3776196507328002]",2.9433042148603823,2.170216680209105,"[1.72414847 2.24683366 1.89363699 1.711801   1.33095081 1.0145681
 0.68736038 1.40079375 1.51371792 0.60230853]",1.7241484721289566,1.014568100303551,5,14,24,10.014794111251831,1,2045.0,0.0,0.0,556,barabasi
watts_557,13.626448465586918,"[2.8899085822316692, 2.381467314442247, 1.2670368351741108, 2.682056851551027, 0.8498745513463962, 0.1378946234152974, 1.5940747571520864, 2.801086657915536, 3.1379124009593804, 1.3543376729937806]",2.8899085822316692,0.1378946234152974,"[1.72414847 2.24683366 1.89363699 1.711801   1.33095081 1.0145681
 0.68736038 1.40079375 1.51371792 0.60230853]",1.7241484721289566,1.014568100303551,5,10,20,4.56089186668396,1,1383.0,0.0,0.0,557,watts
regular_558,29.942314241726628,"[1.7278755854911836, 1.9641179147903283, 3.05945019389381, 2.063954034580467, 1.5013033836088345, 1.006069831570079, 0.3666222343517671, 2.3075882425335603, 2.0200312795490154, 0.8954055024523754]",1.7278755854911836,1.006069831570079,"[1.72414847 2.24683366 1.89363699 1.711801   1.33095081 1.0145681
 0.68736038 1.40079375 1.51371792 0.60230853]",1.7241484721289566,1.014568100303551,5,20,40,12.746860027313232,1,1184.0,0.0,0.0,558,regular
barabasi_559,5.335671411108251,"[2.821337144450165, 3.1172064004833104, 2.4423845920821843, 1.6197067200085158, 1.6123162829169875, 3.1412773831914134, -1.1816358436975762, 2.933354129564904, 2.9805494253042464, 1.97767170689924]",2.821337144450165,3.1412773831914134,"[1.72414847 2.24683366 1.89363699 1.711801   1.33095081 1.0145681
 0.68736038 1.40079375 1.51371792 0.60230853]",1.7241484721289566,1.014568100303551,5,7,6,1.1611511707305908,1,1097.0,0.0,0.0,559,barabasi
regular_560,7.993185561453913,"[1.6561600606497249, 2.4904492498401143, 1.8700095846536005, 1.2932582852138883, 1.5779080318287255, 1.419949476982014, 0.8596865293226388, 2.8492609095889936, 1.8446033638671484, 0.6787605419140714]",1.6561600606497249,1.419949476982014,"[1.72414847 2.24683366 1.89363699 1.711801   1.33095081 1.0145681
 0.68736038 1.40079375 1.51371792 0.60230853]",1.7241484721289566,1.014568100303551,5,6,12,1.5998034477233887,1,1066.0,0.0,0.0,560,regular
watts_561,13.188459614707584,"[2.8921649721743465, 2.5895883714597336, 1.6474762605051037, 1.5886242993788708, 0.6720886122426093, 2.1639113180452902, 1.115654146951456, 1.4815431906725016, 2.3150905054434894, 1.4069535674381481]",2.8921649721743465,2.1639113180452902,"[1.72414847 2.24683366 1.89363699 1.711801   1.33095081 1.0145681
 0.68736038 1.40079375 1.51371792 0.60230853]",1.7241484721289566,1.014568100303551,5,16,16,8.070807456970215,1,2276.0,0.0,0.0,561,watts
barabasi_562,25.92901046320739,"[2.873266863903246, 1.7629716472723878, 1.881743167721817, 1.2670860255134864, 1.4237226577232263, 1.7013311906130504, 1.6760507393040789, 2.9029745920640875, 3.135823489802296, 1.741964044763229]",2.873266863903246,1.7013311906130504,"[1.72414847 2.24683366 1.89363699 1.711801   1.33095081 1.0145681
 0.68736038 1.40079375 1.51371792 0.60230853]",1.7241484721289566,1.014568100303551,5,16,39,7.62191104888916,1,1011.0,0.0,0.0,562,barabasi
gnm_563,32.991747815255096,"[3.0053390197548553, 3.1214115871732586, 2.8655155264445784, 1.4804003250807196, 1.716809205958922, 1.8115746860082962, 0.22310324979736512, 2.416104589781097, 3.0985900073469863, 2.597453877546431]",3.0053390197548553,1.8115746860082962,"[1.72414847 2.24683366 1.89363699 1.711801   1.33095081 1.0145681
 0.68736038 1.40079375 1.51371792 0.60230853]",1.7241484721289566,1.014568100303551,5,20,48,12.489295482635498,1,1006.0,0.0,0.0,563,gnm
barabasi_564,8.28955464448372,"[2.933524952556846, 2.7867636744464788, 2.0289726654890092, 1.9294264641531937, 1.5667363737710207, 2.184424499317611, 0.27971143283859945, 3.0139512937298236, 2.8614213024931034, 1.891392118055287]",2.933524952556846,2.184424499317611,"[1.72414847 2.24683366 1.89363699 1.711801   1.33095081 1.0145681
 0.68736038 1.40079375 1.51371792 0.60230853]",1.7241484721289566,1.014568100303551,5,10,9,3.454545736312866,1,2300.0,0.0,0.0,564,barabasi
watts_565,6.608814659673072,"[2.8740941840746514, 2.6245451538691364, 2.3326111485009733, 1.8617390065912796, 1.4226565187874958, 2.1616847593503996, 0.400497372466589, 2.7391369047429053, 3.08043385204167, 2.160899225542072]",2.8740941840746514,2.1616847593503996,"[1.72414847 2.24683366 1.89363699 1.711801   1.33095081 1.0145681
 0.68736038 1.40079375 1.51371792 0.60230853]",1.7241484721289566,1.014568100303551,5,8,8,5.3495402336120605,1,2273.0,0.0,0.0,565,watts
watts_566,7.883551005163099,"[2.6940982445612773, 2.44046603118234, 2.129002615300841, 1.3563591223345073, 1.3655891310265866, 0.8317680909266094, 0.522790989166021, 3.113103303834363, 2.5002636885508283, 1.912959713533422]",2.6940982445612773,0.8317680909266094,"[1.72414847 2.24683366 1.89363699 1.711801   1.33095081 1.0145681
 0.68736038 1.40079375 1.51371792 0.60230853]",1.7241484721289566,1.014568100303551,5,7,14,3.7443625926971436,1,1640.0,0.0,0.0,566,watts
gnm_567,73.92469536350208,"[2.7620228946265724, 2.9402591248504555, 1.907953300473429, 1.7301532720908046, 1.3257891723727433, 0.9982662158629597, 0.7460008276863593, 2.883562161620561, 3.1381841549551766, 2.1804829694314334]",2.7620228946265724,0.9982662158629597,"[1.72414847 2.24683366 1.89363699 1.711801   1.33095081 1.0145681
 0.68736038 1.40079375 1.51371792 0.60230853]",1.7241484721289566,1.014568100303551,5,18,149,23.821840524673462,1,873.0,0.0,0.0,567,gnm
barabasi_568,31.09244235411926,"[3.0150829072514513, 2.922714105754154, 0.08683377683698713, 1.50935383707426, 1.2068032787689695, 2.0423546322073194, 2.071601725153962, 2.990415251579704, 3.141427234934783, 1.7665879503689925]",3.0150829072514513,2.0423546322073194,"[1.72414847 2.24683366 1.89363699 1.711801   1.33095081 1.0145681
 0.68736038 1.40079375 1.51371792 0.60230853]",1.7241484721289566,1.014568100303551,5,18,45,13.743791818618774,1,1670.0,0.0,0.0,568,barabasi
regular_569,9.871918011177797,"[2.851953635975523, 2.078180837343221, 1.7741382937650685, 1.8876565056489847, 0.9482950237882761, 1.6662269266881113, 1.2116447881788974, 2.910290903578797, 2.9882279798763567, 1.6665667663377768]",2.851953635975523,1.6662269266881113,"[1.72414847 2.24683366 1.89363699 1.711801   1.33095081 1.0145681
 0.68736038 1.40079375 1.51371792 0.60230853]",1.7241484721289566,1.014568100303551,5,7,14,2.7179343700408936,1,1529.0,0.0,0.0,569,regular
barabasi_570,15.447282092153248,"[2.8843088541001363, 2.077659344714652, 2.1589661791451458, 1.4676148363586279, 1.6798899453393477, 0.3652220837702851, 1.5356663542083662, 3.141065240088163, 3.1415748089990663, 1.5817893232804936]",2.8843088541001363,0.3652220837702851,"[1.72414847 2.24683366 1.89363699 1.711801   1.33095081 1.0145681
 0.68736038 1.40079375 1.51371792 0.60230853]",1.7241484721289566,1.014568100303551,5,14,24,2.7407994270324707,1,655.0,0.0,0.0,570,barabasi
gnm_571,87.62292978446766,"[3.0759016995374298, 3.1415866690286363, 1.4791731663142866, 1.353298257715944, 0.6054858363441282, 1.816428139323214, 1.4881115992238652, 3.1140297242705435, 3.141420618141458, 1.4946726105597092]",3.0759016995374298,1.816428139323214,"[1.72414847 2.24683366 1.89363699 1.711801   1.33095081 1.0145681
 0.68736038 1.40079375 1.51371792 0.60230853]",1.7241484721289566,1.014568100303551,5,19,166,19.287463665008545,1,615.0,0.0,0.0,571,gnm
regular_572,19.19116469668232,"[2.9515658179361983, 2.788187270160226, 2.8930312204604762, 1.6686473860107365, 2.4916385173869386, 2.1742519585441147, 0.16777583045689629, 2.5049098339186644, 2.245067588348149, 1.3940195024060569]",2.9515658179361983,2.1742519585441147,"[1.72414847 2.24683366 1.89363699 1.711801   1.33095081 1.0145681
 0.68736038 1.40079375 1.51371792 0.60230853]",1.7241484721289566,1.014568100303551,5,16,24,7.059830665588379,1,1637.0,0.0,0.0,572,regular
regular_573,15.050639269959198,"[2.960910120143121, 2.8416796068024457, 2.62496336568484, 1.6856732195962512, 0.8835943728159459, 0.5573908596300985, 0.4760151871472799, 2.5994607363853004, 2.268715947493337, 1.7320959221109744]",2.960910120143121,0.5573908596300985,"[1.72414847 2.24683366 1.89363699 1.711801   1.33095081 1.0145681
 0.68736038 1.40079375 1.51371792 0.60230853]",1.7241484721289566,1.014568100303551,5,12,18,6.1668572425842285,1,1887.0,0.0,0.0,573,regular
gnm_574,18.047946351637567,"[2.9978074910786736, 2.8463297272605974, 1.884810297849785, 1.7154811811195347, 0.4489619297784503, 2.105735272160306, 0.17037199032063538, 3.1387290875226634, 2.905987516127137, 1.4239621535322882]",2.9978074910786736,2.105735272160306,"[1.72414847 2.24683366 1.89363699 1.711801   1.33095081 1.0145681
 0.68736038 1.40079375 1.51371792 0.60230853]",1.7241484721289566,1.014568100303551,5,11,27,4.121912956237793,1,972.0,0.0,0.0,574,gnm
watts_575,5.766104133458612,"[1.7969295999912378, 1.8498792729277231, 2.455202360779321, 1.9932436185885773, 2.547440324984813, 0.5905854226469132, 1.0893498139616042, 3.100767758344595, 2.8054783279814437, 1.3679330553997364]",1.7969295999912378,0.5905854226469132,"[1.72414847 2.24683366 1.89363699 1.711801   1.33095081 1.0145681
 0.68736038 1.40079375 1.51371792 0.60230853]",1.7241484721289566,1.014568100303551,5,7,7,2.198194742202759,1,1646.0,0.0,0.0,575,watts
gnm_576,34.15641387031465,"[3.0751683782132377, 2.8918244546138094, 1.3427312713429091, 1.5528310999075687, 0.9555340903983489, 1.9295732919047806, 1.6804214260868555, 3.1158390271513525, 3.140379774118197, 1.491886272968644]",3.0751683782132377,1.9295732919047806,"[1.72414847 2.24683366 1.89363699 1.711801   1.33095081 1.0145681
 0.68736038 1.40079375 1.51371792 0.60230853]",1.7241484721289566,1.014568100303551,5,12,62,9.103280544281006,1,956.0,0.0,0.0,576,gnm
gnm_577,13.614221327782364,"[2.928227517572826, 2.6438247102988757, 1.6939191706438645, 1.2548767894347015, 1.56313534679912, 2.042861397572159, 1.2029707256215505, 2.184827284953167, 2.2181755954771543, 0.9700448940814508]",2.928227517572826,2.042861397572159,"[1.72414847 2.24683366 1.89363699 1.711801   1.33095081 1.0145681
 0.68736038 1.40079375 1.51371792 0.60230853]",1.7241484721289566,1.014568100303551,5,15,17,8.297694444656372,1,2270.0,0.0,0.0,577,gnm
watts_578,18.695522331412782,"[2.992407453765824, 2.8553594605792467, 2.7898615473224146, 1.5703763843239695, 1.1542109721475817, 0.5086932088424372, 1.9381612784899391, 1.819854169547934, 3.1248538753342237, 1.6973344252522593]",2.992407453765824,0.5086932088424372,"[1.72414847 2.24683366 1.89363699 1.711801   1.33095081 1.0145681
 0.68736038 1.40079375 1.51371792 0.60230853]",1.7241484721289566,1.014568100303551,5,13,26,9.69508147239685,1,2125.0,0.0,0.0,578,watts
watts_579,7.434003442314136,"[1.9192920447212054, 2.3828410440079923, 2.5759236334390376, 1.57681713679254, 1.3769507110135433, 1.277663220549968, 0.20151594884489202, 2.0132784947295903, 1.9756846364859064, 0.6568781019904932]",1.9192920447212054,1.277663220549968,"[1.72414847 2.24683366 1.89363699 1.711801   1.33095081 1.0145681
 0.68736038 1.40079375 1.51371792 0.60230853]",1.7241484721289566,1.014568100303551,5,9,9,1.6219851970672607,1,1078.0,0.0,0.0,579,watts
barabasi_580,16.92635836605239,"[2.927888752074396, 2.1567811600078532, 1.5253332042252068, 1.6724333103194635, 1.3845306829404778, 0.1897726766666759, 1.5600357077084688, 2.0837364647489176, 3.0832594194453926, 2.3343904425260216]",2.927888752074396,0.1897726766666759,"[1.72414847 2.24683366 1.89363699 1.711801   1.33095081 1.0145681
 0.68736038 1.40079375 1.51371792 0.60230853]",1.7241484721289566,1.014568100303551,5,14,24,9.389456033706665,1,1885.0,0.0,0.0,580,barabasi
watts_581,19.378192088752293,"[2.8469869034945763, 1.061195756801649, 2.1913777493765294, 1.3775606062832368, 1.2737224002625074, 2.751908362229506, 1.5748194968727196, 2.4713008912852708, 3.141592653589793, 1.7898404316127332]",2.8469869034945763,2.751908362229506,"[1.72414847 2.24683366 1.89363699 1.711801   1.33095081 1.0145681
 0.68736038 1.40079375 1.51371792 0.60230853]",1.7241484721289566,1.014568100303551,5,14,28,10.360251903533936,1,1991.0,0.0,0.0,581,watts
regular_582,21.645412456658804,"[2.9547513965657117, 3.1052133369772186, 2.838689657789141, 1.6992163835084984, 2.487516034382551, 2.077766516613332, 0.01328928165387546, 2.251483415122603, 1.8575142734875585, 1.362914943086695]",2.9547513965657117,2.077766516613332,"[1.72414847 2.24683366 1.89363699 1.711801   1.33095081 1.0145681
 0.68736038 1.40079375 1.51371792 0.60230853]",1.7241484721289566,1.014568100303551,5,18,27,11.953401327133179,1,1996.0,0.0,0.0,582,regular
watts_583,25.582594656897093,"[2.9583049332050946, 2.7776752101028714, 2.222310871661362, 0.38995651522047703, 1.066698050893213, 2.141544663833471, 1.7841482849816328, 3.138720674254416, 3.132973946588481, 1.3950494644767226]",2.9583049332050946,2.141544663833471,"[1.72414847 2.24683366 1.89363699 1.711801   1.33095081 1.0145681
 0.68736038 1.40079375 1.51371792 0.60230853]",1.7241484721289566,1.014568100303551,5,18,36,6.540118932723999,1,975.0,0.0,0.0,583,watts
barabasi_584,5.51301852601955,"[2.840591655555298, 2.6245246452923636, 2.3442195248120337, 0.9801975303390282, 2.3150218240573075, 0.5590005247215857, 2.0398239876029822, 3.1099235135993037, 3.0233251067889397, 1.8197357323441992]",2.840591655555298,0.5590005247215857,"[1.72414847 2.24683366 1.89363699 1.711801   1.33095081 1.0145681
 0.68736038 1.40079375 1.51371792 0.60230853]",1.7241484721289566,1.014568100303551,5,7,6,1.3179879188537598,1,1311.0,0.0,0.0,584,barabasi
barabasi_585,13.658499560812508,"[2.595329835158574, 3.1411365888958276, 1.9885166263044785, 1.9217069074056763, 0.39004709305756824, 0.5375766661983667, 1.099832455472395, 3.0578254258233137, 2.741302866774175, 1.3444871074792322]",2.595329835158574,0.5375766661983667,"[1.72414847 2.24683366 1.89363699 1.711801   1.33095081 1.0145681
 0.68736038 1.40079375 1.51371792 0.60230853]",1.7241484721289566,1.014568100303551,5,12,20,2.6915903091430664,1,902.0,0.0,0.0,585,barabasi
barabasi_586,14.252979377624051,"[2.8390500143843473, 3.1398524957425495, 2.599043914682026, 1.5974318840735213, 1.615229958665396, 1.6063178718852489, 0.3137612971265086, 2.738836445839103, 2.98340212283333, 2.215729061860781]",2.8390500143843473,1.6063178718852489,"[1.72414847 2.24683366 1.89363699 1.711801   1.33095081 1.0145681
 0.68736038 1.40079375 1.51371792 0.60230853]",1.7241484721289566,1.014568100303551,5,18,17,3.6562509536743164,1,1066.0,0.0,0.0,586,barabasi
watts_587,6.448235491513401,"[2.936968114955967, 2.809556933909318, 2.673447104362132, 0.6347966574374331, 2.4200815753337706, 2.017903301266167, 0.6698674030894975, 1.6448087835081768, 1.282149130977352, 1.7214416674303514]",2.936968114955967,2.017903301266167,"[1.72414847 2.24683366 1.89363699 1.711801   1.33095081 1.0145681
 0.68736038 1.40079375 1.51371792 0.60230853]",1.7241484721289566,1.014568100303551,5,7,7,2.8586363792419434,1,2478.0,0.0,0.0,587,watts
watts_588,8.000019704899975,"[1.6732472748269913, 2.368812505819976, 2.274576072347067, 1.988672689720528, 0.9051511501718339, 0.7884673760475902, 0.685279173395215, 2.749372971324923, 2.3995191665410527, 0.8711847987817342]",1.6732472748269913,0.7884673760475902,"[1.72414847 2.24683366 1.89363699 1.711801   1.33095081 1.0145681
 0.68736038 1.40079375 1.51371792 0.60230853]",1.7241484721289566,1.014568100303551,5,8,8,2.7709078788757324,1,1944.0,0.0,0.0,588,watts
gnm_589,62.131950375753505,"[2.984796864117211, 2.6321330532768537, 1.5062523452760965, 1.6837197184394403, 1.4974032004479625, 0.8893748653825744, 0.7515222774410115, 1.5692471977333349, 1.5624392009597614, 0.799194381380027]",2.984796864117211,0.8893748653825744,"[1.72414847 2.24683366 1.89363699 1.711801   1.33095081 1.0145681
 0.68736038 1.40079375 1.51371792 0.60230853]",1.7241484721289566,1.014568100303551,5,18,121,15.887778759002686,1,702.0,0.0,0.0,589,gnm
gnm_590,70.72134327591293,"[2.9079974747771353, 1.887700002234636, 1.6260205437434982, 1.4416069928283894, 1.3884949008305896, 1.4823144072677854, 1.4726857508154838, 2.990682026251391, 2.4292663274193447, 1.6612459215136886]",2.9079974747771353,1.4823144072677854,"[1.72414847 2.24683366 1.89363699 1.711801   1.33095081 1.0145681
 0.68736038 1.40079375 1.51371792 0.60230853]",1.7241484721289566,1.014568100303551,5,19,127,27.779927968978882,1,1145.0,0.0,0.0,590,gnm
gnm_591,57.862178807706925,"[2.973906154307004, 2.3081562863853393, 2.0730087018808234, 1.727880945051116, 0.9099923612875002, 0.8293178225227631, 0.9787585169485511, 3.1392553804614116, 3.134300417489106, 2.2189937840667957]",2.973906154307004,0.8293178225227631,"[1.72414847 2.24683366 1.89363699 1.711801   1.33095081 1.0145681
 0.68736038 1.40079375 1.51371792 0.60230853]",1.7241484721289566,1.014568100303551,5,17,114,15.04164457321167,1,700.0,0.0,0.0,591,gnm
barabasi_592,15.908613937495861,"[2.686235177462973, 1.9778049466169136, 1.7977893221512806, 1.9440621174910335, 1.0914941334170496, 1.606521140878347, 0.5404115506311, 2.4757927109733515, 1.4458918605153044, 0.30946834669390433]",2.686235177462973,1.606521140878347,"[1.72414847 2.24683366 1.89363699 1.711801   1.33095081 1.0145681
 0.68736038 1.40079375 1.51371792 0.60230853]",1.7241484721289566,1.014568100303551,5,14,24,6.130731582641602,1,1369.0,0.0,0.0,592,barabasi
watts_593,7.454081551226409,"[2.5131684263825154, 2.3508099097918267, 2.032665137866867, 0.6539927838011748, 1.0095687460507747, 1.7333115183886751, 0.9535529652260849, 2.0499727349247143, 1.9676629110749975, 0.8938007980158047]",2.5131684263825154,1.7333115183886751,"[1.72414847 2.24683366 1.89363699 1.711801   1.33095081 1.0145681
 0.68736038 1.40079375 1.51371792 0.60230853]",1.7241484721289566,1.014568100303551,5,6,12,1.8116345405578613,1,960.0,0.0,0.0,593,watts
barabasi_594,5.373007860575854,"[2.8761554939475227, 3.136067252654982, 3.137049406437755, 0.8728668873813815, 1.6166912933509305, 1.919832142975229, 0.02198486228846852, 3.136366764601971, 2.889209999998442, 1.8593668690632845]",2.8761554939475227,1.919832142975229,"[1.72414847 2.24683366 1.89363699 1.711801   1.33095081 1.0145681
 0.68736038 1.40079375 1.51371792 0.60230853]",1.7241484721289566,1.014568100303551,5,7,6,0.8607704639434814,1,723.0,0.0,0.0,594,barabasi
gnm_595,73.61459399831057,"[2.9856860245199623, 2.6489098163594464, 2.228061056753691, 0.6533983824311134, 1.8224466909196275, 0.9691149830025392, 0.7960053364488504, 3.141311333562552, 3.1413402096331486, 2.361901501047887]",2.9856860245199623,0.9691149830025392,"[1.72414847 2.24683366 1.89363699 1.711801   1.33095081 1.0145681
 0.68736038 1.40079375 1.51371792 0.60230853]",1.7241484721289566,1.014568100303551,5,20,144,26.628077745437622,1,761.0,0.0,0.0,595,gnm
gnm_596,16.663339170740528,"[1.7897587254475391, 1.5322236255996566, 3.13727380228384, 1.7073498987766094, 1.5123313387486088, 0.4605515940800114, 1.954392277642929, 1.9323505466342266, 2.5059872337150653, 0.5284045986231781]",1.7897587254475391,0.4605515940800114,"[1.72414847 2.24683366 1.89363699 1.711801   1.33095081 1.0145681
 0.68736038 1.40079375 1.51371792 0.60230853]",1.7241484721289566,1.014568100303551,5,9,28,3.9297525882720947,1,1126.0,0.0,0.0,596,gnm
gnm_597,37.710960203933205,"[2.2617755542578992, 2.5611594196789587, 2.31078313931957, 1.0597088311098042, 0.2932735397808012, 1.5650303347672532, -0.4760322743447585, 3.1395278047663258, 2.831668661332202, 1.3922861464753478]",2.2617755542578992,1.5650303347672532,"[1.72414847 2.24683366 1.89363699 1.711801   1.33095081 1.0145681
 0.68736038 1.40079375 1.51371792 0.60230853]",1.7241484721289566,1.014568100303551,5,15,68,9.837759971618652,1,837.0,0.0,0.0,597,gnm
barabasi_598,4.7634103700056585,"[2.8986958507931284, 3.141391071569556, 2.692105123773003, 0.8704474418802752, 1.6514682983178939, 1.217029809935154, 2.513596732271527, 1.8490380461866347, 2.9509337179456114, 1.8130134768526394]",2.8986958507931284,1.217029809935154,"[1.72414847 2.24683366 1.89363699 1.711801   1.33095081 1.0145681
 0.68736038 1.40079375 1.51371792 0.60230853]",1.7241484721289566,1.014568100303551,5,6,5,2.743046522140503,1,2280.0,0.0,0.0,598,barabasi
barabasi_599,23.829051784380773,"[2.974508461945494, 2.821197216381432, 3.141427815149173, 2.5624399727752167, 1.0429671887148846, 2.1282205362039934, 0.3290350002196989, 3.0323021204943728, 3.1414071618428108, 1.3920657627750113]",2.974508461945494,2.1282205362039934,"[1.72414847 2.24683366 1.89363699 1.711801   1.33095081 1.0145681
 0.68736038 1.40079375 1.51371792 0.60230853]",1.7241484721289566,1.014568100303551,5,19,34,7.753111362457275,1,1082.0,0.0,0.0,599,barabasi
regular_600,7.993201847616888,"[1.6563877062851353, 2.490184443076113, 1.8696935693144856, 1.293580688120243, 1.5777649455820792, 1.4200989919564777, 0.8596508507092734, 2.8489287300441335, 1.844940383580732, 0.6795831356107618]",1.6563877062851353,1.4200989919564777,"[1.72414847 2.24683366 1.89363699 1.711801   1.33095081 1.0145681
 0.68736038 1.40079375 1.51371792 0.60230853]",1.7241484721289566,1.014568100303551,5,6,12,1.7105302810668945,1,1112.0,0.0,0.0,600,regular
watts_601,20.506563391044242,"[2.787749606035252, 2.132107423805329, 1.6230897527101424, 2.296449372383215, 0.3331074201027011, 1.6790315309846713, 1.5342540052631128, 2.9147666899463434, 3.13545417288082, 1.7407651929001526]",2.787749606035252,1.6790315309846713,"[1.72414847 2.24683366 1.89363699 1.711801   1.33095081 1.0145681
 0.68736038 1.40079375 1.51371792 0.60230853]",1.7241484721289566,1.014568100303551,5,15,30,4.900762319564819,1,950.0,0.0,0.0,601,watts
gnm_602,49.04600770102372,"[2.4836744692157993, 2.2557671744592773, 2.6740426764720944, 0.7525236890275586, 1.1520126364494665, 1.5700451743322839, 1.1018087718035041, 1.5670931329112392, 1.5850876278108803, 0.19956798703488915]",2.4836744692157993,1.5700451743322839,"[1.72414847 2.24683366 1.89363699 1.711801   1.33095081 1.0145681
 0.68736038 1.40079375 1.51371792 0.60230853]",1.7241484721289566,1.014568100303551,5,15,91,15.638657331466675,1,999.0,0.0,0.0,602,gnm
barabasi_603,12.772698557092555,"[2.965294052424612, 2.807577377262962, 3.013928905994434, 0.9951762211646589, 1.5797206605928262, 2.140070442872495, 0.2603935537546551, 3.137387691497852, 2.888994631579568, 1.8462748076486057]",2.965294052424612,2.140070442872495,"[1.72414847 2.24683366 1.89363699 1.711801   1.33095081 1.0145681
 0.68736038 1.40079375 1.51371792 0.60230853]",1.7241484721289566,1.014568100303551,5,15,14,6.106734752655029,1,1986.0,0.0,0.0,603,barabasi
regular_604,23.705625120701697,"[1.7127884868229417, 1.9171068556333741, 3.055448716612611, 2.033663988945015, 1.498053913012209, 0.9712656576717983, 0.39970212045818215, 2.1803562883028658, 1.999795726424317, 0.8662206563019497]",1.7127884868229417,0.9712656576717983,"[1.72414847 2.24683366 1.89363699 1.711801   1.33095081 1.0145681
 0.68736038 1.40079375 1.51371792 0.60230853]",1.7241484721289566,1.014568100303551,5,15,30,5.6910295486450195,1,973.0,0.0,0.0,604,regular
watts_605,17.09171952185766,"[2.869664756799721, 2.647633686553281, 2.842453379931241, 2.057862336686414, 0.8043299144943867, 2.1836144828155106, 0.46650860879778794, 3.141592653589793, 3.1074213241599065, 1.7963041581152561]",2.869664756799721,2.1836144828155106,"[1.72414847 2.24683366 1.89363699 1.711801   1.33095081 1.0145681
 0.68736038 1.40079375 1.51371792 0.60230853]",1.7241484721289566,1.014568100303551,5,20,20,6.768916368484497,1,1318.0,0.0,0.0,605,watts
barabasi_606,22.458284777228698,"[3.007833516387249, 2.934227119368697, 0.5863453019790996, 1.8300439783457096, 1.2553717010729626, 1.7927981296752273, 1.6732256713097826, 0.9530357615397764, 1.455930817528334, 0.3994899383609277]",3.007833516387249,1.7927981296752273,"[1.72414847 2.24683366 1.89363699 1.711801   1.33095081 1.0145681
 0.68736038 1.40079375 1.51371792 0.60230853]",1.7241484721289566,1.014568100303551,5,18,32,11.54493260383606,1,1939.0,0.0,0.0,606,barabasi
barabasi_607,21.887142330900723,"[2.9782153968881433, 2.8026421630948457, 3.1320980007288206, 1.0851689164282974, 2.143257274653959, 2.049294341379094, 3.093487648274797, 1.0977612858088677, 1.5869358298598506, 0.8461041558604055]",2.9782153968881433,2.049294341379094,"[1.72414847 2.24683366 1.89363699 1.711801   1.33095081 1.0145681
 0.68736038 1.40079375 1.51371792 0.60230853]",1.7241484721289566,1.014568100303551,5,17,30,8.556313514709473,1,1394.0,0.0,0.0,607,barabasi
watts_608,11.949992095171979,"[2.970073214712543, 2.6642895237838236, 2.634349137345895, 0.5753015349012364, 1.5369796904667208, 0.42456091606622903, 1.0403193151368906, 3.1414021384404274, 2.3314449365690306, 1.554874656072128]",2.970073214712543,0.42456091606622903,"[1.72414847 2.24683366 1.89363699 1.711801   1.33095081 1.0145681
 0.68736038 1.40079375 1.51371792 0.60230853]",1.7241484721289566,1.014568100303551,5,9,18,4.909908294677734,1,1697.0,0.0,0.0,608,watts
barabasi_609,6.386479657493979,"[2.8600245255851, 2.6635451443692224, 3.055511634303849, 0.9224552980147868, 1.701436529132562, 2.160884483659401, 0.31366975327858826, 3.122784930993504, 2.97607089652139, 1.8083551584246211]",2.8600245255851,2.160884483659401,"[1.72414847 2.24683366 1.89363699 1.711801   1.33095081 1.0145681
 0.68736038 1.40079375 1.51371792 0.60230853]",1.7241484721289566,1.014568100303551,5,8,7,4.030023097991943,1,2089.0,0.0,0.0,609,barabasi
watts_610,5.665088596729788,"[2.8250567574488015, 0.5620903955069736, 3.1415418830708943, 1.796726149020833, 1.2041987631772195, 0.2945484969446897, 1.4499501681781468, 2.4032245381168442, 3.141570270898452, 0.6742386861336025]",2.8250567574488015,0.2945484969446897,"[1.72414847 2.24683366 1.89363699 1.711801   1.33095081 1.0145681
 0.68736038 1.40079375 1.51371792 0.60230853]",1.7241484721289566,1.014568100303551,5,7,7,3.017646312713623,1,2063.0,0.0,0.0,610,watts
gnm_611,14.622130630416065,"[-0.279972858998534, 1.8031442768808716, 1.9360389152202273, 3.132203924573142, 2.0139459921533476, 1.7948754113355312, 1.542734311569585, 3.1253935820696723, 2.867717772066222, 1.544767240762587]",-0.279972858998534,1.7948754113355312,"[1.72414847 2.24683366 1.89363699 1.711801   1.33095081 1.0145681
 0.68736038 1.40079375 1.51371792 0.60230853]",1.7241484721289566,1.014568100303551,5,14,20,4.028691530227661,1,915.0,0.0,0.0,611,gnm
gnm_612,35.3584041417156,"[3.001959612829981, 2.071181048709594, 2.31009294951233, 0.36634160740558896, 1.2750716942454827, 2.008668754939803, 1.5728708613935873, 3.133636321701031, 3.1325473279166385, 1.8473592743754959]",3.001959612829981,2.008668754939803,"[1.72414847 2.24683366 1.89363699 1.711801   1.33095081 1.0145681
 0.68736038 1.40079375 1.51371792 0.60230853]",1.7241484721289566,1.014568100303551,5,18,55,7.878786087036133,1,720.0,0.0,0.0,612,gnm
barabasi_613,9.002195705023013,"[1.8105492376613983, 1.9017949419162818, 1.901101439335415, 1.7096814126190951, 1.3622009079611317, 0.3201786583343578, 1.3175732753165352, 3.141492455973305, 2.9409267109635415, 1.7724049421757613]",1.8105492376613983,0.3201786583343578,"[1.72414847 2.24683366 1.89363699 1.711801   1.33095081 1.0145681
 0.68736038 1.40079375 1.51371792 0.60230853]",1.7241484721289566,1.014568100303551,5,11,10,2.2553155422210693,1,1394.0,0.0,0.0,613,barabasi
gnm_614,35.92887222807995,"[2.826360284126108, 2.970209116499376, 1.8997012110088685, 1.7085934666615126, 1.273250185512175, 0.985424532453935, 0.7823909411992888, 2.8793387301100313, 2.9121599850645206, 2.1804787096203295]",2.826360284126108,0.985424532453935,"[1.72414847 2.24683366 1.89363699 1.711801   1.33095081 1.0145681
 0.68736038 1.40079375 1.51371792 0.60230853]",1.7241484721289566,1.014568100303551,5,13,70,11.128278732299805,1,993.0,0.0,0.0,614,gnm
gnm_615,51.76589336568335,"[2.973035050940555, 2.6575324090375867, 2.3343079390847192, 1.571322870387763, 0.7812694727368643, 0.9924606728709333, 0.7972310854099911, 2.3502592068668555, 2.3566688874541475, 0.7927440147807141]",2.973035050940555,0.9924606728709333,"[1.72414847 2.24683366 1.89363699 1.711801   1.33095081 1.0145681
 0.68736038 1.40079375 1.51371792 0.60230853]",1.7241484721289566,1.014568100303551,5,17,100,17.891809225082397,1,873.0,0.0,0.0,615,gnm
regular_616,9.435826092457319,"[2.987701233295937, 3.14112399842649, 2.7753737780364465, 1.79662281940386, 1.424874952456272, 3.1411411753939484, -1.1241663750252435, 2.771256886509957, 2.993897685470924, 2.140462669440992]",2.987701233295937,3.1411411753939484,"[1.72414847 2.24683366 1.89363699 1.711801   1.33095081 1.0145681
 0.68736038 1.40079375 1.51371792 0.60230853]",1.7241484721289566,1.014568100303551,5,8,12,2.986816644668579,1,1365.0,0.0,0.0,616,regular
regular_617,11.512342420631764,"[1.8638705787120091, 2.0954579094141392, 2.6607870740747224, 1.5790931336135003, 1.2225088571622924, 1.2426279547356431, 0.2970848955428499, 3.035724463259748, 2.559128341912656, 2.030556768478964]",1.8638705787120091,1.2426279547356431,"[1.72414847 2.24683366 1.89363699 1.711801   1.33095081 1.0145681
 0.68736038 1.40079375 1.51371792 0.60230853]",1.7241484721289566,1.014568100303551,5,13,13,4.369790315628052,1,1607.0,0.0,0.0,617,regular
gnm_618,13.351420565930319,"[2.901906059651834, 1.5463758017399174, 2.0886741829531252, 0.3742050172515601, 1.1063324132955843, 0.14879957248130793, 1.5347508810067771, 2.8411661132599666, 2.965200576228655, 1.5724941794642662]",2.901906059651834,0.14879957248130793,"[1.72414847 2.24683366 1.89363699 1.711801   1.33095081 1.0145681
 0.68736038 1.40079375 1.51371792 0.60230853]",1.7241484721289566,1.014568100303551,5,10,20,7.628623962402344,1,2173.0,0.0,0.0,618,gnm
watts_619,9.509787268078071,"[2.8760561570062073, 2.114808171597136, 1.5465718049068762, 1.9851845902880376, 1.0372125646595385, 1.6778737246538218, 1.4541451526955358, 2.6679564921909096, 2.9467994657733807, 1.8123602872874067]",2.8760561570062073,1.6778737246538218,"[1.72414847 2.24683366 1.89363699 1.711801   1.33095081 1.0145681
 0.68736038 1.40079375 1.51371792 0.60230853]",1.7241484721289566,1.014568100303551,5,7,14,2.4136054515838623,1,1052.0,0.0,0.0,619,watts
barabasi_620,5.479107770912378,"[1.9233515337646656, 1.5745130413706634, 2.0328196523826643, 1.8637735708363055, 1.4430194195789183, 1.4066701566868376, 1.0669635825147552, 1.9340419057700464, 2.830844326943624, 1.4045383259535962]",1.9233515337646656,1.4066701566868376,"[1.72414847 2.24683366 1.89363699 1.711801   1.33095081 1.0145681
 0.68736038 1.40079375 1.51371792 0.60230853]",1.7241484721289566,1.014568100303551,5,7,6,2.4447898864746094,1,1028.0,0.0,0.0,620,barabasi
gnm_621,57.0449664216394,"[2.9738981359171457, 2.244051834731446, 1.9841350741545332, 2.054046939535635, 1.5022455344377486, 0.9644674427203366, 0.8342795295730352, 2.3976982011178216, 3.1037695125786176, 1.5988728596395818]",2.9738981359171457,0.9644674427203366,"[1.72414847 2.24683366 1.89363699 1.711801   1.33095081 1.0145681
 0.68736038 1.40079375 1.51371792 0.60230853]",1.7241484721289566,1.014568100303551,5,17,113,14.84227728843689,1,690.0,0.0,0.0,621,gnm
barabasi_622,14.209665279886016,"[-0.2351888747073524, 2.0097634554464925, 3.133055513221513, 1.8898458281117874, 1.9405892615588345, 1.7198618404183685, 1.3533182041312952, 3.0204397457302234, 2.8710520919519436, 1.412248919262016]",-0.2351888747073524,1.7198618404183685,"[1.72414847 2.24683366 1.89363699 1.711801   1.33095081 1.0145681
 0.68736038 1.40079375 1.51371792 0.60230853]",1.7241484721289566,1.014568100303551,5,12,20,2.325274705886841,1,708.0,0.0,0.0,622,barabasi
barabasi_623,7.383261494122053,"[1.6773426243147933, 1.9151496242557697, 1.9193805676757245, 1.8507204489444335, 1.2490543889289047, 1.9468933191261457, 1.2702384755569922, 2.023809318976518, 1.345882196301949, 1.3784974775662486]",1.6773426243147933,1.9468933191261457,"[1.72414847 2.24683366 1.89363699 1.711801   1.33095081 1.0145681
 0.68736038 1.40079375 1.51371792 0.60230853]",1.7241484721289566,1.014568100303551,5,9,8,3.0589427947998047,1,1641.0,0.0,0.0,623,barabasi
gnm_624,8.396305610111995,"[1.2877564296268555, 2.1203071551521253, 2.094204081912323, 3.012025937583582, 1.5622594745492777, 1.502576148937648, -0.4953991772610673, 3.141058896255878, 3.133153571068597, 1.2323364362648452]",1.2877564296268555,1.502576148937648,"[1.72414847 2.24683366 1.89363699 1.711801   1.33095081 1.0145681
 0.68736038 1.40079375 1.51371792 0.60230853]",1.7241484721289566,1.014568100303551,5,8,11,1.7108843326568604,1,774.0,0.0,0.0,624,gnm
barabasi_625,9.103924085986614,"[2.89420732433783, 2.647824199362918, 3.141521868819881, 0.8255174392028111, 1.7619836429449012, 2.138290291712291, 0.4692289693419753, 3.003059310041327, 3.004349928279918, 1.7429237657625576]",2.89420732433783,2.138290291712291,"[1.72414847 2.24683366 1.89363699 1.711801   1.33095081 1.0145681
 0.68736038 1.40079375 1.51371792 0.60230853]",1.7241484721289566,1.014568100303551,5,11,10,4.762845754623413,1,2023.0,0.0,0.0,625,barabasi
regular_626,12.625126815594285,"[1.7382020251471764, 1.9790011864368666, 3.1218381423876504, 1.7564374835766792, 1.3337676202102018, 1.0474859154322123, 1.7490203410188605, 2.33882514997173, 1.3923421857140212, 0.4148092081904481]",1.7382020251471764,1.0474859154322123,"[1.72414847 2.24683366 1.89363699 1.711801   1.33095081 1.0145681
 0.68736038 1.40079375 1.51371792 0.60230853]",1.7241484721289566,1.014568100303551,5,9,18,2.6946637630462646,1,933.0,0.0,0.0,626,regular
gnm_627,12.496993439066657,"[2.9055293991733064, 2.0499007328532644, 1.738054882798742, 1.5824610249913353, 0.15161283790901364, 1.7405981275761104, 1.1260473507254858, 2.7959489143728202, 2.238340131893048, 1.2237047303794313]",2.9055293991733064,1.7405981275761104,"[1.72414847 2.24683366 1.89363699 1.711801   1.33095081 1.0145681
 0.68736038 1.40079375 1.51371792 0.60230853]",1.7241484721289566,1.014568100303551,5,10,18,3.8832449913024902,1,1265.0,0.0,0.0,627,gnm
gnm_628,8.46406028043748,"[2.032800981974035, 1.327559378674134, 2.1267032305499014, 3.071170401504342, 1.38642470502608, 1.4145090494580597, 1.0717114602206799, 2.0433690802642843, 2.580513913064114, 1.1904800579002883]",2.032800981974035,1.4145090494580597,"[1.72414847 2.24683366 1.89363699 1.711801   1.33095081 1.0145681
 0.68736038 1.40079375 1.51371792 0.60230853]",1.7241484721289566,1.014568100303551,5,7,12,2.3572001457214355,1,1170.0,0.0,0.0,628,gnm
regular_629,12.396900987457794,"[2.9495950478436557, 2.7350345336815503, 2.823996817902062, 2.030065777060909, 2.271637711954457, 2.1759694445685698, 0.5720593768647515, 1.7686706658214488, 1.8037892084259943, 1.3609419359382]",2.9495950478436557,2.1759694445685698,"[1.72414847 2.24683366 1.89363699 1.711801   1.33095081 1.0145681
 0.68736038 1.40079375 1.51371792 0.60230853]",1.7241484721289566,1.014568100303551,5,10,15,5.373108386993408,1,1919.0,0.0,0.0,629,regular
watts_630,11.947033016947671,"[2.917778518617833, 1.9949267459482027, 1.7484476299038654, 1.3350953058508246, 0.06983687718768339, 1.7060740669777528, 1.2349655499683116, 2.8175037774607965, 3.1402921791287417, 0.233575964118115]",2.917778518617833,1.7060740669777528,"[1.72414847 2.24683366 1.89363699 1.711801   1.33095081 1.0145681
 0.68736038 1.40079375 1.51371792 0.60230853]",1.7241484721289566,1.014568100303551,5,9,18,4.740818500518799,1,1651.0,0.0,0.0,630,watts
watts_631,17.431947850982272,"[1.596979210508903, 1.769873557016655, 2.622566812563397, 2.060261055021141, 3.1414097218071033, 1.5300984698448932, 1.3635723649743319, 1.823966291176385, 1.516642104114299, 0.04361717246688981]",1.596979210508903,1.5300984698448932,"[1.72414847 2.24683366 1.89363699 1.711801   1.33095081 1.0145681
 0.68736038 1.40079375 1.51371792 0.60230853]",1.7241484721289566,1.014568100303551,5,13,26,5.218501567840576,1,1115.0,0.0,0.0,631,watts
barabasi_632,35.083043678702786,"[3.0052156105925474, 2.8910230534058488, 1.894914178180494, 1.6587169596436093, 1.4762730752808984, 0.5340603734335683, 0.24450476577149355, 1.9621585844575034, 2.959567622491427, 2.78525132028739]",3.0052156105925474,0.5340603734335683,"[1.72414847 2.24683366 1.89363699 1.711801   1.33095081 1.0145681
 0.68736038 1.40079375 1.51371792 0.60230853]",1.7241484721289566,1.014568100303551,5,20,51,14.912131786346436,1,1182.0,0.0,0.0,632,barabasi
regular_633,28.75124119062894,"[1.7149028592409632, 1.8967227317576412, 3.062476889986674, 2.073373546972543, 1.4933575270780093, 1.010433866015081, 0.5361854158591826, 2.0784034194813237, 2.008247385917514, 0.8680309963836725]",1.7149028592409632,1.010433866015081,"[1.72414847 2.24683366 1.89363699 1.711801   1.33095081 1.0145681
 0.68736038 1.40079375 1.51371792 0.60230853]",1.7241484721289566,1.014568100303551,5,19,38,9.220055341720581,1,1191.0,0.0,0.0,633,regular
barabasi_634,21.220498509261343,"[2.914990786375589, 1.9029423014542908, 1.791736225667088, 1.8203860298883154, 0.3371189148759945, 1.7482539700275397, 1.302347760965097, 2.836918540474197, 2.9660374389309934, 1.480284793756083]",2.914990786375589,1.7482539700275397,"[1.72414847 2.24683366 1.89363699 1.711801   1.33095081 1.0145681
 0.68736038 1.40079375 1.51371792 0.60230853]",1.7241484721289566,1.014568100303551,5,17,30,6.635486125946045,1,1178.0,0.0,0.0,634,barabasi
watts_635,5.453324699156838,"[1.3355132760077053, 1.935625604834679, 3.0078599907816628, 1.9585893950834796, 2.9508489413914676, 0.9323120168432305, 1.203704013293696, 3.114822094295013, 2.139921685979025, 2.5375832729225745]",1.3355132760077053,0.9323120168432305,"[1.72414847 2.24683366 1.89363699 1.711801   1.33095081 1.0145681
 0.68736038 1.40079375 1.51371792 0.60230853]",1.7241484721289566,1.014568100303551,5,7,7,1.9369077682495117,1,1536.0,0.0,0.0,635,watts
barabasi_636,10.672920156881863,"[1.7873462691359046, 1.5976933456674605, 1.9162377939991555, 1.8867214971369028, 1.7924397824215863, 1.4701032908456635, 1.1568096582120369, 1.726639138712056, 1.305519577682833, 1.7678892822168566]",1.7873462691359046,1.4701032908456635,"[1.72414847 2.24683366 1.89363699 1.711801   1.33095081 1.0145681
 0.68736038 1.40079375 1.51371792 0.60230853]",1.7241484721289566,1.014568100303551,5,13,12,3.566559314727783,1,1370.0,0.0,0.0,636,barabasi
regular_637,15.564228245045474,"[1.2761564052838965, 2.227943863300091, 3.0333388743375878, 2.302671830947898, 3.1412350365211323, 1.4674685637529383, 0.588911371498785, 2.2073190327909233, 2.2002893929622993, 1.1155455542930277]",1.2761564052838965,1.4674685637529383,"[1.72414847 2.24683366 1.89363699 1.711801   1.33095081 1.0145681
 0.68736038 1.40079375 1.51371792 0.60230853]",1.7241484721289566,1.014568100303551,5,14,21,5.436300277709961,1,1430.0,0.0,0.0,637,regular
gnm_638,17.106144105274325,"[2.9324264986185558, 2.852598382449802, 2.3419236114588844, 1.7224111356964358, 1.499749962986479, 0.8748517926488738, 0.6821234166709561, 1.355191405241964, 1.3620002767974055, 0.6679078480268136]",2.9324264986185558,0.8748517926488738,"[1.72414847 2.24683366 1.89363699 1.711801   1.33095081 1.0145681
 0.68736038 1.40079375 1.51371792 0.60230853]",1.7241484721289566,1.014568100303551,5,9,30,5.359209775924683,1,1216.0,0.0,0.0,638,gnm
regular_639,26.742794428608224,"[1.7110685187386943, 1.8477608055457244, 3.03881487809201, 2.098035184772824, 1.0178158428071313, 1.0337692659228446, 0.9229465132322894, 1.7283803212602038, 1.3911000002154639, 0.1369099099473644]",1.7110685187386943,1.0337692659228446,"[1.72414847 2.24683366 1.89363699 1.711801   1.33095081 1.0145681
 0.68736038 1.40079375 1.51371792 0.60230853]",1.7241484721289566,1.014568100303551,5,18,36,11.501593828201294,1,1727.0,0.0,0.0,639,regular
gnm_640,78.28173384368014,"[2.8816589543485023, 2.0159278495391426, 1.9552345757827019, 1.4829321259848451, 1.2733065423264582, 0.8903986656707008, 0.8690423070037337, 3.13653456198463, 3.1390820094301866, 2.3730472031174945]",2.8816589543485023,0.8903986656707008,"[1.72414847 2.24683366 1.89363699 1.711801   1.33095081 1.0145681
 0.68736038 1.40079375 1.51371792 0.60230853]",1.7241484721289566,1.014568100303551,5,19,154,27.479332208633423,1,935.0,0.0,0.0,640,gnm
gnm_641,13.946658688660591,"[0.7116585179285015, 2.2110821934920084, 3.141592070703141, 1.9485298540704137, 3.141454424807155, 1.5733130528997972, 0.9830284936415966, 2.4745760791326665, 2.1413132522172686, 1.0457131752664302]",0.7116585179285015,1.5733130528997972,"[1.72414847 2.24683366 1.89363699 1.711801   1.33095081 1.0145681
 0.68736038 1.40079375 1.51371792 0.60230853]",1.7241484721289566,1.014568100303551,5,10,23,1.8015694618225098,1,606.0,0.0,0.0,641,gnm
regular_642,10.77466865146937,"[2.8538714281469435, 3.0256961950621837, 3.140390105093908, 1.3673018575825173, 1.8792412805937349, 1.9875655503997502, 0.25806247926981735, 3.1404947140345585, 2.9640153899382025, 1.24148629422745]",2.8538714281469435,1.9875655503997502,"[1.72414847 2.24683366 1.89363699 1.711801   1.33095081 1.0145681
 0.68736038 1.40079375 1.51371792 0.60230853]",1.7241484721289566,1.014568100303551,5,10,15,3.7832882404327393,1,1714.0,0.0,0.0,642,regular
barabasi_643,26.005522833953954,"[2.98134241085845, 2.880553662432652, 3.1287182753551943, 1.6808118167358685, 1.1587673310351416, 0.4974244631877102, 3.141393067736254, 1.8950185506267072, 1.56013124048503, 1.7882526297656294]",2.98134241085845,0.4974244631877102,"[1.72414847 2.24683366 1.89363699 1.711801   1.33095081 1.0145681
 0.68736038 1.40079375 1.51371792 0.60230853]",1.7241484721289566,1.014568100303551,5,20,36,12.429877281188965,1,1330.0,0.0,0.0,643,barabasi
watts_644,11.984806912563748,"[2.881246462838524, 2.671107650636843, 3.1343712076500783, 1.6072455772562408, 1.0269113858653964, 2.107799352463211, 1.648813915234416, 1.8432183384462835, 3.110533852499448, 1.7711213030517263]",2.881246462838524,2.107799352463211,"[1.72414847 2.24683366 1.89363699 1.711801   1.33095081 1.0145681
 0.68736038 1.40079375 1.51371792 0.60230853]",1.7241484721289566,1.014568100303551,5,14,14,3.106165885925293,1,1169.0,0.0,0.0,644,watts
watts_645,6.394372531258398,"[2.885405795991207, 2.9991135572812313, 3.1415469438392156, 0.8931243945711009, 1.742939394500423, 0.24473835972866875, 1.7268254893692094, 3.140947186072391, 3.0338912793102777, 1.7273454783519098]",2.885405795991207,0.24473835972866875,"[1.72414847 2.24683366 1.89363699 1.711801   1.33095081 1.0145681
 0.68736038 1.40079375 1.51371792 0.60230853]",1.7241484721289566,1.014568100303551,5,8,8,2.337001323699951,1,1704.0,0.0,0.0,645,watts
gnm_646,28.66671625922089,"[2.8346107609429394, 2.280933260141064, 1.8653544963376238, 1.7531609118675386, 1.2228553189592615, 0.9814152627427375, 0.7578613049314042, 3.1414557994849925, 3.141536940766446, 1.3799682392186963]",2.8346107609429394,0.9814152627427375,"[1.72414847 2.24683366 1.89363699 1.711801   1.33095081 1.0145681
 0.68736038 1.40079375 1.51371792 0.60230853]",1.7241484721289566,1.014568100303551,5,12,56,6.184014797210693,1,692.0,0.0,0.0,646,gnm
watts_647,13.92404171084529,"[2.880036026681755, 2.657541255916186, 3.1069721335813014, 2.408843578170984, 0.1653484767497553, 0.633594195047195, 2.086671058087477, 3.1360348412127967, 2.978187595346285, 1.995709987352091]",2.880036026681755,0.633594195047195,"[1.72414847 2.24683366 1.89363699 1.711801   1.33095081 1.0145681
 0.68736038 1.40079375 1.51371792 0.60230853]",1.7241484721289566,1.014568100303551,5,16,16,7.034345865249634,1,2027.0,0.0,0.0,647,watts
regular_648,24.149920969998888,"[1.7199134521343917, 1.9806944579610215, 3.026747544700781, 1.926845982777385, 1.509743544470927, 0.983229992923881, 0.32334980819292125, 2.397919672559053, 2.3371028744668987, 0.6277696245203479]",1.7199134521343917,0.983229992923881,"[1.72414847 2.24683366 1.89363699 1.711801   1.33095081 1.0145681
 0.68736038 1.40079375 1.51371792 0.60230853]",1.7241484721289566,1.014568100303551,5,16,32,8.745288848876953,1,1337.0,0.0,0.0,648,regular
regular_649,7.9606151716801605,"[1.8767585118331849, 2.132876448381527, 2.6855427219823893, 1.5930147536713122, 1.2335919838976026, 1.1869216658916146, 0.25092760169630524, 3.0255528052562704, 2.574366195887656, 2.0442946346711954]",1.8767585118331849,1.1869216658916146,"[1.72414847 2.24683366 1.89363699 1.711801   1.33095081 1.0145681
 0.68736038 1.40079375 1.51371792 0.60230853]",1.7241484721289566,1.014568100303551,5,9,9,2.216662883758545,1,1029.0,0.0,0.0,649,regular
watts_650,17.569349353200657,"[1.6331157900835602, 2.062501984647864, 2.886607973723172, 1.7504685768067718, 2.198139128199566, 1.028123136856692, 0.40147334917316635, 2.2630975291759015, 2.973323227820185, 1.2957849175411473]",1.6331157900835602,1.028123136856692,"[1.72414847 2.24683366 1.89363699 1.711801   1.33095081 1.0145681
 0.68736038 1.40079375 1.51371792 0.60230853]",1.7241484721289566,1.014568100303551,5,20,20,5.926374435424805,1,1154.0,0.0,0.0,650,watts
watts_651,10.26420508738337,"[2.854517619788567, 2.7269618536763067, 2.8537381707790943, 0.7166937017772994, 2.2202341665594654, 2.1594013134962093, 0.3516194817196826, 3.1415712650514993, 3.065445409257705, 1.7623592774430703]",2.854517619788567,2.1594013134962093,"[1.72414847 2.24683366 1.89363699 1.711801   1.33095081 1.0145681
 0.68736038 1.40079375 1.51371792 0.60230853]",1.7241484721289566,1.014568100303551,5,12,12,3.403555154800415,1,1596.0,0.0,0.0,651,watts
watts_652,13.720426946550043,"[2.8448383746864874, 3.140077322748031, 3.141557412864432, 1.5834353577326765, 1.0307964966977436, 1.6276777746574556, 0.9976669608718478, 2.591408166631557, 3.1415882676146967, 1.8377778263713813]",2.8448383746864874,1.6276777746574556,"[1.72414847 2.24683366 1.89363699 1.711801   1.33095081 1.0145681
 0.68736038 1.40079375 1.51371792 0.60230853]",1.7241484721289566,1.014568100303551,5,17,17,2.947880983352661,1,782.0,0.0,0.0,652,watts
watts_653,6.771315721834242,"[2.954952788602493, 2.9959336235661995, 2.934600527271874, 1.5796890792541745, 1.1698102156311982, 1.108056253112813, 1.1051406775748631, 2.1388429496936734, 2.404264152289729, 1.9505967780720286]",2.954952788602493,1.108056253112813,"[1.72414847 2.24683366 1.89363699 1.711801   1.33095081 1.0145681
 0.68736038 1.40079375 1.51371792 0.60230853]",1.7241484721289566,1.014568100303551,5,9,9,1.371274471282959,1,788.0,0.0,0.0,653,watts
regular_654,25.540189221542388,"[1.711153407527358, 1.8909794940986147, 3.040738791963091, 2.0655347537715274, 1.4692528069457822, 0.9629522514031736, 0.4837201044160794, 2.0213863463131387, 1.96233926238249, 0.8454329603814529]",1.711153407527358,0.9629522514031736,"[1.72414847 2.24683366 1.89363699 1.711801   1.33095081 1.0145681
 0.68736038 1.40079375 1.51371792 0.60230853]",1.7241484721289566,1.014568100303551,5,16,32,8.051597833633423,1,1217.0,0.0,0.0,654,regular
barabasi_655,5.759816992477681,"[2.8256436092974866, 2.5040973818227106, 2.70607533357751, 1.5204430886535603, 1.8338667266856052, 1.0515201328397554, 1.268119376123244, 2.438433025940904, 2.414702379516831, 1.2516195688256406]",2.8256436092974866,1.0515201328397554,"[1.72414847 2.24683366 1.89363699 1.711801   1.33095081 1.0145681
 0.68736038 1.40079375 1.51371792 0.60230853]",1.7241484721289566,1.014568100303551,5,8,7,1.9639880657196045,1,1234.0,0.0,0.0,655,barabasi
gnm_656,37.07193431623282,"[2.961971105965087, 1.8286357302911547, 1.718281077703585, 1.3673735122565591, 1.3310438767302237, 1.6784149389193952, 1.7250311336159556, 2.932273819197162, 3.0932872184575437, 1.7180342842306984]",2.961971105965087,1.6784149389193952,"[1.72414847 2.24683366 1.89363699 1.711801   1.33095081 1.0145681
 0.68736038 1.40079375 1.51371792 0.60230853]",1.7241484721289566,1.014568100303551,5,17,60,268.49928045272827,1,1165.0,0.0,0.0,656,gnm
gnm_657,7.9280500379089744,"[0.26271638348138093, 2.4968901801127643, 3.1415874814038025, 2.640041182968204, 3.141583876570426, 1.3700937457051798, 3.108266950436062, 0.30354922422696806, 2.032863635526459, 1.2975370777124229]",0.26271638348138093,1.3700937457051798,"[1.72414847 2.24683366 1.89363699 1.711801   1.33095081 1.0145681
 0.68736038 1.40079375 1.51371792 0.60230853]",1.7241484721289566,1.014568100303551,5,8,11,3.3271446228027344,1,1722.0,0.0,0.0,657,gnm
barabasi_658,9.13158631019001,"[2.799347362528883, 3.141314586177579, 3.1305985061909163, 1.1633109528695869, 1.4972035379607713, -0.1391100806695777, 2.0793957706979613, 3.1410550689987566, 2.9995342622907972, 1.801462064591521]",2.799347362528883,-0.1391100806695777,"[1.72414847 2.24683366 1.89363699 1.711801   1.33095081 1.0145681
 0.68736038 1.40079375 1.51371792 0.60230853]",1.7241484721289566,1.014568100303551,5,12,11,2.380051374435425,1,1046.0,0.0,0.0,658,barabasi
watts_659,24.86093207817773,"[2.7889353909849217, 2.3987359995483883, 1.3344441021599411, 1.6968074915518223, 0.9650798886857942, 1.6760346159933501, 0.06752415481424494, 2.9016924719155464, 3.0504983188404884, 1.7509762116815981]",2.7889353909849217,1.6760346159933501,"[1.72414847 2.24683366 1.89363699 1.711801   1.33095081 1.0145681
 0.68736038 1.40079375 1.51371792 0.60230853]",1.7241484721289566,1.014568100303551,5,18,36,9.695884704589844,1,1413.0,0.0,0.0,659,watts
gnm_660,54.60172036118795,"[3.0317706852089206, 0.8887663462766207, 2.314146075031595, 1.3345437865010652, 1.464186641130134, 2.205743307498017, 1.569077464284879, 2.964291565776498, 3.0239788218722685, 1.8041881988474655]",3.0317706852089206,2.205743307498017,"[1.72414847 2.24683366 1.89363699 1.711801   1.33095081 1.0145681
 0.68736038 1.40079375 1.51371792 0.60230853]",1.7241484721289566,1.014568100303551,5,20,89,22.285027027130127,1,1056.0,0.0,0.0,660,gnm
gnm_661,31.863511400530456,"[2.098391163383675, 2.37118547912239, 1.8455938327673638, 1.571511284472654, 0.772511565712906, 1.148890928016028, 0.8105898766988336, 2.2574258881630556, 2.26706491634803, 0.7565373914177078]",2.098391163383675,1.148890928016028,"[1.72414847 2.24683366 1.89363699 1.711801   1.33095081 1.0145681
 0.68736038 1.40079375 1.51371792 0.60230853]",1.7241484721289566,1.014568100303551,5,12,61,12.611821174621582,1,1485.0,0.0,0.0,661,gnm
regular_662,12.425119040279242,"[-0.282307590849623, 2.226672325182437, 3.109961534353854, 1.4767347460578562, 1.956286517940582, 1.6940565286819511, 3.1397050538132323, 3.138807285389536, 2.7792783737569184, 1.3449793083843642]",-0.282307590849623,1.6940565286819511,"[1.72414847 2.24683366 1.89363699 1.711801   1.33095081 1.0145681
 0.68736038 1.40079375 1.51371792 0.60230853]",1.7241484721289566,1.014568100303551,5,9,18,1.8115792274475098,1,636.0,0.0,0.0,662,regular
regular_663,15.063854744177913,"[1.8390315758552997, 2.1252901483303823, 2.607332207876322, 1.614266290688264, 1.2078187183118598, 1.2664511582580449, 0.27837713455329316, 2.8515602927634385, 2.772653945234417, 2.005768195358298]",1.8390315758552997,1.2664511582580449,"[1.72414847 2.24683366 1.89363699 1.711801   1.33095081 1.0145681
 0.68736038 1.40079375 1.51371792 0.60230853]",1.7241484721289566,1.014568100303551,5,17,17,5.859001636505127,1,1708.0,0.0,0.0,663,regular
gnm_664,17.096411909762317,"[2.8504793003593525, 1.8586608752423457, 1.8460690113851297, 1.4054471118211993, 1.2243114195197127, 1.6968871225809121, 1.4340305798160955, 2.8965073641444277, 3.136042138884604, 1.7430207687342774]",2.8504793003593525,1.6968871225809121,"[1.72414847 2.24683366 1.89363699 1.711801   1.33095081 1.0145681
 0.68736038 1.40079375 1.51371792 0.60230853]",1.7241484721289566,1.014568100303551,5,13,25,5.702591419219971,1,1224.0,0.0,0.0,664,gnm
barabasi_665,6.3289224062476706,"[2.8322002507778796, 2.587314067010656, 3.1120950891800456, 0.6597172705974537, 1.9102565034447374, 0.5671310466424724, 1.9465392352737068, 3.135377798745701, 3.109011287602678, 1.786835187628066]",2.8322002507778796,0.5671310466424724,"[1.72414847 2.24683366 1.89363699 1.711801   1.33095081 1.0145681
 0.68736038 1.40079375 1.51371792 0.60230853]",1.7241484721289566,1.014568100303551,5,8,7,2.4241585731506348,1,1674.0,0.0,0.0,665,barabasi
barabasi_666,6.953159571450186,"[2.008533464463494, 1.4726932895188112, 2.1002110717535345, 1.8876958631299112, 1.1940136513010509, 1.44449373841028, 1.1127107440154853, 3.1337842593608047, 2.8980253521498547, 1.7664942543912874]",2.008533464463494,1.44449373841028,"[1.72414847 2.24683366 1.89363699 1.711801   1.33095081 1.0145681
 0.68736038 1.40079375 1.51371792 0.60230853]",1.7241484721289566,1.014568100303551,5,9,8,1.6830780506134033,1,988.0,0.0,0.0,666,barabasi
gnm_667,63.3369358506328,"[2.808048272837209, 2.9946415637705215, 2.0092326329152903, 1.5635922028486524, 1.4043584980731185, 1.3389396196876193, 0.7475660637683695, 2.4172742773205127, 2.4623110074615298, 1.5560318394162542]",2.808048272837209,1.3389396196876193,"[1.72414847 2.24683366 1.89363699 1.711801   1.33095081 1.0145681
 0.68736038 1.40079375 1.51371792 0.60230853]",1.7241484721289566,1.014568100303551,5,17,124,23.43801498413086,1,720.0,0.0,0.0,667,gnm
watts_668,15.426974456233921,"[2.8664689881062433, 2.633719324575576, 2.842392124951807, 1.3449314092027844, 1.5201090988908632, 0.5936238742599519, 1.9994329497047678, 3.1387469856945547, 3.125426055837847, 1.7959142744173988]",2.8664689881062433,0.5936238742599519,"[1.72414847 2.24683366 1.89363699 1.711801   1.33095081 1.0145681
 0.68736038 1.40079375 1.51371792 0.60230853]",1.7241484721289566,1.014568100303551,5,18,18,5.457976579666138,1,898.0,0.0,0.0,668,watts
barabasi_669,7.219731145823118,"[2.8508857840198187, 2.561757475319272, 2.924030538442131, 2.6287750297651424, 0.12827048470856384, 2.1200052559654097, 0.38323208045327717, 3.1124225431081376, 3.108923007919751, 1.832574623539915]",2.8508857840198187,2.1200052559654097,"[1.72414847 2.24683366 1.89363699 1.711801   1.33095081 1.0145681
 0.68736038 1.40079375 1.51371792 0.60230853]",1.7241484721289566,1.014568100303551,5,9,8,2.6839544773101807,1,1152.0,0.0,0.0,669,barabasi
regular_670,6.778225094196387,"[1.279714831046646, 2.269235903699542, 2.9100886020939654, 1.863529239217943, 2.8102868361436624, 1.2127499881640698, 0.9136169646259465, 2.711428431806656, 1.8453779888072301, 0.4914528954572459]",1.279714831046646,1.2127499881640698,"[1.72414847 2.24683366 1.89363699 1.711801   1.33095081 1.0145681
 0.68736038 1.40079375 1.51371792 0.60230853]",1.7241484721289566,1.014568100303551,5,6,9,8.772318363189697,1,1635.0,0.0,0.0,670,regular
gnm_671,47.97976291629057,"[1.6173979870406425, 1.827224438475921, 3.087545036369848, 1.595216973667517, 1.504505315167936, 1.143242918662546, 1.7185642868040465, 1.8413187466432073, 1.6260572605428891, 0.7889805493853623]",1.6173979870406425,1.143242918662546,"[1.72414847 2.24683366 1.89363699 1.711801   1.33095081 1.0145681
 0.68736038 1.40079375 1.51371792 0.60230853]",1.7241484721289566,1.014568100303551,5,19,79,23.59798288345337,1,933.0,0.0,0.0,671,gnm
barabasi_672,11.022865887414616,"[1.7687488670372074, 2.0958924173761466, 1.3145412363761673, 1.6874782165758246, 1.838647323856617, 1.828217587702448, 0.12962814069028103, 2.912789795272821, 2.7033141868356627, 0.3288275620560084]",1.7687488670372074,1.828217587702448,"[1.72414847 2.24683366 1.89363699 1.711801   1.33095081 1.0145681
 0.68736038 1.40079375 1.51371792 0.60230853]",1.7241484721289566,1.014568100303551,5,15,14,3.1108498573303223,1,1169.0,0.0,0.0,672,barabasi
gnm_673,10.053196954135274,"[1.8403787960707971, 2.0580898883836047, 2.8951560107874963, 1.8897658776893205, 1.4653005808870811, 1.2508765270972828, 0.5193021036283783, 1.795326103484525, 1.9693228465606614, 0.6251568218362832]",1.8403787960707971,1.2508765270972828,"[1.72414847 2.24683366 1.89363699 1.711801   1.33095081 1.0145681
 0.68736038 1.40079375 1.51371792 0.60230853]",1.7241484721289566,1.014568100303551,5,7,17,2.833970785140991,1,1236.0,0.0,0.0,673,gnm
regular_674,10.656120572756384,"[0.41581650105793266, 2.4474776559410545, 3.1413938012084826, 2.0891896230699474, 1.2446792316475643, 1.2447801429281276, 2.793452312805563, 1.400895727364149, 1.7872260666542203, 0.5819780143323321]",0.41581650105793266,1.2447801429281276,"[1.72414847 2.24683366 1.89363699 1.711801   1.33095081 1.0145681
 0.68736038 1.40079375 1.51371792 0.60230853]",1.7241484721289566,1.014568100303551,5,12,12,2.1638078689575195,1,941.0,0.0,0.0,674,regular
gnm_675,67.8598766524319,"[2.9866716267837665, 2.1534668851721426, 1.9149591650111257, 1.4952173019005426, 1.297384710687048, 0.8937780338444484, 0.7369352510601925, 3.134774609416727, 3.141225683842271, 2.499642892149355]",2.9866716267837665,0.8937780338444484,"[1.72414847 2.24683366 1.89363699 1.711801   1.33095081 1.0145681
 0.68736038 1.40079375 1.51371792 0.60230853]",1.7241484721289566,1.014568100303551,5,18,132,17.50853180885315,1,681.0,0.0,0.0,675,gnm
watts_676,7.434316148127277,"[2.893197227208624, 2.6817824228997864, 2.5522224914758826, 2.098392381132408, 1.117210853629481, 2.065358416309212, 1.8890277423446014, 2.6244808486030404, 3.1325735686404053, 2.2858855464421945]",2.893197227208624,2.065358416309212,"[1.72414847 2.24683366 1.89363699 1.711801   1.33095081 1.0145681
 0.68736038 1.40079375 1.51371792 0.60230853]",1.7241484721289566,1.014568100303551,5,9,9,2.2879629135131836,1,1428.0,0.0,0.0,676,watts
gnm_677,19.10381648902832,"[2.9889638643777525, 3.141508443372445, 1.518747475299577, 1.9937627761915624, 0.3156086547925713, 1.795964954849537, 1.4795839662254548, 3.1155788714893937, 2.8540267431179873, 1.355156173224408]",2.9889638643777525,1.795964954849537,"[1.72414847 2.24683366 1.89363699 1.711801   1.33095081 1.0145681
 0.68736038 1.40079375 1.51371792 0.60230853]",1.7241484721289566,1.014568100303551,5,10,31,4.082469701766968,1,864.0,0.0,0.0,677,gnm
watts_678,13.827736410238066,"[2.8331653940375565, 3.1369343909920246, 3.0339839617412347, 1.474709016089837, 1.228357864913121, 0.5269208662289584, 3.1397237090036425, 3.141582475412009, 3.1412515217341666, 1.8497096218371794]",2.8331653940375565,0.5269208662289584,"[1.72414847 2.24683366 1.89363699 1.711801   1.33095081 1.0145681
 0.68736038 1.40079375 1.51371792 0.60230853]",1.7241484721289566,1.014568100303551,5,17,17,3.368986129760742,1,847.0,0.0,0.0,678,watts
gnm_679,79.5876317071709,"[3.045430898814836, 1.6907685710321487, 1.6452563762798298, 1.6244759504616046, 1.1257160472862262, 1.9172870942905025, 1.6028700689316888, 3.141491627958565, 3.133763386410992, 1.8060357296480847]",3.045430898814836,1.9172870942905025,"[1.72414847 2.24683366 1.89363699 1.711801   1.33095081 1.0145681
 0.68736038 1.40079375 1.51371792 0.60230853]",1.7241484721289566,1.014568100303551,5,20,143,31.848979473114014,1,890.0,0.0,0.0,679,gnm
gnm_680,31.177390677211275,"[2.873720430001568, 2.968089580178332, 1.9633180935441141, 2.4283509300551716, 0.45415749213049883, 0.8539885204787159, 0.6922407827646324, 3.122301072406244, 3.1413093450381506, 2.3680906436516085]",2.873720430001568,0.8539885204787159,"[1.72414847 2.24683366 1.89363699 1.711801   1.33095081 1.0145681
 0.68736038 1.40079375 1.51371792 0.60230853]",1.7241484721289566,1.014568100303551,5,12,59,12.1005539894104,1,1330.0,0.0,0.0,680,gnm
regular_681,18.196960361402784,"[1.7323262586436268, 2.0549578917496114, 2.825273436526336, 1.7824747789500857, 1.559533266511966, 1.0720523548170333, 1.8522173756525109, 1.4917555971921894, 1.8458053366026328, 0.7699650461989579]",1.7323262586436268,1.0720523548170333,"[1.72414847 2.24683366 1.89363699 1.711801   1.33095081 1.0145681
 0.68736038 1.40079375 1.51371792 0.60230853]",1.7241484721289566,1.014568100303551,5,13,26,3.7752652168273926,1,821.0,0.0,0.0,681,regular
gnm_682,60.202180169665546,"[2.9666836605071225, 2.2548544309283436, 1.954263875913993, 1.152758838666208, 1.5997675207816662, 0.9385512946664261, 0.9978178073624456, 3.101418611270814, 3.0974268011311423, 2.2831926809970513]",2.9666836605071225,0.9385512946664261,"[1.72414847 2.24683366 1.89363699 1.711801   1.33095081 1.0145681
 0.68736038 1.40079375 1.51371792 0.60230853]",1.7241484721289566,1.014568100303551,5,18,118,19.573033332824707,1,889.0,0.0,0.0,682,gnm
barabasi_683,7.571915126096411,"[2.823495365878271, 3.141567854979379, 2.945335035708662, 1.0668381747956799, 1.6515563305618826, 1.3909060587368742, 0.5767092777943931, 3.1415836210573627, 2.9894168388963065, 1.793410523836736]",2.823495365878271,1.3909060587368742,"[1.72414847 2.24683366 1.89363699 1.711801   1.33095081 1.0145681
 0.68736038 1.40079375 1.51371792 0.60230853]",1.7241484721289566,1.014568100303551,5,10,9,1.8512458801269531,1,1114.0,0.0,0.0,683,barabasi
gnm_684,45.04374160956426,"[2.9902749520417964, 2.7331799599759172, 1.925703216528248, 1.9498821870402225, 0.24789201535036415, 1.6925918531188613, 0.00598232396076871, 3.1399700402423414, 2.8006717172901316, 1.3515194371160917]",2.9902749520417964,1.6925918531188613,"[1.72414847 2.24683366 1.89363699 1.711801   1.33095081 1.0145681
 0.68736038 1.40079375 1.51371792 0.60230853]",1.7241484721289566,1.014568100303551,5,20,71,15.155204057693481,1,863.0,0.0,0.0,684,gnm
watts_685,23.067443180046514,"[1.6544005723182387, 1.8228316961722357, 3.050511849182616, 1.9968395664490655, 1.0733246471766185, 1.211793666788677, 0.4536296422320154, 2.1441944937479676, 1.3986777889839277, 0.16425488418543926]",1.6544005723182387,1.211793666788677,"[1.72414847 2.24683366 1.89363699 1.711801   1.33095081 1.0145681
 0.68736038 1.40079375 1.51371792 0.60230853]",1.7241484721289566,1.014568100303551,5,16,32,11.080785036087036,1,1915.0,0.0,0.0,685,watts
regular_686,27.44672392774188,"[1.7211258524961541, 1.9379924136517226, 3.0609500589220118, 2.0641512350771296, 1.5071267195284888, 1.0042181079644665, 0.42812484763406333, 2.2178630203593266, 1.9754405758638263, 0.9360179142276067]",1.7211258524961541,1.0042181079644665,"[1.72414847 2.24683366 1.89363699 1.711801   1.33095081 1.0145681
 0.68736038 1.40079375 1.51371792 0.60230853]",1.7241484721289566,1.014568100303551,5,18,36,6.858648777008057,1,1022.0,0.0,0.0,686,regular
gnm_687,60.63129765135379,"[3.037288896414994, 2.2528467384713293, 1.135170461054115, 1.6304518788410118, 1.039754646898741, 1.904079812271315, 1.5702183723846415, 3.1415634712218825, 3.1298397328675187, 1.808820534961739]",3.037288896414994,1.904079812271315,"[1.72414847 2.24683366 1.89363699 1.711801   1.33095081 1.0145681
 0.68736038 1.40079375 1.51371792 0.60230853]",1.7241484721289566,1.014568100303551,5,17,108,12.21239447593689,1,600.0,0.0,0.0,687,gnm
watts_688,8.112471572646907,"[2.84345136314068, 3.141519291908094, 3.139710322951308, 1.7824949215002017, 0.7976917801481402, 1.62186331978593, 0.5059567792609622, 3.132792249412565, 3.141588049642972, 1.856790618166706]",2.84345136314068,1.62186331978593,"[1.72414847 2.24683366 1.89363699 1.711801   1.33095081 1.0145681
 0.68736038 1.40079375 1.51371792 0.60230853]",1.7241484721289566,1.014568100303551,5,10,10,0.8228545188903809,1,451.0,0.0,0.0,688,watts
gnm_689,79.60806639446638,"[3.0485685833568574, 1.8990956177776748, 1.358600714840966, 1.4981368969897026, 1.317924041163442, 1.9271656252756713, 1.579935168507422, 3.1306817290602655, 3.098164382954781, 1.821485107881746]",3.0485685833568574,1.9271656252756713,"[1.72414847 2.24683366 1.89363699 1.711801   1.33095081 1.0145681
 0.68736038 1.40079375 1.51371792 0.60230853]",1.7241484721289566,1.014568100303551,5,20,142,22.92313551902771,1,639.0,0.0,0.0,689,gnm
gnm_690,84.08187732331818,"[2.678082775076425, 2.817001759554697, 1.5914157477235815, 1.59415618957437, 0.19678412583961125, 1.5713307863056207, 0.9875411118286148, 2.73696840786074, 1.8120737390617352, 0.8040526689639501]",2.678082775076425,1.5713307863056207,"[1.72414847 2.24683366 1.89363699 1.711801   1.33095081 1.0145681
 0.68736038 1.40079375 1.51371792 0.60230853]",1.7241484721289566,1.014568100303551,5,19,168,33.45073580741882,1,1054.0,0.0,0.0,690,gnm
barabasi_691,9.245260461614231,"[2.9571701601849947, 3.1415066766103803, 2.732035857552317, 1.247594243050006, 1.5754403472580727, 1.0838695221487602, 0.8328647286565861, 3.141592438831427, 2.832072140492655, 1.8841332294499444]",2.9571701601849947,1.0838695221487602,"[1.72414847 2.24683366 1.89363699 1.711801   1.33095081 1.0145681
 0.68736038 1.40079375 1.51371792 0.60230853]",1.7241484721289566,1.014568100303551,5,11,10,1.8670258522033691,1,1156.0,0.0,0.0,691,barabasi
barabasi_692,12.378445155609807,"[1.3834270094477292, 2.0393786064060375, 2.474204880155407, 1.0406613218383005, 0.3261371704410181, 1.3234337824138367, 1.2854645722978755, 3.140867154129948, 2.9016540984668886, 1.391158103696501]",1.3834270094477292,1.3234337824138367,"[1.72414847 2.24683366 1.89363699 1.711801   1.33095081 1.0145681
 0.68736038 1.40079375 1.51371792 0.60230853]",1.7241484721289566,1.014568100303551,5,15,14,3.474919557571411,1,1335.0,0.0,0.0,692,barabasi
gnm_693,15.450215295507974,"[2.9938630675955213, 2.920736231794419, 1.2678404598489095, 1.9383852334462923, 0.38779740862116885, 2.073623283078107, 0.5362096643029168, 3.1294846794169278, 2.814353232708844, 1.3881292284882907]",2.9938630675955213,2.073623283078107,"[1.72414847 2.24683366 1.89363699 1.711801   1.33095081 1.0145681
 0.68736038 1.40079375 1.51371792 0.60230853]",1.7241484721289566,1.014568100303551,5,9,24,3.931973934173584,1,1079.0,0.0,0.0,693,gnm
regular_694,13.273361847405242,"[1.8486385746793452, 2.0919518985572205, 2.6625820933888313, 1.5842276679052554, 1.2191221299470798, 1.2429360896810877, 0.29113239617477693, 2.969563087620342, 2.637991418561049, 2.0069416663266795]",1.8486385746793452,1.2429360896810877,"[1.72414847 2.24683366 1.89363699 1.711801   1.33095081 1.0145681
 0.68736038 1.40079375 1.51371792 0.60230853]",1.7241484721289566,1.014568100303551,5,15,15,4.425422191619873,1,1545.0,0.0,0.0,694,regular
watts_695,15.147245435017911,"[2.9201928765624046, 1.995827732122959, 1.729773167376791, 2.2417397351103547, 0.8035713225487603, 1.720082295915791, 1.5755538228905657, 2.0058175959003366, 1.5744319159464846, 0.821562019401522]",2.9201928765624046,1.720082295915791,"[1.72414847 2.24683366 1.89363699 1.711801   1.33095081 1.0145681
 0.68736038 1.40079375 1.51371792 0.60230853]",1.7241484721289566,1.014568100303551,5,11,22,3.869351625442505,1,1050.0,0.0,0.0,695,watts
gnm_696,20.407831290584227,"[2.4995952244005792, 2.338509831388885, 1.6573501069983394, 1.4838696805330573, 0.012238427214263516, 1.570449569186927, 1.086824370477784, 2.8741103013367644, 2.4706781003829517, 1.020698603896836]",2.4995952244005792,1.570449569186927,"[1.72414847 2.24683366 1.89363699 1.711801   1.33095081 1.0145681
 0.68736038 1.40079375 1.51371792 0.60230853]",1.7241484721289566,1.014568100303551,5,10,36,2.8943428993225098,1,560.0,0.0,0.0,696,gnm
gnm_697,19.968014969843807,"[2.927868897046366, 2.1967191317223396, 2.0159665226140433, 1.6019236860701642, 1.501951213098779, 1.0566033043556677, 1.5782577985786561, 2.5552800150492434, 2.4034306827860132, 1.3399843600773629]",2.927868897046366,1.0566033043556677,"[1.72414847 2.24683366 1.89363699 1.711801   1.33095081 1.0145681
 0.68736038 1.40079375 1.51371792 0.60230853]",1.7241484721289566,1.014568100303551,5,11,37,5.459196090698242,1,952.0,0.0,0.0,697,gnm
regular_698,22.66045999057603,"[1.7182766177925928, 1.9291350427108624, 3.0587498527516335, 2.0107579361261836, 1.5017270759780257, 1.000020382473532, 0.38094804698666884, 2.25080814407463, 2.1030513462991816, 0.779040163228351]",1.7182766177925928,1.000020382473532,"[1.72414847 2.24683366 1.89363699 1.711801   1.33095081 1.0145681
 0.68736038 1.40079375 1.51371792 0.60230853]",1.7241484721289566,1.014568100303551,5,15,30,6.5355987548828125,1,1076.0,0.0,0.0,698,regular
barabasi_699,4.867602147126036,"[2.8950087318725135, 2.6565708174334093, 2.468428781335167, 1.6794389616575809, 0.8725344068835926, 0.5847275101099669, 0.5034248479012471, 2.63986192491956, 2.3357595740651305, 1.7707027313349708]",2.8950087318725135,0.5847275101099669,"[1.72414847 2.24683366 1.89363699 1.711801   1.33095081 1.0145681
 0.68736038 1.40079375 1.51371792 0.60230853]",1.7241484721289566,1.014568100303551,5,6,5,4.410280227661133,1,1940.0,0.0,0.0,699,barabasi
watts_700,15.7106773758892,"[1.3024941081665877, 2.1418698661274482, 3.048920310794342, 0.6733462362984595, 3.1394885419136087, 1.6744808001217835, 1.0451701071270438, 3.1414777017243813, 3.1304034176285715, 1.2955278392641207]",1.3024941081665877,1.6744808001217835,"[1.72414847 2.24683366 1.89363699 1.711801   1.33095081 1.0145681
 0.68736038 1.40079375 1.51371792 0.60230853]",1.7241484721289566,1.014568100303551,5,19,19,4.995981216430664,1,1236.0,0.0,0.0,700,watts
gnm_701,26.617834340634865,"[3.0200023845427526, 2.892204828290466, 1.4227283491151996, 2.1113323672947457, 0.3698990679788522, 0.5262324854747746, 1.7251278473033196, 3.1236592108638863, 2.876480109755385, 1.396512489211387]",3.0200023845427526,0.5262324854747746,"[1.72414847 2.24683366 1.89363699 1.711801   1.33095081 1.0145681
 0.68736038 1.40079375 1.51371792 0.60230853]",1.7241484721289566,1.014568100303551,5,13,41,8.321998834609985,1,1329.0,0.0,0.0,701,gnm
regular_702,26.317188922799396,"[1.724566947507884, 1.9390674459016193, 3.0738473611947392, 2.0632267134736706, 1.5072675852773694, 1.0251051229073147, 0.41690109979274736, 2.2852981603924754, 2.08270565729132, 0.8478994730270042]",1.724566947507884,1.0251051229073147,"[1.72414847 2.24683366 1.89363699 1.711801   1.33095081 1.0145681
 0.68736038 1.40079375 1.51371792 0.60230853]",1.7241484721289566,1.014568100303551,5,18,36,7.3534135818481445,1,1042.0,0.0,0.0,702,regular
barabasi_703,21.2096518221961,"[2.92067520955418, 3.117948339907808, 3.0707810791152608, 1.8681706458235205, 1.9025762797332761, 0.23612027665556692, 3.1404789103318507, 3.1415351736300288, 3.1261382213782416, 1.330740024229205]",2.92067520955418,0.23612027665556692,"[1.72414847 2.24683366 1.89363699 1.711801   1.33095081 1.0145681
 0.68736038 1.40079375 1.51371792 0.60230853]",1.7241484721289566,1.014568100303551,5,18,32,7.473985433578491,1,1149.0,0.0,0.0,703,barabasi
gnm_704,45.753693785794674,"[3.0355880377511815, 2.9182504949520354, 1.3298255038658626, 2.177170249483662, 0.34487231021334697, 2.0360718596333385, 0.17309905152843053, 3.1414337879745124, 2.942562131559528, 1.4254598839614843]",3.0355880377511815,2.0360718596333385,"[1.72414847 2.24683366 1.89363699 1.711801   1.33095081 1.0145681
 0.68736038 1.40079375 1.51371792 0.60230853]",1.7241484721289566,1.014568100303551,5,19,73,18.462827444076538,1,1153.0,0.0,0.0,704,gnm
barabasi_705,16.871974970941753,"[2.981259362889733, 2.248079276495646, 2.1909408858086534, 1.3672348229020888, 1.620461296951266, 0.5074276894547434, 1.5310938715474567, 1.2814681251350368, 1.9079620608728276, 1.8304472997107273]",2.981259362889733,0.5074276894547434,"[1.72414847 2.24683366 1.89363699 1.711801   1.33095081 1.0145681
 0.68736038 1.40079375 1.51371792 0.60230853]",1.7241484721289566,1.014568100303551,5,14,24,6.491033315658569,1,1376.0,0.0,0.0,705,barabasi
watts_706,11.809031680601507,"[2.993033645619099, 1.8245584084483952, 1.7678194835194132, 1.8070240967620035, 0.40615579872704943, 1.7736925578548788, 1.242689105472984, 2.9276003147375995, 2.871320843133417, 1.43414562544854]",2.993033645619099,1.7736925578548788,"[1.72414847 2.24683366 1.89363699 1.711801   1.33095081 1.0145681
 0.68736038 1.40079375 1.51371792 0.60230853]",1.7241484721289566,1.014568100303551,5,9,18,5.318225860595703,1,1440.0,0.0,0.0,706,watts
watts_707,11.897450797792612,"[0.47489419112450143, 2.9113150160776837, 2.8710961697657225, 1.8971442277430732, 2.26446099721776, 1.9877611766533927, 0.6647806195562777, 3.088917769139244, 3.0426814461652145, 1.2987160199403687]",0.47489419112450143,1.9877611766533927,"[1.72414847 2.24683366 1.89363699 1.711801   1.33095081 1.0145681
 0.68736038 1.40079375 1.51371792 0.60230853]",1.7241484721289566,1.014568100303551,5,14,14,4.862871408462524,1,1600.0,0.0,0.0,707,watts
gnm_708,39.32219209491818,"[2.174008015643167, 2.541646239079367, 2.667786277048239, -0.9667878397371241, 0.25881715417008133, 1.5693239980344313, 0.7312894427332541, 3.1358522402094673, 2.7345689767855204, 1.3085681728241894]",2.174008015643167,1.5693239980344313,"[1.72414847 2.24683366 1.89363699 1.711801   1.33095081 1.0145681
 0.68736038 1.40079375 1.51371792 0.60230853]",1.7241484721289566,1.014568100303551,5,17,64,11.63360595703125,1,851.0,0.0,0.0,708,gnm
gnm_709,47.35068124313452,"[3.0311751692480886, 0.9806760798156571, 2.2330432650821725, 1.4785998137439376, 1.341700173993102, 2.0402120839582243, 1.5762730541966306, 3.081351107291292, 3.0741030883813365, 1.8239381434784079]",3.0311751692480886,2.0402120839582243,"[1.72414847 2.24683366 1.89363699 1.711801   1.33095081 1.0145681
 0.68736038 1.40079375 1.51371792 0.60230853]",1.7241484721289566,1.014568100303551,5,16,81,12.49156641960144,1,839.0,0.0,0.0,709,gnm
barabasi_710,5.56292962029147,"[2.880086926421317, 2.63206367539525, 2.616925369723658, 1.8332018187037187, 1.3642387637125288, 2.0335072014352, 1.8886224201612067, 2.7512175924402658, 3.1220941624721266, 2.175064937976317]",2.880086926421317,2.0335072014352,"[1.72414847 2.24683366 1.89363699 1.711801   1.33095081 1.0145681
 0.68736038 1.40079375 1.51371792 0.60230853]",1.7241484721289566,1.014568100303551,5,7,6,2.0941238403320312,1,1436.0,0.0,0.0,710,barabasi
gnm_711,23.713601221435766,"[2.9129514414530346, 2.2106115623305365, 1.7254748426300144, 2.115843156164567, 0.9019462972593416, 0.9231540507822772, 0.6542656987112345, 3.136032141969774, 3.1415874193810818, 2.5797877295079763]",2.9129514414530346,0.9231540507822772,"[1.72414847 2.24683366 1.89363699 1.711801   1.33095081 1.0145681
 0.68736038 1.40079375 1.51371792 0.60230853]",1.7241484721289566,1.014568100303551,5,12,46,5.74529504776001,1,794.0,0.0,0.0,711,gnm
gnm_712,18.32656167694131,"[3.0442971792747806, 3.018472694827503, 1.6172133578842647, 1.669893890551498, 1.6396110110613424, 1.841017409171327, 0.589508668936026, 2.6286607905942145, 2.767807257789536, 0.45178485047934297]",3.0442971792747806,1.841017409171327,"[1.72414847 2.24683366 1.89363699 1.711801   1.33095081 1.0145681
 0.68736038 1.40079375 1.51371792 0.60230853]",1.7241484721289566,1.014568100303551,5,9,32,5.475712060928345,1,1241.0,0.0,0.0,712,gnm
gnm_713,39.48475939372757,"[2.9787008742599688, 0.3989395776403634, 2.163023834997464, 1.9623245228564468, 0.8120417941921977, 1.7270208594409753, 1.282190220331298, 3.141592653589793, 3.1408753100959217, 1.5455280931917459]",2.9787008742599688,1.7270208594409753,"[1.72414847 2.24683366 1.89363699 1.711801   1.33095081 1.0145681
 0.68736038 1.40079375 1.51371792 0.60230853]",1.7241484721289566,1.014568100303551,5,18,64,9.037309408187866,1,784.0,0.0,0.0,713,gnm
gnm_714,16.59150791473612,"[2.9389558232514736, 3.141585810304486, 3.1413525998781235, 1.6059314078857796, 1.1475978139486709, 0.7831257784443422, 1.247191306120934, 3.122828774859422, 3.1406480140301465, 1.8205813767171208]",2.9389558232514736,0.7831257784443422,"[1.72414847 2.24683366 1.89363699 1.711801   1.33095081 1.0145681
 0.68736038 1.40079375 1.51371792 0.60230853]",1.7241484721289566,1.014568100303551,5,14,24,2.6695048809051514,1,699.0,0.0,0.0,714,gnm
gnm_715,87.7726769814272,"[2.766828118653334, 2.9175497756038458, 1.963076823094647, 1.6959148771733663, 1.3237065667022536, 1.0285274809307086, 0.357847627592189, 3.120066237040776, 3.136091767185281, 2.356565184772423]",2.766828118653334,1.0285274809307086,"[1.72414847 2.24683366 1.89363699 1.711801   1.33095081 1.0145681
 0.68736038 1.40079375 1.51371792 0.60230853]",1.7241484721289566,1.014568100303551,5,20,173,26.961137294769287,1,645.0,0.0,0.0,715,gnm
regular_716,16.831317384684315,"[1.8352002411838826, 2.1236842798693454, 2.6091428719251333, 1.6153855485704174, 1.2004987274533954, 1.2690644605056574, 0.27795933428969666, 2.7987762601176094, 2.8278656707822893, 2.001931891827093]",1.8352002411838826,1.2690644605056574,"[1.72414847 2.24683366 1.89363699 1.711801   1.33095081 1.0145681
 0.68736038 1.40079375 1.51371792 0.60230853]",1.7241484721289566,1.014568100303551,5,19,19,4.5495195388793945,1,1259.0,0.0,0.0,716,regular
barabasi_717,6.317001504069594,"[2.8524389184161976, 2.632688230272274, 3.0375852469440416, 2.632693694127857, 0.10512221031868366, 2.0690472519626057, 0.31596725840089107, 3.1413574825228374, 3.136513509993932, 1.789314258042023]",2.8524389184161976,2.0690472519626057,"[1.72414847 2.24683366 1.89363699 1.711801   1.33095081 1.0145681
 0.68736038 1.40079375 1.51371792 0.60230853]",1.7241484721289566,1.014568100303551,5,8,7,1.5473148822784424,1,1310.0,0.0,0.0,717,barabasi
gnm_718,5.902226560212512,"[2.888289789930859, 3.1415146650710932, 3.1414984197228435, 1.9509061878533316, 0.668948076754406, 0.6459167003134513, 1.4811441939755827, 3.0113934889353153, 3.1415355857936564, 1.8172573004932775]",2.888289789930859,0.6459167003134513,"[1.72414847 2.24683366 1.89363699 1.711801   1.33095081 1.0145681
 0.68736038 1.40079375 1.51371792 0.60230853]",1.7241484721289566,1.014568100303551,5,7,8,1.1373264789581299,1,905.0,0.0,0.0,718,gnm
regular_719,19.43065638483241,"[1.7108880927954733, 1.9268602494623406, 3.0842148559914038, 1.9129988719821012, 1.957903218533069, 1.0309531292800354, 0.15127343513415975, 2.532368526615654, 2.8242432866322638, 1.4058695813897488]",1.7108880927954733,1.0309531292800354,"[1.72414847 2.24683366 1.89363699 1.711801   1.33095081 1.0145681
 0.68736038 1.40079375 1.51371792 0.60230853]",1.7241484721289566,1.014568100303551,5,13,26,4.705526351928711,1,1052.0,0.0,0.0,719,regular
regular_720,5.99998789027381,"[1.8600675768564525, 1.9858385690257385, 2.8061865826304975, 1.8148481344050849, 1.361827844849676, 1.0188861467639163, 0.7100523494699457, 2.83348527065045, 2.5330546621096652, 1.4009658706054973]",1.8600675768564525,1.0188861467639163,"[1.72414847 2.24683366 1.89363699 1.711801   1.33095081 1.0145681
 0.68736038 1.40079375 1.51371792 0.60230853]",1.7241484721289566,1.014568100303551,5,7,7,0.5307943820953369,1,390.0,0.0,0.0,720,regular
watts_721,16.7608222581589,"[2.9481042207903347, 2.9594059082697886, 3.140843864124747, 1.520368421682991, 1.7264337367506335, 1.9546306279436625, 0.6241531494953678, 3.1406209605247226, 3.0983356855347384, 1.1138121819161502]",2.9481042207903347,1.9546306279436625,"[1.72414847 2.24683366 1.89363699 1.711801   1.33095081 1.0145681
 0.68736038 1.40079375 1.51371792 0.60230853]",1.7241484721289566,1.014568100303551,5,12,24,4.511179447174072,1,1100.0,0.0,0.0,721,watts
barabasi_722,12.364915923424288,"[2.716304426854124, 3.1415739993136578, 2.9599802254923993, 1.6995382550605833, 1.1756330318102557, 1.2022075684164109, 0.7507554660515046, 3.1414528573010063, 3.001340372795328, 1.7895456460802315]",2.716304426854124,1.2022075684164109,"[1.72414847 2.24683366 1.89363699 1.711801   1.33095081 1.0145681
 0.68736038 1.40079375 1.51371792 0.60230853]",1.7241484721289566,1.014568100303551,5,16,15,3.660144090652466,1,1049.0,0.0,0.0,722,barabasi
gnm_723,8.116673297348825,"[2.822795476619481, 2.43688221274987, 2.2450790800969758, 2.215227681698169, -1.817561565742046, 1.6818872787934858, 1.3674640413744155, 3.0951281090431975, 2.597479779148917, 1.3701415615018313]",2.822795476619481,1.6818872787934858,"[1.72414847 2.24683366 1.89363699 1.711801   1.33095081 1.0145681
 0.68736038 1.40079375 1.51371792 0.60230853]",1.7241484721289566,1.014568100303551,5,7,12,2.5402019023895264,1,1168.0,0.0,0.0,723,gnm
barabasi_724,21.154836834869002,"[2.8601544790757742, 1.9551929060929487, 1.780372258692891, 1.7992259441889682, 0.3182565449560374, 1.7472096918131026, 1.3270367228572542, 2.836356339608535, 2.972104305714332, 1.4585722836002901]",2.8601544790757742,1.7472096918131026,"[1.72414847 2.24683366 1.89363699 1.711801   1.33095081 1.0145681
 0.68736038 1.40079375 1.51371792 0.60230853]",1.7241484721289566,1.014568100303551,5,17,30,5.841653108596802,1,947.0,0.0,0.0,724,barabasi
gnm_725,62.17653542425515,"[3.0472661048205154, 1.8183109890692708, 1.6797037424454144, 1.4733463170266243, 0.37210109451439133, 1.7014321693367438, 1.9068949139106612, 2.86623917815462, 2.8998495441203396, 1.6592313263451666]",3.0472661048205154,1.7014321693367438,"[1.72414847 2.24683366 1.89363699 1.711801   1.33095081 1.0145681
 0.68736038 1.40079375 1.51371792 0.60230853]",1.7241484721289566,1.014568100303551,5,17,111,21.682769536972046,1,1030.0,0.0,0.0,725,gnm
barabasi_726,24.807195813305945,"[2.340115644491255, 2.391014340869254, 1.7709093893079038, 1.5768269458240542, 1.071553668463043, 0.004876272904108784, 0.8485733143192029, 2.9406151087892725, 3.1411078477721306, 1.8115405351841565]",2.340115644491255,0.004876272904108784,"[1.72414847 2.24683366 1.89363699 1.711801   1.33095081 1.0145681
 0.68736038 1.40079375 1.51371792 0.60230853]",1.7241484721289566,1.014568100303551,5,16,39,5.706861257553101,1,778.0,0.0,0.0,726,barabasi
regular_727,21.580211081108555,"[1.7184225798766357, 2.369633797643498, 2.620768420549962, 2.0149367868584593, 1.4985410946043434, 1.0364863296861897, 1.6023067296067144, 1.2040959286554789, 2.0126320942691343, 0.9063408940434401]",1.7184225798766357,1.0364863296861897,"[1.72414847 2.24683366 1.89363699 1.711801   1.33095081 1.0145681
 0.68736038 1.40079375 1.51371792 0.60230853]",1.7241484721289566,1.014568100303551,5,15,30,6.593855619430542,1,1253.0,0.0,0.0,727,regular
regular_728,16.81482869442682,"[1.824532718522895, 2.127158955313606, 2.6099785920761427, 1.6096169702290417, 1.2011622710229308, 1.2726427824549404, 0.2768798760147595, 2.7670739886722435, 2.8647927714144052, 1.9976503179505807]",1.824532718522895,1.2726427824549404,"[1.72414847 2.24683366 1.89363699 1.711801   1.33095081 1.0145681
 0.68736038 1.40079375 1.51371792 0.60230853]",1.7241484721289566,1.014568100303551,5,19,19,5.176280498504639,1,1352.0,0.0,0.0,728,regular
gnm_729,42.539761586357685,"[3.021130685351732, 0.8055223100412554, 2.605206233448957, 1.4648571244140114, 1.1682693422743013, 1.9719138728666943, 1.570841561460016, 3.136742232551616, 3.131975177070113, 1.836134090502619]",3.021130685351732,1.9719138728666943,"[1.72414847 2.24683366 1.89363699 1.711801   1.33095081 1.0145681
 0.68736038 1.40079375 1.51371792 0.60230853]",1.7241484721289566,1.014568100303551,5,17,70,9.326648712158203,1,751.0,0.0,0.0,729,gnm
regular_730,13.276757216963444,"[1.8558650320363836, 2.092768496246908, 2.6622195753722497, 1.5749855063784972, 1.227980359614212, 1.2523136115348095, 0.29376258160508356, 3.0390556122221315, 2.5629908875866065, 2.018651217769419]",1.8558650320363836,1.2523136115348095,"[1.72414847 2.24683366 1.89363699 1.711801   1.33095081 1.0145681
 0.68736038 1.40079375 1.51371792 0.60230853]",1.7241484721289566,1.014568100303551,5,15,15,4.465588808059692,1,1444.0,0.0,0.0,730,regular
watts_731,16.788673472019536,"[1.6425985311642743, 2.0070183138611215, 2.968426436385858, 2.028600754523718, 1.0626187689196165, 1.2720695083065494, 0.32211582746272627, 2.1086533930402376, 1.4112329317032093, 0.3138803420965657]",1.6425985311642743,1.2720695083065494,"[1.72414847 2.24683366 1.89363699 1.711801   1.33095081 1.0145681
 0.68736038 1.40079375 1.51371792 0.60230853]",1.7241484721289566,1.014568100303551,5,20,20,7.067808389663696,1,1382.0,0.0,0.0,731,watts
watts_732,7.883738758833035,"[2.769760600588839, 1.8405298078514665, 2.158558307797752, 2.164957038290698, 0.8283160238232042, 1.7628553972894818, 1.5312455117577142, 2.047581784912797, 1.5674633758304246, 0.8085177209648843]",2.769760600588839,1.7628553972894818,"[1.72414847 2.24683366 1.89363699 1.711801   1.33095081 1.0145681
 0.68736038 1.40079375 1.51371792 0.60230853]",1.7241484721289566,1.014568100303551,5,10,10,2.4083425998687744,1,1482.0,0.0,0.0,732,watts
gnm_733,43.1100217864085,"[3.0210807787728555, 2.904329899626918, 1.7602835567907669, 1.788981307544092, 1.2672770097204074, 2.052678667143119, 1.7720424312228147, 1.6043421081033054, 1.4125543597414434, 1.541274696839224]",3.0210807787728555,2.052678667143119,"[1.72414847 2.24683366 1.89363699 1.711801   1.33095081 1.0145681
 0.68736038 1.40079375 1.51371792 0.60230853]",1.7241484721289566,1.014568100303551,5,19,68,15.129650592803955,1,1136.0,0.0,0.0,733,gnm
watts_734,19.686945113823242,"[1.6298377268876447, 1.7512988730204762, 3.139930472798424, 1.85818958816253, 1.7288427176082464, 1.128490334486267, 1.2847012666070656, 3.054757259550485, 3.064870522962696, 1.3722128444382782]",1.6298377268876447,1.128490334486267,"[1.72414847 2.24683366 1.89363699 1.711801   1.33095081 1.0145681
 0.68736038 1.40079375 1.51371792 0.60230853]",1.7241484721289566,1.014568100303551,5,15,30,4.688182353973389,1,1056.0,0.0,0.0,734,watts
barabasi_735,13.36329886928618,"[1.7562465289462281, 2.0117571017052556, 1.911860881093904, 1.324043005511513, 1.8174172537820783, 0.34556185369050474, 1.318562649829384, 2.1893831268838175, 1.4646739600807401, 1.1915368967492381]",1.7562465289462281,0.34556185369050474,"[1.72414847 2.24683366 1.89363699 1.711801   1.33095081 1.0145681
 0.68736038 1.40079375 1.51371792 0.60230853]",1.7241484721289566,1.014568100303551,5,17,16,4.500394582748413,1,1239.0,0.0,0.0,735,barabasi
gnm_736,33.791775949046496,"[1.8402945399315276, 2.3060402840507517, 1.9370035694566239, 2.347054500345879, 0.5317554454665678, 1.14248863332671, 0.8411177339984486, 2.542305647431673, 2.4574293855238754, 1.2836232900215658]",1.8402945399315276,1.14248863332671,"[1.72414847 2.24683366 1.89363699 1.711801   1.33095081 1.0145681
 0.68736038 1.40079375 1.51371792 0.60230853]",1.7241484721289566,1.014568100303551,5,12,65,9.086044549942017,1,908.0,0.0,0.0,736,gnm
barabasi_737,7.6967157348559,"[2.816780798537671, 3.1278079238474286, 2.468474473373725, 1.8051268657098483, 1.472623665184865, 1.8535349615106382, 0.23064587535442316, 2.7400636052600955, 3.1253313057639494, 2.2406969031748707]",2.816780798537671,1.8535349615106382,"[1.72414847 2.24683366 1.89363699 1.711801   1.33095081 1.0145681
 0.68736038 1.40079375 1.51371792 0.60230853]",1.7241484721289566,1.014568100303551,5,10,9,2.8166463375091553,1,1288.0,0.0,0.0,737,barabasi
regular_738,15.059572586790459,"[1.8696002241748846, 2.0868252631663196, 2.6486613273367827, 1.589116303541171, 1.2315743340148704, 1.2562487083138092, 0.29343323663343096, 3.0631569638848046, 2.5332090460276793, 2.0250150861729157]",1.8696002241748846,1.2562487083138092,"[1.72414847 2.24683366 1.89363699 1.711801   1.33095081 1.0145681
 0.68736038 1.40079375 1.51371792 0.60230853]",1.7241484721289566,1.014568100303551,5,17,17,5.011441707611084,1,1400.0,0.0,0.0,738,regular
barabasi_739,21.900231091526145,"[2.971941542157699, 1.3894136753101325, 1.812773848296296, 2.056082111586744, 1.5497504177902282, 0.6009190775630404, 1.750272740772564, 2.8067181866277036, 1.6369141168652852, 1.3602745282313677]",2.971941542157699,0.6009190775630404,"[1.72414847 2.24683366 1.89363699 1.711801   1.33095081 1.0145681
 0.68736038 1.40079375 1.51371792 0.60230853]",1.7241484721289566,1.014568100303551,5,18,32,10.554980516433716,1,1618.0,0.0,0.0,739,barabasi
barabasi_740,11.84654873331032,"[2.1207078050100465, 2.773607234277116, 2.1881236923904535, 1.5927341304187785, 1.4915973522267993, 1.553322220229032, 1.2423709444515287, 2.6529937069073872, 2.0188252600786285, 1.677035038385108]",2.1207078050100465,1.553322220229032,"[1.72414847 2.24683366 1.89363699 1.711801   1.33095081 1.0145681
 0.68736038 1.40079375 1.51371792 0.60230853]",1.7241484721289566,1.014568100303551,5,14,13,7.649322032928467,1,2722.0,0.0,0.0,740,barabasi
regular_741,24.50399140940011,"[1.7168758168926375, 1.9428970235157443, 3.0518998370149144, 2.018922348097772, 1.5110151138436632, 0.9876024038896458, 0.33171722947572546, 2.3130157907751716, 2.0617199420182972, 0.8522910384272386]",1.7168758168926375,0.9876024038896458,"[1.72414847 2.24683366 1.89363699 1.711801   1.33095081 1.0145681
 0.68736038 1.40079375 1.51371792 0.60230853]",1.7241484721289566,1.014568100303551,5,16,32,6.096386194229126,1,973.0,0.0,0.0,741,regular
watts_742,26.78718241353797,"[2.9115494733519487, 2.2512025046815753, 2.3533306937465595, 2.21271469312096, 1.5752377735337917, 0.2139544114475278, 1.5703789401183095, 3.13447298441523, 2.8979812783247834, 1.5449628136958518]",2.9115494733519487,0.2139544114475278,"[1.72414847 2.24683366 1.89363699 1.711801   1.33095081 1.0145681
 0.68736038 1.40079375 1.51371792 0.60230853]",1.7241484721289566,1.014568100303551,5,20,40,12.96962022781372,1,1268.0,0.0,0.0,742,watts
gnm_743,7.812047261178122,"[2.9082364825142735, 1.4852015184775968, 2.2976019054756676, 1.482801916656596, 0.02781227534189986, 1.7688642708499331, 1.5123231303490385, 2.9257985643779056, 2.4645741341378473, 0.6412964526004321]",2.9082364825142735,1.7688642708499331,"[1.72414847 2.24683366 1.89363699 1.711801   1.33095081 1.0145681
 0.68736038 1.40079375 1.51371792 0.60230853]",1.7241484721289566,1.014568100303551,5,7,12,2.3560993671417236,1,1431.0,0.0,0.0,743,gnm
barabasi_744,19.731303266232402,"[-0.18562925643210343, 1.8944082408726235, 3.1375294849126467, 3.1413293325977483, 1.8531742901553518, 1.7980224897215273, 1.315270112855865, 3.1268127521307285, 3.1413030478137385, 1.3108763923797788]",-0.18562925643210343,1.7980224897215273,"[1.72414847 2.24683366 1.89363699 1.711801   1.33095081 1.0145681
 0.68736038 1.40079375 1.51371792 0.60230853]",1.7241484721289566,1.014568100303551,5,16,28,3.9467148780822754,1,711.0,0.0,0.0,744,barabasi
barabasi_745,8.446505545637674,"[1.6967814707810773, 2.211002736038849, 2.0564520514274887, 1.582559508503198, 0.9556624630122301, 1.8783848808752608, 1.3987163409136945, 1.9758803384112915, 1.7550905444842848, 1.8298923206205173]",1.6967814707810773,1.8783848808752608,"[1.72414847 2.24683366 1.89363699 1.711801   1.33095081 1.0145681
 0.68736038 1.40079375 1.51371792 0.60230853]",1.7241484721289566,1.014568100303551,5,11,10,2.0216877460479736,1,1007.0,0.0,0.0,745,barabasi
regular_746,19.42698446960602,"[1.7336087458967229, 2.0172414957365286, 2.9961722249634826, 2.0197301392616653, 1.475931552838734, 1.0086778798538283, 0.03684129796101806, 2.6398162916138643, 2.0178871764574757, 2.402564163887434]",1.7336087458967229,1.0086778798538283,"[1.72414847 2.24683366 1.89363699 1.711801   1.33095081 1.0145681
 0.68736038 1.40079375 1.51371792 0.60230853]",1.7241484721289566,1.014568100303551,5,13,26,7.541741609573364,1,1569.0,0.0,0.0,746,regular
watts_747,10.052961514034132,"[2.054553489220848, 1.7326007114798174, 2.8641483510676213, 1.6877976505395038, 2.9007441464066313, 1.2937588711568508, 1.9494524700577398, 0.880914118691915, 2.8877529445448262, 0.40960511369618563]",2.054553489220848,1.2937588711568508,"[1.72414847 2.24683366 1.89363699 1.711801   1.33095081 1.0145681
 0.68736038 1.40079375 1.51371792 0.60230853]",1.7241484721289566,1.014568100303551,5,12,12,3.2781615257263184,1,1466.0,0.0,0.0,747,watts
watts_748,6.453674267301039,"[2.8708866754051567, 2.67129165710168, 2.654607072197713, 1.7614996393911637, 1.4513585034267962, 2.1706649289173185, 0.489113789948743, 2.2871162380795207, 3.0556874193846935, 2.696450342054855]",2.8708866754051567,2.1706649289173185,"[1.72414847 2.24683366 1.89363699 1.711801   1.33095081 1.0145681
 0.68736038 1.40079375 1.51371792 0.60230853]",1.7241484721289566,1.014568100303551,5,7,7,2.5819613933563232,1,1641.0,0.0,0.0,748,watts
watts_749,24.194807252711186,"[3.140661008012895, 2.972804307611919, 2.7106639000520074, 1.75246478435324, 1.4874272585434745, 1.1576348400601724, 0.5116477521402252, 1.1236928526627536, 1.5584432041104437, 0.7760964601122836]",3.140661008012895,1.1576348400601724,"[1.72414847 2.24683366 1.89363699 1.711801   1.33095081 1.0145681
 0.68736038 1.40079375 1.51371792 0.60230853]",1.7241484721289566,1.014568100303551,5,17,34,5.2626793384552,1,850.0,0.0,0.0,749,watts
gnm_750,28.714159499963962,"[3.042559652895789, 3.0843408275665714, 1.8121698782839395, 1.6698685876022654, 0.2639627260003585, 0.036760233334731246, 0.11403191644284685, 3.1231329266837973, 2.7609284335624684, 1.3098592560799531]",3.042559652895789,0.036760233334731246,"[1.72414847 2.24683366 1.89363699 1.711801   1.33095081 1.0145681
 0.68736038 1.40079375 1.51371792 0.60230853]",1.7241484721289566,1.014568100303551,5,15,43,11.924853563308716,1,1483.0,0.0,0.0,750,gnm
barabasi_751,12.102968208602054,"[1.4372038584677393, 2.059010087170342, 1.864286033582806, 1.9078944508351516, 1.3657905242879833, 1.4039235246403652, 1.2458188866711188, 3.1415543610440766, 2.8883147823002826, 1.8052441902922507]",1.4372038584677393,1.4039235246403652,"[1.72414847 2.24683366 1.89363699 1.711801   1.33095081 1.0145681
 0.68736038 1.40079375 1.51371792 0.60230853]",1.7241484721289566,1.014568100303551,5,15,14,3.0103137493133545,1,941.0,0.0,0.0,751,barabasi
gnm_752,27.32008596659028,"[2.655023176240551, 2.1736968162746364, 1.7243336576628725, 1.4698288667893498, 1.1426306650469544, 1.6243141237130825, 0.4966644202863163, 2.928809161199182, 2.8376787953904046, 1.7811127901646735]",2.655023176240551,1.6243141237130825,"[1.72414847 2.24683366 1.89363699 1.711801   1.33095081 1.0145681
 0.68736038 1.40079375 1.51371792 0.60230853]",1.7241484721289566,1.014568100303551,5,17,43,8.776562929153442,1,1032.0,0.0,0.0,752,gnm
regular_753,9.5386121701913,"[2.9696490092596655, 2.9311270394260287, 2.78039641908503, 2.1775838747976617, 2.2043799438924836, 1.9659792477070968, 0.41636771601231937, 1.709469007333717, 1.8174873275791543, 1.3668857363318352]",2.9696490092596655,1.9659792477070968,"[1.72414847 2.24683366 1.89363699 1.711801   1.33095081 1.0145681
 0.68736038 1.40079375 1.51371792 0.60230853]",1.7241484721289566,1.014568100303551,5,8,12,5.420952796936035,1,2340.0,0.0,0.0,753,regular
regular_754,15.798401196167726,"[1.7222062174815294, 1.8748711849575774, 1.897412776772087, 3.0358440612877198, 1.6392843166148483, 1.05009226471733, 1.201857918829621, 2.626922117264221, 2.982813550896099, 0.511031428917407]",1.7222062174815294,1.05009226471733,"[1.72414847 2.24683366 1.89363699 1.711801   1.33095081 1.0145681
 0.68736038 1.40079375 1.51371792 0.60230853]",1.7241484721289566,1.014568100303551,5,11,22,8.765082597732544,1,2337.0,0.0,0.0,754,regular
barabasi_755,19.01953940178849,"[2.252129702248862, 2.404190551869221, 1.976487206381715, 1.6942981087315407, 1.3209660973102206, 0.03517746228142027, 1.5382295118322973, 1.9294676156822277, 3.1414605257882178, 2.400277757419359]",2.252129702248862,0.03517746228142027,"[1.72414847 2.24683366 1.89363699 1.711801   1.33095081 1.0145681
 0.68736038 1.40079375 1.51371792 0.60230853]",1.7241484721289566,1.014568100303551,5,16,28,5.320834636688232,1,949.0,0.0,0.0,755,barabasi
barabasi_756,19.548395082357466,"[2.9008885366645325, 1.889190228833177, 1.818130317905558, 1.6976792670460046, 0.26041327212694587, 1.7699604027557911, 1.385254313387838, 2.869067035268697, 3.1164427025591914, 1.4570302586167847]",2.9008885366645325,1.7699604027557911,"[1.72414847 2.24683366 1.89363699 1.711801   1.33095081 1.0145681
 0.68736038 1.40079375 1.51371792 0.60230853]",1.7241484721289566,1.014568100303551,5,16,28,7.06313681602478,1,1255.0,0.0,0.0,756,barabasi
watts_757,5.616952737147926,"[2.867029713109419, 2.5618510023357683, 2.938343148434431, 1.5114172965214359, 1.3022535971175437, 0.5094081673514481, 2.0093797122493613, 2.956843342058913, 3.1166440481381628, 1.8298902074400023]",2.867029713109419,0.5094081673514481,"[1.72414847 2.24683366 1.89363699 1.711801   1.33095081 1.0145681
 0.68736038 1.40079375 1.51371792 0.60230853]",1.7241484721289566,1.014568100303551,5,7,7,2.6127262115478516,1,1732.0,0.0,0.0,757,watts
regular_758,10.627804704961203,"[1.8507548277030943, 2.1026523605105503, 2.6386410114696885, 1.597754827382843, 1.220459524233896, 1.2519152598850098, 0.28624068977752815, 2.952004319671012, 2.6585728679843297, 2.0120742595494194]",1.8507548277030943,1.2519152598850098,"[1.72414847 2.24683366 1.89363699 1.711801   1.33095081 1.0145681
 0.68736038 1.40079375 1.51371792 0.60230853]",1.7241484721289566,1.014568100303551,5,12,12,3.044736862182617,1,1332.0,0.0,0.0,758,regular
watts_759,14.283816676588735,"[1.3511343164342517, 2.036526469770929, 2.9387365303080974, 1.744024964192778, 3.1398493168725556, 1.8132725504903566, 1.1377154150961741, 1.6539474856089538, 2.2287747324948457, 1.1052342581664831]",1.3511343164342517,1.8132725504903566,"[1.72414847 2.24683366 1.89363699 1.711801   1.33095081 1.0145681
 0.68736038 1.40079375 1.51371792 0.60230853]",1.7241484721289566,1.014568100303551,5,11,22,2.6657087802886963,1,829.0,0.0,0.0,759,watts
barabasi_760,16.374138623909758,"[2.9102365719785404, 2.7439745526909625, 2.6825311190094734, 1.4899498571939724, 1.6897251954744665, 0.47272313403780014, 1.8453657037108295, 2.341636315396897, 3.0445731400765723, 2.577975824146816]",2.9102365719785404,0.47272313403780014,"[1.72414847 2.24683366 1.89363699 1.711801   1.33095081 1.0145681
 0.68736038 1.40079375 1.51371792 0.60230853]",1.7241484721289566,1.014568100303551,5,20,19,12.436514377593994,1,2385.0,0.0,0.0,760,barabasi
regular_761,18.54310316182182,"[1.711068472407021, 1.9178916388881322, 3.061745998574354, 2.0265947394480284, 1.5052408347073583, 1.0003327550693808, 0.3785031203873401, 2.247751120980923, 2.0635195138474502, 0.8318722441944846]",1.711068472407021,1.0003327550693808,"[1.72414847 2.24683366 1.89363699 1.711801   1.33095081 1.0145681
 0.68736038 1.40079375 1.51371792 0.60230853]",1.7241484721289566,1.014568100303551,5,12,24,3.6235086917877197,1,1010.0,0.0,0.0,761,regular
regular_762,20.455924642199754,"[1.7263890689033508, 1.9791783595806514, 3.0538384956440714, 1.9481364379095902, 1.498859184836719, 1.0522812415813194, 0.4188085056183764, 2.3042163582769217, 1.1036400226170107, 0.30587071579254205]",1.7263890689033508,1.0522812415813194,"[1.72414847 2.24683366 1.89363699 1.711801   1.33095081 1.0145681
 0.68736038 1.40079375 1.51371792 0.60230853]",1.7241484721289566,1.014568100303551,5,14,28,6.503314733505249,1,1298.0,0.0,0.0,762,regular
barabasi_763,4.963368642813293,"[1.7249486412106907, 1.9418482422016934, 2.031899305300167, 1.9172860457541099, 1.5429730676110358, 0.5282922673003196, 1.3303003328731733, 1.8674222574911004, 2.1760380402606376, 0.8309742109758063]",1.7249486412106907,0.5282922673003196,"[1.72414847 2.24683366 1.89363699 1.711801   1.33095081 1.0145681
 0.68736038 1.40079375 1.51371792 0.60230853]",1.7241484721289566,1.014568100303551,5,6,5,0.9603564739227295,1,925.0,0.0,0.0,763,barabasi
gnm_764,34.00161279637666,"[3.020222747195149, 2.913634754974347, 0.41548575214992595, 1.2077561589900565, 0.4537357246642798, 2.033479250521772, 1.7580708911036482, 2.9867369645794932, 3.139316151582282, 1.575117022519723]",3.020222747195149,2.033479250521772,"[1.72414847 2.24683366 1.89363699 1.711801   1.33095081 1.0145681
 0.68736038 1.40079375 1.51371792 0.60230853]",1.7241484721289566,1.014568100303551,5,14,56,9.23122239112854,1,960.0,0.0,0.0,764,gnm
watts_765,18.056039231744258,"[2.7928018541063597, 1.770056994249994, 1.484142890137889, 1.7367127465962247, -0.2029413565962786, 1.2297442884960228, 1.8589102320342972, 2.2993270027341066, 3.0905174604450267, 1.3161644266521675]",2.7928018541063597,1.2297442884960228,"[1.72414847 2.24683366 1.89363699 1.711801   1.33095081 1.0145681
 0.68736038 1.40079375 1.51371792 0.60230853]",1.7241484721289566,1.014568100303551,5,13,26,5.757382869720459,1,1243.0,0.0,0.0,765,watts
barabasi_766,13.689102895714626,"[2.7100905181257193, 2.001502307260807, 1.920423517338698, 1.7783384219611207, 1.246036954727531, 1.529378580727423, 0.7598148157983904, 1.9465364497679731, 1.5304411269647649, 0.8228294776102824]",2.7100905181257193,1.529378580727423,"[1.72414847 2.24683366 1.89363699 1.711801   1.33095081 1.0145681
 0.68736038 1.40079375 1.51371792 0.60230853]",1.7241484721289566,1.014568100303551,5,12,20,2.867438316345215,1,821.0,0.0,0.0,766,barabasi
gnm_767,24.53598457741584,"[1.666493137737042, 1.8859214522723273, 3.074030634154487, 1.5580482694463464, 1.541287196958095, 1.1379385973512344, 1.795097090781673, 2.17341510237462, 1.5772975104506994, 0.42717532353825016]",1.666493137737042,1.1379385973512344,"[1.72414847 2.24683366 1.89363699 1.711801   1.33095081 1.0145681
 0.68736038 1.40079375 1.51371792 0.60230853]",1.7241484721289566,1.014568100303551,5,12,40,7.919897079467773,1,1293.0,0.0,0.0,767,gnm
barabasi_768,15.883718848108511,"[1.4857618018160572, 1.991472032546592, 1.9971228828996945, 1.8913412032718537, 1.363111112712214, 1.1272683860270056, 1.218284244620083, 3.052845343852354, 2.9450745671000274, 1.8401309622648554]",1.4857618018160572,1.1272683860270056,"[1.72414847 2.24683366 1.89363699 1.711801   1.33095081 1.0145681
 0.68736038 1.40079375 1.51371792 0.60230853]",1.7241484721289566,1.014568100303551,5,20,19,6.119125127792358,1,1182.0,0.0,0.0,768,barabasi
regular_769,9.882549324285577,"[2.850686133260731, 2.069436566616184, 1.7850985317473356, 1.9049061547281805, 0.9597057143660097, 1.6668922669901578, 1.2247790509508238, 2.874878284883885, 2.9892833374047996, 1.661229723633319]",2.850686133260731,1.6668922669901578,"[1.72414847 2.24683366 1.89363699 1.711801   1.33095081 1.0145681
 0.68736038 1.40079375 1.51371792 0.60230853]",1.7241484721289566,1.014568100303551,5,7,14,2.514089345932007,1,1399.0,0.0,0.0,769,regular
gnm_770,15.332048175478121,"[2.748202297644915, 2.3249613129232465, 2.309335796256055, 1.5945287319644075, 1.2707219427269876, 1.0066900312589189, 0.7076633649277927, 2.2906883274281817, 2.328816567130567, 1.270260406088315]",2.748202297644915,1.0066900312589189,"[1.72414847 2.24683366 1.89363699 1.711801   1.33095081 1.0145681
 0.68736038 1.40079375 1.51371792 0.60230853]",1.7241484721289566,1.014568100303551,5,8,27,3.4491608142852783,1,943.0,0.0,0.0,770,gnm
gnm_771,7.430726743298692,"[2.917923524661952, 3.1401971069813013, 2.7642825202197203, 1.579573893046902, 1.173722603989574, 1.0902089368263985, 1.0130944312812464, 1.9817548627193142, 3.1389416868654445, 1.805924138661886]",2.917923524661952,1.0902089368263985,"[1.72414847 2.24683366 1.89363699 1.711801   1.33095081 1.0145681
 0.68736038 1.40079375 1.51371792 0.60230853]",1.7241484721289566,1.014568100303551,5,7,9,4.119823217391968,1,2457.0,0.0,0.0,771,gnm
barabasi_772,30.344608278395064,"[1.566049869307966, 1.7612300205515412, 2.093206615309039, 3.1232926133333354, 0.5916291156994283, 0.4461567932972707, 1.374074279939953, 3.141074055126418, 3.1413999177957947, 1.8334849690749186]",1.566049869307966,0.4461567932972707,"[1.72414847 2.24683366 1.89363699 1.711801   1.33095081 1.0145681
 0.68736038 1.40079375 1.51371792 0.60230853]",1.7241484721289566,1.014568100303551,5,19,48,13.764596462249756,1,1371.0,0.0,0.0,772,barabasi
gnm_773,8.764147927708109,"[2.7338873687475287, 2.7429090280331696, 1.9360772625046172, 1.7533240944909934, 1.1402035476711838, 1.1219601957211411, 0.4452611424561838, 2.4616108906786804, 2.8839667807186347, 2.1573638129233634]",2.7338873687475287,1.1219601957211411,"[1.72414847 2.24683366 1.89363699 1.711801   1.33095081 1.0145681
 0.68736038 1.40079375 1.51371792 0.60230853]",1.7241484721289566,1.014568100303551,5,6,14,1.1210319995880127,1,694.0,0.0,0.0,773,gnm
gnm_774,9.060024450718629,"[1.803138089965107, 2.1041716575484997, 2.1646052958501527, 2.7658411352949326, 1.2406100123205543, 1.090595892085141, 0.36560303348128015, 3.0331903811384446, 3.141150031160058, 0.8564204251510403]",1.803138089965107,1.090595892085141,"[1.72414847 2.24683366 1.89363699 1.711801   1.33095081 1.0145681
 0.68736038 1.40079375 1.51371792 0.60230853]",1.7241484721289566,1.014568100303551,5,7,13,2.06305193901062,1,1199.0,0.0,0.0,774,gnm
barabasi_775,7.229018489589208,"[2.8958631847589835, 2.661270152446159, 2.6445273077012077, 1.3998982265081525, 1.769301149620147, 2.106047326377012, 1.8943992394462152, 2.071231334701161, 3.0468932989120647, 1.2676417571551089]",2.8958631847589835,2.106047326377012,"[1.72414847 2.24683366 1.89363699 1.711801   1.33095081 1.0145681
 0.68736038 1.40079375 1.51371792 0.60230853]",1.7241484721289566,1.014568100303551,5,9,8,2.7156190872192383,1,1634.0,0.0,0.0,775,barabasi
barabasi_776,9.185148966523316,"[2.8304765743683054, 3.1415801841125415, 2.788431361112642, 1.2367988281578217, 1.6904044847093385, 1.0899570473548779, 0.9240988372099854, 3.140873741182526, 3.028728029344893, 1.8278181924654016]",2.8304765743683054,1.0899570473548779,"[1.72414847 2.24683366 1.89363699 1.711801   1.33095081 1.0145681
 0.68736038 1.40079375 1.51371792 0.60230853]",1.7241484721289566,1.014568100303551,5,12,11,1.8747334480285645,1,831.0,0.0,0.0,776,barabasi
watts_777,23.021826027690096,"[1.1122278088800912, 2.172673035246853, 2.9415278686284934, 1.881700186488941, 2.8096149007864932, 1.570964561761148, 1.1032737279777072, 1.7580609352511676, 1.5616157925243264, -0.012551006817386804]",1.1122278088800912,1.570964561761148,"[1.72414847 2.24683366 1.89363699 1.711801   1.33095081 1.0145681
 0.68736038 1.40079375 1.51371792 0.60230853]",1.7241484721289566,1.014568100303551,5,18,36,5.122438669204712,1,816.0,0.0,0.0,777,watts
watts_778,8.79971701731347,"[2.659369796131175, 2.624428310098673, 1.972038204831414, 1.4547130341837073, 1.2490059954070571, 1.0966694626503632, 0.7664494702154322, 2.236953282680142, 2.839506000949524, 1.9630009082723439]",2.659369796131175,1.0966694626503632,"[1.72414847 2.24683366 1.89363699 1.711801   1.33095081 1.0145681
 0.68736038 1.40079375 1.51371792 0.60230853]",1.7241484721289566,1.014568100303551,5,8,16,1.9434242248535156,1,890.0,0.0,0.0,778,watts
gnm_779,45.61085866191621,"[3.049492649057771, 2.852007276254458, 1.600664463596745, 0.5034789605801713, 1.5679900049150683, 1.8970817877875459, 1.0264755810295711, 2.3879527537904917, 2.3231271476114954, 0.8041351289516168]",3.049492649057771,1.8970817877875459,"[1.72414847 2.24683366 1.89363699 1.711801   1.33095081 1.0145681
 0.68736038 1.40079375 1.51371792 0.60230853]",1.7241484721289566,1.014568100303551,5,15,79,14.239500761032104,1,999.0,0.0,0.0,779,gnm
regular_780,20.741892023942505,"[1.7329262017754494, 1.9547611409513468, 2.8995908882006978, 1.7319161483021284, 1.0455047949757708, 1.0422761568163832, 0.3534007255811845, 3.0055848666352967, 2.6120159058567856, 1.715928282920349]",1.7329262017754494,1.0422761568163832,"[1.72414847 2.24683366 1.89363699 1.711801   1.33095081 1.0145681
 0.68736038 1.40079375 1.51371792 0.60230853]",1.7241484721289566,1.014568100303551,5,14,28,8.105021476745605,1,1550.0,0.0,0.0,780,regular
watts_781,10.251431875788406,"[0.4462465217448055, 2.3190706026596932, 3.1146269898660157, 1.9273798162347744, 3.1365542996608795, 1.3904641718956396, 1.7279499055573, 1.7223207853387128, 2.8295166909786715, 0.2738902926802719]",0.4462465217448055,1.3904641718956396,"[1.72414847 2.24683366 1.89363699 1.711801   1.33095081 1.0145681
 0.68736038 1.40079375 1.51371792 0.60230853]",1.7241484721289566,1.014568100303551,5,13,13,3.044921398162842,1,1114.0,0.0,0.0,781,watts
watts_782,9.406859064197095,"[2.9014012514876732, 2.5735983347574747, 3.1402303115360057, 0.10293150823033653, 2.483356196862902, 2.138231115277539, 1.4424918249897516, 2.818192312300443, 2.4152781600992532, 1.7408725707391564]",2.9014012514876732,2.138231115277539,"[1.72414847 2.24683366 1.89363699 1.711801   1.33095081 1.0145681
 0.68736038 1.40079375 1.51371792 0.60230853]",1.7241484721289566,1.014568100303551,5,11,11,7.761632919311523,1,3155.0,0.0,0.0,782,watts
barabasi_783,7.806029802056921,"[1.7869427448997133, 2.347871765212255, 1.547482761118068, 2.0260443323612067, 1.623375455432448, 0.7654621424244509, 0.6183593295206427, 2.6033840660892675, 2.161869578960082, 0.8997479652598257]",1.7869427448997133,0.7654621424244509,"[1.72414847 2.24683366 1.89363699 1.711801   1.33095081 1.0145681
 0.68736038 1.40079375 1.51371792 0.60230853]",1.7241484721289566,1.014568100303551,5,11,10,3.584165573120117,1,1422.0,0.0,0.0,783,barabasi
gnm_784,15.654450843388446,"[2.477286689648559, 2.2414603053419127, 1.7633974045641985, 1.2396624790364972, 1.3892462945566382, 1.6233681680720644, 0.08582452307262743, 2.9400786860754913, 3.095793944894017, 1.8118354674948396]",2.477286689648559,1.6233681680720644,"[1.72414847 2.24683366 1.89363699 1.711801   1.33095081 1.0145681
 0.68736038 1.40079375 1.51371792 0.60230853]",1.7241484721289566,1.014568100303551,5,11,24,3.60371994972229,1,804.0,0.0,0.0,784,gnm
watts_785,11.979234546378668,"[2.89645730749373, 2.663896620434624, 2.5921678543034847, 0.9809426014237732, 1.564757847938326, 0.5895910191933043, 2.029154764441109, 1.9045280020008999, 3.1246517878404507, 1.743706027179815]",2.89645730749373,0.5895910191933043,"[1.72414847 2.24683366 1.89363699 1.711801   1.33095081 1.0145681
 0.68736038 1.40079375 1.51371792 0.60230853]",1.7241484721289566,1.014568100303551,5,14,14,6.597022771835327,1,1783.0,0.0,0.0,785,watts
regular_786,11.513467234056904,"[1.850648250712338, 2.10212010300964, 2.6389176852261436, 1.5986043605307514, 1.2198567056833467, 1.2509652285531596, 0.28556977389675986, 2.952026547611423, 2.6587987013382293, 2.0115133708147868]",1.850648250712338,1.2509652285531596,"[1.72414847 2.24683366 1.89363699 1.711801   1.33095081 1.0145681
 0.68736038 1.40079375 1.51371792 0.60230853]",1.7241484721289566,1.014568100303551,5,13,13,3.6175343990325928,1,1344.0,0.0,0.0,786,regular
gnm_787,8.218298599502305,"[2.3749715061190715, 1.7964549316102723, 2.2807824238307752, 1.5866803458525358, 1.6100766230635561, 0.8024226657808164, 0.9596635998167495, 2.388876965990535, 2.751707691111044, 2.162810183925569]",2.3749715061190715,0.8024226657808164,"[1.72414847 2.24683366 1.89363699 1.711801   1.33095081 1.0145681
 0.68736038 1.40079375 1.51371792 0.60230853]",1.7241484721289566,1.014568100303551,5,6,13,2.5038018226623535,1,1292.0,0.0,0.0,787,gnm
watts_788,19.8083035817049,"[1.9116267907418723, 1.5962655014918494, 3.098570277230219, 1.5567236118355077, 1.4749703898005453, 1.1076599216886187, 0.40785107568372947, 3.1411225632041857, 2.054155941135058, 0.7901222939077917]",1.9116267907418723,1.1076599216886187,"[1.72414847 2.24683366 1.89363699 1.711801   1.33095081 1.0145681
 0.68736038 1.40079375 1.51371792 0.60230853]",1.7241484721289566,1.014568100303551,5,15,30,6.071071624755859,1,1096.0,0.0,0.0,788,watts
gnm_789,54.381574191810344,"[3.0195416773061377, 2.1018656731979593, 1.6297601278647225, 1.7131532964000125, 1.2025420238800641, 0.14265815810927102, 1.586559124481651, 3.1415265580730765, 3.1353272042438944, 1.3285079696454323]",3.0195416773061377,0.14265815810927102,"[1.72414847 2.24683366 1.89363699 1.711801   1.33095081 1.0145681
 0.68736038 1.40079375 1.51371792 0.60230853]",1.7241484721289566,1.014568100303551,5,18,95,14.651362180709839,1,806.0,0.0,0.0,789,gnm
barabasi_790,6.387542554996941,"[2.86440611057869, 2.6575853704837122, 2.637084097588726, 1.355820285100443, 1.7046104782155278, 2.1644197107742786, 0.29824107306213565, 3.111695671283541, 2.9746892630105677, 1.8372255085743956]",2.86440611057869,2.1644197107742786,"[1.72414847 2.24683366 1.89363699 1.711801   1.33095081 1.0145681
 0.68736038 1.40079375 1.51371792 0.60230853]",1.7241484721289566,1.014568100303551,5,8,7,2.248196840286255,1,1967.0,0.0,0.0,790,barabasi
gnm_791,13.374531369801844,"[2.884901308031327, 2.4353364209649824, 2.891163798146199, 1.932003783998526, 2.8942782129174898, 1.1413955343447266, 1.8979471686917984, 2.161635133884153, 1.8329019223207474, 0.9872623611472744]",2.884901308031327,1.1413955343447266,"[1.72414847 2.24683366 1.89363699 1.711801   1.33095081 1.0145681
 0.68736038 1.40079375 1.51371792 0.60230853]",1.7241484721289566,1.014568100303551,5,8,24,5.637845516204834,1,1693.0,0.0,0.0,791,gnm
barabasi_792,15.691526681535377,"[1.2925732454054841, 2.1364443362270076, 2.3329347276349197, 1.3889971828647762, 1.385180656233811, 1.6274229397600342, 1.3152995252192454, 1.7970576904829056, 1.3673866936065873, 0.17815472213331401]",1.2925732454054841,1.6274229397600342,"[1.72414847 2.24683366 1.89363699 1.711801   1.33095081 1.0145681
 0.68736038 1.40079375 1.51371792 0.60230853]",1.7241484721289566,1.014568100303551,5,19,18,4.111989974975586,1,1108.0,0.0,0.0,792,barabasi
watts_793,16.697563299361608,"[1.640415106264029, 1.9815759570578404, 2.9563021282733217, 1.685557481328512, 2.0710020043430606, 1.2427269992121155, 0.3181100358131971, 2.3159813028822818, 3.115942690565972, 1.3516587229423893]",1.640415106264029,1.2427269992121155,"[1.72414847 2.24683366 1.89363699 1.711801   1.33095081 1.0145681
 0.68736038 1.40079375 1.51371792 0.60230853]",1.7241484721289566,1.014568100303551,5,20,20,4.142383813858032,1,821.0,0.0,0.0,793,watts
gnm_794,88.2430190924122,"[2.9481380228722243, 2.9801079701485316, 1.8730895655963438, 1.7614364601013486, 1.2398897840120684, 1.014308163858604, 0.5165181656170658, 3.1124895920194513, 3.1176194514429216, 2.3561969976737567]",2.9481380228722243,1.014308163858604,"[1.72414847 2.24683366 1.89363699 1.711801   1.33095081 1.0145681
 0.68736038 1.40079375 1.51371792 0.60230853]",1.7241484721289566,1.014568100303551,5,20,173,25.22196340560913,1,601.0,0.0,0.0,794,gnm
gnm_795,66.43553427447226,"[3.0256726622458476, 0.3361865779279184, 2.8293655075229376, 2.7910271549533388, 0.07719734113042576, 2.4230293067034427, 1.570679141564391, 2.7231022568849066, 3.1129410724427733, 1.8430155342451071]",3.0256726622458476,2.4230293067034427,"[1.72414847 2.24683366 1.89363699 1.711801   1.33095081 1.0145681
 0.68736038 1.40079375 1.51371792 0.60230853]",1.7241484721289566,1.014568100303551,5,20,113,27.04184603691101,1,1014.0,0.0,0.0,795,gnm
gnm_796,10.404422339051962,"[2.4979156037193038, 2.484175012585041, 1.9910887945946787, 1.637175625040816, 1.3290107905046744, 1.1030773344102514, 0.5871890896564522, 1.1365738544097244, 1.1559084809435949, -0.10710584947739446]",2.4979156037193038,1.1030773344102514,"[1.72414847 2.24683366 1.89363699 1.711801   1.33095081 1.0145681
 0.68736038 1.40079375 1.51371792 0.60230853]",1.7241484721289566,1.014568100303551,5,7,18,2.5731704235076904,1,1116.0,0.0,0.0,796,gnm
barabasi_797,14.69216787763983,"[2.8469045789670346, 2.071054850407401, 2.559923706692085, 1.6707057210205534, 0.05896764964981468, 1.597101600822894, 1.325251011586211, 2.9450085953540777, 2.3352285100741694, 1.1854899963380525]",2.8469045789670346,1.597101600822894,"[1.72414847 2.24683366 1.89363699 1.711801   1.33095081 1.0145681
 0.68736038 1.40079375 1.51371792 0.60230853]",1.7241484721289566,1.014568100303551,5,13,22,4.682581186294556,1,1245.0,0.0,0.0,797,barabasi
gnm_798,30.688868662365515,"[2.714204834589685, 2.0083271220162704, 1.7194969223726067, 1.6066849567313386, 0.25643731782276746, 1.58350320075014, 1.0244827960120442, 2.888042362223195, 3.141449662833571, 1.543519713759948]",2.714204834589685,1.58350320075014,"[1.72414847 2.24683366 1.89363699 1.711801   1.33095081 1.0145681
 0.68736038 1.40079375 1.51371792 0.60230853]",1.7241484721289566,1.014568100303551,5,13,55,5.976968050003052,1,651.0,0.0,0.0,798,gnm
gnm_799,49.593022788295784,"[3.058543516156464, 2.380750136240388, 1.0353882748706824, 0.9758813323328293, 1.6850382362877148, 1.6776056091900753, 1.5762644740314595, 3.0269070469839336, 3.141276524770139, 1.7204129108023254]",3.058543516156464,1.6776056091900753,"[1.72414847 2.24683366 1.89363699 1.711801   1.33095081 1.0145681
 0.68736038 1.40079375 1.51371792 0.60230853]",1.7241484721289566,1.014568100303551,5,16,88,17.44727897644043,1,1091.0,0.0,0.0,799,gnm
regular_800,8.542254736841642,"[1.335760745661922, 2.2392877133717777, 2.7810925030975024, 2.3226133237983992, 2.64025188016185, 1.396554488258706, 0.462112226892301, 3.088486647809126, 3.141589507563393, 0.7125288385054664]",1.335760745661922,1.396554488258706,"[1.72414847 2.24683366 1.89363699 1.711801   1.33095081 1.0145681
 0.68736038 1.40079375 1.51371792 0.60230853]",1.7241484721289566,1.014568100303551,5,8,12,3.311622381210327,1,1592.0,0.0,0.0,800,regular
watts_801,21.082582798582944,"[2.7274587476486323, 3.09178342564637, 3.1373358730793126, 1.958013774174173, 1.8401304076072222, 1.2507635418458785, 0.5639434100097711, 2.778081263340656, 2.4570545533319983, 1.2547787462541213]",2.7274587476486323,1.2507635418458785,"[1.72414847 2.24683366 1.89363699 1.711801   1.33095081 1.0145681
 0.68736038 1.40079375 1.51371792 0.60230853]",1.7241484721289566,1.014568100303551,5,16,32,4.993872404098511,1,798.0,0.0,0.0,801,watts
watts_802,5.999989195030973,"[1.8604712662599665, 1.9859909631707244, 2.8060880119981166, 1.8147282369553037, 1.3617872744732766, 1.0182831928992053, 0.7114352165114454, 2.8326297009935404, 2.5317986804246857, 1.4008423137763675]",1.8604712662599665,1.0182831928992053,"[1.72414847 2.24683366 1.89363699 1.711801   1.33095081 1.0145681
 0.68736038 1.40079375 1.51371792 0.60230853]",1.7241484721289566,1.014568100303551,5,7,7,0.48716306686401367,1,400.0,0.0,0.0,802,watts
gnm_803,22.477809937396103,"[2.7241463878228203, 1.4297333051846146, 1.3829824571601455, 1.6980158429181107, 0.795379603791886, 1.52351497394746, 1.5651302266754934, 3.1415310236162792, 3.1404864847862237, 1.1397063594440393]",2.7241463878228203,1.52351497394746,"[1.72414847 2.24683366 1.89363699 1.711801   1.33095081 1.0145681
 0.68736038 1.40079375 1.51371792 0.60230853]",1.7241484721289566,1.014568100303551,5,11,42,4.411466121673584,1,743.0,0.0,0.0,803,gnm
regular_804,16.32901792488812,"[2.945001516274912, 3.1389351517423503, 2.5689634117895634, 1.6777359388111597, 0.945651696227258, 1.3982667370424138, 0.7589388940735353, 2.7377680543632072, 2.3863283422852883, 1.7546936654139487]",2.945001516274912,1.3982667370424138,"[1.72414847 2.24683366 1.89363699 1.711801   1.33095081 1.0145681
 0.68736038 1.40079375 1.51371792 0.60230853]",1.7241484721289566,1.014568100303551,5,14,21,4.470268249511719,1,1077.0,0.0,0.0,804,regular
gnm_805,11.881593474005058,"[1.7680879627846675, 2.344640448516458, 1.8591404219349656, 2.7421132313398777, 2.6829539720714664, 0.9269693040956528, 0.9382678437018802, 2.704229038571763, 2.765409069294355, 1.9484658004597972]",1.7680879627846675,0.9269693040956528,"[1.72414847 2.24683366 1.89363699 1.711801   1.33095081 1.0145681
 0.68736038 1.40079375 1.51371792 0.60230853]",1.7241484721289566,1.014568100303551,5,7,20,2.3752520084381104,1,885.0,0.0,0.0,805,gnm
barabasi_806,11.913330133192643,"[1.4762743377437115, 2.0478657164907164, 2.404418477608365, 1.2456740503875254, 1.3724427176310392, 1.2998462821631211, 1.2680889156462882, 3.14158478491923, 2.9263987741089195, 1.7817285544396606]",1.4762743377437115,1.2998462821631211,"[1.72414847 2.24683366 1.89363699 1.711801   1.33095081 1.0145681
 0.68736038 1.40079375 1.51371792 0.60230853]",1.7241484721289566,1.014568100303551,5,15,14,4.385680913925171,1,1564.0,0.0,0.0,806,barabasi
gnm_807,50.65960170095458,"[3.0188011502990633, 0.38034158777381033, 3.098820224079189, 1.8376824750952596, 0.40000988672552273, 1.6992214066192268, 2.0584416306894404, 2.34920738969776, 3.127542362609323, 1.5636118363285747]",3.0188011502990633,1.6992214066192268,"[1.72414847 2.24683366 1.89363699 1.711801   1.33095081 1.0145681
 0.68736038 1.40079375 1.51371792 0.60230853]",1.7241484721289566,1.014568100303551,5,17,86,20.35541582107544,1,1242.0,0.0,0.0,807,gnm
regular_808,11.515760211204586,"[1.8378766158200737, 2.1230978396065785, 2.6169252804744962, 1.610532267434811, 1.2101225313966573, 1.2536033276638616, 0.27715186700154526, 2.894938978771659, 2.7267011912141417, 2.0051472630563936]",1.8378766158200737,1.2536033276638616,"[1.72414847 2.24683366 1.89363699 1.711801   1.33095081 1.0145681
 0.68736038 1.40079375 1.51371792 0.60230853]",1.7241484721289566,1.014568100303551,5,13,13,3.6493661403656006,1,1480.0,0.0,0.0,808,regular
watts_809,9.347485431386303,"[2.936030511508407, 2.7765876801250675, 0.04928911878383069, 1.9264721589653226, 1.7523440147260598, 2.1205303612998723, 1.7805581065643699, 3.14084687102582, 3.1414067666044256, 1.3764412881265198]",2.936030511508407,2.1205303612998723,"[1.72414847 2.24683366 1.89363699 1.711801   1.33095081 1.0145681
 0.68736038 1.40079375 1.51371792 0.60230853]",1.7241484721289566,1.014568100303551,5,7,14,1.9089524745941162,1,891.0,0.0,0.0,809,watts
gnm_810,27.495950807410154,"[3.0142859467673357, 2.8791958739091372, -0.746839503079475, 1.6399664581763767, 0.40441413831254514, 1.9725514797929855, 1.8188807024443052, 3.139297025658846, 3.1211011834401714, 1.477513861543335]",3.0142859467673357,1.9725514797929855,"[1.72414847 2.24683366 1.89363699 1.711801   1.33095081 1.0145681
 0.68736038 1.40079375 1.51371792 0.60230853]",1.7241484721289566,1.014568100303551,5,12,47,6.5095295906066895,1,926.0,0.0,0.0,810,gnm
barabasi_811,14.911477616862728,"[1.1072200477982967, 2.612767147920939, 2.822927942017662, 0.8770098815415022, 2.8651308352500333, 1.4784393784750125, 1.3767553894305475, 2.934326389786923, 2.9577242968457105, 1.3677275733121008]",1.1072200477982967,1.4784393784750125,"[1.72414847 2.24683366 1.89363699 1.711801   1.33095081 1.0145681
 0.68736038 1.40079375 1.51371792 0.60230853]",1.7241484721289566,1.014568100303551,5,18,17,3.5191450119018555,1,1045.0,0.0,0.0,811,barabasi
barabasi_812,14.020738991764796,"[1.6072489380487849, 1.749034854383235, 3.140422292215256, 1.4452958200331345, 2.0627297013816492, -0.2395880230720729, 1.140775307910487, 3.131874101810326, 3.1415171492539833, 1.3213024710538424]",1.6072489380487849,-0.2395880230720729,"[1.72414847 2.24683366 1.89363699 1.711801   1.33095081 1.0145681
 0.68736038 1.40079375 1.51371792 0.60230853]",1.7241484721289566,1.014568100303551,5,12,20,2.582167148590088,1,860.0,0.0,0.0,812,barabasi
barabasi_813,6.638527517655291,"[3.0614035676893785, 3.0240128838699594, 2.535976148997977, 1.4030415242721603, 1.466573304862215, 1.598428230194825, 1.9679525098888, 1.7506376151611516, 2.8979626352979615, 1.753089906769362]",3.0614035676893785,1.598428230194825,"[1.72414847 2.24683366 1.89363699 1.711801   1.33095081 1.0145681
 0.68736038 1.40079375 1.51371792 0.60230853]",1.7241484721289566,1.014568100303551,5,8,7,1.489570140838623,1,1180.0,0.0,0.0,813,barabasi
gnm_814,27.26317779948573,"[3.137824238306994, 2.946234090319455, 1.810409370147105, 1.6632573206536798, 1.2408708602571306, 1.3219160906250398, 1.4017896500152016, 2.295261618636614, 2.8628883121450146, 1.5686405470058178]",3.137824238306994,1.3219160906250398,"[1.72414847 2.24683366 1.89363699 1.711801   1.33095081 1.0145681
 0.68736038 1.40079375 1.51371792 0.60230853]",1.7241484721289566,1.014568100303551,5,11,48,9.004149913787842,1,1276.0,0.0,0.0,814,gnm
barabasi_815,14.961306266313766,"[1.2257641123825254, 2.0931141547748444, 2.9200095302304616, 0.545188476165981, 2.4049160782729526, 1.6591237558621694, 1.2682178902378052, 3.073907840120152, 2.995973767814882, 1.744214836935801]",1.2257641123825254,1.6591237558621694,"[1.72414847 2.24683366 1.89363699 1.711801   1.33095081 1.0145681
 0.68736038 1.40079375 1.51371792 0.60230853]",1.7241484721289566,1.014568100303551,5,13,22,7.931104421615601,1,2038.0,0.0,0.0,815,barabasi
regular_816,17.162311188360928,"[1.7324373456976192, 1.948275679159119, 3.141592488057201, 1.3648859827714501, 1.370904658669018, 1.1421650096157374, 0.24213721988482217, 3.107546142928606, 2.4881534644530703, 1.8945962101717222]",1.7324373456976192,1.1421650096157374,"[1.72414847 2.24683366 1.89363699 1.711801   1.33095081 1.0145681
 0.68736038 1.40079375 1.51371792 0.60230853]",1.7241484721289566,1.014568100303551,5,12,24,4.063761234283447,1,966.0,0.0,0.0,816,regular
watts_817,16.391115525519513,"[2.84271290521, 2.872017577008112, 3.0938694865649294, 0.28853395243322616, 2.349425701972109, 2.074629897411917, 0.6433814163013507, 3.0698107122402187, 2.8259918296168482, 1.7818952729693533]",2.84271290521,2.074629897411917,"[1.72414847 2.24683366 1.89363699 1.711801   1.33095081 1.0145681
 0.68736038 1.40079375 1.51371792 0.60230853]",1.7241484721289566,1.014568100303551,5,19,19,5.665086507797241,1,1404.0,0.0,0.0,817,watts
gnm_818,12.288052390951634,"[2.319784780830574, 2.591551594718336, 1.5957599679496486, -0.025843642695059593, 1.6062438079348795, 1.5645621020025477, 0.9331363039255811, 2.2277318810885465, 2.189982736913045, 0.5782132712066754]",2.319784780830574,1.5645621020025477,"[1.72414847 2.24683366 1.89363699 1.711801   1.33095081 1.0145681
 0.68736038 1.40079375 1.51371792 0.60230853]",1.7241484721289566,1.014568100303551,5,8,21,4.714845657348633,1,2099.0,0.0,0.0,818,gnm
watts_819,6.000001425055993,"[2.177819241997769, 1.90687235545799, 2.7365317243682057, 1.1845563737134441, 1.4851885815036994, 1.165351230335691, 2.28009612907759, 2.1660341214978827, 2.3792912053478874, 1.0987492759143125]",2.177819241997769,1.165351230335691,"[1.72414847 2.24683366 1.89363699 1.711801   1.33095081 1.0145681
 0.68736038 1.40079375 1.51371792 0.60230853]",1.7241484721289566,1.014568100303551,5,6,6,0.7915608882904053,1,724.0,0.0,0.0,819,watts
watts_820,9.965091703790499,"[2.8367826908203804, 3.141578969885703, 3.1211827016635403, 1.2092872908229988, 1.414129654256786, 0.5868257661119936, 1.5378812421071906, 3.139461709765328, 3.141521495096678, 1.881805170856905]",2.8367826908203804,0.5868257661119936,"[1.72414847 2.24683366 1.89363699 1.711801   1.33095081 1.0145681
 0.68736038 1.40079375 1.51371792 0.60230853]",1.7241484721289566,1.014568100303551,5,12,12,1.823547601699829,1,700.0,0.0,0.0,820,watts
barabasi_821,7.881064438972093,"[2.717751550272064, 0.6998644203911368, 2.4980378016279405, 3.1400689394402193, 1.1662441982205238, 1.6932373170438488, 1.2506738047455965, 2.014756260440417, 2.867563561085636, 1.3701950303691657]",2.717751550272064,1.6932373170438488,"[1.72414847 2.24683366 1.89363699 1.711801   1.33095081 1.0145681
 0.68736038 1.40079375 1.51371792 0.60230853]",1.7241484721289566,1.014568100303551,5,10,9,3.1028482913970947,1,1659.0,0.0,0.0,821,barabasi
watts_822,11.67100961639435,"[3.034548269857666, 3.1415022276577282, 3.141277916355655, 1.5012717538071274, 1.9420493106668353, 1.7845991010170077, 1.1252460366673778, 2.847729358056866, 2.3841273080530634, 1.2087510259936889]",3.034548269857666,1.7845991010170077,"[1.72414847 2.24683366 1.89363699 1.711801   1.33095081 1.0145681
 0.68736038 1.40079375 1.51371792 0.60230853]",1.7241484721289566,1.014568100303551,5,16,16,1.9900894165039062,1,615.0,0.0,0.0,822,watts
gnm_823,39.86735443152024,"[2.2310289065288016, 2.484661292462258, 2.173112128691223, -0.4753980516871378, 0.2555970415480956, 1.5705065520079509, 0.930206483202587, 3.1327180837034083, 2.7347474031708323, 1.3095154403413207]",2.2310289065288016,1.5705065520079509,"[1.72414847 2.24683366 1.89363699 1.711801   1.33095081 1.0145681
 0.68736038 1.40079375 1.51371792 0.60230853]",1.7241484721289566,1.014568100303551,5,17,65,11.783772706985474,1,933.0,0.0,0.0,823,gnm
gnm_824,19.0759160998201,"[2.8825153575879403, 1.3749001414832747, 2.255047968681656, 0.3233597470883647, 1.0920643668957881, 1.6920109868039814, 1.5969350620476703, 2.8028589554832006, 2.9281895132726063, 1.5256001823446086]",2.8825153575879403,1.6920109868039814,"[1.72414847 2.24683366 1.89363699 1.711801   1.33095081 1.0145681
 0.68736038 1.40079375 1.51371792 0.60230853]",1.7241484721289566,1.014568100303551,5,12,29,3.614691734313965,1,758.0,0.0,0.0,824,gnm
barabasi_825,8.075763846114754,"[2.86485342897906, 2.590308396748754, 3.1415029124335945, 1.2317349469621734, 1.2697059402189104, 2.1171296550005003, 0.4534097864286989, 3.04307934990863, 3.0877458741259556, 1.7802275135029548]",2.86485342897906,2.1171296550005003,"[1.72414847 2.24683366 1.89363699 1.711801   1.33095081 1.0145681
 0.68736038 1.40079375 1.51371792 0.60230853]",1.7241484721289566,1.014568100303551,5,10,9,3.525947332382202,1,1847.0,0.0,0.0,825,barabasi
gnm_826,42.68802973181947,"[3.02368953553469, 1.4104500193714302, 1.8098945272898883, 1.586219275776862, 1.1898505384260178, 2.178715712981361, 1.485117246381329, 2.9840823570916264, 3.1401106188653336, 1.8069769350399816]",3.02368953553469,2.178715712981361,"[1.72414847 2.24683366 1.89363699 1.711801   1.33095081 1.0145681
 0.68736038 1.40079375 1.51371792 0.60230853]",1.7241484721289566,1.014568100303551,5,18,68,10.243430376052856,1,805.0,0.0,0.0,826,gnm
gnm_827,31.91829335182097,"[2.96330713555061, 2.418735836125104, 1.0827071430091761, 0.22887644548653574, 2.7161299981496976, 1.672176116958004, 1.5737899445513612, 2.7745781270486654, 2.9770672228781585, 1.6961729300798467]",2.96330713555061,1.672176116958004,"[1.72414847 2.24683366 1.89363699 1.711801   1.33095081 1.0145681
 0.68736038 1.40079375 1.51371792 0.60230853]",1.7241484721289566,1.014568100303551,5,13,51,15.329330921173096,1,1955.0,0.0,0.0,827,gnm
watts_828,7.4695950265886495,"[2.9483873093854913, 2.5181775334657104, 1.8580300763994326, 1.663134587662114, 0.46118204668447327, 1.7407364596178372, 0.8058745789950281, 2.5358445493178357, 1.9690846502533743, 0.9872974589126696]",2.9483873093854913,1.7407364596178372,"[1.72414847 2.24683366 1.89363699 1.711801   1.33095081 1.0145681
 0.68736038 1.40079375 1.51371792 0.60230853]",1.7241484721289566,1.014568100303551,5,6,12,1.694242000579834,1,940.0,0.0,0.0,828,watts
watts_829,9.459457302687866,"[1.8701083785615409, 1.9577215135512533, 2.996120426033594, 1.787762533523711, 1.1616438891183578, 1.4832773065945721, 1.734338901172798, 1.7644862486623345, 1.6796985432971159, 0.8854625017674757]",1.8701083785615409,1.4832773065945721,"[1.72414847 2.24683366 1.89363699 1.711801   1.33095081 1.0145681
 0.68736038 1.40079375 1.51371792 0.60230853]",1.7241484721289566,1.014568100303551,5,12,12,3.094942569732666,1,1242.0,0.0,0.0,829,watts
barabasi_830,15.444748560180875,"[1.149478925084722, 2.318248134431247, 1.8853424630638984, 1.7997084509799919, 1.378780643973188, 1.65299250704084, 1.1729254789705137, 3.141397277882282, 2.895419024255199, 1.7147024442521794]",1.149478925084722,1.65299250704084,"[1.72414847 2.24683366 1.89363699 1.711801   1.33095081 1.0145681
 0.68736038 1.40079375 1.51371792 0.60230853]",1.7241484721289566,1.014568100303551,5,20,19,4.201490163803101,1,795.0,0.0,0.0,830,barabasi
gnm_831,45.920758989542925,"[3.0526616720167308, 1.5824709784792772, 0.9888240468793529, 1.9392229660813682, 2.1293773572839374, 1.767389427247979, 1.6293720704895351, 3.1415846910471803, 3.1197380287066867, 1.4230013057617426]",3.0526616720167308,1.767389427247979,"[1.72414847 2.24683366 1.89363699 1.711801   1.33095081 1.0145681
 0.68736038 1.40079375 1.51371792 0.60230853]",1.7241484721289566,1.014568100303551,5,15,83,14.593189716339111,1,1099.0,0.0,0.0,831,gnm
regular_832,14.206817110352413,"[1.732558087635617, 1.9839702999321513, 2.4859349438283633, 1.4481534344399671, 1.6639940748793793, 1.0234571658262224, 1.4224936511015251, 1.8787206570480592, 2.090646273715109, 0.9854275944065107]",1.732558087635617,1.0234571658262224,"[1.72414847 2.24683366 1.89363699 1.711801   1.33095081 1.0145681
 0.68736038 1.40079375 1.51371792 0.60230853]",1.7241484721289566,1.014568100303551,5,10,20,4.782021999359131,1,1469.0,0.0,0.0,832,regular
barabasi_833,17.448991648798202,"[2.926729211243374, 2.1894609799836418, 1.5820235927071806, 1.600934762124305, 1.4669612629326063, 1.7569470223354866, 1.205555681530474, 1.917116905649406, 1.8925048361436947, 0.967240931756714]",2.926729211243374,1.7569470223354866,"[1.72414847 2.24683366 1.89363699 1.711801   1.33095081 1.0145681
 0.68736038 1.40079375 1.51371792 0.60230853]",1.7241484721289566,1.014568100303551,5,15,26,3.4723219871520996,1,720.0,0.0,0.0,833,barabasi
watts_834,17.075614676778116,"[2.9051744469973455, 2.6703490621302697, 2.435799141426018, 1.6547806321430343, 1.5947753830702895, 2.1570328394531586, 0.3204214792486658, 2.8196823440291823, 2.9941390806638224, 2.123548093295665]",2.9051744469973455,2.1570328394531586,"[1.72414847 2.24683366 1.89363699 1.711801   1.33095081 1.0145681
 0.68736038 1.40079375 1.51371792 0.60230853]",1.7241484721289566,1.014568100303551,5,20,20,6.750979423522949,1,1266.0,0.0,0.0,834,watts
watts_835,11.666712843454276,"[1.7032737752405054, 1.8170414993705442, 3.129887937621535, 1.917454394386692, 1.8324606845167284, 1.233172881572263, 1.512828138430669, 2.715638460754665, 3.059994612194811, 1.300472710278128]",1.7032737752405054,1.233172881572263,"[1.72414847 2.24683366 1.89363699 1.711801   1.33095081 1.0145681
 0.68736038 1.40079375 1.51371792 0.60230853]",1.7241484721289566,1.014568100303551,5,14,14,2.751511335372925,1,1231.0,0.0,0.0,835,watts
gnm_836,33.37584871730428,"[2.990920806705134, 3.110271272492765, 1.6949028567845184, 1.6867679847595842, 1.409291593414204, 0.8488686546513193, 0.9073609814145225, 2.904793030949973, 3.021435466437878, 0.9991808102620696]",2.990920806705134,0.8488686546513193,"[1.72414847 2.24683366 1.89363699 1.711801   1.33095081 1.0145681
 0.68736038 1.40079375 1.51371792 0.60230853]",1.7241484721289566,1.014568100303551,5,12,57,10.985530853271484,1,1334.0,0.0,0.0,836,gnm
gnm_837,17.04323601995391,"[2.9988222215896965, 2.907481640065671, 1.3104143730717333, 1.9083719957708793, 0.4045895224873292, 2.05664681122009, 0.48079898622655803, 3.097345889585288, 2.866772451241231, 1.4085058152179064]",2.9988222215896965,2.05664681122009,"[1.72414847 2.24683366 1.89363699 1.711801   1.33095081 1.0145681
 0.68736038 1.40079375 1.51371792 0.60230853]",1.7241484721289566,1.014568100303551,5,10,26,3.7688286304473877,1,988.0,0.0,0.0,837,gnm
barabasi_838,24.266418173935314,"[3.1415840449808337, 2.9036654608015535, 2.857089850754644, 2.4504930277746277, 1.5207925377761797, 2.4842470330767026, 0.22281555819320437, 3.1415909288116795, 3.1404327274501598, 1.3161540220002421]",3.1415840449808337,2.4842470330767026,"[1.72414847 2.24683366 1.89363699 1.711801   1.33095081 1.0145681
 0.68736038 1.40079375 1.51371792 0.60230853]",1.7241484721289566,1.014568100303551,5,20,36,11.204321384429932,1,1255.0,0.0,0.0,838,barabasi
gnm_839,5.600120257351591,"[2.856167419779034, 2.9580741421430803, 2.642980552654818, 0.9964958649613438, 1.5096792334207376, -0.3803469000263078, 2.8829659337278524, 2.7693613289346795, 2.376107175930297, 0.5360830807862837]",2.856167419779034,-0.3803469000263078,"[1.72414847 2.24683366 1.89363699 1.711801   1.33095081 1.0145681
 0.68736038 1.40079375 1.51371792 0.60230853]",1.7241484721289566,1.014568100303551,5,7,6,2.1533312797546387,1,2080.0,0.0,0.0,839,gnm
gnm_840,13.131206038208099,"[1.2753402139278789, 2.127547182035472, 0.47407898682725125, 3.082377689995457, 2.0111296401786403, 1.7096478026038744, 1.1459802295116548, 3.094073450308651, 2.932825315806367, 1.5455144316446976]",1.2753402139278789,1.7096478026038744,"[1.72414847 2.24683366 1.89363699 1.711801   1.33095081 1.0145681
 0.68736038 1.40079375 1.51371792 0.60230853]",1.7241484721289566,1.014568100303551,5,13,17,2.476773738861084,1,768.0,0.0,0.0,840,gnm
gnm_841,34.180638713683706,"[3.065946677857043, 2.8629836960541155, 0.9884993976923211, 2.5609516056412005, 0.0316287239676714, 1.8811621378028145, 1.6809078701766245, 3.0894747151726953, 3.1380481693128424, 1.5410656729052343]",3.065946677857043,1.8811621378028145,"[1.72414847 2.24683366 1.89363699 1.711801   1.33095081 1.0145681
 0.68736038 1.40079375 1.51371792 0.60230853]",1.7241484721289566,1.014568100303551,5,12,62,10.565056085586548,1,1175.0,0.0,0.0,841,gnm
regular_842,18.851958964206943,"[1.7255413426002235, 1.9526300994442782, 3.0682517228826525, 2.072463606434049, 1.4919594794527755, 1.030668110853556, 1.9309771946588237, 0.73346344201411, 2.0046300645463484, 0.9043098703007337]",1.7255413426002235,1.030668110853556,"[1.72414847 2.24683366 1.89363699 1.711801   1.33095081 1.0145681
 0.68736038 1.40079375 1.51371792 0.60230853]",1.7241484721289566,1.014568100303551,5,13,26,5.114665269851685,1,1174.0,0.0,0.0,842,regular
barabasi_843,5.344567404507245,"[2.8960816166723187, 3.1315235931414414, 3.141582620662362, 0.8440992243946794, 1.6072531508618488, 1.6752477558919714, 0.5520786628328469, 2.8563727671648853, 2.882602751596056, 1.8580856833306822]",2.8960816166723187,1.6752477558919714,"[1.72414847 2.24683366 1.89363699 1.711801   1.33095081 1.0145681
 0.68736038 1.40079375 1.51371792 0.60230853]",1.7241484721289566,1.014568100303551,5,7,6,2.0502383708953857,1,1216.0,0.0,0.0,843,barabasi
regular_844,23.016080775184466,"[2.96310492275132, 2.79586919461051, 2.6296608649348956, 1.6999417540790254, 0.9555642318493308, 0.6240006245031997, 0.5398993705234041, 2.5985188462251583, 2.167006397811516, 1.7933933437650593]",2.96310492275132,0.6240006245031997,"[1.72414847 2.24683366 1.89363699 1.711801   1.33095081 1.0145681
 0.68736038 1.40079375 1.51371792 0.60230853]",1.7241484721289566,1.014568100303551,5,18,27,10.443354606628418,1,1942.0,0.0,0.0,844,regular
regular_845,19.934586161320503,"[1.7276391528720574, 2.0249294364178048, 2.966599456300048, 1.9252389659502813, 1.489350655028708, 1.0039184731139752, 0.13571383505393253, 2.6380289815947684, 2.0794980570819694, 2.4225454797612143]",1.7276391528720574,1.0039184731139752,"[1.72414847 2.24683366 1.89363699 1.711801   1.33095081 1.0145681
 0.68736038 1.40079375 1.51371792 0.60230853]",1.7241484721289566,1.014568100303551,5,13,26,6.630775451660156,1,1559.0,0.0,0.0,845,regular
watts_846,8.000019704899975,"[1.6732472748269913, 2.368812505819976, 2.274576072347067, 1.988672689720528, 0.9051511501718339, 0.7884673760475902, 0.685279173395215, 2.749372971324923, 2.3995191665410527, 0.8711847987817342]",1.6732472748269913,0.7884673760475902,"[1.72414847 2.24683366 1.89363699 1.711801   1.33095081 1.0145681
 0.68736038 1.40079375 1.51371792 0.60230853]",1.7241484721289566,1.014568100303551,5,8,8,2.749356508255005,1,1944.0,0.0,0.0,846,watts
watts_847,8.547271376026105,"[2.8728907023189874, 3.141580808237975, 3.1414658005456033, 0.8840994654614239, 1.6997638992328246, 2.5117540759066097, -0.34890557483074613, 3.010594473886357, 3.052966448655587, 1.8362833197065935]",2.8728907023189874,2.5117540759066097,"[1.72414847 2.24683366 1.89363699 1.711801   1.33095081 1.0145681
 0.68736038 1.40079375 1.51371792 0.60230853]",1.7241484721289566,1.014568100303551,5,11,11,4.059478759765625,1,1775.0,0.0,0.0,847,watts
watts_848,10.020463303597353,"[2.433629525009461, 2.37760444432295, -0.19415874473500047, 1.969744850629924, 1.5167519380062071, 1.6011503432856125, 0.5857751170297821, 2.9569224912251224, 2.8202604429551092, 1.2961506353962393]",2.433629525009461,1.6011503432856125,"[1.72414847 2.24683366 1.89363699 1.711801   1.33095081 1.0145681
 0.68736038 1.40079375 1.51371792 0.60230853]",1.7241484721289566,1.014568100303551,5,8,16,2.848140001296997,1,1140.0,0.0,0.0,848,watts
barabasi_849,8.780747736026257,"[2.959167187409552, 3.113520131076863, 2.048680631626361, 1.9929459255758262, 1.5696302704835075, 1.6820755218205694, 0.18162036216383198, 2.9651520804006113, 2.8100178305939254, 1.9355811015045834]",2.959167187409552,1.6820755218205694,"[1.72414847 2.24683366 1.89363699 1.711801   1.33095081 1.0145681
 0.68736038 1.40079375 1.51371792 0.60230853]",1.7241484721289566,1.014568100303551,5,11,10,2.5584182739257812,1,1321.0,0.0,0.0,849,barabasi
watts_850,8.546853704495248,"[2.8805718634529454, 3.0755260271333547, 2.9378173248291652, 2.6257182984579703, 0.17268051810411378, 1.713077965947773, 0.442051808189436, 3.141576217491866, 3.0297640850236838, 1.9950737022354736]",2.8805718634529454,1.713077965947773,"[1.72414847 2.24683366 1.89363699 1.711801   1.33095081 1.0145681
 0.68736038 1.40079375 1.51371792 0.60230853]",1.7241484721289566,1.014568100303551,5,10,10,2.764822244644165,1,1408.0,0.0,0.0,850,watts
barabasi_851,13.689135781272093,"[2.914362044345064, 3.05777545483164, 3.1415167290635044, 1.9689256944534266, 1.8445139041900702, 1.6858871935724498, 0.10395912482062503, 3.136953957048041, 2.9957468639808607, 1.2801149020857672]",2.914362044345064,1.6858871935724498,"[1.72414847 2.24683366 1.89363699 1.711801   1.33095081 1.0145681
 0.68736038 1.40079375 1.51371792 0.60230853]",1.7241484721289566,1.014568100303551,5,12,20,5.147469520568848,1,1494.0,0.0,0.0,851,barabasi
barabasi_852,16.533479807692753,"[2.997692504533388, 1.9339511456569314, 1.3546412668128025, 2.000596623954138, 1.541490613904321, 1.2203378267266247, 1.6587955478973297, 2.4011881529655197, 1.6095968146076236, 1.304975154631024]",2.997692504533388,1.2203378267266247,"[1.72414847 2.24683366 1.89363699 1.711801   1.33095081 1.0145681
 0.68736038 1.40079375 1.51371792 0.60230853]",1.7241484721289566,1.014568100303551,5,14,24,6.9403181076049805,1,1557.0,0.0,0.0,852,barabasi
gnm_853,74.60219398129347,"[2.8475010479855194, 1.8349091373464268, 1.6872978712256068, 1.5743234976597895, 1.2555217889120904, 1.592999726873419, 1.2851234065507713, 3.0346498428054463, 2.98848419857538, 1.7844560814266193]",2.8475010479855194,1.592999726873419,"[1.72414847 2.24683366 1.89363699 1.711801   1.33095081 1.0145681
 0.68736038 1.40079375 1.51371792 0.60230853]",1.7241484721289566,1.014568100303551,5,20,135,24.448580980300903,1,755.0,0.0,0.0,853,gnm
gnm_854,14.2181685314218,"[3.0424638305908887, 2.386180635749109, 1.5809905347977586, 2.095745109364688, 1.074034545952911, 1.802129310951405, 0.8301913479083329, 2.3705911112622298, 2.762141285692551, 1.5230495419228571]",3.0424638305908887,1.802129310951405,"[1.72414847 2.24683366 1.89363699 1.711801   1.33095081 1.0145681
 0.68736038 1.40079375 1.51371792 0.60230853]",1.7241484721289566,1.014568100303551,5,11,23,2.548628807067871,1,757.0,0.0,0.0,854,gnm
watts_855,6.434280471689053,"[2.2563681960970854, 1.753808578545753, 2.9440326252971802, 1.769953825996189, 1.270643473057425, 1.2255222917817825, 1.8992274016825528, 1.5905942873123415, 2.046173798759969, 1.0118115087506898]",2.2563681960970854,1.2255222917817825,"[1.72414847 2.24683366 1.89363699 1.711801   1.33095081 1.0145681
 0.68736038 1.40079375 1.51371792 0.60230853]",1.7241484721289566,1.014568100303551,5,8,8,1.483447790145874,1,1046.0,0.0,0.0,855,watts
barabasi_856,15.886437303693715,"[2.897696585169439, 2.1801764171376483, 1.6161189696629803, 1.4842550998910047, 1.4642388941203666, 1.7266494885565944, 0.5684546504036689, 2.0323772112557985, 0.9245688520282294, 0.7414736529115497]",2.897696585169439,1.7266494885565944,"[1.72414847 2.24683366 1.89363699 1.711801   1.33095081 1.0145681
 0.68736038 1.40079375 1.51371792 0.60230853]",1.7241484721289566,1.014568100303551,5,13,22,8.684948682785034,1,2058.0,0.0,0.0,856,barabasi
watts_857,8.857685246592155,"[2.7858979450748054, 2.657803376562618, 2.2740357786621286, 1.4796958064069194, 1.318994037894767, 0.9699763063714497, 0.6759231946775123, 1.77972087604024, 1.289431741128888, 1.3010129681765141]",2.7858979450748054,0.9699763063714497,"[1.72414847 2.24683366 1.89363699 1.711801   1.33095081 1.0145681
 0.68736038 1.40079375 1.51371792 0.60230853]",1.7241484721289566,1.014568100303551,5,7,14,5.433933973312378,1,2410.0,0.0,0.0,857,watts
watts_858,9.752463333476976,"[2.888576927137631, 2.5183767994327493, 3.085818841802647, 2.1122545840824456, 1.214568795828683, 0.4949897699208352, 1.1152433141418525, 3.1413983937176475, 3.125386144105126, 2.300291511800571]",2.888576927137631,0.4949897699208352,"[1.72414847 2.24683366 1.89363699 1.711801   1.33095081 1.0145681
 0.68736038 1.40079375 1.51371792 0.60230853]",1.7241484721289566,1.014568100303551,5,12,12,3.224247932434082,1,1199.0,0.0,0.0,858,watts
barabasi_859,12.074668234322424,"[1.9992787866070652, 1.453965810795518, 1.9597305029172722, 2.050660943921348, 1.168519174002059, 1.4299052350053285, 1.0992976377597348, 3.1409622348095443, 2.895525978986651, 1.766533248880946]",1.9992787866070652,1.4299052350053285,"[1.72414847 2.24683366 1.89363699 1.711801   1.33095081 1.0145681
 0.68736038 1.40079375 1.51371792 0.60230853]",1.7241484721289566,1.014568100303551,5,15,14,3.079204559326172,1,1052.0,0.0,0.0,859,barabasi
gnm_860,82.26578071466153,"[3.046991894018184, 2.025634158936449, 1.3919052171479451, 1.746588816945105, 0.9248280526377224, 1.9022005884077755, 1.5699240400657413, 3.1414599531288534, 3.1405501720140054, 1.8144370745811662]",3.046991894018184,1.9022005884077755,"[1.72414847 2.24683366 1.89363699 1.711801   1.33095081 1.0145681
 0.68736038 1.40079375 1.51371792 0.60230853]",1.7241484721289566,1.014568100303551,5,20,148,23.86363434791565,1,664.0,0.0,0.0,860,gnm
barabasi_861,8.648560831341097,"[1.9270725256724839, 1.5623789491572184, 1.9122801963270075, 1.8543328747528092, 1.3214062712750239, 1.4106605757791126, 1.128413342390382, 3.1365854822314594, 2.830284663948721, 1.8051032591004375]",1.9270725256724839,1.4106605757791126,"[1.72414847 2.24683366 1.89363699 1.711801   1.33095081 1.0145681
 0.68736038 1.40079375 1.51371792 0.60230853]",1.7241484721289566,1.014568100303551,5,11,10,1.763843297958374,1,1042.0,0.0,0.0,861,barabasi
barabasi_862,4.650793524208709,"[2.9598856540102805, 3.1102877949559313, 3.13137301658085, 0.8388059679036162, 1.591976867093524, 1.6754077156126188, 3.0858919756494574, 0.3202143723136388, 2.856841003274283, 1.866964530861348]",2.9598856540102805,1.6754077156126188,"[1.72414847 2.24683366 1.89363699 1.711801   1.33095081 1.0145681
 0.68736038 1.40079375 1.51371792 0.60230853]",1.7241484721289566,1.014568100303551,5,6,5,1.5825767517089844,1,1704.0,0.0,0.0,862,barabasi
gnm_863,22.02103823766629,"[2.7971072557369077, 2.3066384396866324, 1.6802309166639278, 1.7069130744035688, 1.3383043730979356, 0.8582069449282286, 0.48570653350690207, 2.815490322908553, 2.7876433552880266, 1.582390740788059]",2.7971072557369077,0.8582069449282286,"[1.72414847 2.24683366 1.89363699 1.711801   1.33095081 1.0145681
 0.68736038 1.40079375 1.51371792 0.60230853]",1.7241484721289566,1.014568100303551,5,10,41,8.65061068534851,1,1464.0,0.0,0.0,863,gnm
barabasi_864,13.7419610260818,"[1.6959649458423685, 1.9015870861446413, 3.0255124936581157, 1.8516315314274316, 3.1392164062956898, 1.1574156507056004, 1.9088237506116323, 0.940312834690425, 3.0927801792096816, -0.11636483440590142]",1.6959649458423685,1.1574156507056004,"[1.72414847 2.24683366 1.89363699 1.711801   1.33095081 1.0145681
 0.68736038 1.40079375 1.51371792 0.60230853]",1.7241484721289566,1.014568100303551,5,12,20,5.924067497253418,1,1680.0,0.0,0.0,864,barabasi
barabasi_865,8.475359797023497,"[1.4700461480381273, 2.0691661335961458, 2.0133218553550227, 1.7702369516574203, 1.303382788089794, 1.4251128563027113, 1.1997741356999563, 3.1414645317181953, 2.9078459858046877, 1.8017038769908418]",1.4700461480381273,1.4251128563027113,"[1.72414847 2.24683366 1.89363699 1.711801   1.33095081 1.0145681
 0.68736038 1.40079375 1.51371792 0.60230853]",1.7241484721289566,1.014568100303551,5,11,10,2.6051039695739746,1,1255.0,0.0,0.0,865,barabasi
watts_866,5.999989195030973,"[1.8604712662599665, 1.9859909631707244, 2.8060880119981166, 1.8147282369553037, 1.3617872744732766, 1.0182831928992053, 0.7114352165114454, 2.8326297009935404, 2.5317986804246857, 1.4008423137763675]",1.8604712662599665,1.0182831928992053,"[1.72414847 2.24683366 1.89363699 1.711801   1.33095081 1.0145681
 0.68736038 1.40079375 1.51371792 0.60230853]",1.7241484721289566,1.014568100303551,5,7,7,0.5753800868988037,1,400.0,0.0,0.0,866,watts
watts_867,24.694139582065816,"[2.9852145356082085, 2.851430041807363, 2.5877903552227792, 1.6438522721982194, 1.6963840017694847, 0.5175745887175857, 0.3571205633568427, 3.140651722430255, 3.1412902020467337, 1.7638946722096076]",2.9852145356082085,0.5175745887175857,"[1.72414847 2.24683366 1.89363699 1.711801   1.33095081 1.0145681
 0.68736038 1.40079375 1.51371792 0.60230853]",1.7241484721289566,1.014568100303551,5,17,34,6.053551435470581,1,842.0,0.0,0.0,867,watts
barabasi_868,15.212526609352476,"[3.1389773808044876, 2.8498061588979424, 2.622256753701479, 1.4929157784245861, 1.671610703609105, 1.5928050085461714, 0.34853192424000723, 2.2630316000603994, 2.921549551189177, 2.6358796722487265]",3.1389773808044876,1.5928050085461714,"[1.72414847 2.24683366 1.89363699 1.711801   1.33095081 1.0145681
 0.68736038 1.40079375 1.51371792 0.60230853]",1.7241484721289566,1.014568100303551,5,19,18,5.501307964324951,1,1430.0,0.0,0.0,868,barabasi
regular_869,9.919620951985053,"[2.9389164194467106, 1.969757244209156, 1.8903547977263264, 1.890189106690722, 1.3414128891570658, 1.6900091915671065, 1.1825073252076397, 2.8028897783813402, 2.9489565151496406, 1.6571649860680917]",2.9389164194467106,1.6900091915671065,"[1.72414847 2.24683366 1.89363699 1.711801   1.33095081 1.0145681
 0.68736038 1.40079375 1.51371792 0.60230853]",1.7241484721289566,1.014568100303551,5,7,14,3.4540131092071533,1,1938.0,0.0,0.0,869,regular
regular_870,11.519597862978886,"[1.8585760965059328, 2.096991649953871, 2.6321862659988353, 1.6065116069496637, 1.2216087215264921, 1.2538649618472597, 0.28547763552487937, 2.970846378432112, 2.639213604414132, 2.0112840688042697]",1.8585760965059328,1.2538649618472597,"[1.72414847 2.24683366 1.89363699 1.711801   1.33095081 1.0145681
 0.68736038 1.40079375 1.51371792 0.60230853]",1.7241484721289566,1.014568100303551,5,13,13,3.3745627403259277,1,1479.0,0.0,0.0,870,regular
regular_871,9.880484360499395,"[3.086525246817444, 1.7885055644503196, 1.8862718304390862, 1.5223439731734607, 2.058931707194728, 1.6836806888941336, 1.1372733865379574, 2.3739084045085423, 1.9684582814724065, 1.3983470596336245]",3.086525246817444,1.6836806888941336,"[1.72414847 2.24683366 1.89363699 1.711801   1.33095081 1.0145681
 0.68736038 1.40079375 1.51371792 0.60230853]",1.7241484721289566,1.014568100303551,5,7,14,3.3118438720703125,1,1543.0,0.0,0.0,871,regular
barabasi_872,14.205499763862324,"[2.9531670021246192, 2.8355432393793913, 2.5725665336539265, 1.5610527408243282, 1.5985762583043073, 1.981572444284951, 0.21003520100340506, 2.5975496217237914, 2.9444755688703057, 2.344005239013697]",2.9531670021246192,1.981572444284951,"[1.72414847 2.24683366 1.89363699 1.711801   1.33095081 1.0145681
 0.68736038 1.40079375 1.51371792 0.60230853]",1.7241484721289566,1.014568100303551,5,17,16,5.220032691955566,1,1471.0,0.0,0.0,872,barabasi
gnm_873,36.17045889733765,"[2.764381091144288, 2.913164738085839, 1.9738650379956393, 1.5454932760632678, 1.4545999011857011, 0.996328799671932, 0.7184909701913935, 3.020635837627993, 3.076492060412175, 2.044756053557311]",2.764381091144288,0.996328799671932,"[1.72414847 2.24683366 1.89363699 1.711801   1.33095081 1.0145681
 0.68736038 1.40079375 1.51371792 0.60230853]",1.7241484721289566,1.014568100303551,5,13,73,10.22992753982544,1,912.0,0.0,0.0,873,gnm
watts_874,8.102843993404795,"[2.8267465099096336, 3.141533651768057, 2.5228673968141466, 1.4508724624275229, 1.7713074479438526, 1.25500544881961, 0.7563425441450942, 3.1201148342732408, 3.053871777829101, 1.8108024850778732]",2.8267465099096336,1.25500544881961,"[1.72414847 2.24683366 1.89363699 1.711801   1.33095081 1.0145681
 0.68736038 1.40079375 1.51371792 0.60230853]",1.7241484721289566,1.014568100303551,5,10,10,2.2526628971099854,1,1137.0,0.0,0.0,874,watts
regular_875,24.22710708947388,"[1.7243260804821872, 2.0435860897427185, 2.799257842779899, 2.0363265401310393, 1.3355643844238727, 1.0384820067461549, 0.5317770914559861, 1.5277851212381495, 1.4384763415656958, 0.8764532042866537]",1.7243260804821872,1.0384820067461549,"[1.72414847 2.24683366 1.89363699 1.711801   1.33095081 1.0145681
 0.68736038 1.40079375 1.51371792 0.60230853]",1.7241484721289566,1.014568100303551,5,17,34,5.790982484817505,1,806.0,0.0,0.0,875,regular
regular_876,5.99998937270094,"[1.8587409330290439, 1.9881447727573631, 2.804619177849438, 1.8109397704948296, 1.3631846549559719, 1.0131735883950537, 0.7231312575390384, 2.8317201918920425, 2.5204598129651488, 1.3985554587236968]",1.8587409330290439,1.0131735883950537,"[1.72414847 2.24683366 1.89363699 1.711801   1.33095081 1.0145681
 0.68736038 1.40079375 1.51371792 0.60230853]",1.7241484721289566,1.014568100303551,5,7,7,0.4797239303588867,1,400.0,0.0,0.0,876,regular
barabasi_877,9.808540455736054,"[2.8822999701926895, 2.7617942269063964, 3.13377693271927, 0.5085711352234856, 2.1907040784904757, 2.1979385611374322, 0.5358373824994438, 2.888762408764915, 2.9206830594355067, 1.7563479708294056]",2.8822999701926895,2.1979385611374322,"[1.72414847 2.24683366 1.89363699 1.711801   1.33095081 1.0145681
 0.68736038 1.40079375 1.51371792 0.60230853]",1.7241484721289566,1.014568100303551,5,12,11,5.552168369293213,1,2511.0,0.0,0.0,877,barabasi
regular_878,6.000001214594113,"[0.5645164161042491, 2.456097358697231, 2.957685074064926, 1.418730903613918, 2.172208114907887, 1.1481831993653966, 1.4545456466622895, 2.391152875733532, 1.7329645946043768, 0.9792173575967784]",0.5645164161042491,1.1481831993653966,"[1.72414847 2.24683366 1.89363699 1.711801   1.33095081 1.0145681
 0.68736038 1.40079375 1.51371792 0.60230853]",1.7241484721289566,1.014568100303551,5,6,6,0.37049269676208496,1,338.0,0.0,0.0,878,regular
regular_879,27.861780825695952,"[1.7107864973050493, 1.9057196894878763, 3.0520357260814275, 2.049265211966989, 1.4918393413667306, 0.9812504057673048, 0.461104106394789, 2.1170826434981502, 2.003740119477217, 0.8519939274587172]",1.7107864973050493,0.9812504057673048,"[1.72414847 2.24683366 1.89363699 1.711801   1.33095081 1.0145681
 0.68736038 1.40079375 1.51371792 0.60230853]",1.7241484721289566,1.014568100303551,5,18,36,8.082669734954834,1,1133.0,0.0,0.0,879,regular
barabasi_880,26.87600770903811,"[2.855353914495176, 2.5303557590365733, 2.2718255510220926, 1.553934246004224, 1.5706029358182523, 1.194456518337009, 0.005568831401524554, 2.191876315453158, 2.3081317483514967, 0.9523543342987992]",2.855353914495176,1.194456518337009,"[1.72414847 2.24683366 1.89363699 1.711801   1.33095081 1.0145681
 0.68736038 1.40079375 1.51371792 0.60230853]",1.7241484721289566,1.014568100303551,5,17,42,5.965336084365845,1,799.0,0.0,0.0,880,barabasi
barabasi_881,4.963368642813293,"[1.7249486412106907, 1.9418482422016934, 2.031899305300167, 1.9172860457541099, 1.5429730676110358, 0.5282922673003196, 1.3303003328731733, 1.8674222574911004, 2.1760380402606376, 0.8309742109758063]",1.7249486412106907,0.5282922673003196,"[1.72414847 2.24683366 1.89363699 1.711801   1.33095081 1.0145681
 0.68736038 1.40079375 1.51371792 0.60230853]",1.7241484721289566,1.014568100303551,5,6,5,0.9791662693023682,1,925.0,0.0,0.0,881,barabasi
barabasi_882,6.825962040108905,"[2.8262947017989504, 3.1389663791191045, 3.1415878552745493, 0.8948169752938462, 1.647240143951057, 3.141508765472489, -1.0420829166356598, 3.0135778314856916, 3.016535313820685, 1.8023413607850443]",2.8262947017989504,3.141508765472489,"[1.72414847 2.24683366 1.89363699 1.711801   1.33095081 1.0145681
 0.68736038 1.40079375 1.51371792 0.60230853]",1.7241484721289566,1.014568100303551,5,9,8,2.56250262260437,1,1531.0,0.0,0.0,882,barabasi
gnm_883,7.469609133753693,"[2.947536356921497, 2.5185867432186613, 1.8585124487113949, 1.6624193408147891, 0.4618506373982556, 1.7386045215071655, 0.8052906198679661, 2.536174883612944, 1.970998930217463, 0.9862825305229449]",2.947536356921497,1.7386045215071655,"[1.72414847 2.24683366 1.89363699 1.711801   1.33095081 1.0145681
 0.68736038 1.40079375 1.51371792 0.60230853]",1.7241484721289566,1.014568100303551,5,6,12,1.83595609664917,1,995.0,0.0,0.0,883,gnm
watts_884,21.65522222300944,"[3.0011824013784323, 2.872088305843726, 1.2932084261808094, 1.4145226797963908, 0.06934152314393219, 2.0827143182008894, 1.9534829742760809, 3.124499580404428, 2.6975837549867983, 0.6902987551599117]",3.0011824013784323,2.0827143182008894,"[1.72414847 2.24683366 1.89363699 1.711801   1.33095081 1.0145681
 0.68736038 1.40079375 1.51371792 0.60230853]",1.7241484721289566,1.014568100303551,5,15,30,8.92865538597107,1,1592.0,0.0,0.0,884,watts
barabasi_885,34.11131610257513,"[3.000065664563516, 3.0773135139811627, 2.743375135186662, 2.115170864013751, 1.1275039637322477, 0.27222567361785655, 0.24227313036065093, 3.068706362548201, 3.11887474677411, 1.8913953353848978]",3.000065664563516,0.27222567361785655,"[1.72414847 2.24683366 1.89363699 1.711801   1.33095081 1.0145681
 0.68736038 1.40079375 1.51371792 0.60230853]",1.7241484721289566,1.014568100303551,5,20,51,11.212970733642578,1,899.0,0.0,0.0,885,barabasi
regular_886,6.9472104634623975,"[1.3544087770214834, 2.15893598057006, 3.035958083445494, 2.3274760970437116, 3.07168779254644, 1.4543303096116622, 2.1510636672659142, 2.1902518334636047, 1.5533258780896135, 1.7807428388584148]",1.3544087770214834,1.4543303096116622,"[1.72414847 2.24683366 1.89363699 1.711801   1.33095081 1.0145681
 0.68736038 1.40079375 1.51371792 0.60230853]",1.7241484721289566,1.014568100303551,5,6,9,2.423784017562866,1,1845.0,0.0,0.0,886,regular
regular_887,12.401645985335541,"[1.831108617755747, 2.134446590937096, 2.6105755797353325, 1.6127411534465077, 1.2027304889274022, 1.2579253880981094, 0.2743545042897254, 2.8180601976238435, 2.809585004273023, 2.004665471424473]",1.831108617755747,1.2579253880981094,"[1.72414847 2.24683366 1.89363699 1.711801   1.33095081 1.0145681
 0.68736038 1.40079375 1.51371792 0.60230853]",1.7241484721289566,1.014568100303551,5,14,14,3.7649857997894287,1,1337.0,0.0,0.0,887,regular
watts_888,27.077985456646672,"[1.2642934016379157, 2.134968551381256, 3.04813918404831, 1.571963330144722, 2.002115943521679, 1.6209324299102466, 2.008809612578573, 2.1666621646932525, 1.6136062760112764, 1.351501324900899]",1.2642934016379157,1.6209324299102466,"[1.72414847 2.24683366 1.89363699 1.711801   1.33095081 1.0145681
 0.68736038 1.40079375 1.51371792 0.60230853]",1.7241484721289566,1.014568100303551,5,19,38,5.587228298187256,1,757.0,0.0,0.0,888,watts
watts_889,8.328266758228857,"[2.9047196372109534, 2.9030839154644807, 2.6510192429958392, 3.141592653589793, 0.06166722765110414, 1.9490551390007045, 0.2483783386515202, 2.5257864827033525, 3.1369467346062088, 2.4216001023261446]",2.9047196372109534,1.9490551390007045,"[1.72414847 2.24683366 1.89363699 1.711801   1.33095081 1.0145681
 0.68736038 1.40079375 1.51371792 0.60230853]",1.7241484721289566,1.014568100303551,5,10,10,3.0760276317596436,1,1833.0,0.0,0.0,889,watts
gnm_890,49.13406910015507,"[2.9581032116508745, 1.9083895714357504, 1.6148849911695526, 0.9987417313186417, 1.7753440329668968, 1.674742597943812, 1.6046434184877745, 2.9071850494956593, 3.1269835155566326, 1.7379826070631506]",2.9581032116508745,1.674742597943812,"[1.72414847 2.24683366 1.89363699 1.711801   1.33095081 1.0145681
 0.68736038 1.40079375 1.51371792 0.60230853]",1.7241484721289566,1.014568100303551,5,20,79,18.17881417274475,1,976.0,0.0,0.0,890,gnm
watts_891,9.075751048773032,"[2.8727559222145502, 2.621538662990495, 3.1405142420036913, 3.140243588363874, -0.5957809241309158, 0.5596718451825959, 1.9860161914920518, 3.1378028112686787, 3.1067924600627053, 1.7655609209695105]",2.8727559222145502,0.5596718451825959,"[1.72414847 2.24683366 1.89363699 1.711801   1.33095081 1.0145681
 0.68736038 1.40079375 1.51371792 0.60230853]",1.7241484721289566,1.014568100303551,5,11,11,3.0593154430389404,1,1598.0,0.0,0.0,891,watts
watts_892,10.723391009836757,"[0.5155361417685536, 2.864599740226529, 2.6798871357505254, 1.0601237400327697, 3.1291950114559937, 1.7631283092270453, 0.8824550159977202, 1.6479858384854946, 1.9121878077304404, 1.0573191466495762]",0.5155361417685536,1.7631283092270453,"[1.72414847 2.24683366 1.89363699 1.711801   1.33095081 1.0145681
 0.68736038 1.40079375 1.51371792 0.60230853]",1.7241484721289566,1.014568100303551,5,13,13,2.4999825954437256,1,992.0,0.0,0.0,892,watts
gnm_893,17.40275434990766,"[2.3464414971052463, 2.3937032700226286, 1.7328915770274391, 0.33080199083235023, 1.1819981667660253, 1.5599743588350308, 2.190637479109781, 2.719292772379093, 2.8898337010747075, 1.5466308941659386]",2.3464414971052463,1.5599743588350308,"[1.72414847 2.24683366 1.89363699 1.711801   1.33095081 1.0145681
 0.68736038 1.40079375 1.51371792 0.60230853]",1.7241484721289566,1.014568100303551,5,11,27,4.175972938537598,1,970.0,0.0,0.0,893,gnm
barabasi_894,6.628746918909997,"[2.8188919373588814, 3.141590965412556, 3.1414470147333047, 1.6999324494615244, 0.900197246651012, 1.103736077276296, 0.9474958863330136, 3.109636907242961, 3.1394003215040325, 1.8284950857933082]",2.8188919373588814,1.103736077276296,"[1.72414847 2.24683366 1.89363699 1.711801   1.33095081 1.0145681
 0.68736038 1.40079375 1.51371792 0.60230853]",1.7241484721289566,1.014568100303551,5,9,8,1.1728811264038086,1,748.0,0.0,0.0,894,barabasi
barabasi_895,16.525318222980207,"[2.8587943288676785, 1.7814238281153394, 1.4553369576288915, 1.5974416758344971, 2.0373711739182667, 1.2407613398161912, 1.419598336356649, 2.2283318343481113, 1.687103300231826, 1.3798657855967562]",2.8587943288676785,1.2407613398161912,"[1.72414847 2.24683366 1.89363699 1.711801   1.33095081 1.0145681
 0.68736038 1.40079375 1.51371792 0.60230853]",1.7241484721289566,1.014568100303551,5,14,24,7.402284622192383,1,1737.0,0.0,0.0,895,barabasi
barabasi_896,9.349313658213045,"[2.8244550331833485, 3.1415668771922047, 2.7741005034660304, 1.2884082265436718, 1.5824241352290538, 1.2715934218645608, 0.6740087782339665, 3.141560463988598, 2.9608164065981066, 1.7648440619448464]",2.8244550331833485,1.2715934218645608,"[1.72414847 2.24683366 1.89363699 1.711801   1.33095081 1.0145681
 0.68736038 1.40079375 1.51371792 0.60230853]",1.7241484721289566,1.014568100303551,5,12,11,1.8423800468444824,1,884.0,0.0,0.0,896,barabasi
watts_897,9.827148049764219,"[2.9460031992857054, 2.809813376895012, 1.4141928748557366, 2.134301812613305, 1.2729454483718818, 0.9223313347538535, 0.38518385963564683, 3.1409839436284237, 3.0766702530251417, 2.3481634890950915]",2.9460031992857054,0.9223313347538535,"[1.72414847 2.24683366 1.89363699 1.711801   1.33095081 1.0145681
 0.68736038 1.40079375 1.51371792 0.60230853]",1.7241484721289566,1.014568100303551,5,7,14,3.698537826538086,1,1660.0,0.0,0.0,897,watts
barabasi_898,24.208480183238997,"[3.136804261015111, 2.907070178331924, 2.140693954906105, 1.451181656741082, 0.3222735701620181, -2.8642533788053997, 1.7215809268578575, 3.139931781862975, 2.80598759683203, 1.3424743764436822]",3.136804261015111,-2.8642533788053997,"[1.72414847 2.24683366 1.89363699 1.711801   1.33095081 1.0145681
 0.68736038 1.40079375 1.51371792 0.60230853]",1.7241484721289566,1.014568100303551,5,19,34,7.919015407562256,1,1085.0,0.0,0.0,898,barabasi
watts_899,7.78754009060026,"[2.7976210493415907, 2.485698039480473, 1.665313847844485, 1.722968352152807, 1.3866113909150108, 1.0941643029387764, 0.6409734905135123, 2.9591200383192713, 3.07340472540425, 2.637047357231092]",2.7976210493415907,1.0941643029387764,"[1.72414847 2.24683366 1.89363699 1.711801   1.33095081 1.0145681
 0.68736038 1.40079375 1.51371792 0.60230853]",1.7241484721289566,1.014568100303551,5,7,14,2.1634461879730225,1,1231.0,0.0,0.0,899,watts
barabasi_900,8.099606874107717,"[2.866438666326784, 2.628441990519624, 3.1415808869486, 0.7913368180001978, 1.7893926363634591, 2.1594137303759147, 2.53521604832821, 0.9254772523295636, 3.0154779397649722, 1.7412883875405323]",2.866438666326784,2.1594137303759147,"[1.72414847 2.24683366 1.89363699 1.711801   1.33095081 1.0145681
 0.68736038 1.40079375 1.51371792 0.60230853]",1.7241484721289566,1.014568100303551,5,10,9,3.2731199264526367,1,1831.0,0.0,0.0,900,barabasi
barabasi_901,24.831077335151555,"[2.9527265162848093, 1.6345724715103143, 2.606507939954009, 3.1392179979490704, -0.625541319593507, 1.7751411512031243, -0.020318094781790134, 3.1352312358702674, 3.1374307837236155, 2.887403366114838]",2.9527265162848093,1.7751411512031243,"[1.72414847 2.24683366 1.89363699 1.711801   1.33095081 1.0145681
 0.68736038 1.40079375 1.51371792 0.60230853]",1.7241484721289566,1.014568100303551,5,16,39,10.756455183029175,1,1508.0,0.0,0.0,901,barabasi
gnm_902,17.23879294311736,"[2.9873670878993592, 1.2555521618799, 2.4102023936174684, 0.8352233489952552, 1.4303098172069486, 1.9598787194214164, 1.6369477382617694, 3.14154347579713, 3.019107343608577, 1.8020219598668814]",2.9873670878993592,1.9598787194214164,"[1.72414847 2.24683366 1.89363699 1.711801   1.33095081 1.0145681
 0.68736038 1.40079375 1.51371792 0.60230853]",1.7241484721289566,1.014568100303551,5,10,28,4.007754802703857,1,932.0,0.0,0.0,902,gnm
barabasi_903,23.6986760279583,"[2.9527580628357386, 1.8217954581978268, 1.8042534643759274, 1.5928510671996818, 1.4502645943382548, 1.7564709836021184, 1.7145508668875666, 2.001288741688917, 1.4737238287914551, 0.7747036921435742]",2.9527580628357386,1.7564709836021184,"[1.72414847 2.24683366 1.89363699 1.711801   1.33095081 1.0145681
 0.68736038 1.40079375 1.51371792 0.60230853]",1.7241484721289566,1.014568100303551,5,18,32,13.084679126739502,1,1985.0,0.0,0.0,903,barabasi
gnm_904,35.135491633952384,"[2.9510488857348793, 2.2429790777953844, 1.6755394356206927, 1.7578719431377934, 0.9950987812132412, 0.98798822165005, 1.147221139013141, 2.2417309319178798, 1.8810813227734506, -0.029820445502230425]",2.9510488857348793,0.98798822165005,"[1.72414847 2.24683366 1.89363699 1.711801   1.33095081 1.0145681
 0.68736038 1.40079375 1.51371792 0.60230853]",1.7241484721289566,1.014568100303551,5,15,67,15.889060497283936,1,1378.0,0.0,0.0,904,gnm
watts_905,5.540285902427854,"[2.5671720734812262, 2.4833221751481203, 2.362548795164816, -0.7632405426902108, 0.5726557589777794, 1.729023235138851, 1.5607462454123517, 3.141585127331036, 2.6988380877432405, 1.3269369876741108]",2.5671720734812262,1.729023235138851,"[1.72414847 2.24683366 1.89363699 1.711801   1.33095081 1.0145681
 0.68736038 1.40079375 1.51371792 0.60230853]",1.7241484721289566,1.014568100303551,5,7,7,1.205878496170044,1,857.0,0.0,0.0,905,watts
gnm_906,30.273053010988804,"[3.0321485089384876, 1.8729964221453654, 2.049005611482544, 2.289381749271287, 0.47790277895933836, 0.17470390499766042, -0.047166155381943436, 3.140373044247298, 3.141351623258374, 1.4282131626897732]",3.0321485089384876,0.17470390499766042,"[1.72414847 2.24683366 1.89363699 1.711801   1.33095081 1.0145681
 0.68736038 1.40079375 1.51371792 0.60230853]",1.7241484721289566,1.014568100303551,5,12,54,6.8478922843933105,1,830.0,0.0,0.0,906,gnm
watts_907,16.43062180208703,"[1.7514856697846748, 1.8200906504975929, 2.9752812484923403, 1.011772081428887, 2.826858801090218, 1.3638468491107014, 0.4518005102953573, 0.46501205446198346, 1.815539844149823, -0.491568049244678]",1.7514856697846748,1.3638468491107014,"[1.72414847 2.24683366 1.89363699 1.711801   1.33095081 1.0145681
 0.68736038 1.40079375 1.51371792 0.60230853]",1.7241484721289566,1.014568100303551,5,19,19,6.82302451133728,1,1754.0,0.0,0.0,907,watts
barabasi_908,29.94382157692924,"[2.9974344984939787, 2.8726365861275456, 3.1338692845772576, 1.474461516755046, 2.0935463227044133, 0.5123440714872958, 0.23565347904115772, 3.1274515773491762, 3.1413410898636513, 2.9788965185668754]",2.9974344984939787,0.5123440714872958,"[1.72414847 2.24683366 1.89363699 1.711801   1.33095081 1.0145681
 0.68736038 1.40079375 1.51371792 0.60230853]",1.7241484721289566,1.014568100303551,5,18,45,10.847520351409912,1,1276.0,0.0,0.0,908,barabasi
barabasi_909,16.475486505604305,"[2.870604933146045, 2.297585248838982, 1.3385606984744303, 2.3914762934501983, 1.0986856923657586, 0.134371076473395, 1.585286912741031, 2.7310322571803756, 3.140792683998186, 1.318661169514401]",2.870604933146045,0.134371076473395,"[1.72414847 2.24683366 1.89363699 1.711801   1.33095081 1.0145681
 0.68736038 1.40079375 1.51371792 0.60230853]",1.7241484721289566,1.014568100303551,5,13,22,6.714974641799927,1,1740.0,0.0,0.0,909,barabasi
barabasi_910,11.631725649507413,"[1.4236734344513549, 2.090567310786002, 1.714166748945913, 2.1209258968657387, 1.2827645566994534, -0.19813123282625883, 1.2065547302125, 3.122057828124669, 2.9416649991823194, 1.7480182753943403]",1.4236734344513549,-0.19813123282625883,"[1.72414847 2.24683366 1.89363699 1.711801   1.33095081 1.0145681
 0.68736038 1.40079375 1.51371792 0.60230853]",1.7241484721289566,1.014568100303551,5,15,14,3.246319055557251,1,1094.0,0.0,0.0,910,barabasi
barabasi_911,12.517617289428907,"[2.8567016706895574, 3.141584043748318, 2.193063710058209, 1.8188284519165745, 1.6105097956105405, 2.589846210533064, -0.6452361038157218, 3.1395803617783824, 2.9448023439581563, 1.8031725805624486]",2.8567016706895574,2.589846210533064,"[1.72414847 2.24683366 1.89363699 1.711801   1.33095081 1.0145681
 0.68736038 1.40079375 1.51371792 0.60230853]",1.7241484721289566,1.014568100303551,5,16,15,3.051002025604248,1,947.0,0.0,0.0,911,barabasi
barabasi_912,8.592875490447065,"[2.9980822434343626, 3.1415855320359354, 2.408889043558118, 1.5706353355982108, 1.9389842233511865, 0.6662706551250714, 1.2390186035911939, 1.9096753209462505, 2.812969843262767, 1.5610099992825746]",2.9980822434343626,0.6662706551250714,"[1.72414847 2.24683366 1.89363699 1.711801   1.33095081 1.0145681
 0.68736038 1.40079375 1.51371792 0.60230853]",1.7241484721289566,1.014568100303551,5,10,9,2.0998120307922363,1,1153.0,0.0,0.0,912,barabasi
watts_913,15.200830990811117,"[2.968497843443246, 3.1415093903730895, 1.6122189783220835, 2.9754163507703693, 1.2944643120330914, 1.31870064773093, 0.7691160745904102, 1.7246968813615133, 1.3963520529291782, 0.2647885884764408]",2.968497843443246,1.31870064773093,"[1.72414847 2.24683366 1.89363699 1.711801   1.33095081 1.0145681
 0.68736038 1.40079375 1.51371792 0.60230853]",1.7241484721289566,1.014568100303551,5,11,22,5.170714855194092,1,1446.0,0.0,0.0,913,watts
barabasi_914,9.079910657428538,"[1.716743954783594, 1.8935455544821425, 1.9034922807367771, 1.9075079987834695, 0.7261642921593474, 2.072459393160136, 1.1687635839921318, 1.8188343094455672, 1.3373886476262573, 1.420319889397074]",1.716743954783594,2.072459393160136,"[1.72414847 2.24683366 1.89363699 1.711801   1.33095081 1.0145681
 0.68736038 1.40079375 1.51371792 0.60230853]",1.7241484721289566,1.014568100303551,5,11,10,3.74692702293396,1,1848.0,0.0,0.0,914,barabasi
regular_915,10.904350865908782,"[1.847501316232568, 2.4345729713720594, 1.8664762455755444, 1.7564385356386971, 1.478323755006635, 1.4304215184845523, 1.4003680922989055, 0.9823520046194829, 2.067188414202382, 0.6128973522660849]",1.847501316232568,1.4304215184845523,"[1.72414847 2.24683366 1.89363699 1.711801   1.33095081 1.0145681
 0.68736038 1.40079375 1.51371792 0.60230853]",1.7241484721289566,1.014568100303551,5,7,14,4.102467060089111,1,1899.0,0.0,0.0,915,regular
gnm_916,20.980940210998938,"[2.6137114423946417, 2.3285155261846198, 2.027375564569615, 1.3447081559198963, 1.801866490417369, 0.8798615690216584, 0.9701718884844565, 1.8725113453098268, 1.7327935531065397, 0.3517701856733395]",2.6137114423946417,0.8798615690216584,"[1.72414847 2.24683366 1.89363699 1.711801   1.33095081 1.0145681
 0.68736038 1.40079375 1.51371792 0.60230853]",1.7241484721289566,1.014568100303551,5,11,41,4.614932537078857,1,797.0,0.0,0.0,916,gnm
watts_917,26.531909865465213,"[1.0173954596070194, 2.3437726357465745, 2.6238480277660132, 1.3532772889817553, 3.1413509990461286, 1.5993651185626363, 1.344632133463607, 1.7868719165072897, 2.162805465131349, 0.9985311467765507]",1.0173954596070194,1.5993651185626363,"[1.72414847 2.24683366 1.89363699 1.711801   1.33095081 1.0145681
 0.68736038 1.40079375 1.51371792 0.60230853]",1.7241484721289566,1.014568100303551,5,20,40,7.480658054351807,1,792.0,0.0,0.0,917,watts
gnm_918,5.800459953505197,"[2.7285023596283646, 2.2059623008539595, 1.9163013961951212, 1.7950697043494974, 1.1608317345025974, 0.9321923453473046, 1.0269463408145891, 3.141561077886903, 2.0239639093699013, 1.810488107412445]",2.7285023596283646,0.9321923453473046,"[1.72414847 2.24683366 1.89363699 1.711801   1.33095081 1.0145681
 0.68736038 1.40079375 1.51371792 0.60230853]",1.7241484721289566,1.014568100303551,5,6,9,1.3443293571472168,1,1072.0,0.0,0.0,918,gnm
gnm_919,7.454088814058196,"[2.5127357803591592, 2.350931749527083, 2.032786744800596, 0.654245509544954, 1.0096999463968248, 1.7331333468884056, 0.9533982637414274, 2.0498945803803887, 1.9681756249625084, 0.893855583415239]",2.5127357803591592,1.7331333468884056,"[1.72414847 2.24683366 1.89363699 1.711801   1.33095081 1.0145681
 0.68736038 1.40079375 1.51371792 0.60230853]",1.7241484721289566,1.014568100303551,5,6,12,1.4053964614868164,1,965.0,0.0,0.0,919,gnm
watts_920,4.704542040822162,"[2.78896013923402, 3.141577770737768, 2.7604897852130694, 1.4132667641388144, 1.463463833908953, 1.0671387541408879, 0.8740366662136839, 3.1262978678126707, 3.0071610717651174, 1.7573454452277968]",2.78896013923402,1.0671387541408879,"[1.72414847 2.24683366 1.89363699 1.711801   1.33095081 1.0145681
 0.68736038 1.40079375 1.51371792 0.60230853]",1.7241484721289566,1.014568100303551,5,6,6,1.163930892944336,1,1063.0,0.0,0.0,920,watts
watts_921,19.03408799888907,"[2.898356912426984, 1.8910722501064359, 1.7951576447306161, 1.2056041186867188, 0.7117234413611002, 1.7626346138867464, 1.5068676428822414, 2.8545179174831183, 3.141576184615573, 1.51722850212067]",2.898356912426984,1.7626346138867464,"[1.72414847 2.24683366 1.89363699 1.711801   1.33095081 1.0145681
 0.68736038 1.40079375 1.51371792 0.60230853]",1.7241484721289566,1.014568100303551,5,14,28,5.615172386169434,1,954.0,0.0,0.0,921,watts
regular_922,17.12362188982367,"[2.955360192457393, 2.7847760039199208, 2.5664753166814362, 1.679748622321915, 0.8996163771798972, 0.6115217846871138, 0.5209599895312403, 2.6214516347619266, 2.296000986669748, 1.7464356042475515]",2.955360192457393,0.6115217846871138,"[1.72414847 2.24683366 1.89363699 1.711801   1.33095081 1.0145681
 0.68736038 1.40079375 1.51371792 0.60230853]",1.7241484721289566,1.014568100303551,5,14,21,7.586620569229126,1,1485.0,0.0,0.0,922,regular
gnm_923,22.087478298167593,"[2.9841921140360315, 2.7118977634387376, 2.0042475906552113, 1.2398734024401448, 0.05219432764483001, 2.062551527188992, 1.3428344048692757, 3.1415071800945027, 2.5801506489576376, 1.1084241460460889]",2.9841921140360315,2.062551527188992,"[1.72414847 2.24683366 1.89363699 1.711801   1.33095081 1.0145681
 0.68736038 1.40079375 1.51371792 0.60230853]",1.7241484721289566,1.014568100303551,5,16,31,6.538202524185181,1,940.0,0.0,0.0,923,gnm
watts_924,14.460766877580241,"[1.5846968221636017, 2.119041946725594, 2.7287523078505687, 2.817083075350544, 0.33931224135375404, 1.024849587594032, 1.8583274830588277, 1.9626669977148685, 1.31096295128242, 0.6647747921809889]",1.5846968221636017,1.024849587594032,"[1.72414847 2.24683366 1.89363699 1.711801   1.33095081 1.0145681
 0.68736038 1.40079375 1.51371792 0.60230853]",1.7241484721289566,1.014568100303551,5,17,17,5.806588172912598,1,1443.0,0.0,0.0,924,watts
barabasi_925,31.29815555393141,"[2.5825328888328434, 2.210243763748793, 1.6887448477154678, 1.5298326483857374, 1.1496842721694587, 1.630914606449882, 0.1431408546096255, 2.936773610609243, 3.0531774656026025, 1.834600654502018]",2.5825328888328434,1.630914606449882,"[1.72414847 2.24683366 1.89363699 1.711801   1.33095081 1.0145681
 0.68736038 1.40079375 1.51371792 0.60230853]",1.7241484721289566,1.014568100303551,5,19,48,12.0751953125,1,1163.0,0.0,0.0,925,barabasi
gnm_926,19.90609068915125,"[1.9606783376236947, 2.5426075382791766, 1.1173860767359933, 0.8234529941708937, 0.31215615872784974, 1.5618941864224851, 1.4536908676874412, 3.140546154312934, 2.768599228488611, 1.3302817848683375]",1.9606783376236947,1.5618941864224851,"[1.72414847 2.24683366 1.89363699 1.711801   1.33095081 1.0145681
 0.68736038 1.40079375 1.51371792 0.60230853]",1.7241484721289566,1.014568100303551,5,10,33,4.693312168121338,1,1141.0,0.0,0.0,926,gnm
regular_927,18.375841962697606,"[1.7317819820847222, 2.064223569578658, 2.8150207041561925, 1.7750592094529107, 1.4663838154477316, 1.0777743697532762, 0.24922097751952027, 3.0453139004573524, 2.6576396653204393, 1.5730412032490932]",1.7317819820847222,1.0777743697532762,"[1.72414847 2.24683366 1.89363699 1.711801   1.33095081 1.0145681
 0.68736038 1.40079375 1.51371792 0.60230853]",1.7241484721289566,1.014568100303551,5,13,26,4.6126909255981445,1,968.0,0.0,0.0,927,regular
regular_928,8.000020248345704,"[0.4876555493494106, 2.214523290801876, 3.1259357688124196, 2.229656878953909, 2.1775020715740103, 0.9641347019418696, 2.761750656685674, 1.3032016667065927, 0.9316183007971406, 1.0827970420393624]",0.4876555493494106,0.9641347019418696,"[1.72414847 2.24683366 1.89363699 1.711801   1.33095081 1.0145681
 0.68736038 1.40079375 1.51371792 0.60230853]",1.7241484721289566,1.014568100303551,5,8,8,3.802549123764038,1,2551.0,0.0,0.0,928,regular
watts_929,11.109202612567781,"[1.5174713611879052, 2.128271876141151, 2.905514424258979, 2.3512938473416574, 2.1595312723658067, 2.6131082650669253, 0.30904692068544065, 2.453776295969499, 3.141590563153335, 1.5588110446543642]",1.5174713611879052,2.6131082650669253,"[1.72414847 2.24683366 1.89363699 1.711801   1.33095081 1.0145681
 0.68736038 1.40079375 1.51371792 0.60230853]",1.7241484721289566,1.014568100303551,5,14,14,3.743837833404541,1,1282.0,0.0,0.0,929,watts
gnm_930,15.548238238640042,"[2.9292200450916095, 3.0637559766681095, 3.0022811858365603, 2.189057600941938, 1.74017446042794, 3.1410496503688607, -1.3432689139842222, 3.1390923286982964, 3.1361005897678353, 1.3382214155250256]",2.9292200450916095,3.1410496503688607,"[1.72414847 2.24683366 1.89363699 1.711801   1.33095081 1.0145681
 0.68736038 1.40079375 1.51371792 0.60230853]",1.7241484721289566,1.014568100303551,5,16,22,5.401377439498901,1,1156.0,0.0,0.0,930,gnm
gnm_931,49.156773988734955,"[3.13687785191949, 2.3512681007509917, 2.041608284360179, 2.0304845478547757, 1.7775658487414048, 1.2216396469753183, 0.7822771691801069, 2.3532221636560076, 1.564036377596909, 0.5369806883248003]",3.13687785191949,1.2216396469753183,"[1.72414847 2.24683366 1.89363699 1.711801   1.33095081 1.0145681
 0.68736038 1.40079375 1.51371792 0.60230853]",1.7241484721289566,1.014568100303551,5,15,95,19.37585473060608,1,1187.0,0.0,0.0,931,gnm
watts_932,25.658399903882984,"[0.8138557418064402, 2.0767254512236337, 3.141572660049291, 1.9368386267326525, 3.1156959984299286, 1.573043025949724, 1.505325476177385, 1.9978640500614255, 2.2833565556782527, 0.8556039109301333]",0.8138557418064402,1.573043025949724,"[1.72414847 2.24683366 1.89363699 1.711801   1.33095081 1.0145681
 0.68736038 1.40079375 1.51371792 0.60230853]",1.7241484721289566,1.014568100303551,5,20,40,7.8667566776275635,1,780.0,0.0,0.0,932,watts
barabasi_933,7.382179149720741,"[1.681289523701753, 1.9170148215641667, 1.9177074890361265, 1.8451499996365788, 1.2610166963558762, 1.9311098363260357, 1.2762262292458995, 2.0459788924191833, 1.3571303925865563, 1.3581761262099454]",1.681289523701753,1.9311098363260357,"[1.72414847 2.24683366 1.89363699 1.711801   1.33095081 1.0145681
 0.68736038 1.40079375 1.51371792 0.60230853]",1.7241484721289566,1.014568100303551,5,9,8,2.1386594772338867,1,1544.0,0.0,0.0,933,barabasi
barabasi_934,5.344671556968784,"[2.8951003951686722, 3.132205639855785, 3.1415530084770795, 0.8458706241096894, 1.607394199669816, 1.7050989132513512, 0.5133196546222041, 2.865661375101176, 2.8827443447964862, 1.8582243740659727]",2.8951003951686722,1.7050989132513512,"[1.72414847 2.24683366 1.89363699 1.711801   1.33095081 1.0145681
 0.68736038 1.40079375 1.51371792 0.60230853]",1.7241484721289566,1.014568100303551,5,7,6,1.2744293212890625,1,1167.0,0.0,0.0,934,barabasi
watts_935,10.316876212135709,"[2.8236029349711913, 3.1415641677494706, 3.1306016421284553, 1.17342637580153, 1.411093318732875, 1.081258881371523, 0.9690351741480714, 3.141247903654162, 3.0939283357919503, 1.8175389150525139]",2.8236029349711913,1.081258881371523,"[1.72414847 2.24683366 1.89363699 1.711801   1.33095081 1.0145681
 0.68736038 1.40079375 1.51371792 0.60230853]",1.7241484721289566,1.014568100303551,5,13,13,3.179595708847046,1,1182.0,0.0,0.0,935,watts
watts_936,25.669122963204302,"[2.912167460627571, 3.14128568355194, 3.1394277313722805, 1.0303678765435542, 2.6328238708483767, 0.22025380361836716, 1.578313481570789, 3.1407220312757618, 3.1097105097162085, 1.325863960146696]",2.912167460627571,0.22025380361836716,"[1.72414847 2.24683366 1.89363699 1.711801   1.33095081 1.0145681
 0.68736038 1.40079375 1.51371792 0.60230853]",1.7241484721289566,1.014568100303551,5,19,38,6.531321048736572,1,857.0,0.0,0.0,936,watts
gnm_937,13.11911524093043,"[2.9381233611647497, 2.8161729081577547, 1.491713000367489, 1.333704665709773, 0.7616008443907931, -0.9715561425518768, 1.8028627188444328, 3.141528049676764, 3.141584942054992, 2.9352175301945915]",2.9381233611647497,-0.9715561425518768,"[1.72414847 2.24683366 1.89363699 1.711801   1.33095081 1.0145681
 0.68736038 1.40079375 1.51371792 0.60230853]",1.7241484721289566,1.014568100303551,5,11,18,4.879417419433594,1,1786.0,0.0,0.0,937,gnm
gnm_938,15.519673316927362,"[2.9654602193800477, 3.141107292376155, 2.80442381806052, 1.5341532373095403, 2.111265823252855, 1.4438062199621247, 0.6850520973268972, 1.7897284558000808, 1.5761692187404825, 1.3945869016419712]",2.9654602193800477,1.4438062199621247,"[1.72414847 2.24683366 1.89363699 1.711801   1.33095081 1.0145681
 0.68736038 1.40079375 1.51371792 0.60230853]",1.7241484721289566,1.014568100303551,5,11,22,2.75008487701416,1,795.0,0.0,0.0,938,gnm
gnm_939,13.622783152623015,"[2.223477777887687, 2.260721421860439, 0.050271554532661515, 1.89711135327416, 0.4306300063172487, 1.5806301147524493, 1.7302141596603968, 3.063660412671341, 2.822704452352651, 1.4125670816155118]",2.223477777887687,1.5806301147524493,"[1.72414847 2.24683366 1.89363699 1.711801   1.33095081 1.0145681
 0.68736038 1.40079375 1.51371792 0.60230853]",1.7241484721289566,1.014568100303551,5,8,23,2.454129219055176,1,787.0,0.0,0.0,939,gnm
watts_940,17.26681012458669,"[2.3217344402196938, 2.358876013027485, 1.9345360834960026, 1.8613718363969425, 1.163672481059836, 1.5711626582402707, 0.5526711006090246, 1.9463468377743278, 1.5535284627019794, 0.8474150959586992]",2.3217344402196938,1.5711626582402707,"[1.72414847 2.24683366 1.89363699 1.711801   1.33095081 1.0145681
 0.68736038 1.40079375 1.51371792 0.60230853]",1.7241484721289566,1.014568100303551,5,13,26,4.675771951675415,1,1078.0,0.0,0.0,940,watts
gnm_941,7.967432420071418,"[1.70531054002893, 2.016443063345113, 2.1326138432886896, 2.5553240938935597, 1.5292385431295794, 1.1328968377297992, 0.4394619634290695, 3.1392546362936304, 3.140220780932756, 0.8881420281032304]",1.70531054002893,1.1328968377297992,"[1.72414847 2.24683366 1.89363699 1.711801   1.33095081 1.0145681
 0.68736038 1.40079375 1.51371792 0.60230853]",1.7241484721289566,1.014568100303551,5,7,12,1.9563438892364502,1,1059.0,0.0,0.0,941,gnm
barabasi_942,5.499033712969322,"[2.8391271055472758, 2.602869436288225, 2.3980214320248923, 0.9425389101011998, 2.3047175724167692, 0.5595285829997736, 1.9873187193424346, 3.098039799891073, 3.084720967345892, 1.8292914090997037]",2.8391271055472758,0.5595285829997736,"[1.72414847 2.24683366 1.89363699 1.711801   1.33095081 1.0145681
 0.68736038 1.40079375 1.51371792 0.60230853]",1.7241484721289566,1.014568100303551,5,7,6,1.1216437816619873,1,1005.0,0.0,0.0,942,barabasi
regular_943,9.719924094437015,"[1.8442542306182959, 2.049017576357617, 2.6454679742875626, 1.6272634989025172, 1.1634740433513213, 1.2820877986560733, 0.3003058415826335, 2.7009945888691957, 2.9348982799931207, 1.9647300264710224]",1.8442542306182959,1.2820877986560733,"[1.72414847 2.24683366 1.89363699 1.711801   1.33095081 1.0145681
 0.68736038 1.40079375 1.51371792 0.60230853]",1.7241484721289566,1.014568100303551,5,11,11,3.6612632274627686,1,1577.0,0.0,0.0,943,regular
barabasi_944,14.048873954249062,"[2.973494714023949, 2.642038150111106, 2.5158593725422147, 0.6962592905540996, 0.06881107780287171, 2.0164184598108497, 1.4698106090426564, 3.138477160964629, 2.7404225433787763, 0.7674707402891014]",2.973494714023949,2.0164184598108497,"[1.72414847 2.24683366 1.89363699 1.711801   1.33095081 1.0145681
 0.68736038 1.40079375 1.51371792 0.60230853]",1.7241484721289566,1.014568100303551,5,12,20,3.6970183849334717,1,1072.0,0.0,0.0,944,barabasi
barabasi_945,6.319603763296982,"[1.2932165306842933, 2.23576996492891, 1.5677259603304112, 1.961564658477807, 1.53569563099672, 1.2346720711078194, 0.8762825710201723, 2.7180270724452726, 2.2313173067013463, 0.8809063174380343]",1.2932165306842933,1.2346720711078194,"[1.72414847 2.24683366 1.89363699 1.711801   1.33095081 1.0145681
 0.68736038 1.40079375 1.51371792 0.60230853]",1.7241484721289566,1.014568100303551,5,8,7,2.1764469146728516,1,1503.0,0.0,0.0,945,barabasi
barabasi_946,13.155418831784205,"[1.697309871684133, 2.3221341642530287, 2.8270481308226767, 1.732666855231551, 1.7495965976459789, 1.2474747080140527, 0.7758874686294955, 1.531022891888718, 1.9081002660477835, 0.5098693772254765]",1.697309871684133,1.2474747080140527,"[1.72414847 2.24683366 1.89363699 1.711801   1.33095081 1.0145681
 0.68736038 1.40079375 1.51371792 0.60230853]",1.7241484721289566,1.014568100303551,5,18,17,3.281789779663086,1,968.0,0.0,0.0,946,barabasi
gnm_947,28.5208467614819,"[2.8240380475187337, 1.7361417965957229, 1.867689133590117, 1.4453115504521494, 1.2353938627231846, 1.55400099085753, 1.3268954750668327, 2.9339153120623664, 2.886882467878837, 1.7819488644960892]",2.8240380475187337,1.55400099085753,"[1.72414847 2.24683366 1.89363699 1.711801   1.33095081 1.0145681
 0.68736038 1.40079375 1.51371792 0.60230853]",1.7241484721289566,1.014568100303551,5,12,48,6.129220008850098,1,912.0,0.0,0.0,947,gnm
watts_948,18.57884093293428,"[2.9134719971509004, 1.8627545061762505, 1.8239198761040436, 1.8586626761141376, 0.09997619356075463, 1.7581901388802152, 1.4422604922706848, 2.882345189747055, 3.1384956592621664, 1.4703874998139712]",2.9134719971509004,1.7581901388802152,"[1.72414847 2.24683366 1.89363699 1.711801   1.33095081 1.0145681
 0.68736038 1.40079375 1.51371792 0.60230853]",1.7241484721289566,1.014568100303551,5,14,28,5.495589256286621,1,1132.0,0.0,0.0,948,watts
gnm_949,40.97286042847304,"[2.275376875223422, 2.450630103941995, 2.281321561051049, -0.5900873825136291, 0.2521358341246278, 1.5723459823887704, 1.1114531068028224, 3.1274980343133985, 2.772715483092174, 1.3181905199738086]",2.275376875223422,1.5723459823887704,"[1.72414847 2.24683366 1.89363699 1.711801   1.33095081 1.0145681
 0.68736038 1.40079375 1.51371792 0.60230853]",1.7241484721289566,1.014568100303551,5,16,69,11.327932357788086,1,847.0,0.0,0.0,949,gnm
barabasi_950,16.393604302196795,"[2.8723898253552917, 2.6912455667739668, 2.6458556003371467, 1.4375000531097857, 1.7359803161825624, 2.0716536561811703, 0.3097275089611824, 3.135047447193654, 3.140153405283466, 1.7798611187425095]",2.8723898253552917,2.0716536561811703,"[1.72414847 2.24683366 1.89363699 1.711801   1.33095081 1.0145681
 0.68736038 1.40079375 1.51371792 0.60230853]",1.7241484721289566,1.014568100303551,5,20,19,7.338269948959351,1,1386.0,0.0,0.0,950,barabasi
gnm_951,8.764331293234136,"[2.734655211784596, 2.743027732064113, 1.936638627519192, 1.7532279205489112, 1.1396969593637702, 1.1214804429683412, 0.44488503932512047, 2.46270353000443, 2.884155601948179, 2.1568580726881867]",2.734655211784596,1.1214804429683412,"[1.72414847 2.24683366 1.89363699 1.711801   1.33095081 1.0145681
 0.68736038 1.40079375 1.51371792 0.60230853]",1.7241484721289566,1.014568100303551,5,6,14,1.3321573734283447,1,835.0,0.0,0.0,951,gnm
regular_952,14.208142524863513,"[0.41554580675549946, 2.447523810775424, 3.141390903857232, 2.088785687504206, 1.2445583252663155, 1.2448353322884704, 2.7951427897599643, 1.399161364812187, 1.7866916381770492, 0.5817816878977236]",0.41554580675549946,1.2448353322884704,"[1.72414847 2.24683366 1.89363699 1.711801   1.33095081 1.0145681
 0.68736038 1.40079375 1.51371792 0.60230853]",1.7241484721289566,1.014568100303551,5,16,16,2.5684144496917725,1,931.0,0.0,0.0,952,regular
gnm_953,22.534064247978108,"[2.4410406891161847, 2.394883376938205, 1.6865074373420503, 1.5855262439209137, 0.2353166034885271, 1.5674412527965265, 0.9225570126760949, 2.840346040886746, 2.3929521121006565, 1.1670417535230944]",2.4410406891161847,1.5674412527965265,"[1.72414847 2.24683366 1.89363699 1.711801   1.33095081 1.0145681
 0.68736038 1.40079375 1.51371792 0.60230853]",1.7241484721289566,1.014568100303551,5,10,40,4.817380666732788,1,854.0,0.0,0.0,953,gnm
regular_954,21.749940198825623,"[1.7209579222235192, 1.8998983415789104, 3.0399985619673404, 2.0881165618340214, 1.465178883700267, 0.9980464063919594, 0.5485312172775052, 1.9971250332836936, 1.9940057056562355, 0.8081594963578997]",1.7209579222235192,0.9980464063919594,"[1.72414847 2.24683366 1.89363699 1.711801   1.33095081 1.0145681
 0.68736038 1.40079375 1.51371792 0.60230853]",1.7241484721289566,1.014568100303551,5,14,28,5.073688983917236,1,990.0,0.0,0.0,954,regular
watts_955,18.076699848234846,"[2.857313911542291, 1.872324222319818, 1.8088030630963483, 1.8362923282042725, 0.8653081456747586, 0.15404083771884625, 1.3658248155113113, 2.914491729296481, 3.057349185085753, 1.737337989079534]",2.857313911542291,0.15404083771884625,"[1.72414847 2.24683366 1.89363699 1.711801   1.33095081 1.0145681
 0.68736038 1.40079375 1.51371792 0.60230853]",1.7241484721289566,1.014568100303551,5,13,26,6.685621023178101,1,1405.0,0.0,0.0,955,watts
barabasi_956,15.045436119349155,"[1.64707875450353, 2.983893053005427, 1.4367510130318797, 0.7069243508459636, 1.8870621608351188, 1.9197035620629777, 0.04867292004054269, 1.9050715467669177, 2.938592429219951, 1.7700602206423324]",1.64707875450353,1.9197035620629777,"[1.72414847 2.24683366 1.89363699 1.711801   1.33095081 1.0145681
 0.68736038 1.40079375 1.51371792 0.60230853]",1.7241484721289566,1.014568100303551,5,19,18,9.217260599136353,1,2327.0,0.0,0.0,956,barabasi
watts_957,10.287123724605408,"[3.1312672503927654, 2.8302168325875146, 1.6519081769922919, 1.8216780345308923, 1.5696818940688082, 1.928525333143785, 1.1119276670577112, 2.358067988554613, 2.3686372551860306, 0.7871999913722532]",3.1312672503927654,1.928525333143785,"[1.72414847 2.24683366 1.89363699 1.711801   1.33095081 1.0145681
 0.68736038 1.40079375 1.51371792 0.60230853]",1.7241484721289566,1.014568100303551,5,8,16,5.7544214725494385,1,2639.0,0.0,0.0,957,watts
gnm_958,36.0511019171317,"[2.9588912234942715, 2.3618483699981336, 2.185673057895816, 1.5253149821611085, 1.4043668903749738, 1.1656154043807114, 0.9254264628167328, 1.6949097302894889, 1.6132353163883877, 0.8965587404345972]",2.9588912234942715,1.1656154043807114,"[1.72414847 2.24683366 1.89363699 1.711801   1.33095081 1.0145681
 0.68736038 1.40079375 1.51371792 0.60230853]",1.7241484721289566,1.014568100303551,5,13,70,12.413529872894287,1,1144.0,0.0,0.0,958,gnm
regular_959,22.383134815876435,"[1.7142726809643856, 1.9143612315515486, 3.070539775292216, 2.0500533306002, 1.51220089791392, 1.014458877042582, 0.44575594247673994, 2.2133099599841644, 2.062734821744908, 0.8561866005702508]",1.7142726809643856,1.014458877042582,"[1.72414847 2.24683366 1.89363699 1.711801   1.33095081 1.0145681
 0.68736038 1.40079375 1.51371792 0.60230853]",1.7241484721289566,1.014568100303551,5,15,30,7.075165510177612,1,1275.0,0.0,0.0,959,regular
barabasi_960,4.753365882999333,"[2.2618743135760626, 2.3756586911966, 2.6142655462494577, 1.5347305312909674, 1.3262930786702887, 1.0756403974644724, 1.747011175653254, 1.9024448363207525, 2.303202052606291, 0.8870387186999724]",2.2618743135760626,1.0756403974644724,"[1.72414847 2.24683366 1.89363699 1.711801   1.33095081 1.0145681
 0.68736038 1.40079375 1.51371792 0.60230853]",1.7241484721289566,1.014568100303551,5,6,5,0.9991941452026367,1,1078.0,0.0,0.0,960,barabasi
barabasi_961,10.11605866431115,"[1.555006120688933, 1.8675895204903015, 1.3103303127000578, 2.2946824816340214, 2.4932822348481567, 1.7333225690078855, 1.022564751714405, 1.5648823402625887, 1.297635233847114, 0.15213390974054833]",1.555006120688933,1.7333225690078855,"[1.72414847 2.24683366 1.89363699 1.711801   1.33095081 1.0145681
 0.68736038 1.40079375 1.51371792 0.60230853]",1.7241484721289566,1.014568100303551,5,13,12,3.5280773639678955,1,1400.0,0.0,0.0,961,barabasi
watts_962,8.285936778803583,"[-0.4976989254133798, 1.9777677793357058, 3.141564833833704, 2.055656307574261, 1.806919123926821, 1.8434822493664507, 1.4807383157604779, 3.0089179551353604, 2.8618830339998933, 1.3703791137043888]",-0.4976989254133798,1.8434822493664507,"[1.72414847 2.24683366 1.89363699 1.711801   1.33095081 1.0145681
 0.68736038 1.40079375 1.51371792 0.60230853]",1.7241484721289566,1.014568100303551,5,10,10,1.996201753616333,1,953.0,0.0,0.0,962,watts
gnm_963,11.573198370922942,"[0.2955026011670304, 2.5058459656988585, 3.1366085254150384, 1.574006010093017, 3.141491709222101, 1.3627232026408587, 0.2889709901406162, 3.1297016324699727, 1.9761283321402092, 1.1564323489867299]",0.2955026011670304,1.3627232026408587,"[1.72414847 2.24683366 1.89363699 1.711801   1.33095081 1.0145681
 0.68736038 1.40079375 1.51371792 0.60230853]",1.7241484721289566,1.014568100303551,5,11,16,3.7011659145355225,1,1253.0,0.0,0.0,963,gnm
gnm_964,63.79897109353041,"[3.0391813551910007, 0.8478079041568952, 2.3811296938232758, 1.898487221374485, 0.9416300312921615, 1.9560217647777822, 1.570682827366283, 3.125657794334723, 3.1415147607602067, 1.8320823928365852]",3.0391813551910007,1.9560217647777822,"[1.72414847 2.24683366 1.89363699 1.711801   1.33095081 1.0145681
 0.68736038 1.40079375 1.51371792 0.60230853]",1.7241484721289566,1.014568100303551,5,19,110,15.161051750183105,1,719.0,0.0,0.0,964,gnm
barabasi_965,6.317747280164326,"[2.8530138344164597, 2.6303560108120774, 2.99201274768816, 2.6984839454783387, 0.08138907313484142, 2.0691157413477472, 0.31900857605538524, 3.137824169894251, 3.111229178968196, 1.8146764334066212]",2.8530138344164597,2.0691157413477472,"[1.72414847 2.24683366 1.89363699 1.711801   1.33095081 1.0145681
 0.68736038 1.40079375 1.51371792 0.60230853]",1.7241484721289566,1.014568100303551,5,8,7,1.4042255878448486,1,1202.0,0.0,0.0,965,barabasi
gnm_966,25.86167461807625,"[2.999104264157948, 2.96112296364242, -1.04951094823998, 1.3534232015203265, 2.5817935524925097, 2.126041234547717, 1.7192590103403527, 3.129154659358187, 2.955380781015986, 1.6972032405363457]",2.999104264157948,2.126041234547717,"[1.72414847 2.24683366 1.89363699 1.711801   1.33095081 1.0145681
 0.68736038 1.40079375 1.51371792 0.60230853]",1.7241484721289566,1.014568100303551,5,12,42,5.779789209365845,1,965.0,0.0,0.0,966,gnm
gnm_967,7.085302820887591,"[2.89899806946685, 2.1637105441992217, 1.5952067328376034, 1.627840466519834, 2.088943998599522, 0.20691054601995204, 1.0054651855265258, 2.8617876433835896, 2.1676600043131895, 1.387461123725227]",2.89899806946685,0.20691054601995204,"[1.72414847 2.24683366 1.89363699 1.711801   1.33095081 1.0145681
 0.68736038 1.40079375 1.51371792 0.60230853]",1.7241484721289566,1.014568100303551,5,7,10,1.9395852088928223,1,1098.0,0.0,0.0,967,gnm
watts_968,8.96554471695043,"[2.9109339966960466, 2.9035436360078215, 3.1404751919957565, -0.4844775654680771, 3.1342518757295106, 0.41006825586285556, 1.873023316552068, 3.0979211168167673, 3.135010578966245, 1.7926583772410454]",2.9109339966960466,0.41006825586285556,"[1.72414847 2.24683366 1.89363699 1.711801   1.33095081 1.0145681
 0.68736038 1.40079375 1.51371792 0.60230853]",1.7241484721289566,1.014568100303551,5,11,11,2.644631862640381,1,1157.0,0.0,0.0,968,watts
regular_969,16.141914610199592,"[1.7466403836415623, 2.284220808119178, 2.73795216792223, 2.0422764772209994, 1.4731538547909104, 1.0210282304874552, 1.6077222867040593, 1.1520239186477865, 2.037257882078806, 0.8539027679995533]",1.7466403836415623,1.0210282304874552,"[1.72414847 2.24683366 1.89363699 1.711801   1.33095081 1.0145681
 0.68736038 1.40079375 1.51371792 0.60230853]",1.7241484721289566,1.014568100303551,5,11,22,6.983564615249634,1,1960.0,0.0,0.0,969,regular
gnm_970,23.20118649410545,"[2.450701500912514, 2.6888498768593627, 3.079014572665251, 1.362157559112375, 0.3084533676475, 1.572644346674868, 1.6410022413980114, 3.062617224102091, 2.7139201626093348, 1.312071383721293]",2.450701500912514,1.572644346674868,"[1.72414847 2.24683366 1.89363699 1.711801   1.33095081 1.0145681
 0.68736038 1.40079375 1.51371792 0.60230853]",1.7241484721289566,1.014568100303551,5,14,36,5.359961032867432,1,835.0,0.0,0.0,970,gnm
regular_971,11.688158303470118,"[1.7130123169303648, 1.9414208112242748, 3.0202860091811807, 2.0836515851716015, 1.0794659993735947, 1.0080528106187023, 0.6721423523542749, 1.8854271927968485, 1.3905240108334205, 0.22615195340052296]",1.7130123169303648,1.0080528106187023,"[1.72414847 2.24683366 1.89363699 1.711801   1.33095081 1.0145681
 0.68736038 1.40079375 1.51371792 0.60230853]",1.7241484721289566,1.014568100303551,5,8,16,3.460947036743164,1,1375.0,0.0,0.0,971,regular
gnm_972,19.733116023624476,"[2.9844946346420427, 3.14121359876524, 1.5960065920135702, 1.9254339638815159, 0.35742843275789427, 1.4088485697500124, 1.8876786655604907, 3.0696716504782864, 2.889170894939004, 1.3910458087747695]",2.9844946346420427,1.4088485697500124,"[1.72414847 2.24683366 1.89363699 1.711801   1.33095081 1.0145681
 0.68736038 1.40079375 1.51371792 0.60230853]",1.7241484721289566,1.014568100303551,5,11,32,3.8643903732299805,1,755.0,0.0,0.0,972,gnm
watts_973,12.08172627171109,"[2.6096142886816835, 3.140475130396123, 3.0992221809946767, 1.6336376297969912, 0.8796157880531124, 1.343453489182843, 1.0379985659877224, 3.044829309585644, 2.3448357553565997, 1.1632619409609177]",2.6096142886816835,1.343453489182843,"[1.72414847 2.24683366 1.89363699 1.711801   1.33095081 1.0145681
 0.68736038 1.40079375 1.51371792 0.60230853]",1.7241484721289566,1.014568100303551,5,11,22,2.8172078132629395,1,742.0,0.0,0.0,973,watts
regular_974,18.664328926074855,"[2.9718560244799486, 2.771810454683135, 2.73941995924687, 1.6797190814176854, 1.9501886779537199, 2.1679932551926075, 0.4911284550439968, 2.7007146677669773, 2.4418321706301738, 1.3579705662413342]",2.9718560244799486,2.1679932551926075,"[1.72414847 2.24683366 1.89363699 1.711801   1.33095081 1.0145681
 0.68736038 1.40079375 1.51371792 0.60230853]",1.7241484721289566,1.014568100303551,5,16,24,6.611985683441162,1,1342.0,0.0,0.0,974,regular
regular_975,9.739332099870339,"[1.8366928518909487, 2.113260024775154, 2.622000178240247, 1.6061546027818947, 1.2065605701780906, 1.26209142818889, 0.2812538508160697, 2.8478315717347247, 2.7763418367988995, 2.000104976237176]",1.8366928518909487,1.26209142818889,"[1.72414847 2.24683366 1.89363699 1.711801   1.33095081 1.0145681
 0.68736038 1.40079375 1.51371792 0.60230853]",1.7241484721289566,1.014568100303551,5,11,11,2.937598943710327,1,1362.0,0.0,0.0,975,regular
watts_976,16.584448097463742,"[1.8072707823501477, 1.5542802017998691, 3.141381949646149, 2.1572273407754867, 1.5804783741830795, 0.8002590240400913, 1.1914688924609473, 2.450788430906192, 2.201240424918618, 0.9698956261230799]",1.8072707823501477,0.8002590240400913,"[1.72414847 2.24683366 1.89363699 1.711801   1.33095081 1.0145681
 0.68736038 1.40079375 1.51371792 0.60230853]",1.7241484721289566,1.014568100303551,5,13,26,2.9039251804351807,1,674.0,0.0,0.0,976,watts
regular_977,18.18966317473128,"[2.9563402142940856, 2.787627971834021, 2.445551012768753, 1.839303478245793, 1.12595579740593, 0.6290126343749963, 0.5825302409219707, 3.0587890204436015, 2.6588476113699304, 1.75918744327292]",2.9563402142940856,0.6290126343749963,"[1.72414847 2.24683366 1.89363699 1.711801   1.33095081 1.0145681
 0.68736038 1.40079375 1.51371792 0.60230853]",1.7241484721289566,1.014568100303551,5,14,21,4.197540521621704,1,1024.0,0.0,0.0,977,regular
gnm_978,24.88480588625499,"[2.9309395954212194, 1.8895278033482439, 1.7089583154053722, 1.774005041062021, 1.6749821877116589, 1.6764792302339737, 0.20824529876057363, 2.830089058213604, 1.6310730169135612, -0.20112216044069103]",2.9309395954212194,1.6764792302339737,"[1.72414847 2.24683366 1.89363699 1.711801   1.33095081 1.0145681
 0.68736038 1.40079375 1.51371792 0.60230853]",1.7241484721289566,1.014568100303551,5,12,40,8.054096460342407,1,1351.0,0.0,0.0,978,gnm
barabasi_979,10.325863412003493,"[1.4465040233358366, 2.062933557351721, 1.605266702672402, 2.3576901902384075, 1.1974576294135753, 1.2685081215414957, 1.1172763435872652, 2.9372287255463485, 2.8931466851581087, 1.8074527856750564]",1.4465040233358366,1.2685081215414957,"[1.72414847 2.24683366 1.89363699 1.711801   1.33095081 1.0145681
 0.68736038 1.40079375 1.51371792 0.60230853]",1.7241484721289566,1.014568100303551,5,13,12,4.865564346313477,1,1950.0,0.0,0.0,979,barabasi
gnm_980,14.13697204538039,"[2.370827561970323, 2.2129915448352198, 1.8181635083686127, 1.6474140225460467, 0.463284362078878, 0.7683761871690326, 1.2387266708107774, 1.7924896772763526, 1.7820935909508298, 1.6645888178438424]",2.370827561970323,0.7683761871690326,"[1.72414847 2.24683366 1.89363699 1.711801   1.33095081 1.0145681
 0.68736038 1.40079375 1.51371792 0.60230853]",1.7241484721289566,1.014568100303551,5,8,24,4.5556862354278564,1,1410.0,0.0,0.0,980,gnm
gnm_981,18.72739688986582,"[1.661583719759519, 2.008381190365559, 2.9725305161345412, 1.6699925835420733, 1.4129530559771686, 1.1363903534001811, 1.7395731434297124, 2.0531971560195608, 1.7248270941933512, 0.555306746124259]",1.661583719759519,1.1363903534001811,"[1.72414847 2.24683366 1.89363699 1.711801   1.33095081 1.0145681
 0.68736038 1.40079375 1.51371792 0.60230853]",1.7241484721289566,1.014568100303551,5,17,27,6.656994819641113,1,1217.0,0.0,0.0,981,gnm
regular_982,25.08626444480407,"[1.7165454180662771, 1.8765543364717943, 3.075138821959125, 2.1097737511532526, 1.495420685142956, 1.0262729133175872, 0.6666634666700734, 2.0002842454688095, 2.016995602118456, 0.8927567762594779]",1.7165454180662771,1.0262729133175872,"[1.72414847 2.24683366 1.89363699 1.711801   1.33095081 1.0145681
 0.68736038 1.40079375 1.51371792 0.60230853]",1.7241484721289566,1.014568100303551,5,17,34,5.809067249298096,1,848.0,0.0,0.0,982,regular
regular_983,11.707214848329386,"[1.7227292900038103, 1.9667135207293098, 3.0323195199788184, 2.057095943176831, 1.1048982845411905, 0.9914603974664256, 0.5938587367969698, 1.9678137972757919, 1.3991796434372228, 0.22375316203465534]",1.7227292900038103,0.9914603974664256,"[1.72414847 2.24683366 1.89363699 1.711801   1.33095081 1.0145681
 0.68736038 1.40079375 1.51371792 0.60230853]",1.7241484721289566,1.014568100303551,5,8,16,5.155466079711914,1,1789.0,0.0,0.0,983,regular
gnm_984,5.5253580077045115,"[2.3699251127622807, 1.9574279403551647, 2.919912812354662, 1.4117525487495217, 1.3447131355849145, 1.1810338948463786, 0.37186356558361594, 3.1414867504581414, 2.198423743189215, 0.9722673093278622]",2.3699251127622807,1.1810338948463786,"[1.72414847 2.24683366 1.89363699 1.711801   1.33095081 1.0145681
 0.68736038 1.40079375 1.51371792 0.60230853]",1.7241484721289566,1.014568100303551,5,7,6,4.5817060470581055,1,2281.0,0.0,0.0,984,gnm
watts_985,14.637485500893899,"[2.841535482829487, 3.1364039270201904, 3.1406489282964376, 1.3030073028855051, 1.2824109437143316, 0.1992720985638256, 1.925432812162376, 3.1351196748727217, 3.102207124024222, 1.8597981148596008]",2.841535482829487,0.1992720985638256,"[1.72414847 2.24683366 1.89363699 1.711801   1.33095081 1.0145681
 0.68736038 1.40079375 1.51371792 0.60230853]",1.7241484721289566,1.014568100303551,5,18,18,3.9535460472106934,1,1076.0,0.0,0.0,985,watts
watts_986,26.275320897971465,"[2.9583498973952165, 2.8401294777969768, 2.989165760634491, 1.6717359260560543, 1.5397722505436293, 0.5079537376877076, 1.8441650991940248, 1.9775397163885944, 3.1079469256861367, 2.865582229068586]",2.9583498973952165,0.5079537376877076,"[1.72414847 2.24683366 1.89363699 1.711801   1.33095081 1.0145681
 0.68736038 1.40079375 1.51371792 0.60230853]",1.7241484721289566,1.014568100303551,5,19,38,13.497397661209106,1,1863.0,0.0,0.0,986,watts
watts_987,16.072631975115417,"[2.859319956959564, 2.6139408939641307, 3.0568414454484083, 1.80631377095391, 0.8275765029325872, 2.134067579935608, 0.4056109402066522, 3.1387361155463913, 3.1415061893885006, 1.7957166238747142]",2.859319956959564,2.134067579935608,"[1.72414847 2.24683366 1.89363699 1.711801   1.33095081 1.0145681
 0.68736038 1.40079375 1.51371792 0.60230853]",1.7241484721289566,1.014568100303551,5,19,19,5.138087034225464,1,1345.0,0.0,0.0,987,watts
watts_988,6.290351543422332,"[1.8624785045785854, 2.2796859840565658, 1.8571942243025572, 1.7469135647375924, 2.8898449383114464, 1.5183836731192493, 2.8503073906336027, 1.9455068702246425, 1.5320634936638275, 0.3250168176771562]",1.8624785045785854,1.5183836731192493,"[1.72414847 2.24683366 1.89363699 1.711801   1.33095081 1.0145681
 0.68736038 1.40079375 1.51371792 0.60230853]",1.7241484721289566,1.014568100303551,5,8,8,2.28226900100708,1,1828.0,0.0,0.0,988,watts
gnm_989,8.250995911532407,"[2.9254447657993383, 2.76258210240068, 2.7876639394488407, 0.07036214295720902, 3.1352781280861257, 2.0592749401238066, 1.8814453136281715, 2.1771768962348057, 1.4211056707789567, 1.2990528127709464]",2.9254447657993383,2.0592749401238066,"[1.72414847 2.24683366 1.89363699 1.711801   1.33095081 1.0145681
 0.68736038 1.40079375 1.51371792 0.60230853]",1.7241484721289566,1.014568100303551,5,8,11,2.5650415420532227,1,1623.0,0.0,0.0,989,gnm
barabasi_990,11.107226251234586,"[1.3939273402987613, 2.1107382080797423, 2.0014055341912487, 1.8268573484612045, 1.292038026913819, 1.370328508378333, 1.2367982013909646, 3.1415749046584502, 2.9470504925791605, 1.7604578227542946]",1.3939273402987613,1.370328508378333,"[1.72414847 2.24683366 1.89363699 1.711801   1.33095081 1.0145681
 0.68736038 1.40079375 1.51371792 0.60230853]",1.7241484721289566,1.014568100303551,5,14,13,3.0495657920837402,1,1122.0,0.0,0.0,990,barabasi
regular_991,14.386415786378016,"[2.942537567448464, 2.849592900870933, 3.1306132757609557, 1.2484199454699483, 2.712229442932762, 2.087538180416953, 0.8477305652639475, 2.666160242487956, 2.7570013723065188, 1.3325189796433468]",2.942537567448464,2.087538180416953,"[1.72414847 2.24683366 1.89363699 1.711801   1.33095081 1.0145681
 0.68736038 1.40079375 1.51371792 0.60230853]",1.7241484721289566,1.014568100303551,5,12,18,6.576740741729736,1,1993.0,0.0,0.0,991,regular
barabasi_992,17.14812171656357,"[2.884280387163893, 1.9015436275322615, 1.7951560070031887, 1.860007728661014, 1.1619338882352614, 1.7542902238705091, 1.3736383024225862, 2.703332874557983, 3.0035908441411205, 1.7324807250485268]",2.884280387163893,1.7542902238705091,"[1.72414847 2.24683366 1.89363699 1.711801   1.33095081 1.0145681
 0.68736038 1.40079375 1.51371792 0.60230853]",1.7241484721289566,1.014568100303551,5,14,24,6.171664714813232,1,1415.0,0.0,0.0,992,barabasi
gnm_993,42.881131542412504,"[2.963057961366994, 2.5995020500233332, 1.8926979596087048, 1.5664088948843977, 1.2488253707034556, 1.0282680041366166, 0.7742064842846959, 1.5740593636481837, 1.5740746928266698, 0.7883170784636249]",2.963057961366994,1.0282680041366166,"[1.72414847 2.24683366 1.89363699 1.711801   1.33095081 1.0145681
 0.68736038 1.40079375 1.51371792 0.60230853]",1.7241484721289566,1.014568100303551,5,16,82,11.091613531112671,1,743.0,0.0,0.0,993,gnm
watts_994,17.28847995563547,"[2.863692788022941, 2.632411187544875, 2.9513244698137973, 0.8705199484444572, 1.8816346806747704, 2.189323462314702, 0.49390141232865914, 3.1122980220041976, 3.1332415683364605, 1.8373444179800182]",2.863692788022941,2.189323462314702,"[1.72414847 2.24683366 1.89363699 1.711801   1.33095081 1.0145681
 0.68736038 1.40079375 1.51371792 0.60230853]",1.7241484721289566,1.014568100303551,5,20,20,7.261449337005615,1,1320.0,0.0,0.0,994,watts
barabasi_995,5.344472187058081,"[2.893712886024125, 3.132600971038454, 3.1415640759357295, 0.8445048722445725, 1.6065291265459447, 1.6928144436526757, 0.5317965799946408, 2.85864829885238, 2.8813676696161084, 1.8574438665471011]",2.893712886024125,1.6928144436526757,"[1.72414847 2.24683366 1.89363699 1.711801   1.33095081 1.0145681
 0.68736038 1.40079375 1.51371792 0.60230853]",1.7241484721289566,1.014568100303551,5,7,6,1.0099573135375977,1,1008.0,0.0,0.0,995,barabasi
regular_996,20.319835866616295,"[1.7051170764062185, 1.9346380912048307, 3.056447942097587, 2.0232730969188544, 0.9570739435234084, 0.9931487146529575, 0.40484473320406855, 2.1954997886768997, 2.922297480226632, 1.6699600941104176]",1.7051170764062185,0.9931487146529575,"[1.72414847 2.24683366 1.89363699 1.711801   1.33095081 1.0145681
 0.68736038 1.40079375 1.51371792 0.60230853]",1.7241484721289566,1.014568100303551,5,13,26,7.050378084182739,1,1575.0,0.0,0.0,996,regular
barabasi_997,13.00466579608664,"[2.930786256826336, 2.7908066106888043, 2.5971159966137076, 1.5790279722645102, 1.6522163519776165, 1.9642566872321219, 0.2565750328083337, 1.740811434861707, 2.999136743483155, 3.1415853972882433]",2.930786256826336,1.9642566872321219,"[1.72414847 2.24683366 1.89363699 1.711801   1.33095081 1.0145681
 0.68736038 1.40079375 1.51371792 0.60230853]",1.7241484721289566,1.014568100303551,5,16,15,5.955785512924194,1,1738.0,0.0,0.0,997,barabasi
gnm_998,19.40447615794465,"[1.3490440704690239, 2.0056643829114407, 3.1415707580809364, 1.804129787509737, 0.11282716802134513, 1.7297771861993798, 1.288209189307113, 3.0764841674106176, 3.1384635208876928, 1.428107201959254]",1.3490440704690239,1.7297771861993798,"[1.72414847 2.24683366 1.89363699 1.711801   1.33095081 1.0145681
 0.68736038 1.40079375 1.51371792 0.60230853]",1.7241484721289566,1.014568100303551,5,14,30,4.401265382766724,1,786.0,0.0,0.0,998,gnm
regular_999,25.13996028730166,"[1.7203714857601557, 1.9468487012586677, 3.0691393750016305, 2.0358807172398414, 1.5207353156399936, 1.0183985661237855, 0.3915661205611769, 2.325755226926856, 2.145625594529389, 0.8026074826285285]",1.7203714857601557,1.0183985661237855,"[1.72414847 2.24683366 1.89363699 1.711801   1.33095081 1.0145681
 0.68736038 1.40079375 1.51371792 0.60230853]",1.7241484721289566,1.014568100303551,5,17,34,7.661489725112915,1,1113.0,0.0,0.0,999,regular
