graphname,optimal_expectation,optimal_parameters,optimal_gamma,optimal_beta,initial_parameters,initial_gamma,initial_beta,num_layers,num_qubits,num_interactions,sim_time,n_restarts,mean_n_obj_calls,gamma_std_across_restarts,beta_std_across_restarts,graph_id,model,n,m,deg_mean,deg_std,clust_mean,assortativity,mis,exact_maxcut,approx_ratio
barabasi_0,11.054720173813148,"[1.241858749097263, 1.9741574225010485]",1.241858749097263,1.9741574225010483,[1.72414847 1.12341683],1.7241484721289566,1.123416829660566,1,12,20,0.5248370170593262,1,64.0,0.0,0.0,0,barabasi,12,20,3.3333,1.8856,0.2312,-0.5142,0.5,18,0.6141511207673971
watts_1,25.44843897597288,"[0.2469289342123765, 2.7866785091799793]",0.2469289342123765,2.7866785091799797,[1.72414847 1.12341683],1.7241484721289566,1.123416829660566,1,20,40,0.6994130611419678,1,123.0,0.0,0.0,1,watts,20,40,4.0,0.9487,0.2867,-0.1185,0.35,31,0.8209173863217059
barabasi_2,8.606983254038083,"[0.40215507454145694, 2.7490893965852456]",0.4021550745414569,2.7490893965852456,[1.72414847 1.12341683],1.7241484721289566,1.123416829660566,1,13,12,0.1416959762573242,1,56.0,0.0,0.0,2,barabasi,13,12,1.8462,1.4058,0.0,-0.7216,0.6923,12,0.7172486045031735
watts_3,12.380499551075133,"[0.3748106033341191, 2.7484595436474177]",0.3748106033341191,2.7484595436474177,[1.72414847 1.12341683],1.7241484721289566,1.123416829660566,1,17,17,0.1508171558380127,1,60.0,0.0,0.0,3,watts,17,17,2.0,0.9075,0.0,-0.2042,0.4706,17,0.7282646794750078
gnm_4,76.6616381002508,"[1.7123802517233662, 2.6899483586505144]",1.7123802517233662,2.6899483586505144,[1.72414847 1.12341683],1.7241484721289566,1.123416829660566,1,19,149,1.395082712173462,1,113.0,0.0,0.0,4,gnm,19,149,15.6842,1.1722,0.8678,-0.0967,0.1579,86,0.8914143965145441
watts_5,6.558655083396872,"[1.170868137380828, 1.9640794211232693]",1.170868137380828,1.9640794211232693,[1.72414847 1.12341683],1.7241484721289566,1.123416829660566,1,10,10,0.0678727626800537,1,54.0,0.0,0.0,5,watts,10,10,2.0,0.4472,0.0,-0.0526,0.5,10,0.6558655083396873
watts_6,22.03365378198218,"[1.8207684419935917, 2.7923293536995697]",1.820768441993592,2.7923293536995697,[1.72414847 1.12341683],1.7241484721289566,1.123416829660566,1,19,38,0.4002885818481445,1,116.0,0.0,0.0,6,watts,19,38,4.0,0.4588,0.3772,-0.0133,0.3684,29,0.7597811648959373
barabasi_7,8.680816387243087,"[0.3885751161906281, 2.748909995163607]",0.3885751161906281,2.748909995163607,[1.72414847 1.12341683],1.7241484721289566,1.123416829660566,1,13,12,0.0785748958587646,1,52.0,0.0,0.0,7,barabasi,13,12,1.8462,1.2308,0.0,-0.5195,0.6154,12,0.7234013656035906
watts_8,9.76554479844708,"[0.23035261153578804, 2.8339717054805353]",0.230352611535788,2.833971705480536,[1.72414847 1.12341683],1.7241484721289566,1.123416829660566,1,8,16,0.079601764678955,1,56.0,0.0,0.0,8,watts,8,16,4.0,1.0,0.6375,-0.0833,0.25,12,0.8137953998705899
barabasi_9,20.99012696320701,"[1.8225099017985658, 2.7606517846108405]",1.8225099017985655,2.7606517846108405,[1.72414847 1.12341683],1.7241484721289566,1.123416829660566,1,20,36,0.4080512523651123,1,88.0,0.0,0.0,9,barabasi,20,36,3.6,2.1541,0.0651,-0.4045,0.4,30,0.699670898773567
gnm_10,15.500020200037396,"[-2.528184072253552, 3.141592653589793]",-2.528184072253552,3.141592653589793,[1.72414847 1.12341683],1.7241484721289566,1.123416829660566,1,11,31,0.0314099788665771,1,8.0,0.0,0.0,10,gnm,11,31,5.6364,1.2264,0.484,-0.0896,0.2727,23,0.6739139217407564
barabasi_11,5.113462689554581,"[0.4336845534936955, 2.7490267364316434]",0.4336845534936955,2.7490267364316434,[1.72414847 1.12341683],1.7241484721289566,1.123416829660566,1,8,7,0.0824029445648193,1,63.0,0.0,0.0,11,barabasi,8,7,1.75,1.299,0.0,-0.5867,0.625,7,0.7304946699363687
barabasi_12,10.853500476263376,"[0.4040308615000777, 2.7489011597903126]",0.4040308615000777,2.748901159790313,[1.72414847 1.12341683],1.7241484721289566,1.123416829660566,1,16,15,0.1296722888946533,1,66.0,0.0,0.0,12,barabasi,16,15,1.875,1.317,0.0,-0.2698,0.625,15,0.7235666984175584
watts_13,17.572645789328703,"[0.24171421816531452, 2.80146326534038]",0.2417142181653145,2.80146326534038,[1.72414847 1.12341683],1.7241484721289566,1.123416829660566,1,14,28,0.1722211837768554,1,63.0,0.0,0.0,13,watts,14,28,4.0,1.0,0.3714,-0.2473,0.3571,21,0.8367926566347001
watts_14,10.766901646256038,"[0.3707199194940277, 2.7656610050283614]",0.3707199194940277,2.765661005028361,[1.72414847 1.12341683],1.7241484721289566,1.123416829660566,1,15,15,0.1164660453796386,1,76.0,0.0,0.0,14,watts,15,15,2.0,0.8165,0.1111,-0.1471,0.4667,14,0.7690644033040027
regular_15,15.154426105894174,"[1.8157253439752274, 2.8004973272930207]",1.8157253439752277,2.8004973272930207,[1.72414847 1.12341683],1.7241484721289566,1.123416829660566,1,12,24,0.0853681564331054,1,52.0,0.0,0.0,15,regular,12,24,4.0,0.0,0.3333,0.0,0.3333,18,0.8419125614385652
barabasi_16,12.800693846011576,"[0.4487406564874089, 2.7497574936912317]",0.4487406564874089,2.749757493691232,[1.72414847 1.12341683],1.7241484721289566,1.123416829660566,1,19,18,0.1296048164367675,1,46.0,0.0,0.0,16,barabasi,19,18,1.8947,1.8323,0.0,-0.4088,0.6316,18,0.7111496581117542
gnm_17,46.25227813564112,"[1.734967371007421, 2.7063740714764752]",1.734967371007421,2.7063740714764752,[1.72414847 1.12341683],1.7241484721289566,1.123416829660566,1,15,89,0.5817437171936035,1,113.0,0.0,0.0,17,gnm,15,89,11.8667,1.2037,0.8384,-0.0595,0.2,54,0.8565236691785393
gnm_18,62.5004114620142,"[-2.528184072253552, 3.141592653589793]",-2.528184072253552,3.141592653589793,[1.72414847 1.12341683],1.7241484721289566,1.123416829660566,1,18,125,0.1527607440948486,1,14.0,0.0,0.0,18,gnm,18,125,13.8889,1.7603,0.8283,-0.1312,0.1667,75,0.8333388194935226
watts_19,12.435405071213191,"[0.378419278875859, 2.749800525947978]",0.378419278875859,2.749800525947978,[1.72414847 1.12341683],1.7241484721289566,1.123416829660566,1,17,17,0.1022143363952636,1,74.0,0.0,0.0,19,watts,17,17,2.0,0.8402,0.0,-0.242,0.5294,16,0.7772128169508244
barabasi_20,13.562579629366626,"[1.8876602119293964, 2.735727291114376]",1.8876602119293964,2.735727291114376,[1.72414847 1.12341683],1.7241484721289566,1.123416829660566,1,14,24,0.1093106269836425,1,48.0,0.0,0.0,20,barabasi,14,24,3.4286,2.0603,0.6996,-0.3958,0.4286,18,0.7534766460759237
gnm_21,4.153870506503154,"[1.2358380534039268, 1.9903296427107193]",1.2358380534039268,1.9903296427107195,[1.72414847 1.12341683],1.7241484721289566,1.123416829660566,1,6,7,0.0520362854003906,1,72.0,0.0,0.0,21,gnm,6,7,2.3333,0.9428,0.25,-0.5556,0.5,6,0.6923117510838589
watts_22,12.657843400661768,"[1.262207562339797, 2.3122103302187123]",1.262207562339797,2.3122103302187123,[1.72414847 1.12341683],1.7241484721289566,1.123416829660566,1,12,24,0.07586669921875,1,47.0,0.0,0.0,22,watts,12,24,4.0,0.7071,0.3889,-0.2043,0.3333,19,0.6662022842453562
watts_23,16.257723407153144,"[1.8443634824819994, 2.693960369183001]",1.8443634824819997,2.693960369183001,[1.72414847 1.12341683],1.7241484721289566,1.123416829660566,1,15,30,0.1299240589141845,1,59.0,0.0,0.0,23,watts,15,30,4.0,1.2111,0.2429,-0.27,0.4,25,0.6503089362861257
watts_24,6.558655295641984,"[1.170868137380828, 1.9640794211232693]",1.170868137380828,1.9640794211232693,[1.72414847 1.12341683],1.7241484721289566,1.123416829660566,1,10,10,0.0545351505279541,1,54.0,0.0,0.0,24,watts,10,10,2.0,0.4472,0.0,-0.0526,0.5,9,0.7287394772935537
barabasi_25,5.811115450934949,"[0.399584469138051, 2.749329811165364]",0.399584469138051,2.749329811165364,[1.72414847 1.12341683],1.7241484721289566,1.123416829660566,1,9,8,0.0533399581909179,1,52.0,0.0,0.0,25,barabasi,9,8,1.7778,1.2273,0.0,-0.5748,0.5556,8,0.7263894313668686
regular_26,14.99997579733364,"[1.9633901687532234, 2.749480627093167]",1.9633901687532236,2.749480627093167,[1.72414847 1.12341683],1.7241484721289566,1.123416829660566,1,20,20,0.2091584205627441,1,52.0,0.0,0.0,26,regular,20,20,2.0,0.0,0.0,0.0,0.45,20,0.749998789866682
gnm_27,66.50048709710154,"[-2.528184072253552, 3.141592653589793]",-2.528184072253552,3.141592653589793,[1.72414847 1.12341683],1.7241484721289566,1.123416829660566,1,18,133,0.153937816619873,1,14.0,0.0,0.0,27,gnm,18,133,14.7778,1.4741,0.8719,-0.1253,0.1667,78,0.8525703473987377
barabasi_28,21.40418358046053,"[0.2634992847241363, 2.783135729043723]",0.2634992847241363,2.783135729043723,[1.72414847 1.12341683],1.7241484721289566,1.123416829660566,1,19,34,0.1954050064086914,1,54.0,0.0,0.0,28,barabasi,19,34,3.5789,2.4776,0.4164,-0.3501,0.4211,27,0.7927475400170566
watts_29,7.000003498978913,"[-2.528184072253552, 3.141592653589793]",-2.528184072253552,3.141592653589793,[1.72414847 1.12341683],1.7241484721289566,1.123416829660566,1,7,14,0.0106267929077148,1,8.0,0.0,0.0,29,watts,7,14,4.0,0.7559,0.6238,-0.1667,0.2857,10,0.7000003498978913
barabasi_30,7.9589257742406545,"[0.3999775659243472, 2.7487486830352585]",0.3999775659243472,2.7487486830352585,[1.72414847 1.12341683],1.7241484721289566,1.123416829660566,1,12,11,0.0981221199035644,1,58.0,0.0,0.0,30,barabasi,12,11,1.8333,1.2802,0.0,-0.3484,0.5,11,0.7235387067491504
gnm_31,11.288080129105763,"[1.860714273235213, 2.6629172119069846]",1.860714273235213,2.6629172119069846,[1.72414847 1.12341683],1.7241484721289566,1.123416829660566,1,10,21,0.0905373096466064,1,52.0,0.0,0.0,31,gnm,10,21,4.2,1.077,0.5267,-0.3835,0.4,15,0.7525386752737175
gnm_32,9.237869359814797,"[1.3015996840656792, 2.596625923656727]",1.3015996840656792,2.596625923656727,[1.72414847 1.12341683],1.7241484721289566,1.123416829660566,1,7,17,0.0644748210906982,1,52.0,0.0,0.0,32,gnm,7,17,4.8571,0.6389,0.7714,-0.2966,0.2857,12,0.769822446651233
barabasi_33,23.636339893697624,"[0.21825425911967197, 2.8043661701951192]",0.2182542591196719,2.8043661701951192,[1.72414847 1.12341683],1.7241484721289566,1.123416829660566,1,16,39,0.1506538391113281,1,55.0,0.0,0.0,33,barabasi,16,39,4.875,2.3684,0.3637,-0.3335,0.375,32,0.7386356216780507
watts_34,24.242789118316267,"[0.2501559392205218, 2.782278868465705]",0.2501559392205218,2.782278868465705,[1.72414847 1.12341683],1.7241484721289566,1.123416829660566,1,19,38,0.3287892341613769,1,91.0,0.0,0.0,34,watts,19,38,4.0,1.0761,0.2188,-0.1844,0.4211,30,0.8080929706105422
barabasi_35,8.593129013776675,"[0.6200899995347586, 2.748372596918693]",0.6200899995347586,2.748372596918693,[1.72414847 1.12341683],1.7241484721289566,1.123416829660566,1,13,12,0.1028120517730712,1,45.0,0.0,0.0,35,barabasi,13,12,1.8462,2.1428,0.0,-0.6763,0.6923,12,0.7160940844813896
barabasi_36,5.775148882903977,"[0.49176442146263166, 2.749422210145581]",0.4917644214626316,2.749422210145581,[1.72414847 1.12341683],1.7241484721289566,1.123416829660566,1,9,8,0.0775959491729736,1,50.0,0.0,0.0,36,barabasi,9,8,1.7778,1.5476,0.0,-0.6391,0.6667,8,0.7218936103629972
watts_37,11.24998435645569,"[1.9632009821256866, 2.748932149681167]",1.9632009821256864,2.748932149681167,[1.72414847 1.12341683],1.7241484721289566,1.123416829660566,1,15,15,0.0983548164367675,1,50.0,0.0,0.0,37,watts,15,15,2.0,0.0,0.0,0.0,0.4667,14,0.8035703111754063
barabasi_38,4.552819518194156,"[0.4197538419400893, 2.7488952764223216]",0.4197538419400893,2.7488952764223216,[1.72414847 1.12341683],1.7241484721289566,1.123416829660566,1,7,6,0.0512452125549316,1,54.0,0.0,0.0,38,barabasi,7,6,1.7143,0.6999,0.0,-0.6667,0.4286,6,0.7588032530323594
barabasi_39,10.287865140706597,"[0.9484788147451022, 2.7483786851021152]",0.9484788147451022,2.7483786851021152,[1.72414847 1.12341683],1.7241484721289566,1.123416829660566,1,16,15,0.1026785373687744,1,53.0,0.0,0.0,39,barabasi,16,15,1.875,1.4524,0.0,-0.5882,0.6875,15,0.6858576760471065
barabasi_40,33.347224315360776,"[1.8290001597669936, 2.7465615089516087]",1.8290001597669936,2.7465615089516087,[1.72414847 1.12341683],1.7241484721289566,1.123416829660566,1,20,64,0.3153557777404785,1,42.0,0.0,0.0,40,barabasi,20,64,6.4,2.8,0.3732,-0.3084,0.4,47,0.7095154109651229
regular_41,16.618822422150743,"[1.263131895266298, 2.748709696710814]",1.263131895266298,2.748709696710814,[1.72414847 1.12341683],1.7241484721289566,1.123416829660566,1,16,24,0.1146128177642822,1,65.0,0.0,0.0,41,regular,16,24,3.0,0.0,0.0,0.0,0.375,22,0.7554010191886701
gnm_42,44.59221069207916,"[1.393197411079421, 2.542963740241605]",1.393197411079421,2.542963740241605,[1.72414847 1.12341683],1.7241484721289566,1.123416829660566,1,19,87,0.3775680065155029,1,52.0,0.0,0.0,42,gnm,19,87,9.1579,2.0069,0.5053,-0.0565,0.2105,58,0.7688312188289511
watts_43,6.41606583479188,"[0.36900455841154267, 2.775169106008568]",0.3690045584115426,2.775169106008568,[1.72414847 1.12341683],1.7241484721289566,1.123416829660566,1,9,9,0.102996826171875,1,77.0,0.0,0.0,43,watts,9,9,2.0,0.6667,0.1852,0.1562,0.4444,8,0.802008229348985
barabasi_44,5.150764686550247,"[0.4078701654122823, 2.749066289422652]",0.4078701654122823,2.749066289422652,[1.72414847 1.12341683],1.7241484721289566,1.123416829660566,1,8,7,0.0477371215820312,1,52.0,0.0,0.0,44,barabasi,8,7,1.75,1.0897,0.0,-0.5867,0.625,7,0.7358235266500354
regular_45,5.939219763502479,"[1.2858616241050722, 2.793263945554275]",1.2858616241050722,2.793263945554275,[1.72414847 1.12341683],1.7241484721289566,1.123416829660566,1,6,9,0.046375036239624,1,52.0,0.0,0.0,45,regular,6,9,3.0,0.0,0.3333,0.0,0.3333,7,0.8484599662146398
barabasi_46,9.942318906099148,"[0.4030778938836962, 2.7488597349698347]",0.4030778938836962,2.7488597349698347,[1.72414847 1.12341683],1.7241484721289566,1.123416829660566,1,15,14,0.0862293243408203,1,56.0,0.0,0.0,46,barabasi,15,14,1.8667,1.5434,0.0,-0.4818,0.6667,14,0.7101656361499391
watts_47,5.111104365729261,"[1.9648663672661515, 2.7377620735283736]",1.9648663672661515,2.7377620735283736,[1.72414847 1.12341683],1.7241484721289566,1.123416829660566,1,8,8,0.0527033805847168,1,48.0,0.0,0.0,47,watts,8,8,2.0,0.5,0.2917,-0.0667,0.375,7,0.7301577665327516
barabasi_48,24.019416385993377,"[1.3017672831518776, 2.766643654108697]",1.3017672831518776,2.766643654108697,[1.72414847 1.12341683],1.7241484721289566,1.123416829660566,1,17,42,0.1483237743377685,1,54.0,0.0,0.0,48,barabasi,17,42,4.9412,2.6451,0.5312,-0.3646,0.4118,32,0.750606762062293
barabasi_49,5.150764328765945,"[0.4078701654122823, 2.749066289422652]",0.4078701654122823,2.749066289422652,[1.72414847 1.12341683],1.7241484721289566,1.123416829660566,1,8,7,0.0548458099365234,1,52.0,0.0,0.0,49,barabasi,8,7,1.75,1.0897,0.0,-0.4933,0.625,7,0.7358234755379921
watts_50,6.558655128019225,"[1.170868137380828, 1.9640794211232693]",1.170868137380828,1.9640794211232693,[1.72414847 1.12341683],1.7241484721289566,1.123416829660566,1,10,10,0.0646021366119384,1,54.0,0.0,0.0,50,watts,10,10,2.0,0.4472,0.0,-0.0526,0.5,10,0.6558655128019225
regular_51,10.499985661384024,"[1.9632009821256866, 2.748932149681167]",1.9632009821256864,2.748932149681167,[1.72414847 1.12341683],1.7241484721289566,1.123416829660566,1,14,14,0.0728828907012939,1,50.0,0.0,0.0,51,regular,14,14,2.0,0.0,0.0,0.0,0.4286,14,0.7499989758131446
barabasi_52,10.925367270504578,"[1.8871524562559712, 2.7504671191330923]",1.8871524562559712,2.7504671191330923,[1.72414847 1.12341683],1.7241484721289566,1.123416829660566,1,12,20,0.0852150917053222,1,55.0,0.0,0.0,52,barabasi,12,20,3.3333,1.4907,0.3139,-0.3137,0.4167,17,0.6426686629708576
barabasi_53,8.002659695177115,"[0.39097781549615357, 2.748651410381534]",0.3909778154961535,2.748651410381534,[1.72414847 1.12341683],1.7241484721289566,1.123416829660566,1,12,11,0.0767395496368408,1,60.0,0.0,0.0,53,barabasi,12,11,1.8333,1.1426,0.0,-0.2974,0.5,11,0.7275145177433742
gnm_54,4.200297894150936,"[1.0547475599257874, 2.0265302089635413]",1.0547475599257874,2.0265302089635413,[1.72414847 1.12341683],1.7241484721289566,1.123416829660566,1,6,7,0.0794951915740966,1,65.0,0.0,0.0,54,gnm,6,7,2.3333,0.4714,0.2778,-0.1667,0.5,6,0.7000496490251561
barabasi_55,18.07008806967662,"[0.2695308370241965, 2.7709347600867797]",0.2695308370241965,2.77093476008678,[1.72414847 1.12341683],1.7241484721289566,1.123416829660566,1,16,28,0.1523499488830566,1,60.0,0.0,0.0,55,barabasi,16,28,3.5,1.9039,0.3049,-0.3503,0.5,23,0.7856560030294182
watts_56,8.548137880796276,"[1.2619473831988222, 2.322189460769555]",1.2619473831988222,2.322189460769555,[1.72414847 1.12341683],1.7241484721289566,1.123416829660566,1,8,16,0.1137022972106933,1,47.0,0.0,0.0,56,watts,8,16,4.0,0.7071,0.4667,-0.1613,0.25,13,0.6575490677535597
barabasi_57,27.288587643062854,"[1.945330302082094, 1.992447427358881]",1.945330302082094,1.992447427358881,[1.72414847 1.12341683],1.7241484721289566,1.123416829660566,1,20,51,0.3527846336364746,1,58.0,0.0,0.0,57,barabasi,20,51,5.1,2.5671,0.3382,-0.4138,0.35,39,0.6997073754631501
barabasi_58,12.19923954840785,"[0.3795694695654289, 2.748556280911468]",0.3795694695654289,2.748556280911468,[1.72414847 1.12341683],1.7241484721289566,1.123416829660566,1,18,17,0.1010894775390625,1,53.0,0.0,0.0,58,barabasi,18,17,1.8889,1.2862,0.0,-0.2413,0.5556,17,0.7176023263769323
gnm_59,18.815839009224536,"[1.7472114678396768, 2.775738144618453]",1.7472114678396768,2.775738144618453,[1.72414847 1.12341683],1.7241484721289566,1.123416829660566,1,14,36,0.1056592464447021,1,46.0,0.0,0.0,59,gnm,14,36,5.1429,1.1867,0.3588,-0.1163,0.2857,27,0.6968829262675754
gnm_60,17.18020088740559,"[1.776577188135216, 2.6780112126994715]",1.776577188135216,2.6780112126994715,[1.72414847 1.12341683],1.7241484721289566,1.123416829660566,1,10,32,0.1134910583496093,1,57.0,0.0,0.0,60,gnm,10,32,6.4,1.0198,0.6717,-0.1513,0.3,22,0.7809182221547996
barabasi_61,4.369751308913692,"[0.47415267697570906, 2.749013327912908]",0.474152676975709,2.749013327912908,[1.72414847 1.12341683],1.7241484721289566,1.123416829660566,1,7,6,0.0430970191955566,1,49.0,0.0,0.0,61,barabasi,7,6,1.7143,1.3851,0.0,-0.776,0.7143,6,0.7282918848189487
watts_62,16.63727377983322,"[1.8653826582443993, 2.813126552921447]",1.8653826582443995,2.813126552921447,[1.72414847 1.12341683],1.7241484721289566,1.123416829660566,1,15,30,0.1146457195281982,1,47.0,0.0,0.0,62,watts,15,30,4.0,1.3663,0.4206,-0.1709,0.4,22,0.7562397172651463
watts_63,8.599047277319187,"[0.23400044071266238, 2.828929116718893]",0.2340004407126623,2.828929116718893,[1.72414847 1.12341683],1.7241484721289566,1.123416829660566,1,7,14,0.0931906700134277,1,57.0,0.0,0.0,63,watts,7,14,4.0,0.7559,0.5714,-0.4259,0.4286,10,0.8599047277319187
gnm_64,5.534024823689833,"[1.8099350590156411, 2.7880722682927837]",1.809935059015641,2.788072268292784,[1.72414847 1.12341683],1.7241484721289566,1.123416829660566,1,6,10,0.0705869197845459,1,50.0,0.0,0.0,64,gnm,6,10,3.3333,0.7454,0.6667,-0.3333,0.3333,7,0.7905749748128333
barabasi_65,7.197114609800394,"[0.42498828361245433, 2.7489894846371477]",0.4249882836124543,2.748989484637148,[1.72414847 1.12341683],1.7241484721289566,1.123416829660566,1,11,10,0.0866382122039794,1,52.0,0.0,0.0,65,barabasi,11,10,1.8182,1.4659,0.0,-0.4651,0.5455,10,0.7197114609800395
regular_66,15.077792894514031,"[1.8135160251066735, 2.8063038084867555]",1.813516025106673,2.8063038084867555,[1.72414847 1.12341683],1.7241484721289566,1.123416829660566,1,12,24,0.0880889892578125,1,50.0,0.0,0.0,66,regular,12,24,4.0,0.0,0.375,0.0,0.3333,18,0.8376551608063351
watts_67,10.89945749222352,"[1.8488755262348189, 2.6805439409063396]",1.8488755262348189,2.68054394090634,[1.72414847 1.12341683],1.7241484721289566,1.123416829660566,1,10,20,0.074221134185791,1,58.0,0.0,0.0,67,watts,10,20,4.0,0.6325,0.4733,-0.0256,0.4,15,0.726630499481568
gnm_68,24.71652000849116,"[1.8357896270609642, 2.7429144157783956]",1.835789627060964,2.742914415778396,[1.72414847 1.12341683],1.7241484721289566,1.123416829660566,1,20,47,0.329416275024414,1,56.0,0.0,0.0,68,gnm,20,47,4.7,1.7059,0.2011,-0.2134,0.4,40,0.617913000212279
barabasi_69,3.7156854182248935,"[0.4361750962271948, 2.74996334537175]",0.4361750962271948,2.74996334537175,[1.72414847 1.12341683],1.7241484721289566,1.123416829660566,1,6,5,0.0519716739654541,1,48.0,0.0,0.0,69,barabasi,6,5,1.6667,1.1055,0.0,-0.7391,0.6667,5,0.7431370836449787
regular_70,14.99997552391094,"[1.9633901687532234, 2.749480627093167]",1.9633901687532236,2.749480627093167,[1.72414847 1.12341683],1.7241484721289566,1.123416829660566,1,20,20,0.1820218563079834,1,52.0,0.0,0.0,70,regular,20,20,2.0,0.0,0.0,0.0,0.4,20,0.749998776195547
watts_71,7.822634100688447,"[1.2304125223124198, 2.5223681063907852]",1.2304125223124198,2.522368106390785,[1.72414847 1.12341683],1.7241484721289566,1.123416829660566,1,7,14,0.0861177444458007,1,50.0,0.0,0.0,71,watts,7,14,4.0,1.069,0.7333,-0.4,0.2857,10,0.7822634100688447
watts_72,5.05098547169473,"[0.3701225271046774, 2.7491352726620546]",0.3701225271046774,2.7491352726620546,[1.72414847 1.12341683],1.7241484721289566,1.123416829660566,1,7,7,0.0569460391998291,1,52.0,0.0,0.0,72,watts,7,7,2.0,1.069,0.0,-0.6066,0.5714,7,0.7215693530992472
watts_73,7.308576749754309,"[1.1721401455925897, 1.9631824879452595]",1.1721401455925895,1.9631824879452595,[1.72414847 1.12341683],1.7241484721289566,1.123416829660566,1,11,11,0.1010580062866211,1,55.0,0.0,0.0,73,watts,11,11,2.0,0.4264,0.0,-0.0476,0.5455,11,0.6644160681594826
regular_74,8.735119966906495,"[1.809743037871993, 2.813683437603643]",1.809743037871993,2.813683437603643,[1.72414847 1.12341683],1.7241484721289566,1.123416829660566,1,7,14,0.0787193775177002,1,52.0,0.0,0.0,74,regular,7,14,4.0,0.0,0.4286,0.0,0.4286,12,0.7279266639088746
gnm_75,31.439193858705583,"[1.7792565146775727, 2.8114165324350866]",1.7792565146775727,2.8114165324350866,[1.72414847 1.12341683],1.7241484721289566,1.123416829660566,1,17,60,0.2214624881744384,1,51.0,0.0,0.0,75,gnm,17,60,7.0588,1.7311,0.4232,-0.2078,0.2353,43,0.7311440432257112
regular_76,11.999981640778271,"[1.9633901687532234, 2.749480627093167]",1.9633901687532236,2.749480627093167,[1.72414847 1.12341683],1.7241484721289566,1.123416829660566,1,16,16,0.0894808769226074,1,50.0,0.0,0.0,76,regular,16,16,2.0,0.0,0.0,0.0,0.4375,16,0.749998852548642
barabasi_77,6.65019029238524,"[0.4020601123973365, 2.7491902347000163]",0.4020601123973365,2.7491902347000163,[1.72414847 1.12341683],1.7241484721289566,1.123416829660566,1,10,9,0.0574023723602294,1,53.0,0.0,0.0,77,barabasi,10,9,1.8,0.9798,0.0,-0.2727,0.5,9,0.7389100324872488
barabasi_78,25.42021398348536,"[0.22143661898736394, 2.802025198213552]",0.2214366189873639,2.802025198213552,[1.72414847 1.12341683],1.7241484721289566,1.123416829660566,1,17,42,0.382286787033081,1,123.0,0.0,0.0,78,barabasi,17,42,4.9412,2.6002,0.3522,-0.2744,0.3529,34,0.7476533524554518
barabasi_79,8.539296067375654,"[0.44319529887157727, 2.7481338929059222]",0.4431952988715772,2.7481338929059222,[1.72414847 1.12341683],1.7241484721289566,1.123416829660566,1,13,12,0.0781028270721435,1,45.0,0.0,0.0,79,barabasi,13,12,1.8462,1.657,0.0,-0.5339,0.5385,12,0.7116080056146378
gnm_80,5.050974739482626,"[0.35434621381257275, 2.749199959230794]",0.3543462138125727,2.749199959230794,[1.72414847 1.12341683],1.7241484721289566,1.123416829660566,1,6,7,0.0861268043518066,1,70.0,0.0,0.0,80,gnm,6,7,2.3333,0.4714,0.0,-0.75,0.5,6,0.8418291232471043
gnm_81,8.806830646146409,"[1.2786371288184282, 2.5408782124561253]",1.2786371288184282,2.5408782124561253,[1.72414847 1.12341683],1.7241484721289566,1.123416829660566,1,7,16,0.095367431640625,1,46.0,0.0,0.0,81,gnm,7,16,4.5714,0.9035,0.7571,-0.25,0.2857,11,0.8006209678314917
barabasi_82,4.463127685091422,"[0.42274214377390923, 2.7490476091705185]",0.4227421437739092,2.7490476091705185,[1.72414847 1.12341683],1.7241484721289566,1.123416829660566,1,7,6,0.0747621059417724,1,61.0,0.0,0.0,82,barabasi,7,6,1.7143,1.0302,0.0,-0.5,0.5714,6,0.7438546141819037
watts_83,20.25763601148092,"[1.8428642310167254, 2.703197841743669]",1.8428642310167251,2.703197841743669,[1.72414847 1.12341683],1.7241484721289566,1.123416829660566,1,19,38,0.1986804008483886,1,51.0,0.0,0.0,83,watts,19,38,4.0,0.6489,0.386,-0.027,0.3158,30,0.6752545337160306
watts_84,8.412514704112255,"[0.22313740563143725, 2.8500772865382626]",0.2231374056314372,2.850077286538262,[1.72414847 1.12341683],1.7241484721289566,1.123416829660566,1,7,14,0.0626089572906494,1,58.0,0.0,0.0,84,watts,7,14,4.0,1.3093,0.8095,-0.4933,0.4286,10,0.8412514704112255
regular_85,10.499986044263585,"[1.9633901687532234, 2.749480627093167]",1.9633901687532236,2.749480627093167,[1.72414847 1.12341683],1.7241484721289566,1.123416829660566,1,14,14,0.0855016708374023,1,50.0,0.0,0.0,85,regular,14,14,2.0,0.0,0.0,0.0,0.4286,14,0.7499990031616847
barabasi_86,13.49957958785721,"[0.43222042890173995, 2.7485929241188147]",0.4322204289017399,2.7485929241188147,[1.72414847 1.12341683],1.7241484721289566,1.123416829660566,1,20,19,0.1545131206512451,1,51.0,0.0,0.0,86,barabasi,20,19,1.9,1.7,0.0,-0.5188,0.6,19,0.71050418883459
watts_87,9.635172288925782,"[0.38541474889369476, 2.7484776795770784]",0.3854147488936947,2.7484776795770784,[1.72414847 1.12341683],1.7241484721289566,1.123416829660566,1,13,13,0.0959315299987793,1,76.0,0.0,0.0,87,watts,13,13,2.0,0.5547,0.0,0.1875,0.4615,12,0.8029310240771484
regular_88,20.610052000825217,"[1.2665342474403218, 2.7565885922272066]",1.2665342474403218,2.756588592227206,[1.72414847 1.12341683],1.7241484721289566,1.123416829660566,1,20,30,0.4108510017395019,1,94.0,0.0,0.0,88,regular,20,30,3.0,0.0,0.05,0.0,0.4,27,0.7633352592898228
watts_89,9.558433431641664,"[1.174118201805801, 1.9634455458712496]",1.174118201805801,1.9634455458712496,[1.72414847 1.12341683],1.7241484721289566,1.123416829660566,1,14,14,0.0726938247680664,1,62.0,0.0,0.0,89,watts,14,14,2.0,0.378,0.0,-0.037,0.5,14,0.6827452451172616
gnm_90,46.50022002839978,"[-2.528184072253552, 3.141592653589793]",-2.528184072253552,3.141592653589793,[1.72414847 1.12341683],1.7241484721289566,1.123416829660566,1,16,93,0.0662965774536132,1,11.0,0.0,0.0,90,gnm,16,93,11.625,1.2183,0.7547,-0.1393,0.1875,57,0.8157933338315752
regular_91,4.49999729504063,"[1.9632009821256866, 2.748932149681167]",1.9632009821256864,2.748932149681167,[1.72414847 1.12341683],1.7241484721289566,1.123416829660566,1,6,6,0.0464320182800293,1,50.0,0.0,0.0,91,regular,6,6,2.0,0.0,0.0,0.0,0.5,6,0.7499995491734383
regular_92,9.905292028968688,"[1.8065186608510504, 2.8234109919153263]",1.8065186608510504,2.8234109919153263,[1.72414847 1.12341683],1.7241484721289566,1.123416829660566,1,8,16,0.0508031845092773,1,43.0,0.0,0.0,92,regular,8,16,4.0,0.0,0.5,0.0,0.25,12,0.8254410024140574
barabasi_93,12.511641228931126,"[0.2774133418956622, 2.8054842208906043]",0.2774133418956622,2.8054842208906043,[1.72414847 1.12341683],1.7241484721289566,1.123416829660566,1,12,20,0.0993318557739257,1,68.0,0.0,0.0,93,barabasi,12,20,3.3333,2.3921,0.7497,-0.4221,0.4167,15,0.834109415262075
gnm_94,53.50029188058852,"[-2.528184072253552, 3.141592653589793]",-2.528184072253552,3.141592653589793,[1.72414847 1.12341683],1.7241484721289566,1.123416829660566,1,18,107,0.1031441688537597,1,14.0,0.0,0.0,94,gnm,18,107,11.8889,1.8526,0.6822,-0.2576,0.2222,70,0.7642898840084075
gnm_95,14.7609935919005,"[1.7190251763353879, 2.792752510203645]",1.719025176335388,2.792752510203645,[1.72414847 1.12341683],1.7241484721289566,1.123416829660566,1,12,29,0.1234881877899169,1,49.0,0.0,0.0,95,gnm,12,29,4.8333,1.3437,0.3778,-0.1763,0.3333,22,0.6709542541772954
watts_96,17.735296917426993,"[1.8021266134126332, 2.668624084533619]",1.8021266134126328,2.668624084533619,[1.72414847 1.12341683],1.7241484721289566,1.123416829660566,1,17,34,0.0997681617736816,1,43.0,0.0,0.0,96,watts,17,34,4.0,0.8402,0.2196,-0.1179,0.3529,28,0.6334034613366784
barabasi_97,6.650191411875483,"[0.402078695240175, 2.748637675106548]",0.402078695240175,2.748637675106548,[1.72414847 1.12341683],1.7241484721289566,1.123416829660566,1,10,9,0.0550565719604492,1,55.0,0.0,0.0,97,barabasi,10,9,1.8,0.9798,0.0,-0.2727,0.6,9,0.7389101568750536
watts_98,8.004412218477228,"[1.8716136712150835, 2.70742812890068]",1.8716136712150837,2.70742812890068,[1.72414847 1.12341683],1.7241484721289566,1.123416829660566,1,7,14,0.0569691658020019,1,54.0,0.0,0.0,98,watts,7,14,4.0,0.9258,0.719,-0.1966,0.2857,10,0.8004412218477228
gnm_99,15.125645714649137,"[1.780599256450256, 2.7347863238850283]",1.780599256450256,2.7347863238850283,[1.72414847 1.12341683],1.7241484721289566,1.123416829660566,1,13,29,0.1106441020965576,1,48.0,0.0,0.0,99,gnm,13,29,4.4615,1.9061,0.4447,-0.4078,0.3846,21,0.7202688435547208
watts_100,21.506537878762423,"[1.8387347979902608, 2.725235204808296]",1.8387347979902608,2.725235204808296,[1.72414847 1.12341683],1.7241484721289566,1.123416829660566,1,20,40,0.3391637802124023,1,61.0,0.0,0.0,100,watts,20,40,4.0,0.6325,0.3283,-0.1538,0.3,31,0.693759286411691
gnm_101,45.0001974646616,"[-2.528184072253552, 3.141592653589793]",-2.528184072253552,3.141592653589793,[1.72414847 1.12341683],1.7241484721289566,1.123416829660566,1,19,90,0.1307952404022216,1,14.0,0.0,0.0,101,gnm,19,90,9.4737,1.7582,0.5577,-0.1775,0.2105,59,0.7627152112654509
gnm_102,11.570161085330112,"[0.2676726222813405, 2.7913645562774967]",0.2676726222813405,2.7913645562774967,[1.72414847 1.12341683],1.7241484721289566,1.123416829660566,1,11,18,0.0992777347564697,1,68.0,0.0,0.0,102,gnm,11,18,3.2727,1.3545,0.3606,-0.3962,0.3636,15,0.7713440723553407
barabasi_103,6.51443635470342,"[0.4479800555212596, 2.748551988297349]",0.4479800555212596,2.748551988297349,[1.72414847 1.12341683],1.7241484721289566,1.123416829660566,1,10,9,0.059145450592041,1,54.0,0.0,0.0,103,barabasi,10,9,1.8,1.4697,0.0,-0.5,0.6,9,0.7238262616337133
regular_104,9.974800034920918,"[1.8095650412368611, 2.815031813227356]",1.809565041236861,2.815031813227356,[1.72414847 1.12341683],1.7241484721289566,1.123416829660566,1,8,16,0.0828564167022705,1,52.0,0.0,0.0,104,regular,8,16,4.0,0.0,0.4375,0.0,0.25,12,0.8312333362434098
gnm_105,7.646632489606418,"[0.2746935150223597, 2.816292666657737]",0.2746935150223597,2.816292666657737,[1.72414847 1.12341683],1.7241484721289566,1.123416829660566,1,8,12,0.0582771301269531,1,57.0,0.0,0.0,105,gnm,8,12,3.0,1.118,0.4458,-0.0839,0.375,9,0.8496258321784909
barabasi_106,5.15076455772396,"[0.4078701654122823, 2.749066289422652]",0.4078701654122823,2.749066289422652,[1.72414847 1.12341683],1.7241484721289566,1.123416829660566,1,8,7,0.0409145355224609,1,52.0,0.0,0.0,106,barabasi,8,7,1.75,1.0897,0.0,-0.5867,0.625,7,0.73582350824628
gnm_107,34.00010782170284,"[-2.528184072253552, 3.141592653589793]",-2.528184072253552,3.141592653589793,[1.72414847 1.12341683],1.7241484721289566,1.123416829660566,1,14,68,0.0488569736480712,1,11.0,0.0,0.0,107,gnm,14,68,9.7143,1.3325,0.7278,-0.1164,0.2143,44,0.7727297232205191
gnm_108,12.039017000352032,"[1.7305113011104858, 2.499802063984542]",1.7305113011104858,2.499802063984542,[1.72414847 1.12341683],1.7241484721289566,1.123416829660566,1,8,24,0.0518393516540527,1,37.0,0.0,0.0,108,gnm,8,24,6.0,0.7071,0.8357,-0.1831,0.25,16,0.752438562522002
watts_109,15.06197498083012,"[0.24251321916398422, 2.804215678935276]",0.2425132191639842,2.804215678935276,[1.72414847 1.12341683],1.7241484721289566,1.123416829660566,1,12,24,0.1108338832855224,1,49.0,0.0,0.0,109,watts,12,24,4.0,0.7071,0.3722,-0.3763,0.3333,18,0.8367763878238956
barabasi_110,22.883788985862267,"[1.6874612284638317, 2.7209735280923555]",1.6874612284638315,2.7209735280923555,[1.72414847 1.12341683],1.7241484721289566,1.123416829660566,1,18,45,0.2741208076477051,1,79.0,0.0,0.0,110,barabasi,18,45,5.0,2.1602,0.3832,-0.2232,0.3889,34,0.6730526172312432
regular_111,21.929812487738296,"[1.8241565899077097, 2.7761620305035724]",1.8241565899077097,2.7761620305035724,[1.72414847 1.12341683],1.7241484721289566,1.123416829660566,1,17,34,0.1290745735168457,1,48.0,0.0,0.0,111,regular,17,34,4.0,0.0,0.1765,0.0,0.2941,28,0.7832075888477963
gnm_112,26.143135440204084,"[1.7956654127258436, 2.7621330020925146]",1.7956654127258436,2.7621330020925146,[1.72414847 1.12341683],1.7241484721289566,1.123416829660566,1,14,51,0.122936725616455,1,42.0,0.0,0.0,112,gnm,14,51,7.2857,1.4846,0.56,-0.2701,0.2143,35,0.7469467268629738
gnm_113,26.470324195698623,"[1.1107854283299983, 2.757388050385158]",1.1107854283299985,2.757388050385158,[1.72414847 1.12341683],1.7241484721289566,1.123416829660566,1,19,52,0.4167866706848144,1,95.0,0.0,0.0,113,gnm,19,52,5.4737,1.666,0.2679,0.0825,0.2632,38,0.6965874788341743
watts_114,17.903889450995358,"[1.8167151739783787, 2.8002565203929324]",1.816715173978379,2.8002565203929324,[1.72414847 1.12341683],1.7241484721289566,1.123416829660566,1,15,30,0.1540791988372802,1,62.0,0.0,0.0,114,watts,15,30,4.0,0.3651,0.4756,-0.0084,0.3333,23,0.7784299761302329
barabasi_115,3.742259952239692,"[1.1500865139098657, 2.7486806973731306]",1.1500865139098655,2.7486806973731306,[1.72414847 1.12341683],1.7241484721289566,1.123416829660566,1,6,5,0.0675017833709716,1,56.0,0.0,0.0,115,barabasi,6,5,1.6667,0.9428,0.0,-0.6667,0.5,5,0.7484519904479384
watts_116,13.91031841978064,"[0.3766092856467238, 2.7489799422705126]",0.3766092856467238,2.748979942270513,[1.72414847 1.12341683],1.7241484721289566,1.123416829660566,1,19,19,0.1747598648071289,1,59.0,0.0,0.0,116,watts,19,19,2.0,0.7947,0.0,0.0104,0.4737,19,0.7321220220937179
gnm_117,83.50023245418583,"[2.25569004017677, 3.141592653589793]",2.25569004017677,3.141592653589793,[1.72414847 1.12341683],1.7241484721289566,1.123416829660566,1,19,167,0.2932600975036621,1,20.0,0.0,0.0,117,gnm,19,167,17.5789,0.674,0.9774,-0.1263,0.1053,90,0.9277803606020648
watts_118,23.03939817896731,"[0.2509199641212776, 2.781884322194987]",0.2509199641212776,2.781884322194987,[1.72414847 1.12341683],1.7241484721289566,1.123416829660566,1,18,36,0.1513421535491943,1,54.0,0.0,0.0,118,watts,18,36,4.0,0.7454,0.213,0.1194,0.3333,29,0.7944620061712866
watts_119,12.210379355109604,"[0.3707682385082171, 2.763203773551588]",0.3707682385082171,2.763203773551588,[1.72414847 1.12341683],1.7241484721289566,1.123416829660566,1,17,17,0.1420099735260009,1,85.0,0.0,0.0,119,watts,17,17,2.0,0.8402,0.098,-0.1644,0.4706,16,0.7631487096943502
regular_120,16.557167212561794,"[1.8191504341675604, 2.7912225448973063]",1.8191504341675604,2.7912225448973063,[1.72414847 1.12341683],1.7241484721289566,1.123416829660566,1,13,26,0.1412179470062255,1,86.0,0.0,0.0,120,regular,13,26,4.0,0.0,0.2692,0.0,0.3077,20,0.8278583606280897
regular_121,12.010352969544918,"[1.2797176861494388, 2.7826363686806115]",1.2797176861494388,2.7826363686806115,[1.72414847 1.12341683],1.7241484721289566,1.123416829660566,1,12,18,0.0804717540740966,1,49.0,0.0,0.0,121,regular,12,18,3.0,0.0,0.25,0.0,0.3333,15,0.8006901979696612
gnm_122,20.048439469707127,"[1.7874208914521135, 2.7698240992820384]",1.7874208914521137,2.7698240992820384,[1.72414847 1.12341683],1.7241484721289566,1.123416829660566,1,15,38,0.3281710147857666,1,107.0,0.0,0.0,122,gnm,15,38,5.0667,1.2893,0.3371,-0.2789,0.4,28,0.7160156953466831
barabasi_123,5.249997012405978,"[0.7858557874153536, 2.7491213163561046]",0.7858557874153536,2.749121316356105,[1.72414847 1.12341683],1.7241484721289566,1.123416829660566,1,8,7,-2.3962740898132324,1,50.0,0.0,0.0,123,barabasi,8,7,1.75,1.9843,0.0,-1.0,0.875,7,0.749999573200854
barabasi_124,5.150764686550247,"[0.4078701654122823, 2.749066289422652]",0.4078701654122823,2.749066289422652,[1.72414847 1.12341683],1.7241484721289566,1.123416829660566,1,8,7,0.0525217056274414,1,52.0,0.0,0.0,124,barabasi,8,7,1.75,1.0897,0.0,-0.5867,0.625,7,0.7358235266500354
barabasi_125,5.811115450934949,"[0.399584469138051, 2.749329811165364]",0.399584469138051,2.749329811165364,[1.72414847 1.12341683],1.7241484721289566,1.123416829660566,1,9,8,0.0394010543823242,1,52.0,0.0,0.0,125,barabasi,9,8,1.7778,1.2273,0.0,-0.5748,0.5556,8,0.7263894313668686
barabasi_126,12.112549001066428,"[1.7894331759007729, 2.7984916936293858]",1.7894331759007729,2.7984916936293858,[1.72414847 1.12341683],1.7241484721289566,1.123416829660566,1,13,22,0.0697309970855712,1,40.0,0.0,0.0,126,barabasi,13,22,3.3846,2.2027,0.641,-0.3571,0.4615,17,0.7125028824156723
barabasi_127,7.859345662162525,"[0.5952108809850293, 2.749178190498541]",0.5952108809850293,2.749178190498541,[1.72414847 1.12341683],1.7241484721289566,1.123416829660566,1,12,11,0.0635216236114502,1,51.0,0.0,0.0,127,barabasi,12,11,1.8333,1.9508,0.0,-0.7014,0.75,11,0.7144859692875023
barabasi_128,5.900416272231723,"[0.4037485786550258, 2.74938095527654]",0.4037485786550258,2.74938095527654,[1.72414847 1.12341683],1.7241484721289566,1.123416829660566,1,9,8,0.0787563323974609,1,50.0,0.0,0.0,128,barabasi,9,8,1.7778,1.0304,0.0,-0.3793,0.5556,8,0.7375520340289654
watts_129,20.59851350355882,"[1.7651730882369376, 2.663554136695577]",1.7651730882369376,2.663554136695577,[1.72414847 1.12341683],1.7241484721289566,1.123416829660566,1,20,40,0.5946593284606934,1,115.0,0.0,0.0,129,watts,20,40,4.0,1.3038,0.2148,-0.1298,0.3,34,0.6058386324576124
barabasi_130,6.4592358680874895,"[0.4032260690675029, 2.7489031245548796]",0.4032260690675029,2.74890312455488,[1.72414847 1.12341683],1.7241484721289566,1.123416829660566,1,10,9,0.0870766639709472,1,51.0,0.0,0.0,130,barabasi,10,9,1.8,1.4,0.0,-0.6364,0.5,9,0.7176928742319433
regular_131,20.45280890035769,"[1.27040932325298, 2.762808362685265]",1.27040932325298,2.762808362685265,[1.72414847 1.12341683],1.7241484721289566,1.123416829660566,1,20,30,0.2591869831085205,1,59.0,0.0,0.0,131,regular,20,30,3.0,0.0,0.1,0.0,0.35,26,0.7866464961676035
barabasi_132,4.552819687760348,"[0.4197538419400893, 2.7488952764223216]",0.4197538419400893,2.7488952764223216,[1.72414847 1.12341683],1.7241484721289566,1.123416829660566,1,7,6,0.0437140464782714,1,54.0,0.0,0.0,132,barabasi,7,6,1.7143,0.6999,0.0,-0.6667,0.5714,6,0.7588032812933913
gnm_133,24.62588544019072,"[0.22494273735310624, 2.793002640920094]",0.2249427373531062,2.793002640920094,[1.72414847 1.12341683],1.7241484721289566,1.123416829660566,1,17,40,0.2220640182495117,1,75.0,0.0,0.0,133,gnm,17,40,4.7059,1.9331,0.2938,-0.2133,0.2941,30,0.8208628480063573
watts_134,16.51527720789017,"[1.805415558776973, 2.586814867479926]",1.805415558776973,2.586814867479926,[1.72414847 1.12341683],1.7241484721289566,1.123416829660566,1,16,32,0.1393635272979736,1,61.0,0.0,0.0,134,watts,16,32,4.0,1.118,0.2274,-0.0602,0.4375,26,0.6352029695342373
watts_135,10.991605948196248,"[0.3801196226199034, 2.7482128222497035]",0.3801196226199034,2.7482128222497035,[1.72414847 1.12341683],1.7241484721289566,1.123416829660566,1,15,15,0.1233532428741455,1,73.0,0.0,0.0,135,watts,15,15,2.0,0.8165,0.0,0.0294,0.4667,15,0.7327737298797499
watts_136,7.713309217804635,"[1.2758136340949746, 2.545244880133642]",1.2758136340949746,2.545244880133642,[1.72414847 1.12341683],1.7241484721289566,1.123416829660566,1,7,14,0.0752968788146972,1,44.0,0.0,0.0,136,watts,7,14,4.0,0.7559,0.5762,-0.037,0.2857,10,0.7713309217804636
gnm_137,77.50067197052192,"[-2.528184072253552, 3.141592653589793]",-2.528184072253552,3.141592653589793,[1.72414847 1.12341683],1.7241484721289566,1.123416829660566,1,20,155,0.2655239105224609,1,14.0,0.0,0.0,137,gnm,20,155,15.5,1.4663,0.8117,-0.0519,0.15,92,0.8423986083752383
barabasi_138,14.388306906147088,"[1.8759521891635624, 2.7616860630642814]",1.8759521891635624,2.761686063064281,[1.72414847 1.12341683],1.7241484721289566,1.123416829660566,1,14,24,0.0952835083007812,1,41.0,0.0,0.0,138,barabasi,14,24,3.4286,2.0253,0.3439,-0.5878,0.5,20,0.7194153453073544
regular_139,21.83930005097613,"[1.8222744943386848, 2.7811741351107058]",1.8222744943386848,2.7811741351107058,[1.72414847 1.12341683],1.7241484721289566,1.123416829660566,1,17,34,0.140434980392456,1,53.0,0.0,0.0,139,regular,17,34,4.0,0.0,0.2059,0.0,0.2941,26,0.8399730788836973
watts_140,9.29145723779402,"[1.82966706795971, 2.8006394641897936]",1.82966706795971,2.8006394641897936,[1.72414847 1.12341683],1.7241484721289566,1.123416829660566,1,9,18,0.0834770202636718,1,53.0,0.0,0.0,140,watts,9,18,4.0,0.6667,0.3111,-0.1571,0.3333,15,0.6194304825196013
gnm_141,15.38803476510077,"[1.200817666307824, 1.9598635735620111]",1.200817666307824,1.9598635735620111,[1.72414847 1.12341683],1.7241484721289566,1.123416829660566,1,15,29,0.1301195621490478,1,61.0,0.0,0.0,141,gnm,15,29,3.8667,1.8927,0.2111,-0.2136,0.4,23,0.66904498978699
gnm_142,28.500009733819752,"[3.141592653589793, 2.6942131564554623]",3.141592653589793,2.6942131564554623,[1.72414847 1.12341683],1.7241484721289566,1.123416829660566,1,14,57,0.0336954593658447,1,8.0,0.0,0.0,142,gnm,14,57,8.1429,0.9147,0.5842,0.0343,0.2143,40,0.7125002433454938
watts_143,13.58935554513438,"[1.8141329971394151, 2.7279424423227487]",1.8141329971394151,2.7279424423227487,[1.72414847 1.12341683],1.7241484721289566,1.123416829660566,1,12,24,0.1189327239990234,1,70.0,0.0,0.0,143,watts,12,24,4.0,0.8165,0.3611,-0.0364,0.3333,18,0.75496419695191
watts_144,10.98055329436842,"[1.2122629863298393, 1.963293815222889]",1.2122629863298393,1.963293815222889,[1.72414847 1.12341683],1.7241484721289566,1.123416829660566,1,17,17,0.1305861473083496,1,71.0,0.0,0.0,144,watts,17,17,2.0,0.686,0.0,-0.0936,0.5294,17,0.6459148996687306
regular_145,14.249979082074937,"[1.9633901687532234, 2.749480627093167]",1.9633901687532236,2.749480627093167,[1.72414847 1.12341683],1.7241484721289566,1.123416829660566,1,19,19,0.1575963497161865,1,52.0,0.0,0.0,145,regular,19,19,2.0,0.0,0.0,0.0,0.4211,18,0.7916655045597187
watts_146,4.301050249297987,"[1.2900104589293817, 1.918967433085034]",1.2900104589293817,1.918967433085034,[1.72414847 1.12341683],1.7241484721289566,1.123416829660566,1,7,7,0.1002123355865478,1,76.0,0.0,0.0,146,watts,7,7,2.0,0.9258,0.3095,-0.1667,0.4286,6,0.7168417082163311
regular_147,15.410715768058168,"[1.822095071830216, 2.781274828077829]",1.822095071830216,2.781274828077829,[1.72414847 1.12341683],1.7241484721289566,1.123416829660566,1,12,24,0.0893383026123046,1,53.0,0.0,0.0,147,regular,12,24,4.0,0.0,0.2083,0.0,0.3333,20,0.7705357884029084
watts_148,11.772201460420774,"[0.3803697071990141, 2.7489042215529356]",0.3803697071990141,2.748904221552936,[1.72414847 1.12341683],1.7241484721289566,1.123416829660566,1,16,16,0.1079115867614746,1,82.0,0.0,0.0,148,watts,16,16,2.0,0.7071,0.0,-0.1429,0.5625,16,0.7357625912762984
watts_149,12.578060006294937,"[0.3844508764230642, 2.749507234272074]",0.3844508764230642,2.749507234272074,[1.72414847 1.12341683],1.7241484721289566,1.123416829660566,1,17,17,0.1060454845428466,1,75.0,0.0,0.0,149,watts,17,17,2.0,0.5941,0.0,0.086,0.4706,16,0.7861287503934336
barabasi_150,6.514440552617884,"[0.44836887341949616, 2.7490392535310444]",0.4483688734194961,2.7490392535310444,[1.72414847 1.12341683],1.7241484721289566,1.123416829660566,1,10,9,0.0913410186767578,1,58.0,0.0,0.0,150,barabasi,10,9,1.8,1.4697,0.0,-0.5952,0.6,9,0.7238267280686538
barabasi_151,15.228035240133591,"[0.26922055028655334, 2.78625778892268]",0.2692205502865533,2.78625778892268,[1.72414847 1.12341683],1.7241484721289566,1.123416829660566,1,14,24,0.2225360870361328,1,133.0,0.0,0.0,151,barabasi,14,24,3.4286,2.0253,0.3825,-0.3139,0.4286,20,0.7614017620066795
watts_152,4.922865261090919,"[0.3602324221865891, 2.7830090419571705]",0.3602324221865891,2.7830090419571705,[1.72414847 1.12341683],1.7241484721289566,1.123416829660566,1,7,7,0.0768921375274658,1,61.0,0.0,0.0,152,watts,7,7,2.0,0.7559,0.2381,0.125,0.4286,6,0.8204775435151532
gnm_153,21.43375146017292,"[0.20543637780427346, 2.8278451989027107]",0.2054363778042734,2.8278451989027107,[1.72414847 1.12341683],1.7241484721289566,1.123416829660566,1,13,36,0.1826410293579101,1,57.0,0.0,0.0,153,gnm,13,36,5.5385,1.4995,0.4626,-0.1378,0.3077,26,0.824375056160497
gnm_154,72.62076665280135,"[1.4114644268162297, 2.3584541541338826]",1.4114644268162295,2.3584541541338826,[1.72414847 1.12341683],1.7241484721289566,1.123416829660566,1,20,141,1.713109254837036,1,110.0,0.0,0.0,154,gnm,20,141,14.1,1.7,0.7448,-0.1038,0.15,85,0.8543619606211924
barabasi_155,13.306976933114946,"[0.6647525788766986, 2.7490201573249085]",0.6647525788766986,2.7490201573249085,[1.72414847 1.12341683],1.7241484721289566,1.123416829660566,1,20,19,0.1750869750976562,1,59.0,0.0,0.0,155,barabasi,20,19,1.9,1.8682,0.0,-0.5069,0.6,19,0.7003672070060498
regular_156,18.533053257592226,"[1.2665030032499303, 2.756985560004168]",1.2665030032499305,2.756985560004168,[1.72414847 1.12341683],1.7241484721289566,1.123416829660566,1,18,27,0.2949721813201904,1,111.0,0.0,0.0,156,regular,18,27,3.0,0.0,0.0556,0.0,0.3889,23,0.8057849242431402
barabasi_157,4.401341215299908,"[0.41297234527781834, 2.7490445628305125]",0.4129723452778183,2.7490445628305125,[1.72414847 1.12341683],1.7241484721289566,1.123416829660566,1,7,6,0.0560004711151123,1,50.0,0.0,0.0,157,barabasi,7,6,1.7143,1.1606,0.0,-0.7143,0.7143,6,0.7335568692166513
watts_158,6.767737329355441,"[1.883126375312981, 2.6622802236692062]",1.883126375312981,2.6622802236692062,[1.72414847 1.12341683],1.7241484721289566,1.123416829660566,1,6,12,0.0715141296386718,1,52.0,0.0,0.0,158,watts,6,12,4.0,1.0,0.9,-0.4545,0.3333,8,0.8459671661694301
regular_159,16.30122655167538,"[1.271445929983841, 2.766001045099098]",1.271445929983841,2.766001045099098,[1.72414847 1.12341683],1.7241484721289566,1.123416829660566,1,16,24,0.1269574165344238,1,65.0,0.0,0.0,159,regular,16,24,3.0,0.0,0.125,0.0,0.375,20,0.815061327583769
barabasi_160,23.1914190054354,"[0.26652883828506024, 2.762952307412907]",0.2665288382850602,2.762952307412907,[1.72414847 1.12341683],1.7241484721289566,1.123416829660566,1,20,36,0.3855354785919189,1,82.0,0.0,0.0,160,barabasi,20,36,3.6,2.1541,0.0905,-0.3023,0.55,32,0.7247318439198562
barabasi_161,3.8679049083730206,"[0.43289023091997303, 2.7487004623387046]",0.432890230919973,2.748700462338705,[1.72414847 1.12341683],1.7241484721289566,1.123416829660566,1,6,5,0.1092517375946044,1,146.0,0.0,0.0,161,barabasi,6,5,1.6667,0.4714,0.0,-0.25,0.5,5,0.7735809816746041
watts_162,20.98838640178928,"[1.7994477816679733, 2.7991601312371346]",1.7994477816679733,2.7991601312371346,[1.72414847 1.12341683],1.7241484721289566,1.123416829660566,1,19,38,0.4560301303863525,1,125.0,0.0,0.0,162,watts,19,38,4.0,0.7255,0.2982,0.1048,0.3158,29,0.7237374621306649
gnm_163,88.23965407348186,"[1.6861621419709898, 2.816307228461099]",1.6861621419709898,2.816307228461099,[1.72414847 1.12341683],1.7241484721289566,1.123416829660566,1,20,169,1.3782758712768557,1,75.0,0.0,0.0,163,gnm,20,169,16.9,1.7,0.8994,-0.1471,0.15,97,0.9096871553967202
regular_164,12.684771756165446,"[1.817802774143764, 2.7957154693256427]",1.817802774143764,2.7957154693256427,[1.72414847 1.12341683],1.7241484721289566,1.123416829660566,1,10,20,0.0991055965423584,1,52.0,0.0,0.0,164,regular,10,20,4.0,0.0,0.3,0.0,0.3,16,0.7927982347603404
watts_165,8.667131140799029,"[1.8073134701809321, 2.821557674397212]",1.807313470180932,2.821557674397212,[1.72414847 1.12341683],1.7241484721289566,1.123416829660566,1,7,14,0.0524513721466064,1,43.0,0.0,0.0,165,watts,7,14,4.0,0.0,0.5,0.0,0.2857,10,0.8667131140799029
gnm_166,4.096614860929549,"[1.0619890434010195, 2.6691109764285352]",1.0619890434010195,2.6691109764285352,[1.72414847 1.12341683],1.7241484721289566,1.123416829660566,1,6,7,0.0553719997406005,1,52.0,0.0,0.0,166,gnm,6,7,2.3333,1.1055,0.4167,-0.6042,0.5,6,0.6827691434882581
regular_167,10.051860982028302,"[1.8135160251066735, 2.8063038084867555]",1.813516025106673,2.8063038084867555,[1.72414847 1.12341683],1.7241484721289566,1.123416829660566,1,8,16,0.0869336128234863,1,50.0,0.0,0.0,167,regular,8,16,4.0,0.0,0.375,0.0,0.375,12,0.8376550818356918
gnm_168,13.000016342382878,"[-2.528184072253552, 3.141592653589793]",-2.528184072253552,3.141592653589793,[1.72414847 1.12341683],1.7241484721289566,1.123416829660566,1,8,26,0.0215392112731933,1,11.0,0.0,0.0,168,gnm,8,26,6.5,0.7071,0.9405,-0.322,0.25,16,0.8125010213989299
gnm_169,3.715685544768348,"[0.4361750962271948, 2.74996334537175]",0.4361750962271948,2.74996334537175,[1.72414847 1.12341683],1.7241484721289566,1.123416829660566,1,6,5,0.0469567775726318,1,48.0,0.0,0.0,169,gnm,6,5,1.6667,1.1055,0.0,-0.7391,0.6667,5,0.7431371089536696
regular_170,19.376940555923003,"[1.8240971204443455, 2.7749797149653848]",1.8240971204443452,2.7749797149653848,[1.72414847 1.12341683],1.7241484721289566,1.123416829660566,1,15,30,0.1352574825286865,1,53.0,0.0,0.0,170,regular,15,30,4.0,0.0,0.1667,0.0,0.3333,26,0.745266944458577
barabasi_171,5.861096213915971,"[0.4210972438132207, 2.7489271635085784]",0.4210972438132207,2.7489271635085784,[1.72414847 1.12341683],1.7241484721289566,1.123416829660566,1,9,8,0.0921967029571533,1,53.0,0.0,0.0,171,barabasi,9,8,1.7778,1.2273,0.0,-0.6914,0.6667,8,0.7326370267394964
gnm_172,13.000014244928025,"[-2.528184072253552, 3.141592653589793]",-2.528184072253552,3.141592653589793,[1.72414847 1.12341683],1.7241484721289566,1.123416829660566,1,9,26,0.012420654296875,1,8.0,0.0,0.0,172,gnm,9,26,5.7778,1.8122,0.8836,-0.2305,0.3333,17,0.7647067202898838
regular_173,14.999976770007446,"[1.9633901687532234, 2.749480627093167]",1.9633901687532236,2.749480627093167,[1.72414847 1.12341683],1.7241484721289566,1.123416829660566,1,20,20,0.1884045600891113,1,52.0,0.0,0.0,173,regular,20,20,2.0,0.0,0.0,0.0,0.45,20,0.7499988385003723
watts_174,20.469012280569007,"[1.8137413525083588, 2.8174871243338924]",1.8137413525083588,2.8174871243338924,[1.72414847 1.12341683],1.7241484721289566,1.123416829660566,1,18,36,0.2008407115936279,1,57.0,0.0,0.0,174,watts,18,36,4.0,0.4714,0.4593,-0.1408,0.2778,27,0.7581115659470002
gnm_175,11.150241735251766,"[0.2986237042129244, 2.779860730076393]",0.2986237042129244,2.779860730076393,[1.72414847 1.12341683],1.7241484721289566,1.123416829660566,1,12,17,0.095710277557373,1,57.0,0.0,0.0,175,gnm,12,17,2.8333,1.5723,0.2611,-0.2203,0.5,15,0.7433494490167845
watts_176,17.577381032658394,"[1.8200473984739787, 2.7218236501776376]",1.820047398473979,2.7218236501776376,[1.72414847 1.12341683],1.7241484721289566,1.123416829660566,1,16,32,0.1097502708435058,1,47.0,0.0,0.0,176,watts,16,32,4.0,1.0607,0.3271,-0.1517,0.375,25,0.7030952413063357
regular_177,10.05186153530667,"[1.8135160251066735, 2.8063038084867555]",1.813516025106673,2.8063038084867555,[1.72414847 1.12341683],1.7241484721289566,1.123416829660566,1,8,16,0.0763015747070312,1,50.0,0.0,0.0,177,regular,8,16,4.0,0.0,0.375,0.0,0.375,12,0.8376551279422225
gnm_178,6.881706504388603,"[1.8459302983782397, 2.797495587914727]",1.84593029837824,2.797495587914727,[1.72414847 1.12341683],1.7241484721289566,1.123416829660566,1,8,12,0.0605261325836181,1,46.0,0.0,0.0,178,gnm,8,12,3.0,0.866,0.3333,-0.2121,0.375,10,0.6881706504388603
watts_179,20.172808965887924,"[0.24494074716476988, 2.798936589244979]",0.2449407471647698,2.798936589244979,[1.72414847 1.12341683],1.7241484721289566,1.123416829660566,1,16,32,0.100348949432373,1,51.0,0.0,0.0,179,watts,16,32,4.0,0.7071,0.3312,0.0323,0.3125,25,0.8069123586355169
gnm_180,6.7461850851541385,"[1.8087946120758198, 2.839950918081069]",1.80879461207582,2.839950918081069,[1.72414847 1.12341683],1.7241484721289566,1.123416829660566,1,6,11,0.0502727031707763,1,50.0,0.0,0.0,180,gnm,6,11,3.6667,0.7454,0.5833,-0.1,0.3333,8,0.8432731356442673
gnm_181,6.499999366700649,"[1.1926069040811438, 3.141592653589793]",1.1926069040811438,3.141592653589793,[1.72414847 1.12341683],1.7241484721289566,1.123416829660566,1,6,13,0.0253694057464599,1,11.0,0.0,0.0,181,gnm,6,13,4.3333,0.7454,0.9,-0.4444,0.3333,9,0.7222221518556277
barabasi_182,10.58953803961002,"[0.4226592529479518, 2.7481915985298624]",0.4226592529479518,2.7481915985298624,[1.72414847 1.12341683],1.7241484721289566,1.123416829660566,1,16,15,0.0927989482879638,1,47.0,0.0,0.0,182,barabasi,16,15,1.875,1.6536,0.0,-0.7162,0.75,15,0.705969202640668
regular_183,5.249995796009898,"[1.9632009821256866, 2.748932149681167]",1.9632009821256864,2.748932149681167,[1.72414847 1.12341683],1.7241484721289566,1.123416829660566,1,7,7,0.0528295040130615,1,50.0,0.0,0.0,183,regular,7,7,2.0,0.0,0.0,0.0,0.4286,6,0.874999299334983
watts_184,14.827698203423854,"[0.38584311457420906, 2.7493684353770713]",0.385843114574209,2.7493684353770718,[1.72414847 1.12341683],1.7241484721289566,1.123416829660566,1,20,20,0.2528867721557617,1,67.0,0.0,0.0,184,watts,20,20,2.0,0.5477,0.0,-0.0811,0.45,19,0.7804051686012554
gnm_185,13.947495893664687,"[1.331465128045471, 2.79887260002985]",1.331465128045471,2.79887260002985,[1.72414847 1.12341683],1.7241484721289566,1.123416829660566,1,12,24,0.1254932880401611,1,54.0,0.0,0.0,185,gnm,12,24,4.0,1.472,0.2964,-0.2011,0.4167,20,0.6973747946832344
barabasi_186,9.358276309222214,"[0.3802572382250222, 2.749407847627325]",0.3802572382250222,2.749407847627325,[1.72414847 1.12341683],1.7241484721289566,1.123416829660566,1,14,13,0.0659430027008056,1,58.0,0.0,0.0,186,barabasi,14,13,1.8571,1.2454,0.0,-0.5566,0.5,13,0.7198674084017088
watts_187,8.669360521706187,"[1.1718947796656967, 1.9720012111890515]",1.1718947796656969,1.9720012111890517,[1.72414847 1.12341683],1.7241484721289566,1.123416829660566,1,14,14,0.0805685520172119,1,64.0,0.0,0.0,187,watts,14,14,2.0,0.5345,0.1667,-0.3462,0.4286,13,0.6668738862850913
gnm_188,9.268710127951636,"[1.8012493879041336, 2.7827581782881756]",1.8012493879041336,2.782758178288176,[1.72414847 1.12341683],1.7241484721289566,1.123416829660566,1,8,16,0.0768253803253173,1,49.0,0.0,0.0,188,gnm,8,16,4.0,0.866,0.5083,-0.316,0.375,12,0.7723925106626363
barabasi_189,24.03023665990493,"[0.2257570960508259, 2.7895637353506135]",0.2257570960508259,2.789563735350613,[1.72414847 1.12341683],1.7241484721289566,1.123416829660566,1,16,39,0.1651320457458496,1,65.0,0.0,0.0,189,barabasi,16,39,4.875,1.9645,0.2864,-0.261,0.375,31,0.7751689245130622
gnm_190,11.082936840044567,"[1.7645570787879707, 2.7816212868906502]",1.7645570787879707,2.7816212868906502,[1.72414847 1.12341683],1.7241484721289566,1.123416829660566,1,7,20,0.0676093101501464,1,56.0,0.0,0.0,190,gnm,7,20,5.7143,0.4518,0.9524,-0.3333,0.2857,12,0.923578070003714
barabasi_191,13.698654540495747,"[0.3817747176752405, 2.7486078803708347]",0.3817747176752405,2.7486078803708347,[1.72414847 1.12341683],1.7241484721289566,1.123416829660566,1,20,19,0.2429554462432861,1,77.0,0.0,0.0,191,barabasi,20,19,1.9,1.2207,0.0,-0.3122,0.55,19,0.7209818179208288
barabasi_192,16.45973547462332,"[0.2588767104617654, 2.782064541782268]",0.2588767104617654,2.782064541782268,[1.72414847 1.12341683],1.7241484721289566,1.123416829660566,1,15,26,0.1185739040374755,1,50.0,0.0,0.0,192,barabasi,15,26,3.4667,2.2764,0.3407,-0.5404,0.4667,21,0.7837969273630152
watts_193,14.18296310781302,"[1.8008966041344525, 2.804012426698649]",1.8008966041344523,2.804012426698649,[1.72414847 1.12341683],1.7241484721289566,1.123416829660566,1,12,24,0.0923800468444824,1,53.0,0.0,0.0,193,watts,12,24,4.0,0.7071,0.4583,-0.1624,0.3333,18,0.7879423948785012
gnm_194,73.0000323408658,"[1.1926069040811438, 3.141592653589793]",1.1926069040811438,3.141592653589793,[1.72414847 1.12341683],1.7241484721289566,1.123416829660566,1,18,146,0.1535115242004394,1,14.0,0.0,0.0,194,gnm,18,146,16.2222,0.7857,0.9537,-0.1009,0.1111,81,0.9012349671711827
barabasi_195,14.901256414391076,"[1.8502407134028993, 2.7384890545757674]",1.8502407134028995,2.7384890545757674,[1.72414847 1.12341683],1.7241484721289566,1.123416829660566,1,15,26,0.0965204238891601,1,48.0,0.0,0.0,195,barabasi,15,26,3.4667,1.9956,0.401,-0.3316,0.5333,20,0.7450628207195538
barabasi_196,6.459236358425187,"[0.4032260690675029, 2.7489031245548796]",0.4032260690675029,2.74890312455488,[1.72414847 1.12341683],1.7241484721289566,1.123416829660566,1,10,9,0.0550274848937988,1,51.0,0.0,0.0,196,barabasi,10,9,1.8,1.4,0.0,-0.6364,0.6,9,0.7176929287139097
gnm_197,13.568837178493249,"[1.7878379989693718, 2.753155230372286]",1.7878379989693718,2.753155230372286,[1.72414847 1.12341683],1.7241484721289566,1.123416829660566,1,13,26,0.1087298393249511,1,52.0,0.0,0.0,197,gnm,13,26,4.0,1.1767,0.1564,-0.0467,0.3846,21,0.6461351037377737
barabasi_198,14.33027186426408,"[1.8920293081455024, 2.756208692612673]",1.8920293081455024,2.756208692612673,[1.72414847 1.12341683],1.7241484721289566,1.123416829660566,1,14,24,0.1090192794799804,1,55.0,0.0,0.0,198,barabasi,14,24,3.4286,2.4117,0.7831,-0.4612,0.4286,18,0.7961262146813378
watts_199,20.218707922067896,"[0.24636255516043915, 2.793791861916647]",0.2463625551604391,2.793791861916647,[1.72414847 1.12341683],1.7241484721289566,1.123416829660566,1,16,32,0.1467394828796386,1,63.0,0.0,0.0,199,watts,16,32,4.0,1.0,0.2958,-0.1333,0.375,25,0.8087483168827159
gnm_200,19.732572404375333,"[1.763004985015193, 2.6862969865680686]",1.763004985015193,2.6862969865680686,[1.72414847 1.12341683],1.7241484721289566,1.123416829660566,1,10,37,0.146817922592163,1,54.0,0.0,0.0,200,gnm,10,37,7.4,1.1136,0.8271,-0.2794,0.3,24,0.8221905168489722
gnm_201,26.57482811337992,"[0.18031521348970758, 2.8489586368757127]",0.1803152134897075,2.8489586368757127,[1.72414847 1.12341683],1.7241484721289566,1.123416829660566,1,14,46,0.2665166854858398,1,87.0,0.0,0.0,201,gnm,14,46,6.5714,2.1285,0.5314,-0.2033,0.3571,33,0.8052978216175734
watts_202,10.308382027750874,"[1.1751095415740833, 1.9635791665942317]",1.175109541574083,1.963579166594232,[1.72414847 1.12341683],1.7241484721289566,1.123416829660566,1,15,15,0.102790355682373,1,53.0,0.0,0.0,202,watts,15,15,2.0,0.3651,0.0,-0.0345,0.4667,15,0.687225468516725
watts_203,21.513229786983462,"[0.24783515422312624, 2.7885983407038895]",0.2478351542231262,2.788598340703889,[1.72414847 1.12341683],1.7241484721289566,1.123416829660566,1,17,34,0.1604080200195312,1,68.0,0.0,0.0,203,watts,17,34,4.0,1.2367,0.2529,-0.4034,0.5294,28,0.7683296352494093
watts_204,13.53879543273117,"[1.776429282829541, 2.7181574292434694]",1.776429282829541,2.7181574292434694,[1.72414847 1.12341683],1.7241484721289566,1.123416829660566,1,13,26,0.0950407981872558,1,51.0,0.0,0.0,204,watts,13,26,4.0,1.1767,0.2051,-0.1426,0.3846,21,0.64470454441577
watts_205,11.878548487735657,"[1.3115819486073876, 2.749397689796157]",1.3115819486073876,2.749397689796157,[1.72414847 1.12341683],1.7241484721289566,1.123416829660566,1,10,20,0.0817556381225586,1,63.0,0.0,0.0,205,watts,10,20,4.0,0.8944,0.3133,-0.25,0.4,16,0.7424092804834785
regular_206,13.49997961924249,"[1.9633901687532234, 2.749480627093167]",1.9633901687532236,2.749480627093167,[1.72414847 1.12341683],1.7241484721289566,1.123416829660566,1,18,18,0.1019363403320312,1,52.0,0.0,0.0,206,regular,18,18,2.0,0.0,0.0,0.0,0.4444,18,0.7499988677356939
watts_207,6.558654968855903,"[1.170868137380828, 1.9640794211232693]",1.170868137380828,1.9640794211232693,[1.72414847 1.12341683],1.7241484721289566,1.123416829660566,1,10,10,0.0561938285827636,1,54.0,0.0,0.0,207,watts,10,10,2.0,0.4472,0.0,-0.0526,0.5,10,0.6558654968855903
gnm_208,18.706148918411373,"[1.8009303774615133, 2.6325461215130734]",1.8009303774615133,2.632546121513073,[1.72414847 1.12341683],1.7241484721289566,1.123416829660566,1,10,35,0.1101093292236328,1,56.0,0.0,0.0,208,gnm,10,35,7.0,1.0,0.7625,-0.2337,0.2,23,0.813310822539625
barabasi_209,3.7499986414468416,"[0.7848991552842831, 2.7489383628919404]",0.7848991552842831,2.7489383628919404,[1.72414847 1.12341683],1.7241484721289566,1.123416829660566,1,6,5,0.0507411956787109,1,50.0,0.0,0.0,209,barabasi,6,5,1.6667,1.4907,0.0,-1.0,0.8333,5,0.7499997282893683
regular_210,16.456127122008066,"[1.2669943778160153, 2.757801760347787]",1.266994377816015,2.757801760347787,[1.72414847 1.12341683],1.7241484721289566,1.123416829660566,1,16,24,0.2750973701477051,1,111.0,0.0,0.0,210,regular,16,24,3.0,0.0,0.0625,0.0,0.375,22,0.7480057782730939
gnm_211,20.74104312976625,"[1.739855133321874, 2.6689771384168735]",1.739855133321874,2.668977138416873,[1.72414847 1.12341683],1.7241484721289566,1.123416829660566,1,16,40,0.2159907817840576,1,55.0,0.0,0.0,211,gnm,16,40,5.0,2.2913,0.3424,-0.2182,0.3125,31,0.6690659074118145
gnm_212,34.000118779100376,"[-2.528184072253552, 3.141592653589793]",-2.528184072253552,3.141592653589793,[1.72414847 1.12341683],1.7241484721289566,1.123416829660566,1,16,68,0.0602250099182128,1,14.0,0.0,0.0,212,gnm,16,68,8.5,1.7321,0.552,-0.1575,0.25,47,0.7234067825340506
regular_213,9.749987043791844,"[1.9632009821256866, 2.748932149681167]",1.9632009821256864,2.748932149681167,[1.72414847 1.12341683],1.7241484721289566,1.123416829660566,1,13,13,0.0909645557403564,1,50.0,0.0,0.0,213,regular,13,13,2.0,0.0,0.0,0.0,0.4615,12,0.812498920315987
regular_214,12.46411239316393,"[1.263131895266298, 2.748709696710814]",1.263131895266298,2.748709696710814,[1.72414847 1.12341683],1.7241484721289566,1.123416829660566,1,12,18,0.1166248321533203,1,64.0,0.0,0.0,214,regular,12,18,3.0,0.0,0.0,0.0,0.5,18,0.6924506885091072
watts_215,10.980545444270703,"[1.2121413003573849, 1.9637383836262599]",1.2121413003573849,1.96373838362626,[1.72414847 1.12341683],1.7241484721289566,1.123416829660566,1,17,17,0.1277940273284912,1,70.0,0.0,0.0,215,watts,17,17,2.0,0.686,0.0,0.0058,0.5294,17,0.6459144378982766
watts_216,12.578059014006644,"[0.3844508764230642, 2.749507234272074]",0.3844508764230642,2.749507234272074,[1.72414847 1.12341683],1.7241484721289566,1.123416829660566,1,17,17,0.1356649398803711,1,75.0,0.0,0.0,216,watts,17,17,2.0,0.5941,0.0,0.086,0.4706,17,0.7398858243533321
regular_217,15.50155319416092,"[1.8240971204443455, 2.7749797149653848]",1.8240971204443452,2.7749797149653848,[1.72414847 1.12341683],1.7241484721289566,1.123416829660566,1,12,24,0.1063070297241211,1,53.0,0.0,0.0,217,regular,12,24,4.0,0.0,0.1667,0.0,0.3333,20,0.775077659708046
watts_218,14.433675981011389,"[0.37253262373530327, 2.76097728026609]",0.3725326237353032,2.76097728026609,[1.72414847 1.12341683],1.7241484721289566,1.123416829660566,1,20,20,0.2542743682861328,1,48.0,0.0,0.0,218,watts,20,20,2.0,0.7746,0.0833,-0.2745,0.45,19,0.7596671568953363
gnm_219,30.859116423739888,"[1.7624809697059831, 2.72175772779742]",1.7624809697059831,2.72175772779742,[1.72414847 1.12341683],1.7241484721289566,1.123416829660566,1,15,59,0.183722972869873,1,43.0,0.0,0.0,219,gnm,15,59,7.8667,1.8209,0.6042,-0.1078,0.2,39,0.7912593954805099
barabasi_220,12.133338068173504,"[0.39224315048222214, 2.74874790474395]",0.3922431504822221,2.74874790474395,[1.72414847 1.12341683],1.7241484721289566,1.123416829660566,1,18,17,0.1033222675323486,1,53.0,0.0,0.0,220,barabasi,18,17,1.8889,1.4487,0.0,-0.2903,0.6111,17,0.7137257687160885
barabasi_221,12.477035681055238,"[1.9421027727450395, 2.715490417824517]",1.9421027727450395,2.715490417824517,[1.72414847 1.12341683],1.7241484721289566,1.123416829660566,1,13,22,0.0850594043731689,1,49.0,0.0,0.0,221,barabasi,13,22,3.3846,1.9822,0.4821,-0.3793,0.5385,18,0.6931686489475132
gnm_222,10.881284716892878,"[0.2651222885712782, 2.791717862007838]",0.2651222885712782,2.791717862007838,[1.72414847 1.12341683],1.7241484721289566,1.123416829660566,1,10,17,0.0831685066223144,1,58.0,0.0,0.0,222,gnm,10,17,3.4,1.3565,0.3067,-0.3949,0.5,13,0.8370219012994522
gnm_223,65.84374056999866,"[1.7082745847821714, 2.7448287453194657]",1.7082745847821714,2.7448287453194657,[1.72414847 1.12341683],1.7241484721289566,1.123416829660566,1,20,127,1.7660586833953855,1,123.0,0.0,0.0,223,gnm,20,127,12.7,2.3043,0.6834,-0.1025,0.2,79,0.8334650705063121
barabasi_224,5.24039198788887,"[0.40969503133355656, 2.7492544667674186]",0.4096950313335565,2.7492544667674186,[1.72414847 1.12341683],1.7241484721289566,1.123416829660566,1,8,7,0.0597147941589355,1,52.0,0.0,0.0,224,barabasi,8,7,1.75,0.8292,0.0,-0.2353,0.5,7,0.7486274268412672
barabasi_225,10.650910672437972,"[0.4999331505440584, 2.748756261162601]",0.4999331505440584,2.748756261162601,[1.72414847 1.12341683],1.7241484721289566,1.123416829660566,1,16,15,0.0999720096588134,1,48.0,0.0,0.0,225,barabasi,16,15,1.875,1.9645,0.0,-0.5035,0.625,15,0.7100607114958648
gnm_226,20.54768515543401,"[1.3601986465284563, 2.6857367189940335]",1.3601986465284563,2.685736718994033,[1.72414847 1.12341683],1.7241484721289566,1.123416829660566,1,10,39,0.1773226261138916,1,80.0,0.0,0.0,226,gnm,10,39,7.8,0.7483,0.8524,-0.1628,0.2,25,0.8219074062173604
watts_227,23.052804304884283,"[0.24895595465069076, 2.7785141902684365]",0.2489559546506907,2.7785141902684365,[1.72414847 1.12341683],1.7241484721289566,1.123416829660566,1,18,36,0.2039089202880859,1,64.0,0.0,0.0,227,watts,18,36,4.0,1.0,0.2333,-0.3333,0.3889,29,0.7949242863753201
watts_228,4.442647860880243,"[0.38484046400795224, 2.74928006936028]",0.3848404640079522,2.74928006936028,[1.72414847 1.12341683],1.7241484721289566,1.123416829660566,1,6,6,0.0561447143554687,1,77.0,0.0,0.0,228,watts,6,6,2.0,0.5774,0.0,-0.6364,0.5,5,0.8885295721760486
regular_229,14.00339030141025,"[1.818809312138952, 2.790685768984149]",1.818809312138952,2.790685768984149,[1.72414847 1.12341683],1.7241484721289566,1.123416829660566,1,11,22,0.0900516510009765,1,51.0,0.0,0.0,229,regular,11,22,4.0,0.0,0.2727,0.0,0.2727,16,0.8752118938381406
watts_230,15.25094330653162,"[1.2969599610913471, 2.7307093291944624]",1.2969599610913471,2.7307093291944624,[1.72414847 1.12341683],1.7241484721289566,1.123416829660566,1,13,26,0.0913329124450683,1,48.0,0.0,0.0,230,watts,13,26,4.0,1.0377,0.4513,-0.1678,0.3077,20,0.762547165326581
barabasi_231,14.355131378239088,"[0.2750071166944147, 2.775375435841601]",0.2750071166944147,2.775375435841601,[1.72414847 1.12341683],1.7241484721289566,1.123416829660566,1,13,22,0.1547706127166748,1,71.0,0.0,0.0,231,barabasi,13,22,3.3846,1.2733,0.1667,-0.3216,0.4615,18,0.7975072987910604
gnm_232,41.14092363115085,"[1.7553526544227833, 2.6169290036743966]",1.755352654422783,2.6169290036743966,[1.72414847 1.12341683],1.7241484721289566,1.123416829660566,1,14,79,0.509939432144165,1,109.0,0.0,0.0,232,gnm,14,79,11.2857,1.0302,0.8617,-0.1465,0.2143,48,0.857102575648976
watts_233,7.233489137687149,"[1.8983435975776368, 2.776075114689827]",1.8983435975776368,2.776075114689827,[1.72414847 1.12341683],1.7241484721289566,1.123416829660566,1,11,11,0.0779531002044677,1,59.0,0.0,0.0,233,watts,11,11,2.0,0.7385,0.197,-0.3444,0.5455,10,0.7233489137687149
gnm_234,6.177445937430093,"[1.8272906602755996, 2.803405452501453]",1.8272906602756,2.803405452501453,[1.72414847 1.12341683],1.7241484721289566,1.123416829660566,1,7,11,0.0576634407043457,1,56.0,0.0,0.0,234,gnm,7,11,3.1429,0.833,0.3571,-0.2222,0.4286,9,0.6863828819366771
watts_235,20.767720091187385,"[1.8182705196199143, 2.808913148753394]",1.8182705196199145,2.808913148753394,[1.72414847 1.12341683],1.7241484721289566,1.123416829660566,1,19,38,0.1702480316162109,1,48.0,0.0,0.0,235,watts,19,38,4.0,0.8584,0.3912,-0.0857,0.3158,29,0.7161282790064616
barabasi_236,7.252664417411381,"[0.3906720474930765, 2.7491233099622248]",0.3906720474930765,2.7491233099622248,[1.72414847 1.12341683],1.7241484721289566,1.123416829660566,1,11,10,0.0835237503051757,1,55.0,0.0,0.0,236,barabasi,11,10,1.8182,1.1923,0.0,-0.4368,0.6364,10,0.7252664417411381
gnm_237,13.222755344797406,"[1.2998055384875542, 2.153875381641134]",1.2998055384875542,2.153875381641134,[1.72414847 1.12341683],1.7241484721289566,1.123416829660566,1,9,25,0.1332178115844726,1,53.0,0.0,0.0,237,gnm,9,25,5.5556,1.0657,0.6598,-0.2425,0.2222,18,0.7345975191554115
barabasi_238,16.176486399366222,"[1.9306217846714515, 2.733996008176635]",1.9306217846714515,2.733996008176635,[1.72414847 1.12341683],1.7241484721289566,1.123416829660566,1,16,28,0.1597566604614257,1,56.0,0.0,0.0,238,barabasi,16,28,3.5,2.0,0.1267,-0.5761,0.5,24,0.6740202666402593
watts_239,8.219936965440866,"[1.747349478120511, 2.7444796185296587]",1.747349478120511,2.7444796185296587,[1.72414847 1.12341683],1.7241484721289566,1.123416829660566,1,8,16,0.0691840648651123,1,46.0,0.0,0.0,239,watts,8,16,4.0,1.0,0.4625,-0.2222,0.375,12,0.6849947471200721
watts_240,8.334457072087389,"[1.7873722754085866, 2.619983620794494]",1.7873722754085866,2.619983620794494,[1.72414847 1.12341683],1.7241484721289566,1.123416829660566,1,8,16,0.0652647018432617,1,48.0,0.0,0.0,240,watts,8,16,4.0,1.0,0.4875,-0.3889,0.5,13,0.6411120824682607
watts_241,22.73313791922413,"[0.24467711974170564, 2.7934935671525993]",0.2446771197417056,2.7934935671525998,[1.72414847 1.12341683],1.7241484721289566,1.123416829660566,1,18,36,0.3660943508148193,1,117.0,0.0,0.0,241,watts,18,36,4.0,1.1055,0.337,-0.2833,0.3889,28,0.8118977828294333
barabasi_242,20.28525246115264,"[1.7659401339214738, 2.6008907891128468]",1.7659401339214738,2.6008907891128468,[1.72414847 1.12341683],1.7241484721289566,1.123416829660566,1,16,39,0.1307520866394043,1,47.0,0.0,0.0,242,barabasi,16,39,4.875,2.4969,0.4539,-0.2892,0.375,30,0.6761750820384214
barabasi_243,22.93185646052902,"[1.780601019399566, 2.769040772526024]",1.780601019399566,2.769040772526024,[1.72414847 1.12341683],1.7241484721289566,1.123416829660566,1,17,42,0.1533515453338623,1,54.0,0.0,0.0,243,barabasi,17,42,4.9412,2.4125,0.3738,-0.184,0.3529,33,0.694904741228152
watts_244,7.713308670550759,"[1.2758136340949746, 2.545244880133642]",1.2758136340949746,2.545244880133642,[1.72414847 1.12341683],1.7241484721289566,1.123416829660566,1,7,14,0.0583999156951904,1,44.0,0.0,0.0,244,watts,7,14,4.0,0.7559,0.5762,-0.037,0.2857,10,0.7713308670550759
regular_245,14.081384601547326,"[1.2774761486406319, 2.778445310000408]",1.277476148640632,2.778445310000408,[1.72414847 1.12341683],1.7241484721289566,1.123416829660566,1,14,21,0.1552834510803222,1,63.0,0.0,0.0,245,regular,14,21,3.0,0.0,0.2143,0.0,0.3571,18,0.7822991445304069
gnm_246,97.50276555227148,"[1.6606247506093958, 1.806752488122157]",1.6606247506093958,1.806752488122157,[1.72414847 1.12341683],1.7241484721289566,1.123416829660566,1,20,187,1.924964189529419,1,73.0,0.0,0.0,246,gnm,20,187,18.7,0.7141,0.986,-0.1282,0.1,100,0.9750276555227149
regular_247,12.769148781236709,"[1.8205545602793805, 2.787871652296322]",1.8205545602793805,2.787871652296322,[1.72414847 1.12341683],1.7241484721289566,1.123416829660566,1,10,20,0.1571261882781982,1,48.0,0.0,0.0,247,regular,10,20,4.0,0.0,0.25,0.0,0.4,16,0.7980717988272943
watts_248,10.867680391573847,"[1.1697521723669526, 1.9635044747058719]",1.1697521723669526,1.963504474705872,[1.72414847 1.12341683],1.7241484721289566,1.123416829660566,1,17,17,0.1407866477966308,1,60.0,0.0,0.0,248,watts,17,17,2.0,0.4851,0.0,-0.0625,0.5294,17,0.6392753171514027
watts_249,6.665537363660405,"[1.8289739440176824, 2.7497246426516804]",1.8289739440176824,2.7497246426516804,[1.72414847 1.12341683],1.7241484721289566,1.123416829660566,1,6,12,0.0703840255737304,1,50.0,0.0,0.0,249,watts,6,12,4.0,0.5774,0.7278,-0.2766,0.3333,9,0.740615262628934
regular_250,20.452808212712306,"[1.27040932325298, 2.762808362685265]",1.27040932325298,2.762808362685265,[1.72414847 1.12341683],1.7241484721289566,1.123416829660566,1,20,30,0.3191032409667969,1,59.0,0.0,0.0,250,regular,20,30,3.0,0.0,0.1,0.0,0.35,27,0.7575114152856409
gnm_251,45.023044953951135,"[1.3889971985344816, 2.3671515939418235]",1.3889971985344816,2.3671515939418235,[1.72414847 1.12341683],1.7241484721289566,1.123416829660566,1,20,89,1.2327804565429688,1,111.0,0.0,0.0,251,gnm,20,89,8.9,1.9723,0.462,-0.0403,0.25,61,0.7380827041631334
watts_252,12.241381036282638,"[0.36995193151515626, 2.7632781444142855]",0.3699519315151562,2.763278144414285,[1.72414847 1.12341683],1.7241484721289566,1.123416829660566,1,17,17,0.0934729576110839,1,63.0,0.0,0.0,252,watts,17,17,2.0,0.767,0.098,-0.2897,0.5294,16,0.7650863147676649
barabasi_253,23.348721436989926,"[1.150296613664771, 2.6778217972095564]",1.150296613664771,2.6778217972095564,[1.72414847 1.12341683],1.7241484721289566,1.123416829660566,1,18,45,0.1931269168853759,1,56.0,0.0,0.0,253,barabasi,18,45,5.0,2.582,0.4264,-0.3005,0.3889,34,0.686727101087939
regular_254,8.249990808802977,"[1.9632009821256866, 2.748932149681167]",1.9632009821256864,2.748932149681167,[1.72414847 1.12341683],1.7241484721289566,1.123416829660566,1,11,11,0.0770504474639892,1,50.0,0.0,0.0,254,regular,11,11,2.0,0.0,0.0,0.0,0.4545,10,0.8249990808802977
regular_255,8.667130603003898,"[1.8065186608510504, 2.8234109919153263]",1.8065186608510504,2.8234109919153263,[1.72414847 1.12341683],1.7241484721289566,1.123416829660566,1,7,14,0.0554370880126953,1,43.0,0.0,0.0,255,regular,7,14,4.0,0.0,0.5,0.0,0.2857,10,0.8667130603003897
watts_256,20.310659262643632,"[0.24854052009499522, 2.788245440078547]",0.2485405200949952,2.788245440078547,[1.72414847 1.12341683],1.7241484721289566,1.123416829660566,1,16,32,0.1747298240661621,1,66.0,0.0,0.0,256,watts,16,32,4.0,1.0,0.2479,0.1,0.375,25,0.8124263705057453
barabasi_257,21.92755446191227,"[1.698485521099462, 2.7434533039623945]",1.698485521099462,2.7434533039623945,[1.72414847 1.12341683],1.7241484721289566,1.123416829660566,1,17,42,0.1570954322814941,1,46.0,0.0,0.0,257,barabasi,17,42,4.9412,2.8997,0.4676,-0.4106,0.4118,33,0.6644713473306748
regular_258,4.49999729504063,"[1.9632009821256866, 2.748932149681167]",1.9632009821256864,2.748932149681167,[1.72414847 1.12341683],1.7241484721289566,1.123416829660566,1,6,6,0.0413997173309326,1,50.0,0.0,0.0,258,regular,6,6,2.0,0.0,0.0,0.0,0.5,6,0.7499995491734383
gnm_259,46.00020850247893,"[-2.528184072253552, 3.141592653589793]",-2.528184072253552,3.141592653589793,[1.72414847 1.12341683],1.7241484721289566,1.123416829660566,1,15,92,0.081181526184082,1,14.0,0.0,0.0,259,gnm,15,92,12.2667,0.9286,0.867,-0.1457,0.1333,56,0.8214322946871236
regular_260,5.939219763502479,"[1.2858616241050722, 2.793263945554275]",1.2858616241050722,2.793263945554275,[1.72414847 1.12341683],1.7241484721289566,1.123416829660566,1,6,9,0.0514643192291259,1,52.0,0.0,0.0,260,regular,6,9,3.0,0.0,0.3333,0.0,0.3333,7,0.8484599662146398
watts_261,11.772198905983274,"[0.38036646884016845, 2.7491198843559266]",0.3803664688401684,2.7491198843559266,[1.72414847 1.12341683],1.7241484721289566,1.123416829660566,1,16,16,0.1159052848815918,1,80.0,0.0,0.0,261,watts,16,16,2.0,0.7071,0.0,-0.4286,0.5,16,0.7357624316239546
watts_262,22.54069809341595,"[1.8200726150498006, 2.7611285160144945]",1.8200726150498008,2.7611285160144945,[1.72414847 1.12341683],1.7241484721289566,1.123416829660566,1,19,38,0.3310153484344482,1,94.0,0.0,0.0,262,watts,19,38,4.0,0.6489,0.2368,-0.0765,0.3158,30,0.7513566031138651
watts_263,13.048436185343313,"[0.3718476801023952, 2.7657847993107394]",0.3718476801023952,2.7657847993107394,[1.72414847 1.12341683],1.7241484721289566,1.123416829660566,1,18,18,0.2166483402252197,1,113.0,0.0,0.0,263,watts,18,18,2.0,0.5774,0.1296,-0.4545,0.4444,17,0.7675550697260772
watts_264,10.612402038190451,"[1.7638308089430432, 2.815814751752861]",1.7638308089430432,2.815814751752861,[1.72414847 1.12341683],1.7241484721289566,1.123416829660566,1,10,20,0.1088933944702148,1,42.0,0.0,0.0,264,watts,10,20,4.0,0.8944,0.2967,-0.044,0.3,16,0.6632751273869032
watts_265,12.440175911536985,"[0.23956785306068162, 2.8138578530710268]",0.2395678530606816,2.8138578530710268,[1.72414847 1.12341683],1.7241484721289566,1.123416829660566,1,10,20,0.1286203861236572,1,67.0,0.0,0.0,265,watts,10,20,4.0,0.7746,0.46,-0.2121,0.4,15,0.8293450607691323
watts_266,5.136451115671662,"[0.37842921258529094, 2.7494549350395223]",0.3784292125852909,2.7494549350395223,[1.72414847 1.12341683],1.7241484721289566,1.123416829660566,1,7,7,0.0538368225097656,1,52.0,0.0,0.0,266,watts,7,7,2.0,0.7559,0.0,-0.4583,0.4286,7,0.7337787308102374
watts_267,22.9171042584009,"[0.2483189325483251, 2.7870333429856604]",0.2483189325483251,2.7870333429856604,[1.72414847 1.12341683],1.7241484721289566,1.123416829660566,1,18,36,0.1957714557647705,1,62.0,0.0,0.0,267,watts,18,36,4.0,0.8819,0.2704,-0.1134,0.3333,28,0.8184680092286036
watts_268,8.999989588592342,"[1.9632009821256866, 2.748932149681167]",1.9632009821256864,2.748932149681167,[1.72414847 1.12341683],1.7241484721289566,1.123416829660566,1,12,12,0.0909004211425781,1,50.0,0.0,0.0,268,watts,12,12,2.0,0.0,0.0,0.0,0.5,12,0.7499991323826952
regular_269,25.805259583484727,"[1.8243044414864373, 2.7767411653011473]",1.8243044414864371,2.776741165301148,[1.72414847 1.12341683],1.7241484721289566,1.123416829660566,1,20,40,0.4421839714050293,1,86.0,0.0,0.0,269,regular,20,40,4.0,0.0,0.175,0.0,0.3,32,0.8064143619838977
gnm_270,23.487712766430597,"[1.7792510720796635, 2.7769397726639413]",1.7792510720796637,2.7769397726639413,[1.72414847 1.12341683],1.7241484721289566,1.123416829660566,1,14,43,0.3844971656799316,1,84.0,0.0,0.0,270,gnm,14,43,6.1429,2.0653,0.5767,-0.1666,0.2857,30,0.78292375888102
gnm_271,49.072872206405,"[1.7743601595070457, 2.6119020619090576]",1.7743601595070455,2.6119020619090576,[1.72414847 1.12341683],1.7241484721289566,1.123416829660566,1,19,94,1.1284708976745603,1,102.0,0.0,0.0,271,gnm,19,94,9.8947,1.9438,0.5669,-0.1342,0.2105,63,0.7789344794667461
gnm_272,8.143201706693162,"[1.8594429407484943, 2.742211606526426]",1.8594429407484945,2.742211606526426,[1.72414847 1.12341683],1.7241484721289566,1.123416829660566,1,8,14,0.128650426864624,1,52.0,0.0,0.0,272,gnm,8,14,3.5,1.0,0.5917,-0.3208,0.375,11,0.7402910642448329
barabasi_273,4.4631279083987465,"[0.42274214377390923, 2.7490476091705185]",0.4227421437739092,2.7490476091705185,[1.72414847 1.12341683],1.7241484721289566,1.123416829660566,1,7,6,0.0978834629058837,1,61.0,0.0,0.0,273,barabasi,7,6,1.7143,1.0302,0.0,-0.7143,0.5714,6,0.7438546513997911
gnm_274,21.614465820497006,"[0.21048863223965864, 2.823808722376288]",0.2104886322396586,2.823808722376288,[1.72414847 1.12341683],1.7241484721289566,1.123416829660566,1,14,36,0.1275298595428466,1,57.0,0.0,0.0,274,gnm,14,36,5.1429,1.4569,0.4741,-0.0439,0.2857,27,0.8005357711295188
watts_275,21.263222357063707,"[1.829691406754314, 2.7545991905190226]",1.829691406754314,2.7545991905190226,[1.72414847 1.12341683],1.7241484721289566,1.123416829660566,1,20,40,0.2616281509399414,1,53.0,0.0,0.0,275,watts,20,40,4.0,0.8944,0.1683,-0.1513,0.4,34,0.6253888928548149
regular_276,24.572090228591037,"[1.824620818737202, 2.7741272395189154]",1.824620818737202,2.774127239518916,[1.72414847 1.12341683],1.7241484721289566,1.123416829660566,1,19,38,0.2543306350708008,1,59.0,0.0,0.0,276,regular,19,38,4.0,0.0,0.1579,0.0,0.3684,32,0.7678778196434699
watts_277,16.40534203427587,"[0.24477372489877042, 2.791165112590733]",0.2447737248987704,2.791165112590733,[1.72414847 1.12341683],1.7241484721289566,1.123416829660566,1,13,26,0.1464862823486328,1,57.0,0.0,0.0,277,watts,13,26,4.0,1.3009,0.2744,-0.0674,0.3846,21,0.7812067635369461
gnm_278,18.59686904340856,"[1.3206438155861524, 2.479189638777152]",1.3206438155861524,2.479189638777152,[1.72414847 1.12341683],1.7241484721289566,1.123416829660566,1,11,35,0.1238512992858886,1,55.0,0.0,0.0,278,gnm,11,35,6.3636,1.7201,0.668,-0.2862,0.2727,24,0.7748695434753566
watts_279,14.526945022782668,"[0.37711110369766354, 2.748793543652823]",0.3771111036976635,2.748793543652823,[1.72414847 1.12341683],1.7241484721289566,1.123416829660566,1,20,20,0.1829791069030761,1,56.0,0.0,0.0,279,watts,20,20,2.0,1.0,0.0,-0.2963,0.6,20,0.7263472511391333
barabasi_280,3.715685544768348,"[0.4361750962271948, 2.74996334537175]",0.4361750962271948,2.74996334537175,[1.72414847 1.12341683],1.7241484721289566,1.123416829660566,1,6,5,0.0406577587127685,1,48.0,0.0,0.0,280,barabasi,6,5,1.6667,1.1055,0.0,-0.7391,0.6667,5,0.7431371089536696
barabasi_281,5.93004745831081,"[0.4002423777808364, 2.7487902088696425]",0.4002423777808364,2.7487902088696425,[1.72414847 1.12341683],1.7241484721289566,1.123416829660566,1,9,8,0.0461242198944091,1,56.0,0.0,0.0,281,barabasi,9,8,1.7778,0.9162,0.0,-0.3846,0.5556,8,0.7412559322888512
gnm_282,8.796448769135168,"[0.2542992812862678, 2.809760321244386]",0.2542992812862678,2.809760321244386,[1.72414847 1.12341683],1.7241484721289566,1.123416829660566,1,8,14,0.0835747718811035,1,66.0,0.0,0.0,282,gnm,8,14,3.5,1.3229,0.3417,-0.2667,0.375,12,0.7330373974279306
barabasi_283,3.742259952239692,"[1.1500865139098657, 2.7486806973731306]",1.1500865139098655,2.7486806973731306,[1.72414847 1.12341683],1.7241484721289566,1.123416829660566,1,6,5,0.0460414886474609,1,56.0,0.0,0.0,283,barabasi,6,5,1.6667,0.9428,0.0,-0.6667,0.6667,5,0.7484519904479384
barabasi_284,14.772871472821368,"[1.917087878989534, 2.7438665881944844]",1.917087878989534,2.7438665881944844,[1.72414847 1.12341683],1.7241484721289566,1.123416829660566,1,14,24,0.1101963520050048,1,51.0,0.0,0.0,284,barabasi,14,24,3.4286,1.7202,0.2891,-0.3265,0.4286,19,0.7775195512011246
watts_285,12.521914905652928,"[0.38144293135947005, 2.748862841100123]",0.38144293135947,2.748862841100123,[1.72414847 1.12341683],1.7241484721289566,1.123416829660566,1,17,17,0.2699191570281982,1,136.0,0.0,0.0,285,watts,17,17,2.0,0.686,0.0,-0.275,0.5294,17,0.7365832297442898
watts_286,25.556475300681896,"[0.25047513800525445, 2.781668213482158]",0.2504751380052544,2.781668213482158,[1.72414847 1.12341683],1.7241484721289566,1.123416829660566,1,20,40,0.4178135395050049,1,69.0,0.0,0.0,286,watts,20,40,4.0,1.0,0.2067,-0.2267,0.35,32,0.7986398531463093
barabasi_287,29.087710448572885,"[0.21691413254687286, 2.803737129987913]",0.2169141325468728,2.803737129987913,[1.72414847 1.12341683],1.7241484721289566,1.123416829660566,1,19,48,0.3174476623535156,1,75.0,0.0,0.0,287,barabasi,19,48,5.0526,2.2821,0.4019,-0.3177,0.3684,36,0.8079919569048024
gnm_288,9.860678936451222,"[1.2977934550147454, 2.3956947451539783]",1.2977934550147454,2.3956947451539783,[1.72414847 1.12341683],1.7241484721289566,1.123416829660566,1,8,18,0.0682334899902343,1,45.0,0.0,0.0,288,gnm,8,18,4.5,1.3229,0.7667,-0.3171,0.25,12,0.8217232447042685
barabasi_289,4.491096407335135,"[0.4135008562769747, 2.749198763380942]",0.4135008562769747,2.749198763380942,[1.72414847 1.12341683],1.7241484721289566,1.123416829660566,1,7,6,0.0499732494354248,1,54.0,0.0,0.0,289,barabasi,7,6,1.7143,0.8806,0.0,-0.4483,0.5714,6,0.7485160678891892
regular_290,12.769148365169483,"[1.8205545602793805, 2.787871652296322]",1.8205545602793805,2.787871652296322,[1.72414847 1.12341683],1.7241484721289566,1.123416829660566,1,10,20,0.1205723285675048,1,48.0,0.0,0.0,290,regular,10,20,4.0,0.0,0.25,0.0,0.3,16,0.7980717728230927
barabasi_291,13.321059609996444,"[0.6117738499587173, 2.748773005431286]",0.6117738499587173,2.748773005431286,[1.72414847 1.12341683],1.7241484721289566,1.123416829660566,1,20,19,0.231783390045166,1,55.0,0.0,0.0,291,barabasi,20,19,1.9,1.9723,0.0,-0.6547,0.75,19,0.7011084005261287
regular_292,26.089250907245766,"[1.8277041824700295, 2.7646313216706]",1.8277041824700293,2.7646313216706,[1.72414847 1.12341683],1.7241484721289566,1.123416829660566,1,20,40,0.4298226833343506,1,85.0,0.0,0.0,292,regular,20,40,4.0,0.0,0.1,0.0,0.35,32,0.8152890908514302
gnm_293,46.98023437840595,"[1.4482469116668635, 2.82637910648243]",1.4482469116668637,2.82637910648243,[1.72414847 1.12341683],1.7241484721289566,1.123416829660566,1,14,89,-1.9860365390777588,1,87.0,0.0,0.0,293,gnm,14,89,12.7143,0.4518,0.9774,-0.141,0.1429,49,0.9587802934368562
watts_294,9.251344617463474,"[1.837061316964152, 2.8346117978567094]",1.837061316964152,2.8346117978567094,[1.72414847 1.12341683],1.7241484721289566,1.123416829660566,1,9,18,0.1373622417449951,1,45.0,0.0,0.0,294,watts,9,18,4.0,0.6667,0.4667,-0.2857,0.3333,14,0.6608103298188196
gnm_295,51.50026690921504,"[-2.528184072253552, 3.141592653589793]",-2.528184072253552,3.141592653589793,[1.72414847 1.12341683],1.7241484721289566,1.123416829660566,1,18,103,0.1589875221252441,1,14.0,0.0,0.0,295,gnm,18,103,11.4444,1.8922,0.6784,-0.1337,0.2222,65,0.7923117986033084
gnm_296,61.50041852728555,"[-2.528184072253552, 3.141592653589793]",-2.528184072253552,3.141592653589793,[1.72414847 1.12341683],1.7241484721289566,1.123416829660566,1,17,123,0.141904592514038,1,14.0,0.0,0.0,296,gnm,17,123,14.4706,1.091,0.9053,-0.1353,0.1176,71,0.8662030778490922
gnm_297,33.97062342718709,"[1.4281133635703904, 2.7698703484383147]",1.4281133635703904,2.7698703484383147,[1.72414847 1.12341683],1.7241484721289566,1.123416829660566,1,12,64,0.2733480930328369,1,91.0,0.0,0.0,297,gnm,12,64,10.6667,0.4714,0.9684,-0.1636,0.1667,36,0.9436284285329748
barabasi_298,8.708841005210246,"[0.39829027438092124, 2.749134661782588]",0.3982902743809212,2.749134661782588,[1.72414847 1.12341683],1.7241484721289566,1.123416829660566,1,13,12,0.0975739955902099,1,54.0,0.0,0.0,298,barabasi,13,12,1.8462,1.2308,0.0,-0.3605,0.4615,12,0.7257367504341872
gnm_299,7.543484462228662,"[1.7999214065699771, 2.8239702369129818]",1.7999214065699771,2.8239702369129818,[1.72414847 1.12341683],1.7241484721289566,1.123416829660566,1,8,13,0.0818991661071777,1,55.0,0.0,0.0,299,gnm,8,13,3.25,1.0897,0.3958,0.5048,0.375,11,0.6857713147480602
watts_300,5.249995796009898,"[1.9632009821256866, 2.748932149681167]",1.9632009821256864,2.748932149681167,[1.72414847 1.12341683],1.7241484721289566,1.123416829660566,1,7,7,0.0472323894500732,1,50.0,0.0,0.0,300,watts,7,7,2.0,0.0,0.0,0.0,0.4286,6,0.874999299334983
barabasi_301,12.653778366428067,"[0.26861225463901794, 2.7911770173632524]",0.2686122546390179,2.7911770173632524,[1.72414847 1.12341683],1.7241484721289566,1.123416829660566,1,12,20,0.1389291286468505,1,70.0,0.0,0.0,301,barabasi,12,20,3.3333,2.0548,0.4365,-0.4767,0.5,16,0.7908611479017542
gnm_302,10.651069344909956,"[0.24824594663247293, 2.8080501785293768]",0.2482459466324729,2.8080501785293768,[1.72414847 1.12341683],1.7241484721289566,1.123416829660566,1,9,17,0.1065380573272705,1,62.0,0.0,0.0,302,gnm,9,17,3.7778,1.2273,0.4852,-0.4356,0.4444,13,0.8193130265315351
barabasi_303,3.804783896135632,"[0.42722567111000204, 2.7495310806513693]",0.427225671110002,2.7495310806513693,[1.72414847 1.12341683],1.7241484721289566,1.123416829660566,1,6,5,0.0371205806732177,1,48.0,0.0,0.0,303,barabasi,6,5,1.6667,0.7454,0.0,-0.6667,0.5,5,0.7609567792271263
watts_304,13.499980180068173,"[1.9633901687532234, 2.749480627093167]",1.9633901687532236,2.749480627093167,[1.72414847 1.12341683],1.7241484721289566,1.123416829660566,1,18,18,0.0977625846862793,1,52.0,0.0,0.0,304,watts,18,18,2.0,0.0,0.0,0.0,0.5,18,0.7499988988926762
gnm_305,10.394455692439806,"[1.7588975129230717, 2.8099060495730552]",1.7588975129230715,2.8099060495730552,[1.72414847 1.12341683],1.7241484721289566,1.123416829660566,1,7,19,0.0804245471954345,1,48.0,0.0,0.0,305,gnm,7,19,5.4286,0.7284,0.9238,-0.3735,0.2857,12,0.8662046410366505
gnm_306,19.840755409895063,"[1.7474380527331035, 2.7613280816500607]",1.7474380527331037,2.7613280816500607,[1.72414847 1.12341683],1.7241484721289566,1.123416829660566,1,18,37,0.1642682552337646,1,48.0,0.0,0.0,306,gnm,18,37,4.1111,1.9405,0.2906,-0.1479,0.3333,30,0.6613585136631688
watts_307,11.772203517241625,"[0.37998785094862125, 2.7490079254229007]",0.3799878509486212,2.7490079254229007,[1.72414847 1.12341683],1.7241484721289566,1.123416829660566,1,16,16,0.123685598373413,1,82.0,0.0,0.0,307,watts,16,16,2.0,0.7071,0.0,-0.1429,0.5,16,0.7357627198276016
watts_308,10.367822469963356,"[1.8176737001564574, 2.7913200990865437]",1.8176737001564571,2.791320099086544,[1.72414847 1.12341683],1.7241484721289566,1.123416829660566,1,9,18,0.0655050277709961,1,40.0,0.0,0.0,308,watts,9,18,4.0,0.4714,0.4333,-0.2676,0.3333,13,0.7975248053817966
regular_309,9.81602443127889,"[1.290447116694902, 2.8011510144297214]",1.290447116694902,2.8011510144297214,[1.72414847 1.12341683],1.7241484721289566,1.123416829660566,1,10,15,0.1066656112670898,1,54.0,0.0,0.0,309,regular,10,15,3.0,0.0,0.4,0.0,0.3,12,0.8180020359399075
gnm_310,30.00009412641521,"[-2.528184072253552, 3.141592653589793]",-2.528184072253552,3.141592653589793,[1.72414847 1.12341683],1.7241484721289566,1.123416829660566,1,12,60,0.0510041713714599,1,11.0,0.0,0.0,310,gnm,12,60,10.0,0.8165,0.9002,-0.1829,0.25,36,0.8333359479559781
regular_311,12.302717526893474,"[1.2688203072230029, 2.761055799058048]",1.2688203072230029,2.761055799058048,[1.72414847 1.12341683],1.7241484721289566,1.123416829660566,1,12,18,0.1317534446716308,1,58.0,0.0,0.0,311,regular,12,18,3.0,0.0,0.0833,0.0,0.4167,16,0.7689198454308421
gnm_312,42.26548154870336,"[1.3954884397595544, 2.7123959718988306]",1.3954884397595544,2.71239597189883,[1.72414847 1.12341683],1.7241484721289566,1.123416829660566,1,20,80,0.6081101894378662,1,61.0,0.0,0.0,312,gnm,20,80,8.0,1.8974,0.4403,0.0349,0.25,55,0.7684633008855157
gnm_313,30.798070075442062,"[1.8795508969121868, 2.713869957594416]",1.8795508969121868,2.713869957594416,[1.72414847 1.12341683],1.7241484721289566,1.123416829660566,1,18,60,0.2411229610443115,1,56.0,0.0,0.0,313,gnm,18,60,6.6667,1.5635,0.3974,-0.0407,0.2222,43,0.7162341878009783
gnm_314,44.000186336113984,"[-2.528184072253552, 3.141592653589793]",-2.528184072253552,3.141592653589793,[1.72414847 1.12341683],1.7241484721289566,1.123416829660566,1,17,88,0.0919599533081054,1,11.0,0.0,0.0,314,gnm,17,88,10.3529,1.6783,0.6469,-0.1193,0.1765,57,0.7719330936160348
watts_315,6.635823329293771,"[0.3814883243186356, 2.7486639062999396]",0.3814883243186356,2.74866390629994,[1.72414847 1.12341683],1.7241484721289566,1.123416829660566,1,9,9,0.1012303829193115,1,96.0,0.0,0.0,315,watts,9,9,2.0,0.6667,0.0,-0.4063,0.4444,9,0.7373137032548635
regular_316,5.249995780060999,"[1.9632009821256866, 2.748932149681167]",1.9632009821256864,2.748932149681167,[1.72414847 1.12341683],1.7241484721289566,1.123416829660566,1,7,7,0.0575931072235107,1,50.0,0.0,0.0,316,regular,7,7,2.0,0.0,0.0,0.0,0.4286,6,0.8749992966768332
barabasi_317,7.252664023001643,"[0.3906720474930765, 2.7491233099622248]",0.3906720474930765,2.7491233099622248,[1.72414847 1.12341683],1.7241484721289566,1.123416829660566,1,11,10,0.0962929725646972,1,53.0,0.0,0.0,317,barabasi,11,10,1.8182,1.1923,0.0,-0.4368,0.5455,10,0.7252664023001643
gnm_318,45.19288851853438,"[1.7287646206646814, 2.7880650106989258]",1.7287646206646814,2.7880650106989258,[1.72414847 1.12341683],1.7241484721289566,1.123416829660566,1,16,84,0.535731315612793,1,116.0,0.0,0.0,318,gnm,16,84,10.5,1.9365,0.7155,-0.1143,0.1875,53,0.8526960097836676
watts_319,13.327949248332308,"[0.3853011091775547, 2.748755988373685]",0.3853011091775547,2.748755988373685,[1.72414847 1.12341683],1.7241484721289566,1.123416829660566,1,18,18,0.1665856838226318,1,84.0,0.0,0.0,319,watts,18,18,2.0,0.5774,0.0,-0.4545,0.5,18,0.7404416249073504
regular_320,5.249995764970663,"[1.9632009821256866, 2.748932149681167]",1.9632009821256864,2.748932149681167,[1.72414847 1.12341683],1.7241484721289566,1.123416829660566,1,7,7,0.062800645828247,1,50.0,0.0,0.0,320,regular,7,7,2.0,0.0,0.0,0.0,0.4286,6,0.8749992941617771
gnm_321,15.940773217657238,"[1.7469856162115702, 2.8321223541385288]",1.7469856162115702,2.8321223541385288,[1.72414847 1.12341683],1.7241484721289566,1.123416829660566,1,9,29,0.1059756278991699,1,51.0,0.0,0.0,321,gnm,9,29,6.4444,0.9558,0.7847,-0.2485,0.3333,19,0.838988064087223
watts_322,10.169044616073275,"[1.1734115852160714, 1.9691073465222564]",1.1734115852160714,1.9691073465222564,[1.72414847 1.12341683],1.7241484721289566,1.123416829660566,1,16,16,0.1043455600738525,1,62.0,0.0,0.0,322,watts,16,16,2.0,0.5,0.1458,-0.0667,0.5,15,0.6779363077382183
regular_323,5.24999578569259,"[1.9632009821256866, 2.748932149681167]",1.9632009821256864,2.748932149681167,[1.72414847 1.12341683],1.7241484721289566,1.123416829660566,1,7,7,0.0680491924285888,1,50.0,0.0,0.0,323,regular,7,7,2.0,0.0,0.0,0.0,0.4286,6,0.8749992976154317
gnm_324,51.98229534232656,"[1.313152400977893, 2.6156699604527844]",1.313152400977893,2.6156699604527844,[1.72414847 1.12341683],1.7241484721289566,1.123416829660566,1,19,102,0.88820481300354,1,107.0,0.0,0.0,324,gnm,19,102,10.7368,2.4245,0.6095,-0.1032,0.2105,66,0.7876105354897963
watts_325,10.139999220576913,"[0.3767828975623053, 2.748610796492917]",0.3767828975623053,2.748610796492917,[1.72414847 1.12341683],1.7241484721289566,1.123416829660566,1,14,14,0.1064040660858154,1,53.0,0.0,0.0,325,watts,14,14,2.0,1.069,0.0,-0.1951,0.5,14,0.7242856586126366
gnm_326,30.50009332885384,"[-2.528184072253552, 3.141592653589793]",-2.528184072253552,3.141592653589793,[1.72414847 1.12341683],1.7241484721289566,1.123416829660566,1,14,61,0.0536701679229736,1,11.0,0.0,0.0,326,gnm,14,61,8.7143,1.79,0.6912,-0.1563,0.2143,41,0.7439047153378985
watts_327,7.385602307418992,"[0.3829672733315831, 2.7484538489029284]",0.3829672733315831,2.7484538489029284,[1.72414847 1.12341683],1.7241484721289566,1.123416829660566,1,10,10,0.0853126049041748,1,80.0,0.0,0.0,327,watts,10,10,2.0,0.6325,0.0,-0.3889,0.5,9,0.8206224786021102
barabasi_328,6.499978844462021,"[0.7838983532015449, 2.749627457552103]",0.7838983532015449,2.749627457552103,[1.72414847 1.12341683],1.7241484721289566,1.123416829660566,1,10,9,0.0404829978942871,1,47.0,0.0,0.0,328,barabasi,10,9,1.8,1.6613,0.0,-0.7727,0.8,9,0.7222198716068912
watts_329,4.442647811771167,"[0.38484046400795224, 2.74928006936028]",0.3848404640079522,2.74928006936028,[1.72414847 1.12341683],1.7241484721289566,1.123416829660566,1,6,6,0.07161545753479,1,77.0,0.0,0.0,329,watts,6,6,2.0,0.5774,0.0,-0.0909,0.5,6,0.7404413019618611
barabasi_330,20.618294342800446,"[0.266029391259468, 2.7773094783679486]",0.266029391259468,2.7773094783679486,[1.72414847 1.12341683],1.7241484721289566,1.123416829660566,1,18,32,0.2096498012542724,1,81.0,0.0,0.0,330,barabasi,18,32,3.5556,1.5713,0.2915,-0.2647,0.4444,27,0.7636405312148313
watts_331,8.242093395860138,"[1.755692382339679, 2.7168480259629177]",1.755692382339679,2.7168480259629177,[1.72414847 1.12341683],1.7241484721289566,1.123416829660566,1,8,16,0.0525496006011962,1,43.0,0.0,0.0,331,watts,8,16,4.0,1.0,0.475,-0.1111,0.375,13,0.6340071842969337
watts_332,13.446621804536989,"[1.7637113952094419, 2.7885170317446804]",1.763711395209442,2.7885170317446804,[1.72414847 1.12341683],1.7241484721289566,1.123416829660566,1,13,26,0.1058628559112548,1,50.0,0.0,0.0,332,watts,13,26,4.0,0.8771,0.3256,-0.1798,0.3077,20,0.6723310902268494
regular_333,11.999981908464434,"[1.9633901687532234, 2.749480627093167]",1.9633901687532236,2.749480627093167,[1.72414847 1.12341683],1.7241484721289566,1.123416829660566,1,16,16,0.0761632919311523,1,50.0,0.0,0.0,333,regular,16,16,2.0,0.0,0.0,0.0,0.4375,16,0.7499988692790271
watts_334,21.11027085904535,"[1.7978591835332052, 2.774261523385537]",1.7978591835332052,2.774261523385537,[1.72414847 1.12341683],1.7241484721289566,1.123416829660566,1,19,38,0.1854896545410156,1,45.0,0.0,0.0,334,watts,19,38,4.0,1.1698,0.2526,-0.266,0.3158,30,0.7036756953015116
watts_335,7.360590464792949,"[1.964520736056882, 2.7419895758379567]",1.964520736056882,2.7419895758379567,[1.72414847 1.12341683],1.7241484721289566,1.123416829660566,1,11,11,0.0880417823791503,1,53.0,0.0,0.0,335,watts,11,11,2.0,0.4264,0.2121,-0.0476,0.4545,10,0.7360590464792949
gnm_336,22.37152881491657,"[1.7644254755716573, 2.784364824814714]",1.7644254755716573,2.784364824814714,[1.72414847 1.12341683],1.7241484721289566,1.123416829660566,1,11,40,0.2265510559082031,1,102.0,0.0,0.0,336,gnm,11,40,7.2727,1.4827,0.7543,-0.1179,0.2727,26,0.8604434159583296
barabasi_337,5.240392143416557,"[0.40969503133355656, 2.7492544667674186]",0.4096950313335565,2.7492544667674186,[1.72414847 1.12341683],1.7241484721289566,1.123416829660566,1,8,7,0.0505859851837158,1,52.0,0.0,0.0,337,barabasi,8,7,1.75,0.8292,0.0,-0.2353,0.5,7,0.7486274490595081
gnm_338,14.415266050509672,"[1.8130603797458975, 2.542467337210139]",1.8130603797458973,2.542467337210139,[1.72414847 1.12341683],1.7241484721289566,1.123416829660566,1,9,27,0.0700507164001464,1,45.0,0.0,0.0,338,gnm,9,27,6.0,1.1547,0.7437,-0.3269,0.3333,19,0.7586982131847195
regular_339,24.482859850702003,"[1.8228767899735918, 2.7774826133282913]",1.822876789973592,2.7774826133282917,[1.72414847 1.12341683],1.7241484721289566,1.123416829660566,1,19,38,0.1640865802764892,1,45.0,0.0,0.0,339,regular,19,38,4.0,0.0,0.1842,0.0,0.3158,32,0.7650893703344376
gnm_340,9.947972524022587,"[1.8389561125222793, 2.764039233654711]",1.8389561125222795,2.764039233654711,[1.72414847 1.12341683],1.7241484721289566,1.123416829660566,1,9,17,0.0647008419036865,1,47.0,0.0,0.0,340,gnm,9,17,3.7778,0.7857,0.3296,-0.2593,0.3333,13,0.7652286556940452
watts_341,19.870667616215,"[1.8075904092823625, 2.7727482447856424]",1.8075904092823625,2.7727482447856424,[1.72414847 1.12341683],1.7241484721289566,1.123416829660566,1,19,38,0.3621804714202881,1,110.0,0.0,0.0,341,watts,19,38,4.0,0.9177,0.3211,0.0764,0.3684,30,0.6623555872071667
watts_342,8.773924900540301,"[0.37539733939001296, 2.748795147008991]",0.3753973393900129,2.748795147008991,[1.72414847 1.12341683],1.7241484721289566,1.123416829660566,1,12,12,0.1392421722412109,1,61.0,0.0,0.0,342,watts,12,12,2.0,0.8165,0.0,-0.35,0.5,12,0.7311604083783584
regular_343,18.05446399609935,"[1.8235910615206805, 2.7772286835468103]",1.8235910615206803,2.7772286835468103,[1.72414847 1.12341683],1.7241484721289566,1.123416829660566,1,14,28,0.1214501857757568,1,50.0,0.0,0.0,343,regular,14,28,4.0,0.0,0.1786,0.0,0.4286,24,0.7522693331708062
gnm_344,28.289286153185003,"[1.7343491627411125, 2.766316842917827]",1.7343491627411125,2.766316842917827,[1.72414847 1.12341683],1.7241484721289566,1.123416829660566,1,12,53,0.2032511234283447,1,57.0,0.0,0.0,344,gnm,12,53,8.8333,0.986,0.795,-0.1439,0.1667,33,0.8572510955510607
regular_345,20.699633352098083,"[1.824195734537249, 2.7737849445398295]",1.824195734537249,2.773784944539829,[1.72414847 1.12341683],1.7241484721289566,1.123416829660566,1,16,32,0.1140828132629394,1,46.0,0.0,0.0,345,regular,16,32,4.0,0.0,0.1562,0.0,0.375,26,0.7961397443114647
watts_346,8.606350598615673,"[0.37021113465122757, 2.7695004252988342]",0.3702111346512275,2.7695004252988342,[1.72414847 1.12341683],1.7241484721289566,1.123416829660566,1,12,12,0.0759236812591552,1,68.0,0.0,0.0,346,watts,12,12,2.0,0.7071,0.1389,0.0476,0.5,11,0.7823955089650613
barabasi_347,38.00603314327324,"[0.193318250518792, 2.8060936392932705]",0.193318250518792,2.8060936392932705,[1.72414847 1.12341683],1.7241484721289566,1.123416829660566,1,20,64,0.3731772899627685,1,51.0,0.0,0.0,347,barabasi,20,64,6.4,2.3108,0.3331,-0.2613,0.4,48,0.7917923571515258
watts_348,8.079490026563548,"[0.37887147775048696, 2.7488063056902012]",0.3788714777504869,2.748806305690201,[1.72414847 1.12341683],1.7241484721289566,1.123416829660566,1,11,11,0.0969910621643066,1,56.0,0.0,0.0,348,watts,11,11,2.0,0.7385,0.0,-0.3509,0.5455,11,0.7344990933239589
barabasi_349,9.44535826030386,"[0.38509607985765687, 2.7492765215824955]",0.3850960798576568,2.7492765215824955,[1.72414847 1.12341683],1.7241484721289566,1.123416829660566,1,14,13,0.0804097652435302,1,52.0,0.0,0.0,349,barabasi,14,13,1.8571,1.1249,0.0,-0.404,0.5714,13,0.7265660200233739
watts_350,15.442111520374157,"[1.100689545230011, 2.765343408001667]",1.100689545230011,2.765343408001667,[1.72414847 1.12341683],1.7241484721289566,1.123416829660566,1,15,30,0.1594386100769043,1,58.0,0.0,0.0,350,watts,15,30,4.0,1.2649,0.3254,-0.2568,0.4,24,0.6434213133489232
barabasi_351,5.211776406996705,"[0.41582894398075443, 2.7486449828852306]",0.4158289439807544,2.74864498288523,[1.72414847 1.12341683],1.7241484721289566,1.123416829660566,1,8,7,0.0692141056060791,1,64.0,0.0,0.0,351,barabasi,8,7,1.75,0.9682,0.0,-0.4848,0.625,7,0.744539486713815
barabasi_352,7.252664330236854,"[0.3906720474930765, 2.7491233099622248]",0.3906720474930765,2.7491233099622248,[1.72414847 1.12341683],1.7241484721289566,1.123416829660566,1,11,10,0.1006567478179931,1,55.0,0.0,0.0,352,barabasi,11,10,1.8182,1.1923,0.0,-0.4368,0.5455,10,0.7252664330236854
barabasi_353,4.369751030291809,"[0.47254999329290104, 2.7487512106119514]",0.472549993292901,2.7487512106119514,[1.72414847 1.12341683],1.7241484721289566,1.123416829660566,1,7,6,0.0380976200103759,1,49.0,0.0,0.0,353,barabasi,7,6,1.7143,1.3851,0.0,-0.776,0.7143,6,0.7282918383819682
watts_354,7.385602156786973,"[0.3829672733315831, 2.7484538489029284]",0.3829672733315831,2.7484538489029284,[1.72414847 1.12341683],1.7241484721289566,1.123416829660566,1,10,10,0.0786745548248291,1,80.0,0.0,0.0,354,watts,10,10,2.0,0.6325,0.0,-0.1111,0.5,10,0.7385602156786973
gnm_355,21.354792092957187,"[0.22586830763413707, 2.801887593767972]",0.225868307634137,2.801887593767972,[1.72414847 1.12341683],1.7241484721289566,1.123416829660566,1,16,35,0.1152436733245849,1,55.0,0.0,0.0,355,gnm,16,35,4.375,2.4206,0.2509,-0.2836,0.375,27,0.790918225665081
barabasi_356,12.7384479252894,"[0.3809806851813984, 2.7489360599669594]",0.3809806851813984,2.7489360599669594,[1.72414847 1.12341683],1.7241484721289566,1.123416829660566,1,19,18,0.1072323322296142,1,53.0,0.0,0.0,356,barabasi,19,18,1.8947,1.5181,0.0,-0.3074,0.6842,18,0.7076915514049666
regular_357,6.749993721274223,"[1.9632009821256866, 2.748932149681167]",1.9632009821256864,2.748932149681167,[1.72414847 1.12341683],1.7241484721289566,1.123416829660566,1,9,9,0.0562729835510253,1,50.0,0.0,0.0,357,regular,9,9,2.0,0.0,0.0,0.0,0.4444,8,0.8437492151592779
gnm_358,22.32728093490472,"[1.3911961607723382, 2.7416637871874734]",1.3911961607723382,2.7416637871874734,[1.72414847 1.12341683],1.7241484721289566,1.123416829660566,1,13,42,0.1988449096679687,1,76.0,0.0,0.0,358,gnm,13,42,6.4615,1.2779,0.5084,-0.0571,0.2308,30,0.7442426978301574
gnm_359,39.47968334895995,"[1.7468296737845845, 2.5003998240150747]",1.7468296737845843,2.5003998240150747,[1.72414847 1.12341683],1.7241484721289566,1.123416829660566,1,13,75,0.204770803451538,1,43.0,0.0,0.0,359,gnm,13,75,11.5385,0.4985,0.9587,-0.1364,0.1538,42,0.9399924606895227
watts_360,11.134985754761262,"[0.3859191824739239, 2.749109988878434]",0.3859191824739239,2.749109988878434,[1.72414847 1.12341683],1.7241484721289566,1.123416829660566,1,15,15,0.1062681674957275,1,66.0,0.0,0.0,360,watts,15,15,2.0,0.5164,0.0,-0.0714,0.4,14,0.7953561253400901
gnm_361,10.422345242169284,"[0.269706732379531, 2.7775736678639316]",0.269706732379531,2.777573667863932,[1.72414847 1.12341683],1.7241484721289566,1.123416829660566,1,9,16,0.1284346580505371,1,65.0,0.0,0.0,361,gnm,9,16,3.5556,0.8315,0.1704,-0.1,0.3333,14,0.7444532315835203
barabasi_362,24.14606770346994,"[1.3479358937646309, 2.7778942891670173]",1.3479358937646309,2.7778942891670173,[1.72414847 1.12341683],1.7241484721289566,1.123416829660566,1,17,42,0.1715760231018066,1,59.0,0.0,0.0,362,barabasi,17,42,4.9412,2.1549,0.4131,-0.2963,0.3529,33,0.7316990213172708
gnm_363,84.0002511355815,"[2.25569004017677, 3.141592653589793]",2.25569004017677,3.141592653589793,[1.72414847 1.12341683],1.7241484721289566,1.123416829660566,1,19,168,0.2587168216705322,1,20.0,0.0,0.0,363,gnm,19,168,17.6842,0.5669,0.9828,-0.115,0.1053,90,0.9333361237286832
barabasi_364,33.42308613606247,"[1.876061564543738, 2.7116165477994243]",1.876061564543738,2.7116165477994243,[1.72414847 1.12341683],1.7241484721289566,1.123416829660566,1,20,64,0.4302339553833008,1,56.0,0.0,0.0,364,barabasi,20,64,6.4,3.1369,0.4649,-0.3207,0.35,47,0.7111294922566483
barabasi_365,4.552819641850874,"[0.4197538419400893, 2.7488952764223216]",0.4197538419400893,2.7488952764223216,[1.72414847 1.12341683],1.7241484721289566,1.123416829660566,1,7,6,0.047142744064331,1,54.0,0.0,0.0,365,barabasi,7,6,1.7143,0.6999,0.0,-0.3333,0.5714,6,0.7588032736418123
barabasi_366,13.612043581351788,"[0.37565758672035443, 2.7488091738065705]",0.3756575867203544,2.7488091738065705,[1.72414847 1.12341683],1.7241484721289566,1.123416829660566,1,20,19,0.1791412830352783,1,45.0,0.0,0.0,366,barabasi,20,19,1.9,1.3,0.0,-0.2572,0.55,19,0.7164233463869362
gnm_367,28.488856990026136,"[1.3535940873144214, 2.314321996783815]",1.3535940873144214,2.314321996783815,[1.72414847 1.12341683],1.7241484721289566,1.123416829660566,1,12,55,0.1572411060333252,1,48.0,0.0,0.0,367,gnm,12,55,9.1667,1.4625,0.8419,-0.0827,0.1667,35,0.8139673425721753
barabasi_368,4.552819641850874,"[0.4197538419400893, 2.7488952764223216]",0.4197538419400893,2.7488952764223216,[1.72414847 1.12341683],1.7241484721289566,1.123416829660566,1,7,6,0.0649080276489257,1,54.0,0.0,0.0,368,barabasi,7,6,1.7143,0.6999,0.0,-0.3333,0.4286,6,0.7588032736418123
gnm_369,12.039015375310557,"[1.7305113011104858, 2.499802063984542]",1.7305113011104858,2.499802063984542,[1.72414847 1.12341683],1.7241484721289566,1.123416829660566,1,8,24,0.07981538772583,1,37.0,0.0,0.0,369,gnm,8,24,6.0,0.7071,0.8357,-0.1831,0.25,16,0.7524384609569098
watts_370,17.691180160776433,"[0.24918401028063564, 2.791544045201006]",0.2491840102806356,2.791544045201006,[1.72414847 1.12341683],1.7241484721289566,1.123416829660566,1,14,28,0.1928548812866211,1,92.0,0.0,0.0,370,watts,14,28,4.0,1.1952,0.267,0.0314,0.3571,22,0.8041445527625651
regular_371,5.249995796009898,"[1.9632009821256866, 2.748932149681167]",1.9632009821256864,2.748932149681167,[1.72414847 1.12341683],1.7241484721289566,1.123416829660566,1,7,7,0.0519533157348632,1,50.0,0.0,0.0,371,regular,7,7,2.0,0.0,0.0,0.0,0.4286,6,0.874999299334983
gnm_372,6.10797656502109,"[1.7941824520972014, 2.817480012616353]",1.7941824520972014,2.817480012616353,[1.72414847 1.12341683],1.7241484721289566,1.123416829660566,1,6,11,0.0996441841125488,1,51.0,0.0,0.0,372,gnm,6,11,3.6667,1.2472,0.7667,-0.4474,0.3333,7,0.8725680807172986
gnm_373,12.916329131796658,"[1.848350681126206, 2.682213584716563]",1.848350681126206,2.682213584716563,[1.72414847 1.12341683],1.7241484721289566,1.123416829660566,1,12,23,0.1158645153045654,1,57.0,0.0,0.0,373,gnm,12,23,3.8333,1.4044,0.4278,-0.3586,0.3333,18,0.7175738406553699
gnm_374,30.18908149189468,"[1.3760487158278094, 2.7716393775521047]",1.3760487158278094,2.7716393775521047,[1.72414847 1.12341683],1.7241484721289566,1.123416829660566,1,16,55,0.403635025024414,1,112.0,0.0,0.0,374,gnm,16,55,6.875,2.0578,0.4774,-0.2387,0.25,38,0.7944495129445969
regular_375,8.006914921269527,"[1.2803480506429712, 2.7829213494158536]",1.2803480506429712,2.7829213494158536,[1.72414847 1.12341683],1.7241484721289566,1.123416829660566,1,8,12,0.0996017456054687,1,53.0,0.0,0.0,375,regular,8,12,3.0,0.0,0.25,0.0,0.375,10,0.8006914921269527
barabasi_376,10.09623845176331,"[0.425289754539648, 2.748975525563925]",0.425289754539648,2.748975525563925,[1.72414847 1.12341683],1.7241484721289566,1.123416829660566,1,15,14,0.2253491878509521,1,65.0,0.0,0.0,376,barabasi,15,14,1.8667,1.4996,0.0,-0.4039,0.6,14,0.7211598894116651
gnm_377,14.080734875242342,"[1.7933989229191831, 2.736741575146101]",1.7933989229191831,2.736741575146101,[1.72414847 1.12341683],1.7241484721289566,1.123416829660566,1,8,25,0.1852359771728515,1,63.0,0.0,0.0,377,gnm,8,25,6.25,0.433,0.8643,-0.1905,0.25,16,0.8800459297026464
regular_378,8.006923968247065,"[1.279917595884062, 2.782906629271613]",1.279917595884062,2.782906629271613,[1.72414847 1.12341683],1.7241484721289566,1.123416829660566,1,8,12,0.1658458709716797,1,58.0,0.0,0.0,378,regular,8,12,3.0,0.0,0.25,0.0,0.375,10,0.8006923968247065
barabasi_379,19.48537242380699,"[0.2698021183233768, 2.764214044201351]",0.2698021183233768,2.764214044201351,[1.72414847 1.12341683],1.7241484721289566,1.123416829660566,1,17,30,0.3200693130493164,1,61.0,0.0,0.0,379,barabasi,17,30,3.5294,1.8188,0.1699,-0.3043,0.4706,26,0.7494374009156535
gnm_380,28.982966929314543,"[0.19502800190528952, 2.8238732156262247]",0.1950280019052895,2.8238732156262247,[1.72414847 1.12341683],1.7241484721289566,1.123416829660566,1,16,49,0.3744153976440429,1,82.0,0.0,0.0,380,gnm,16,49,6.125,1.6154,0.3991,-0.1683,0.3125,36,0.8050824147031818
gnm_381,7.110861257741135,"[0.36487530565093906, 2.7732507525834675]",0.364875305650939,2.7732507525834675,[1.72414847 1.12341683],1.7241484721289566,1.123416829660566,1,10,10,0.079172134399414,1,56.0,0.0,0.0,381,gnm,10,10,2.0,0.7746,0.1667,-0.1765,0.4,9,0.7900956953045706
regular_382,5.249995796009898,"[1.9632009821256866, 2.748932149681167]",1.9632009821256864,2.748932149681167,[1.72414847 1.12341683],1.7241484721289566,1.123416829660566,1,7,7,0.0623121261596679,1,50.0,0.0,0.0,382,regular,7,7,2.0,0.0,0.0,0.0,0.4286,6,0.874999299334983
watts_383,7.298951867567098,"[0.37840350129320255, 2.7493003961763707]",0.3784035012932025,2.7493003961763707,[1.72414847 1.12341683],1.7241484721289566,1.123416829660566,1,10,10,0.112062931060791,1,69.0,0.0,0.0,383,watts,10,10,2.0,0.8944,0.0,0.0426,0.5,10,0.7298951867567098
watts_384,13.765453771371828,"[0.24334587594558021, 2.80690270983155]",0.2433458759455802,2.80690270983155,[1.72414847 1.12341683],1.7241484721289566,1.123416829660566,1,11,22,0.2853651046752929,1,85.0,0.0,0.0,384,watts,11,22,4.0,0.8528,0.3818,-0.1131,0.3636,18,0.7647474317428793
gnm_385,12.072515054755854,"[0.28505184948752105, 2.758431787669614]",0.285051849487521,2.758431787669614,[1.72414847 1.12341683],1.7241484721289566,1.123416829660566,1,11,18,0.2323334217071533,1,59.0,0.0,0.0,385,gnm,11,18,3.2727,0.8624,0.0606,-0.3333,0.4545,16,0.7545321909222409
barabasi_386,4.369751030291809,"[0.47254999329290104, 2.7487512106119514]",0.472549993292901,2.7487512106119514,[1.72414847 1.12341683],1.7241484721289566,1.123416829660566,1,7,6,0.100029706954956,1,49.0,0.0,0.0,386,barabasi,7,6,1.7143,1.3851,0.0,-0.776,0.7143,6,0.7282918383819682
gnm_387,25.801257611677748,"[1.7826662120220433, 2.7571873042672053]",1.7826662120220431,2.7571873042672053,[1.72414847 1.12341683],1.7241484721289566,1.123416829660566,1,20,46,0.556626558303833,1,60.0,0.0,0.0,387,gnm,20,46,4.6,1.6553,0.2349,0.0697,0.4,35,0.7371787889050785
regular_388,6.749993711251591,"[1.9632009821256866, 2.748932149681167]",1.9632009821256864,2.748932149681167,[1.72414847 1.12341683],1.7241484721289566,1.123416829660566,1,9,9,0.1004698276519775,1,50.0,0.0,0.0,388,regular,9,9,2.0,0.0,0.0,0.0,0.4444,8,0.8437492139064489
gnm_389,10.645711208650027,"[1.2893198874311884, 2.494086794629204]",1.2893198874311884,2.494086794629204,[1.72414847 1.12341683],1.7241484721289566,1.123416829660566,1,7,19,0.1061391830444336,1,45.0,0.0,0.0,389,gnm,7,19,5.4286,0.4949,0.8857,-0.2667,0.2857,12,0.8871426007208356
regular_390,10.38674304030974,"[1.263423884867561, 2.7485755792034263]",1.263423884867561,2.7485755792034263,[1.72414847 1.12341683],1.7241484721289566,1.123416829660566,1,10,15,0.0813112258911132,1,56.0,0.0,0.0,390,regular,10,15,3.0,0.0,0.0,0.0,0.4,13,0.7989802338699801
regular_391,11.878437415467788,"[1.2860438980387316, 2.793639462512485]",1.2860438980387316,2.793639462512485,[1.72414847 1.12341683],1.7241484721289566,1.123416829660566,1,12,18,0.1065344810485839,1,54.0,0.0,0.0,391,regular,12,18,3.0,0.0,0.3333,0.0,0.3333,14,0.8484598153905563
watts_392,9.308249440502212,"[0.36347809227167177, 2.7713298489381026]",0.3634780922716717,2.771329848938102,[1.72414847 1.12341683],1.7241484721289566,1.123416829660566,1,13,13,0.0939888954162597,1,59.0,0.0,0.0,392,watts,13,13,2.0,0.6794,0.1795,-0.1304,0.4615,12,0.7756874533751844
regular_393,23.252335130210945,"[1.8240971204443455, 2.7749797149653848]",1.8240971204443452,2.7749797149653848,[1.72414847 1.12341683],1.7241484721289566,1.123416829660566,1,18,36,0.1499817371368408,1,55.0,0.0,0.0,393,regular,18,36,4.0,0.0,0.1667,0.0,0.3333,28,0.8304405403646766
gnm_394,23.359589434136296,"[1.379503984578671, 2.6163364694312565]",1.379503984578671,2.6163364694312565,[1.72414847 1.12341683],1.7241484721289566,1.123416829660566,1,11,45,0.1260833740234375,1,48.0,0.0,0.0,394,gnm,11,45,8.1818,1.1134,0.813,-0.1923,0.2727,28,0.8342710512191535
gnm_395,41.00016891431005,"[-2.528184072253552, 3.141592653589793]",-2.528184072253552,3.141592653589793,[1.72414847 1.12341683],1.7241484721289566,1.123416829660566,1,15,82,0.0516209602355957,1,11.0,0.0,0.0,395,gnm,15,82,10.9333,1.2365,0.7591,-0.107,0.2,52,0.7884647868136548
watts_396,6.665537458175095,"[1.8289739440176824, 2.7497246426516804]",1.8289739440176824,2.7497246426516804,[1.72414847 1.12341683],1.7241484721289566,1.123416829660566,1,6,12,0.0559213161468505,1,50.0,0.0,0.0,396,watts,6,12,4.0,0.5774,0.7278,-0.2766,0.3333,9,0.7406152731305661
barabasi_397,3.7156854182248935,"[0.4361750962271948, 2.74996334537175]",0.4361750962271948,2.74996334537175,[1.72414847 1.12341683],1.7241484721289566,1.123416829660566,1,6,5,0.0475540161132812,1,48.0,0.0,0.0,397,barabasi,6,5,1.6667,1.1055,0.0,-0.7391,0.6667,5,0.7431370836449787
gnm_398,34.318124877017624,"[1.4641581401166182, 1.8689086710509506]",1.4641581401166182,1.8689086710509504,[1.72414847 1.12341683],1.7241484721289566,1.123416829660566,1,17,68,0.2299079895019531,1,48.0,0.0,0.0,398,gnm,17,68,8.0,2.4254,0.4669,-0.0771,0.2941,49,0.7003698954493393
watts_399,12.34950613612543,"[0.37456016391940505, 2.749051068633832]",0.374560163919405,2.749051068633832,[1.72414847 1.12341683],1.7241484721289566,1.123416829660566,1,17,17,0.1449487209320068,1,95.0,0.0,0.0,399,watts,17,17,2.0,0.9701,0.0,-0.2065,0.5294,16,0.7718441335078394
barabasi_400,10.062325066177518,"[0.3878723292644589, 2.7486286319442588]",0.3878723292644589,2.7486286319442588,[1.72414847 1.12341683],1.7241484721289566,1.123416829660566,1,15,14,0.0633647441864013,1,51.0,0.0,0.0,400,barabasi,15,14,1.8667,1.3098,0.0,-0.659,0.6,14,0.7187375047269656
barabasi_401,10.6522736067331,"[0.43045765880911113, 2.7489256600451335]",0.4304576588091111,2.748925660045133,[1.72414847 1.12341683],1.7241484721289566,1.123416829660566,1,16,15,0.0782794952392578,1,54.0,0.0,0.0,401,barabasi,16,15,1.875,1.6154,0.0,-0.6768,0.625,15,0.7101515737822067
watts_402,10.553072566484971,"[0.35927558123706566, 2.7639590312954967]",0.3592755812370656,2.7639590312954967,[1.72414847 1.12341683],1.7241484721289566,1.123416829660566,1,15,15,0.0758576393127441,1,55.0,0.0,0.0,402,watts,15,15,2.0,1.2111,0.14,-0.3825,0.5333,14,0.7537908976060693
barabasi_403,12.249225228688433,"[1.0937953666675329, 1.9828985192542448]",1.0937953666675329,1.9828985192542448,[1.72414847 1.12341683],1.7241484721289566,1.123416829660566,1,13,22,0.1123766899108886,1,69.0,0.0,0.0,403,barabasi,13,22,3.3846,2.3383,0.62,-0.491,0.4615,17,0.7205426605110843
watts_404,8.098099550319603,"[1.83555450866175, 2.7235328238987266]",1.83555450866175,2.723532823898726,[1.72414847 1.12341683],1.7241484721289566,1.123416829660566,1,7,14,0.0595035552978515,1,58.0,0.0,0.0,404,watts,7,14,4.0,0.5345,0.5381,-0.0182,0.2857,10,0.8098099550319603
barabasi_405,22.65913490712004,"[0.2668475332142038, 2.783381676203282]",0.2668475332142038,2.783381676203282,[1.72414847 1.12341683],1.7241484721289566,1.123416829660566,1,20,36,0.4105210304260254,1,94.0,0.0,0.0,405,barabasi,20,36,3.6,2.5768,0.4326,-0.3387,0.45,29,0.7813494795558635
watts_406,10.980548098912594,"[1.2120961348391304, 1.9631589294589535]",1.2120961348391304,1.963158929458953,[1.72414847 1.12341683],1.7241484721289566,1.123416829660566,1,17,17,0.1607465744018554,1,81.0,0.0,0.0,406,watts,17,17,2.0,0.686,0.0,0.0058,0.4706,17,0.645914594053682
watts_407,12.466357332695225,"[0.3777435176429752, 2.74901409208353]",0.3777435176429752,2.74901409208353,[1.72414847 1.12341683],1.7241484721289566,1.123416829660566,1,17,17,0.0830168724060058,1,54.0,0.0,0.0,407,watts,17,17,2.0,0.767,0.0,-0.5241,0.5294,17,0.7333151372173662
barabasi_408,23.596113976058007,"[0.22153482977329558, 2.8107487370225304]",0.2215348297732955,2.8107487370225304,[1.72414847 1.12341683],1.7241484721289566,1.123416829660566,1,16,39,0.2767589092254638,1,112.0,0.0,0.0,408,barabasi,16,39,4.875,2.2044,0.4633,-0.216,0.375,30,0.7865371325352669
barabasi_409,7.252663794831832,"[0.3906720474930765, 2.7491233099622248]",0.3906720474930765,2.7491233099622248,[1.72414847 1.12341683],1.7241484721289566,1.123416829660566,1,11,10,0.0695559978485107,1,55.0,0.0,0.0,409,barabasi,11,10,1.8182,1.1923,0.0,-0.6092,0.5455,10,0.7252663794831833
gnm_410,34.50012172382412,"[-2.528184072253552, 3.141592653589793]",-2.528184072253552,3.141592653589793,[1.72414847 1.12341683],1.7241484721289566,1.123416829660566,1,14,69,0.0481653213500976,1,11.0,0.0,0.0,410,gnm,14,69,9.8571,1.3553,0.761,-0.2183,0.2143,44,0.7840936755414574
watts_411,13.467727115595524,"[1.8677181414950963, 2.6933959776345646]",1.8677181414950963,2.6933959776345646,[1.72414847 1.12341683],1.7241484721289566,1.123416829660566,1,13,26,0.2022888660430908,1,108.0,0.0,0.0,411,watts,13,26,4.0,0.6794,0.3846,-0.1155,0.3077,20,0.6733863557797762
barabasi_412,9.944123076858665,"[0.42334894259634387, 2.7490803759784326]",0.4233489425963438,2.749080375978433,[1.72414847 1.12341683],1.7241484721289566,1.123416829660566,1,15,14,0.0697860717773437,1,49.0,0.0,0.0,412,barabasi,15,14,1.8667,1.6275,0.0,-0.5091,0.6667,14,0.7102945054899046
barabasi_413,7.900347811775987,"[0.39012199672652026, 2.7485005621527137]",0.3901219967265202,2.7485005621527137,[1.72414847 1.12341683],1.7241484721289566,1.123416829660566,1,12,11,0.0608320236206054,1,48.0,0.0,0.0,413,barabasi,12,11,1.8333,1.3437,0.0,-0.5365,0.5833,11,0.7182134374341806
gnm_414,45.15730269393397,"[1.7116238386534683, 2.8598553914337073]",1.7116238386534683,2.8598553914337077,[1.72414847 1.12341683],1.7241484721289566,1.123416829660566,1,16,83,0.2394201755523681,1,45.0,0.0,0.0,414,gnm,16,83,10.375,1.5762,0.6823,-0.0018,0.1875,52,0.868409667191038
barabasi_415,10.062324973642658,"[0.3878723292644589, 2.7486286319442588]",0.3878723292644589,2.7486286319442588,[1.72414847 1.12341683],1.7241484721289566,1.123416829660566,1,15,14,0.0737433433532714,1,51.0,0.0,0.0,415,barabasi,15,14,1.8667,1.3098,0.0,-0.3971,0.5333,14,0.7187374981173328
regular_416,7.499991780035588,"[1.9632009821256866, 2.748932149681167]",1.9632009821256864,2.748932149681167,[1.72414847 1.12341683],1.7241484721289566,1.123416829660566,1,10,10,0.0489072799682617,1,50.0,0.0,0.0,416,regular,10,10,2.0,0.0,0.0,0.0,0.5,10,0.7499991780035588
regular_417,21.8392987018547,"[1.8222744943386848, 2.7811741351107058]",1.8222744943386848,2.7811741351107058,[1.72414847 1.12341683],1.7241484721289566,1.123416829660566,1,17,34,0.1273591518402099,1,53.0,0.0,0.0,417,regular,17,34,4.0,0.0,0.2059,0.0,0.3529,26,0.8399730269944115
regular_418,11.28716898174207,"[1.8127610950600745, 2.807806310733552]",1.8127610950600743,2.807806310733552,[1.72414847 1.12341683],1.7241484721289566,1.123416829660566,1,9,18,0.0743007659912109,1,51.0,0.0,0.0,418,regular,9,18,4.0,0.0,0.3889,0.0,0.3333,14,0.8062263558387193
barabasi_419,5.050539687508717,"[1.1485314140404954, 2.748922249340705]",1.1485314140404954,2.748922249340705,[1.72414847 1.12341683],1.7241484721289566,1.123416829660566,1,8,7,0.0519609451293945,1,54.0,0.0,0.0,419,barabasi,8,7,1.75,1.3919,0.0,-0.7386,0.75,7,0.7215056696441025
watts_420,11.560619329061185,"[1.8157011421742848, 2.797704070970312]",1.8157011421742848,2.797704070970312,[1.72414847 1.12341683],1.7241484721289566,1.123416829660566,1,10,20,0.0675554275512695,1,47.0,0.0,0.0,420,watts,10,20,4.0,1.0,0.4367,-0.1733,0.4,16,0.722538708066324
watts_421,23.400828187641476,"[1.8230406301134738, 2.7764593832395077]",1.8230406301134736,2.776459383239508,[1.72414847 1.12341683],1.7241484721289566,1.123416829660566,1,20,40,0.2508783340454101,1,53.0,0.0,0.0,421,watts,20,40,4.0,1.0,0.235,-0.12,0.3,31,0.7548654254077896
watts_422,17.642682467720608,"[0.25000177892551756, 2.7966345880821155]",0.2500017789255175,2.7966345880821155,[1.72414847 1.12341683],1.7241484721289566,1.123416829660566,1,14,28,0.1681184768676757,1,87.0,0.0,0.0,422,watts,14,28,4.0,1.1339,0.3014,0.0467,0.2857,22,0.8019401121691185
barabasi_423,3.804794268668047,"[0.4278633552465536, 2.7485890078517894]",0.4278633552465536,2.7485890078517894,[1.72414847 1.12341683],1.7241484721289566,1.123416829660566,1,6,5,0.0442438125610351,1,54.0,0.0,0.0,423,barabasi,6,5,1.6667,0.7454,0.0,-0.3333,0.5,5,0.7609588537336094
watts_424,14.628830901878516,"[0.3777137188337773, 2.7495123088014104]",0.3777137188337773,2.7495123088014104,[1.72414847 1.12341683],1.7241484721289566,1.123416829660566,1,20,20,0.2360424995422363,1,58.0,0.0,0.0,424,watts,20,20,2.0,0.8367,0.0,0.1065,0.5,19,0.7699384685199219
watts_425,4.127233935781987,"[0.349575027192943, 2.7848036899955657]",0.349575027192943,2.7848036899955657,[1.72414847 1.12341683],1.7241484721289566,1.123416829660566,1,6,6,0.0497701168060302,1,54.0,0.0,0.0,425,watts,6,6,2.0,1.1547,0.25,-0.68,0.6667,5,0.8254467871563975
barabasi_426,10.002754301330883,"[0.4110402083385423, 2.7487142606316493]",0.4110402083385423,2.7487142606316493,[1.72414847 1.12341683],1.7241484721289566,1.123416829660566,1,15,14,0.0729310512542724,1,48.0,0.0,0.0,426,barabasi,15,14,1.8667,1.4996,0.0,-0.4255,0.6667,14,0.7144824500950631
regular_427,25.80525602203715,"[1.8243044414864373, 2.7767411653011473]",1.8243044414864371,2.776741165301148,[1.72414847 1.12341683],1.7241484721289566,1.123416829660566,1,20,40,0.4328620433807373,1,78.0,0.0,0.0,427,regular,20,40,4.0,0.0,0.175,0.0,0.35,32,0.8064142506886609
regular_428,10.386758720575472,"[1.263131895266298, 2.748709696710814]",1.263131895266298,2.748709696710814,[1.72414847 1.12341683],1.7241484721289566,1.123416829660566,1,10,15,0.1018140316009521,1,63.0,0.0,0.0,428,regular,10,15,3.0,0.0,0.0,0.0,0.5,15,0.6924505813716981
barabasi_429,13.530807627031772,"[1.8779190658852993, 2.742998993988962]",1.8779190658852996,2.742998993988962,[1.72414847 1.12341683],1.7241484721289566,1.123416829660566,1,13,22,0.1119284629821777,1,69.0,0.0,0.0,429,barabasi,13,22,3.3846,1.3889,0.3608,-0.303,0.3846,18,0.7517115348350984
regular_430,8.249990863123344,"[1.9632009821256866, 2.748932149681167]",1.9632009821256864,2.748932149681167,[1.72414847 1.12341683],1.7241484721289566,1.123416829660566,1,11,11,0.0697684288024902,1,50.0,0.0,0.0,430,regular,11,11,2.0,0.0,0.0,0.0,0.4545,10,0.8249990863123344
regular_431,24.86339890599339,"[1.828688611290433, 2.7624445784994944]",1.828688611290433,2.7624445784994944,[1.72414847 1.12341683],1.7241484721289566,1.123416829660566,1,19,38,0.21372652053833,1,49.0,0.0,0.0,431,regular,19,38,4.0,0.0,0.0789,0.0,0.3158,30,0.828779963533113
regular_432,23.63914899468852,"[1.8299593429264036, 2.7567187674250513]",1.829959342926404,2.7567187674250517,[1.72414847 1.12341683],1.7241484721289566,1.123416829660566,1,18,36,0.1643052101135254,1,51.0,0.0,0.0,432,regular,18,36,4.0,0.0,0.0556,0.0,0.3333,30,0.7879716331562839
regular_433,22.117703488607383,"[1.8272644023718496, 2.767676057258904]",1.8272644023718496,2.767676057258904,[1.72414847 1.12341683],1.7241484721289566,1.123416829660566,1,17,34,0.1674160957336425,1,52.0,0.0,0.0,433,regular,17,34,4.0,0.0,0.1176,0.0,0.3529,26,0.8506809034079763
gnm_434,37.19371322466684,"[1.7402258688767405, 2.6578694964018554]",1.7402258688767405,2.6578694964018554,[1.72414847 1.12341683],1.7241484721289566,1.123416829660566,1,17,73,0.1752336025238037,1,40.0,0.0,0.0,434,gnm,17,73,8.5882,1.7842,0.5362,-0.0601,0.2353,49,0.7590553719319763
watts_435,8.829148459172247,"[0.38036646884016845, 2.7491198843559266]",0.3803664688401684,2.7491198843559266,[1.72414847 1.12341683],1.7241484721289566,1.123416829660566,1,12,12,0.0966935157775878,1,80.0,0.0,0.0,435,watts,12,12,2.0,0.7071,0.0,-0.1429,0.5,12,0.7357623715976872
barabasi_436,6.71033762611286,"[0.4079959682959477, 2.7490313279294867]",0.4079959682959477,2.7490313279294867,[1.72414847 1.12341683],1.7241484721289566,1.123416829660566,1,10,9,0.0750391483306884,1,70.0,0.0,0.0,436,barabasi,10,9,1.8,0.8718,0.0,-0.2558,0.5,9,0.7455930695680956
watts_437,8.66036142313475,"[0.3755330162715558, 2.7694936451330365]",0.3755330162715558,2.7694936451330365,[1.72414847 1.12341683],1.7241484721289566,1.123416829660566,1,12,12,0.1078608036041259,1,91.0,0.0,0.0,437,watts,12,12,2.0,0.5774,0.1389,0.1818,0.5,11,0.787305583921341
gnm_438,21.10836255094841,"[1.7924978765260096, 2.796360883501163]",1.7924978765260096,2.796360883501163,[1.72414847 1.12341683],1.7241484721289566,1.123416829660566,1,14,41,0.1567568778991699,1,52.0,0.0,0.0,438,gnm,14,41,5.8571,1.7261,0.4416,-0.2102,0.2857,29,0.727874570722359
barabasi_439,3.742259952239692,"[1.1500865139098657, 2.7486806973731306]",1.1500865139098655,2.7486806973731306,[1.72414847 1.12341683],1.7241484721289566,1.123416829660566,1,6,5,0.0509877204895019,1,56.0,0.0,0.0,439,barabasi,6,5,1.6667,0.9428,0.0,-0.6667,0.5,5,0.7484519904479384
gnm_440,58.00036212406394,"[-2.528184072253552, 3.141592653589793]",-2.528184072253552,3.141592653589793,[1.72414847 1.12341683],1.7241484721289566,1.123416829660566,1,17,116,0.1243641376495361,1,14.0,0.0,0.0,440,gnm,17,116,13.6471,0.836,0.8393,-0.0928,0.1765,70,0.828576601772342
watts_441,9.325120644058188,"[1.8310044499704567, 2.7469761283707426]",1.8310044499704567,2.7469761283707426,[1.72414847 1.12341683],1.7241484721289566,1.123416829660566,1,8,16,0.0965516567230224,1,53.0,0.0,0.0,441,watts,8,16,4.0,0.5,0.5625,-0.0159,0.25,12,0.777093387004849
barabasi_442,7.107645653721221,"[0.41109231226889253, 2.7486388317874177]",0.4110923122688925,2.7486388317874177,[1.72414847 1.12341683],1.7241484721289566,1.123416829660566,1,11,10,0.0622029304504394,1,54.0,0.0,0.0,442,barabasi,11,10,1.8182,1.5266,0.0,-0.6531,0.7273,10,0.7107645653721221
gnm_443,21.50004465796519,"[-2.528184072253552, 3.141592653589793]",-2.528184072253552,3.141592653589793,[1.72414847 1.12341683],1.7241484721289566,1.123416829660566,1,10,43,0.0356464385986328,1,11.0,0.0,0.0,443,gnm,10,43,8.6,0.6633,0.9611,-0.2524,0.2,25,0.8600017863186076
barabasi_444,3.804784044004919,"[0.42722567111000204, 2.7495310806513693]",0.427225671110002,2.7495310806513693,[1.72414847 1.12341683],1.7241484721289566,1.123416829660566,1,6,5,0.0488953590393066,1,48.0,0.0,0.0,444,barabasi,6,5,1.6667,0.7454,0.0,-0.3333,0.5,5,0.7609568088009838
regular_445,19.285769793258844,"[1.8225512712477228, 2.7809559353503808]",1.8225512712477228,2.7809559353503808,[1.72414847 1.12341683],1.7241484721289566,1.123416829660566,1,15,30,0.1122577190399169,1,50.0,0.0,0.0,445,regular,15,30,4.0,0.0,0.2,0.0,0.3333,24,0.8035737413857852
gnm_446,26.82185480492076,"[1.3561740743393735, 2.733526123620769]",1.3561740743393735,2.733526123620769,[1.72414847 1.12341683],1.7241484721289566,1.123416829660566,1,17,48,0.1735990047454834,1,52.0,0.0,0.0,446,gnm,17,48,5.6471,1.7803,0.3095,-0.1616,0.2941,36,0.74505152235891
gnm_447,59.50037294438198,"[-2.528184072253552, 3.141592653589793]",-2.528184072253552,3.141592653589793,[1.72414847 1.12341683],1.7241484721289566,1.123416829660566,1,19,119,0.1536204814910888,1,14.0,0.0,0.0,447,gnm,19,119,12.5263,1.8171,0.7112,-0.1398,0.1579,73,0.8150736019778353
watts_448,8.098099771494162,"[1.83555450866175, 2.7235328238987266]",1.83555450866175,2.723532823898726,[1.72414847 1.12341683],1.7241484721289566,1.123416829660566,1,7,14,0.0796945095062255,1,58.0,0.0,0.0,448,watts,7,14,4.0,0.5345,0.5381,-0.0182,0.2857,10,0.8098099771494163
watts_449,12.333204251122872,"[1.2956799873374818, 2.2762116336313607]",1.2956799873374818,2.2762116336313607,[1.72414847 1.12341683],1.7241484721289566,1.123416829660566,1,12,24,0.1393616199493408,1,62.0,0.0,0.0,449,watts,12,24,4.0,0.7071,0.3889,-0.2043,0.3333,20,0.6166602125561436
regular_450,16.45612710215028,"[1.2669943778160153, 2.757801760347787]",1.266994377816015,2.757801760347787,[1.72414847 1.12341683],1.7241484721289566,1.123416829660566,1,16,24,0.1654310226440429,1,71.0,0.0,0.0,450,regular,16,24,3.0,0.0,0.0625,0.0,0.4375,22,0.7480057773704673
gnm_451,94.50103571061732,"[-2.528184072253552, 3.141592653589793]",-2.528184072253552,3.141592653589793,[1.72414847 1.12341683],1.7241484721289566,1.123416829660566,1,20,189,0.3253083229064941,1,14.0,0.0,0.0,451,gnm,20,189,18.9,0.3,0.9947,-0.1053,0.1,100,0.9450103571061732
gnm_452,12.261415863899726,"[0.3057835312772075, 2.757926893824454]",0.3057835312772075,2.757926893824454,[1.72414847 1.12341683],1.7241484721289566,1.123416829660566,1,13,18,0.114997386932373,1,55.0,0.0,0.0,452,gnm,13,18,2.7692,1.12,0.059,-0.1934,0.4615,17,0.7212597566999839
gnm_453,58.50001383762629,"[1.1926069040811433, 3.141592653589793]",1.1926069040811431,3.141592653589793,[1.72414847 1.12341683],1.7241484721289566,1.123416829660566,1,16,117,0.0852053165435791,1,13.0,0.0,0.0,453,gnm,16,117,14.625,0.5995,0.9754,-0.1354,0.125,64,0.9140627162129108
barabasi_454,6.561020620818681,"[0.39939961906841154, 2.7493613348784534]",0.3993996190684115,2.7493613348784534,[1.72414847 1.12341683],1.7241484721289566,1.123416829660566,1,10,9,0.0635116100311279,1,55.0,0.0,0.0,454,barabasi,10,9,1.8,1.1662,0.0,-0.4178,0.5,9,0.7290022912020757
barabasi_455,5.077543552441057,"[0.6264348042933163, 2.7492292176038093]",0.6264348042933163,2.7492292176038093,[1.72414847 1.12341683],1.7241484721289566,1.123416829660566,1,8,7,0.0440640449523925,1,46.0,0.0,0.0,455,barabasi,8,7,1.75,1.6394,0.0,-0.8007,0.75,7,0.7253633646344367
barabasi_456,3.742259952239692,"[1.1500865139098657, 2.7486806973731306]",1.1500865139098655,2.7486806973731306,[1.72414847 1.12341683],1.7241484721289566,1.123416829660566,1,6,5,0.0538761615753173,1,56.0,0.0,0.0,456,barabasi,6,5,1.6667,0.9428,0.0,-0.6667,0.5,5,0.7484519904479384
barabasi_457,11.331755578854818,"[0.563840829351574, 2.749629219950502]",0.563840829351574,2.749629219950502,[1.72414847 1.12341683],1.7241484721289566,1.123416829660566,1,17,16,0.0844802856445312,1,43.0,0.0,0.0,457,barabasi,17,16,1.8824,2.0258,0.0,-0.542,0.6471,16,0.7082347236784261
regular_458,20.890956418158467,"[1.8281263407660668, 2.7640085080456807]",1.8281263407660668,2.7640085080456807,[1.72414847 1.12341683],1.7241484721289566,1.123416829660566,1,16,32,0.2309143543243408,1,92.0,0.0,0.0,458,regular,16,32,4.0,0.0,0.0938,0.0,0.375,26,0.8034983237753257
barabasi_459,22.951891428334875,"[0.27268418324180965, 2.772832800898203]",0.2726841832418096,2.772832800898203,[1.72414847 1.12341683],1.7241484721289566,1.123416829660566,1,20,36,0.6172745227813721,1,137.0,0.0,0.0,459,barabasi,20,36,3.6,2.3324,0.3126,-0.234,0.45,29,0.7914445320115474
watts_460,9.661079378465727,"[1.8095353645779593, 2.6775506400292297]",1.8095353645779595,2.6775506400292297,[1.72414847 1.12341683],1.7241484721289566,1.123416829660566,1,9,18,0.065462589263916,1,48.0,0.0,0.0,460,watts,9,18,4.0,0.9428,0.4519,-0.2699,0.3333,14,0.6900770984618376
regular_461,6.749993711251591,"[1.9632009821256866, 2.748932149681167]",1.9632009821256864,2.748932149681167,[1.72414847 1.12341683],1.7241484721289566,1.123416829660566,1,9,9,0.0604360103607177,1,50.0,0.0,0.0,461,regular,9,9,2.0,0.0,0.0,0.0,0.4444,8,0.8437492139064489
regular_462,18.24300367288907,"[1.8275614738076762, 2.766211819793072]",1.827561473807676,2.766211819793072,[1.72414847 1.12341683],1.7241484721289566,1.123416829660566,1,14,28,0.1407685279846191,1,64.0,0.0,0.0,462,regular,14,28,4.0,0.0,0.1071,0.0,0.3571,22,0.8292274396767759
gnm_463,10.90194346230237,"[1.8483237016919587, 2.654033396025601]",1.8483237016919587,2.654033396025601,[1.72414847 1.12341683],1.7241484721289566,1.123416829660566,1,10,20,0.1340045928955078,1,68.0,0.0,0.0,463,gnm,10,20,4.0,1.0954,0.39,-0.3964,0.3,15,0.726796230820158
gnm_464,15.400941417615272,"[1.3483628024908478, 2.773034633363947]",1.3483628024908478,2.773034633363947,[1.72414847 1.12341683],1.7241484721289566,1.123416829660566,1,10,27,0.1098964214324951,1,52.0,0.0,0.0,464,gnm,10,27,5.4,1.1136,0.5929,-0.2288,0.3,19,0.8105758640850143
gnm_465,6.759892443521721,"[0.3217688174387645, 2.79274521627533]",0.3217688174387645,2.79274521627533,[1.72414847 1.12341683],1.7241484721289566,1.123416829660566,1,9,10,0.0646350383758544,1,56.0,0.0,0.0,465,gnm,9,10,2.2222,1.0304,0.2963,-0.4286,0.5556,9,0.7510991603913024
regular_466,13.499980000594784,"[1.9633901687532234, 2.749480627093167]",1.9633901687532236,2.749480627093167,[1.72414847 1.12341683],1.7241484721289566,1.123416829660566,1,18,18,0.0984301567077636,1,52.0,0.0,0.0,466,regular,18,18,2.0,0.0,0.0,0.0,0.4444,18,0.7499988889219324
watts_467,12.963265153408742,"[1.821907257902601, 2.787203234596899]",1.821907257902601,2.787203234596899,[1.72414847 1.12341683],1.7241484721289566,1.123416829660566,1,11,22,0.101262092590332,1,52.0,0.0,0.0,467,watts,11,22,4.0,0.4264,0.4667,-0.0115,0.2727,16,0.8102040720880463
regular_468,9.94177110802002,"[1.2832442988316237, 2.7898196377856115]",1.2832442988316235,2.7898196377856115,[1.72414847 1.12341683],1.7241484721289566,1.123416829660566,1,10,15,0.0676171779632568,1,53.0,0.0,0.0,468,regular,10,15,3.0,0.0,0.3,0.0,0.4,13,0.7647516236938477
barabasi_469,11.100888919407108,"[1.1342081815597256, 1.9982917675305372]",1.1342081815597256,1.9982917675305367,[1.72414847 1.12341683],1.7241484721289566,1.123416829660566,1,12,20,0.0963032245635986,1,56.0,0.0,0.0,469,barabasi,12,20,3.3333,2.357,0.5731,-0.5026,0.5,16,0.6938055574629443
barabasi_470,9.294220548117377,"[0.40029562792313356, 2.749130735878793]",0.4002956279231335,2.749130735878793,[1.72414847 1.12341683],1.7241484721289566,1.123416829660566,1,14,13,0.0862088203430175,1,59.0,0.0,0.0,470,barabasi,14,13,1.8571,1.4569,0.0,-0.4082,0.5714,13,0.7149400421628751
watts_471,11.195347147688553,"[0.23970053999377988, 2.81115369586714]",0.2397005399937798,2.81115369586714,[1.72414847 1.12341683],1.7241484721289566,1.123416829660566,1,9,18,0.0926766395568847,1,60.0,0.0,0.0,471,watts,9,18,4.0,1.0541,0.4667,-0.3419,0.3333,14,0.7996676534063252
barabasi_472,6.450447174942383,"[0.44483195532707653, 2.748755382770018]",0.4448319553270765,2.748755382770018,[1.72414847 1.12341683],1.7241484721289566,1.123416829660566,1,10,9,0.0509960651397705,1,48.0,0.0,0.0,472,barabasi,10,9,1.8,1.5362,0.0,-0.5995,0.6,9,0.7167163527713759
watts_473,6.290974580985221,"[0.3699546886049233, 2.7701824405712294]",0.3699546886049233,2.7701824405712294,[1.72414847 1.12341683],1.7241484721289566,1.123416829660566,1,9,9,0.0587701797485351,1,53.0,0.0,0.0,473,watts,9,9,2.0,1.2472,0.1593,-0.4595,0.6667,8,0.7863718226231526
regular_474,5.249995780060999,"[1.9632009821256866, 2.748932149681167]",1.9632009821256864,2.748932149681167,[1.72414847 1.12341683],1.7241484721289566,1.123416829660566,1,7,7,0.0544636249542236,1,50.0,0.0,0.0,474,regular,7,7,2.0,0.0,0.0,0.0,0.4286,6,0.8749992966768332
gnm_475,36.930689037595016,"[1.741613130367968, 2.679466116363785]",1.741613130367968,2.679466116363785,[1.72414847 1.12341683],1.7241484721289566,1.123416829660566,1,18,71,0.5749650001525879,1,106.0,0.0,0.0,475,gnm,18,71,7.8889,1.8224,0.4727,-0.0978,0.2778,48,0.7693893549498961
gnm_476,31.04121795236896,"[0.17377766750640022, 2.8508556721544354]",0.1737776675064002,2.850855672154436,[1.72414847 1.12341683],1.7241484721289566,1.123416829660566,1,15,54,0.2533326148986816,1,74.0,0.0,0.0,476,gnm,15,54,7.2,1.833,0.5493,-0.2237,0.3333,37,0.8389518365505124
gnm_477,25.385993706998303,"[1.3794431232747728, 2.6071107785581313]",1.3794431232747728,2.607110778558132,[1.72414847 1.12341683],1.7241484721289566,1.123416829660566,1,11,49,0.1283864974975586,1,48.0,0.0,0.0,477,gnm,11,49,8.9091,0.668,0.8776,-0.1406,0.1818,30,0.8461997902332767
regular_478,25.992579540451636,"[1.8260495892253097, 2.7686816873972573]",1.8260495892253097,2.7686816873972573,[1.72414847 1.12341683],1.7241484721289566,1.123416829660566,1,20,40,0.3170835971832275,1,54.0,0.0,0.0,478,regular,20,40,4.0,0.0,0.125,0.0,0.3,32,0.8122681106391136
watts_479,5.207224807563762,"[1.247750953822723, 1.9633614098349665]",1.247750953822723,1.9633614098349663,[1.72414847 1.12341683],1.7241484721289566,1.123416829660566,1,8,8,0.1030049324035644,1,92.0,0.0,0.0,479,watts,8,8,2.0,0.866,0.0,-0.3968,0.625,8,0.6509031009454702
barabasi_480,6.459235749412528,"[0.4032260690675029, 2.7489031245548796]",0.4032260690675029,2.74890312455488,[1.72414847 1.12341683],1.7241484721289566,1.123416829660566,1,10,9,0.0648694038391113,1,51.0,0.0,0.0,480,barabasi,10,9,1.8,1.4,0.0,-0.5992,0.7,9,0.7176928610458364
watts_481,6.767737751069944,"[1.883126375312981, 2.6622802236692062]",1.883126375312981,2.6622802236692062,[1.72414847 1.12341683],1.7241484721289566,1.123416829660566,1,6,12,0.0500891208648681,1,52.0,0.0,0.0,481,watts,6,12,4.0,1.0,0.9,-0.4545,0.3333,8,0.845967218883743
watts_482,7.308583348845332,"[1.1724049307093642, 1.9635369872372923]",1.1724049307093642,1.9635369872372923,[1.72414847 1.12341683],1.7241484721289566,1.123416829660566,1,11,11,0.0718886852264404,1,61.0,0.0,0.0,482,watts,11,11,2.0,0.4264,0.0,-0.0476,0.5455,11,0.6644166680768483
watts_483,14.077809411831804,"[0.38497820307283337, 2.748924316079708]",0.3849782030728333,2.748924316079708,[1.72414847 1.12341683],1.7241484721289566,1.123416829660566,1,19,19,0.213268756866455,1,76.0,0.0,0.0,483,watts,19,19,2.0,0.562,0.0,-0.0857,0.5263,19,0.7409373374648318
barabasi_484,6.488975264864621,"[1.172542333054238, 2.749285766282767]",1.172542333054238,2.749285766282767,[1.72414847 1.12341683],1.7241484721289566,1.123416829660566,1,10,9,0.0531737804412841,1,54.0,0.0,0.0,484,barabasi,10,9,1.8,1.3266,0.0,-0.6981,0.6,9,0.7209972516516245
gnm_485,57.50035478269547,"[-2.528184072253552, 3.141592653589793]",-2.528184072253552,3.141592653589793,[1.72414847 1.12341683],1.7241484721289566,1.123416829660566,1,17,115,0.1230912208557128,1,14.0,0.0,0.0,485,gnm,17,115,13.5294,1.719,0.8616,-0.0902,0.1765,67,0.858214250487992
gnm_486,25.19228088923615,"[0.18884630624388243, 2.836431171195766]",0.1888463062438824,2.836431171195766,[1.72414847 1.12341683],1.7241484721289566,1.123416829660566,1,14,43,0.1780688762664795,1,58.0,0.0,0.0,486,gnm,14,43,6.1429,1.767,0.5202,-0.1091,0.2857,32,0.7872587777886297
gnm_487,13.500018135644495,"[-2.528184072253552, 3.141592653589793]",-2.528184072253552,3.141592653589793,[1.72414847 1.12341683],1.7241484721289566,1.123416829660566,1,10,27,0.0256476402282714,1,11.0,0.0,0.0,487,gnm,10,27,5.4,0.9165,0.5014,-0.0946,0.3,20,0.6750009067822248
barabasi_488,6.548747155666263,"[0.40904546258114516, 2.7493053892573167]",0.4090454625811451,2.7493053892573167,[1.72414847 1.12341683],1.7241484721289566,1.123416829660566,1,10,9,0.0617668628692626,1,46.0,0.0,0.0,488,barabasi,10,9,1.8,1.249,0.0,-0.5217,0.6,9,0.727638572851807
watts_489,15.770728385317058,"[1.8168397188230563, 2.8179059551113035]",1.8168397188230565,2.8179059551113035,[1.72414847 1.12341683],1.7241484721289566,1.123416829660566,1,15,30,0.1102790832519531,1,46.0,0.0,0.0,489,watts,15,30,4.0,0.6325,0.3933,-0.1966,0.4,23,0.685683842839872
gnm_490,6.168974466854706,"[0.24648887229244426, 2.838001757233937]",0.2464888722924442,2.838001757233937,[1.72414847 1.12341683],1.7241484721289566,1.123416829660566,1,6,10,0.0575566291809082,1,58.0,0.0,0.0,490,gnm,6,10,3.3333,1.2472,0.8333,-0.6667,0.5,8,0.7711218083568383
watts_491,18.45250378641441,"[1.9122404645285704, 2.7509891036644145]",1.9122404645285704,2.7509891036644145,[1.72414847 1.12341683],1.7241484721289566,1.123416829660566,1,17,34,0.1403553485870361,1,45.0,0.0,0.0,491,watts,17,34,4.0,1.1376,0.2672,-0.1197,0.4118,27,0.6834260661634967
barabasi_492,4.463127685091422,"[0.42274214377390923, 2.7490476091705185]",0.4227421437739092,2.7490476091705185,[1.72414847 1.12341683],1.7241484721289566,1.123416829660566,1,7,6,0.0447793006896972,1,61.0,0.0,0.0,492,barabasi,7,6,1.7143,1.0302,0.0,-0.5,0.5714,6,0.7438546141819037
regular_493,16.31502241002915,"[1.8134755902536326, 2.8073661871837357]",1.8134755902536328,2.807366187183736,[1.72414847 1.12341683],1.7241484721289566,1.123416829660566,1,13,26,0.1082334518432617,1,56.0,0.0,0.0,493,regular,13,26,4.0,0.0,0.3846,0.0,0.3077,20,0.8157511205014576
barabasi_494,3.742259952239692,"[1.1500865139098657, 2.7486806973731306]",1.1500865139098655,2.7486806973731306,[1.72414847 1.12341683],1.7241484721289566,1.123416829660566,1,6,5,0.0414457321166992,1,56.0,0.0,0.0,494,barabasi,6,5,1.6667,0.9428,0.0,-0.6667,0.5,5,0.7484519904479384
watts_495,9.63517148432746,"[0.38541474889369476, 2.7484776795770784]",0.3854147488936947,2.7484776795770784,[1.72414847 1.12341683],1.7241484721289566,1.123416829660566,1,13,13,0.1054410934448242,1,76.0,0.0,0.0,495,watts,13,13,2.0,0.5547,0.0,-0.0833,0.5385,13,0.7411670372559584
gnm_496,6.499999211169779,"[1.1926069040811438, 3.141592653589793]",1.1926069040811438,3.141592653589793,[1.72414847 1.12341683],1.7241484721289566,1.123416829660566,1,6,13,0.0092482566833496,1,11.0,0.0,0.0,496,gnm,6,13,4.3333,0.7454,0.9,-0.4444,0.3333,9,0.72222213457442
gnm_497,10.48306369797886,"[0.2965571559465695, 2.787752726155021]",0.2965571559465695,2.787752726155021,[1.72414847 1.12341683],1.7241484721289566,1.123416829660566,1,12,16,0.0939142704010009,1,55.0,0.0,0.0,497,gnm,12,16,2.6667,1.4907,0.1917,-0.4333,0.5833,13,0.806389515229143
barabasi_498,7.197114609800394,"[0.42498828361245433, 2.7489894846371477]",0.4249882836124543,2.748989484637148,[1.72414847 1.12341683],1.7241484721289566,1.123416829660566,1,11,10,0.0640323162078857,1,52.0,0.0,0.0,498,barabasi,11,10,1.8182,1.4659,0.0,-0.4651,0.6364,10,0.7197114609800395
watts_499,4.442647811771167,"[0.38484046400795224, 2.74928006936028]",0.3848404640079522,2.74928006936028,[1.72414847 1.12341683],1.7241484721289566,1.123416829660566,1,6,6,0.1035342216491699,1,77.0,0.0,0.0,499,watts,6,6,2.0,0.5774,0.0,-0.0909,0.5,6,0.7404413019618611
barabasi_500,9.944120744221726,"[0.4227490880863194, 2.749456743620065]",0.4227490880863194,2.749456743620065,[1.72414847 1.12341683],1.7241484721289566,1.123416829660566,1,15,14,0.1166577339172363,1,47.0,0.0,0.0,500,barabasi,15,14,1.8667,1.6275,0.0,-0.4837,0.6667,14,0.7102943388729804
gnm_501,81.91725710255888,"[1.4191983415058207, 2.516078603495275]",1.4191983415058207,2.516078603495275,[1.72414847 1.12341683],1.7241484721289566,1.123416829660566,1,19,160,1.7696268558502195,1,116.0,0.0,0.0,501,gnm,19,160,16.8421,0.9326,0.9349,-0.0991,0.1053,90,0.9101917455839875
regular_502,5.249995764970663,"[1.9632009821256866, 2.748932149681167]",1.9632009821256864,2.748932149681167,[1.72414847 1.12341683],1.7241484721289566,1.123416829660566,1,7,7,0.0472986698150634,1,50.0,0.0,0.0,502,regular,7,7,2.0,0.0,0.0,0.0,0.4286,6,0.8749992941617771
barabasi_503,4.463127891824115,"[0.42274214377390923, 2.7490476091705185]",0.4227421437739092,2.7490476091705185,[1.72414847 1.12341683],1.7241484721289566,1.123416829660566,1,7,6,0.070493459701538,1,61.0,0.0,0.0,503,barabasi,7,6,1.7143,1.0302,0.0,-0.7143,0.5714,6,0.7438546486373525
gnm_504,11.754099721262389,"[1.8112901367461256, 2.761177449501343]",1.8112901367461256,2.761177449501343,[1.72414847 1.12341683],1.7241484721289566,1.123416829660566,1,12,21,0.0894773006439209,1,51.0,0.0,0.0,504,gnm,12,21,3.5,1.0408,0.2944,-0.2679,0.3333,17,0.6914176306624934
watts_505,10.1178348984775,"[1.168463283931004, 1.9641887464542516]",1.168463283931004,1.964188746454252,[1.72414847 1.12341683],1.7241484721289566,1.123416829660566,1,16,16,0.1220405101776123,1,52.0,0.0,0.0,505,watts,16,16,2.0,0.5,0.0,-0.0667,0.4375,15,0.6745223265651668
barabasi_506,5.815892659447854,"[0.6568242445176056, 2.7483949287732896]",0.6568242445176056,2.7483949287732896,[1.72414847 1.12341683],1.7241484721289566,1.123416829660566,1,9,8,0.0546529293060302,1,45.0,0.0,0.0,506,barabasi,9,8,1.7778,1.8725,0.0,-0.8195,0.7778,8,0.7269865824309818
barabasi_507,6.478150872324932,"[0.5628224783661434, 2.748837685811333]",0.5628224783661434,2.748837685811333,[1.72414847 1.12341683],1.7241484721289566,1.123416829660566,1,10,9,0.0505757331848144,1,47.0,0.0,0.0,507,barabasi,10,9,1.8,1.7776,0.0,-0.6758,0.7,9,0.7197945413694369
watts_508,8.667131370748393,"[1.8065186608510504, 2.8234109919153263]",1.8065186608510504,2.8234109919153263,[1.72414847 1.12341683],1.7241484721289566,1.123416829660566,1,7,14,0.0528898239135742,1,43.0,0.0,0.0,508,watts,7,14,4.0,0.0,0.5,0.0,0.2857,10,0.8667131370748393
regular_509,13.499978693546014,"[1.9633901687532234, 2.749480627093167]",1.9633901687532236,2.749480627093167,[1.72414847 1.12341683],1.7241484721289566,1.123416829660566,1,18,18,0.0857458114624023,1,52.0,0.0,0.0,509,regular,18,18,2.0,0.0,0.0,0.0,0.4444,18,0.7499988163081119
barabasi_510,8.603228057173741,"[0.445184327589798, 2.74876812483666]",0.445184327589798,2.74876812483666,[1.72414847 1.12341683],1.7241484721289566,1.123416829660566,1,13,12,0.0553538799285888,1,50.0,0.0,0.0,510,barabasi,13,12,1.8462,1.6099,0.0,-0.5354,0.6154,12,0.7169356714311451
barabasi_511,33.637294859574304,"[1.8218643795958531, 2.678610114389345]",1.821864379595853,2.678610114389345,[1.72414847 1.12341683],1.7241484721289566,1.123416829660566,1,20,64,-1.7669391632080078,1,94.0,0.0,0.0,511,barabasi,20,64,6.4,2.7641,0.4965,-0.1275,0.35,46,0.7312455404255284
watts_512,12.521913143527886,"[0.38144293135947005, 2.748862841100123]",0.38144293135947,2.748862841100123,[1.72414847 1.12341683],1.7241484721289566,1.123416829660566,1,17,17,0.2328994274139404,1,147.0,0.0,0.0,512,watts,17,17,2.0,0.686,0.0,0.15,0.4706,16,0.7826195714704929
gnm_513,19.06192868630751,"[1.7262100408278167, 2.8369139628849904]",1.7262100408278167,2.8369139628849904,[1.72414847 1.12341683],1.7241484721289566,1.123416829660566,1,9,35,0.1491150856018066,1,52.0,0.0,0.0,513,gnm,9,35,7.7778,0.4157,0.9722,-0.25,0.2222,20,0.9530964343153755
regular_514,12.749982045732295,"[1.9633901687532234, 2.749480627093167]",1.9633901687532236,2.749480627093167,[1.72414847 1.12341683],1.7241484721289566,1.123416829660566,1,17,17,0.0946912765502929,1,50.0,0.0,0.0,514,regular,17,17,2.0,0.0,0.0,0.0,0.4118,16,0.7968738778582685
barabasi_515,13.99493095147668,"[1.1479974085583668, 1.9861543713385532]",1.1479974085583668,1.9861543713385528,[1.72414847 1.12341683],1.7241484721289566,1.123416829660566,1,14,24,0.1325466632843017,1,61.0,0.0,0.0,515,barabasi,14,24,3.4286,2.1285,0.5384,-0.5195,0.5714,19,0.7365753132356148
barabasi_516,11.224793584353025,"[1.831036657426943, 2.7356234167647355]",1.831036657426943,2.7356234167647355,[1.72414847 1.12341683],1.7241484721289566,1.123416829660566,1,12,20,0.1057925224304199,1,45.0,0.0,0.0,516,barabasi,12,20,3.3333,1.7951,0.3093,-0.3492,0.5,16,0.701549599022064
regular_517,13.840727362804849,"[1.8147867559034028, 2.804886421344034]",1.8147867559034028,2.804886421344034,[1.72414847 1.12341683],1.7241484721289566,1.123416829660566,1,11,22,0.1029622554779052,1,47.0,0.0,0.0,517,regular,11,22,4.0,0.0,0.3636,0.0,0.2727,16,0.865045460175303
barabasi_518,22.17579363423973,"[1.3525620413176498, 2.7553892950955037]",1.3525620413176498,2.755389295095504,[1.72414847 1.12341683],1.7241484721289566,1.123416829660566,1,16,39,0.1534171104431152,1,56.0,0.0,0.0,518,barabasi,16,39,4.875,1.6536,0.2884,-0.0351,0.4375,32,0.6929935510699916
barabasi_519,6.502685905425551,"[0.3893412065371017, 2.748963731512613]",0.3893412065371017,2.748963731512613,[1.72414847 1.12341683],1.7241484721289566,1.123416829660566,1,10,9,0.0616648197174072,1,55.0,0.0,0.0,519,barabasi,10,9,1.8,1.249,0.0,-0.5882,0.4,9,0.7225206561583946
barabasi_520,9.285798238956634,"[0.4282293701008748, 2.748499256995122]",0.4282293701008748,2.748499256995122,[1.72414847 1.12341683],1.7241484721289566,1.123416829660566,1,14,13,0.0994012355804443,1,52.0,0.0,0.0,520,barabasi,14,13,1.8571,1.5972,0.0,-0.4341,0.5714,13,0.7142921722274334
barabasi_521,15.017569419264426,"[1.2317513399372202, 1.9760775187893382]",1.2317513399372202,1.9760775187893385,[1.72414847 1.12341683],1.7241484721289566,1.123416829660566,1,15,26,0.1190049648284912,1,59.0,0.0,0.0,521,barabasi,15,26,3.4667,2.5263,0.5966,-0.4471,0.6,22,0.6826167917847467
regular_522,10.078323038051622,"[1.2769001755877178, 2.7763382599395916]",1.2769001755877178,2.776338259939592,[1.72414847 1.12341683],1.7241484721289566,1.123416829660566,1,10,15,0.0846977233886718,1,56.0,0.0,0.0,522,regular,10,15,3.0,0.0,0.2,0.0,0.4,13,0.7752556183116632
watts_523,8.249990784494571,"[1.9632009821256866, 2.748932149681167]",1.9632009821256864,2.748932149681167,[1.72414847 1.12341683],1.7241484721289566,1.123416829660566,1,11,11,0.0612859725952148,1,50.0,0.0,0.0,523,watts,11,11,2.0,0.0,0.0,0.0,0.4545,10,0.8249990784494571
regular_524,16.456126861408283,"[1.2669985877928207, 2.75774725051197]",1.2669985877928207,2.75774725051197,[1.72414847 1.12341683],1.7241484721289566,1.123416829660566,1,16,24,0.211841344833374,1,76.0,0.0,0.0,524,regular,16,24,3.0,0.0,0.0625,0.0,0.375,22,0.7480057664276493
watts_525,11.08696894705372,"[0.24020737126842334, 2.822408020950413]",0.2402073712684233,2.822408020950413,[1.72414847 1.12341683],1.7241484721289566,1.123416829660566,1,9,18,0.155118703842163,1,72.0,0.0,0.0,525,watts,9,18,4.0,1.1547,0.4593,-0.0,0.3333,14,0.7919263533609799
gnm_526,34.99738899418457,"[1.7419524803004196, 2.7654876742852195]",1.7419524803004196,2.7654876742852195,[1.72414847 1.12341683],1.7241484721289566,1.123416829660566,1,14,65,0.2166740894317627,1,45.0,0.0,0.0,526,gnm,14,65,9.2857,1.3325,0.706,-0.0691,0.2143,42,0.833271166528204
watts_527,6.665536860207794,"[1.8289739440176824, 2.7497246426516804]",1.8289739440176824,2.7497246426516804,[1.72414847 1.12341683],1.7241484721289566,1.123416829660566,1,6,12,0.0855069160461425,1,50.0,0.0,0.0,527,watts,6,12,4.0,0.5774,0.7278,-0.2766,0.3333,9,0.7406152066897549
gnm_528,62.192268971680434,"[1.6851824035484844, 2.089715936204727]",1.6851824035484844,2.089715936204727,[1.72414847 1.12341683],1.7241484721289566,1.123416829660566,1,20,124,1.7206110954284668,1,104.0,0.0,0.0,528,gnm,20,124,12.4,1.7146,0.6408,-0.0333,0.2,78,0.7973367816882106
watts_529,23.008350875008716,"[1.8251560310341113, 2.728087679785327]",1.8251560310341115,2.728087679785327,[1.72414847 1.12341683],1.7241484721289566,1.123416829660566,1,20,40,0.2947301864624023,1,60.0,0.0,0.0,529,watts,20,40,4.0,0.7071,0.2733,0.1955,0.35,32,0.7190109648440224
watts_530,7.233488814950611,"[1.8983435975776368, 2.776075114689827]",1.8983435975776368,2.776075114689827,[1.72414847 1.12341683],1.7241484721289566,1.123416829660566,1,11,11,0.0684912204742431,1,57.0,0.0,0.0,530,watts,11,11,2.0,0.7385,0.197,-0.1,0.4545,10,0.7233488814950612
barabasi_531,5.815892659447854,"[0.6568242445176056, 2.7483949287732896]",0.6568242445176056,2.7483949287732896,[1.72414847 1.12341683],1.7241484721289566,1.123416829660566,1,9,8,0.0541496276855468,1,45.0,0.0,0.0,531,barabasi,9,8,1.7778,1.8725,0.0,-0.8195,0.7778,8,0.7269865824309818
watts_532,6.000002782791853,"[-2.528184072253552, 3.141592653589793]",-2.528184072253552,3.141592653589793,[1.72414847 1.12341683],1.7241484721289566,1.123416829660566,1,6,12,0.0065305233001708,1,8.0,0.0,0.0,532,watts,6,12,4.0,0.8165,0.8444,-0.4348,0.3333,8,0.7500003478489816
watts_533,12.558331070751176,"[1.1749122932416376, 1.9638673186883517]",1.1749122932416376,1.963867318688352,[1.72414847 1.12341683],1.7241484721289566,1.123416829660566,1,18,18,0.1295928955078125,1,62.0,0.0,0.0,533,watts,18,18,2.0,0.3333,0.0,-0.0286,0.5,18,0.6976850594861764
watts_534,6.549447598097231,"[0.37572405154146804, 2.7490668657326265]",0.375724051541468,2.7490668657326265,[1.72414847 1.12341683],1.7241484721289566,1.123416829660566,1,9,9,0.0657575130462646,1,68.0,0.0,0.0,534,watts,9,9,2.0,0.9428,0.0,-0.3012,0.5556,9,0.7277163997885813
regular_535,22.02268166180424,"[1.825320419989103, 2.772198348324988]",1.825320419989103,2.772198348324988,[1.72414847 1.12341683],1.7241484721289566,1.123416829660566,1,17,34,0.2107198238372802,1,72.0,0.0,0.0,535,regular,17,34,4.0,0.0,0.1471,0.0,0.3529,28,0.7865243450644371
watts_536,24.04099277056722,"[0.24795122903306502, 2.7937284495818204]",0.247951229033065,2.7937284495818204,[1.72414847 1.12341683],1.7241484721289566,1.123416829660566,1,19,38,0.1867475509643554,1,51.0,0.0,0.0,536,watts,19,38,4.0,0.8584,0.293,0.0576,0.3158,30,0.801366425685574
gnm_537,6.373290150731918,"[1.8583721908865831, 2.7411971870946426]",1.8583721908865831,2.7411971870946426,[1.72414847 1.12341683],1.7241484721289566,1.123416829660566,1,7,11,0.0509474277496337,1,48.0,0.0,0.0,537,gnm,7,11,3.1429,0.833,0.381,0.0833,0.4286,9,0.7081433500813242
barabasi_538,8.66477197178937,"[0.38551479422654356, 2.74871915841494]",0.3855147942265435,2.74871915841494,[1.72414847 1.12341683],1.7241484721289566,1.123416829660566,1,13,12,0.0679585933685302,1,56.0,0.0,0.0,538,barabasi,13,12,1.8462,1.2308,0.0,-0.4118,0.6923,12,0.7220643309824476
regular_539,19.197147189873903,"[1.8208270040711532, 2.785002011122195]",1.8208270040711527,2.785002011122195,[1.72414847 1.12341683],1.7241484721289566,1.123416829660566,1,15,30,0.1460983753204345,1,56.0,0.0,0.0,539,regular,15,30,4.0,0.0,0.2333,0.0,0.3333,22,0.8725975995397228
barabasi_540,24.59660625722729,"[1.0770546227732587, 2.747271205621895]",1.0770546227732587,2.747271205621895,[1.72414847 1.12341683],1.7241484721289566,1.123416829660566,1,19,48,0.2132377624511718,1,46.0,0.0,0.0,540,barabasi,19,48,5.0526,1.9594,0.2753,-0.2128,0.3684,36,0.6832390627007581
barabasi_541,4.552819641850874,"[0.4197538419400893, 2.7488952764223216]",0.4197538419400893,2.7488952764223216,[1.72414847 1.12341683],1.7241484721289566,1.123416829660566,1,7,6,0.0549039840698242,1,54.0,0.0,0.0,541,barabasi,7,6,1.7143,0.6999,0.0,-0.3333,0.4286,6,0.7588032736418123
regular_542,8.735120682511479,"[1.809743037871993, 2.813683437603643]",1.809743037871993,2.813683437603643,[1.72414847 1.12341683],1.7241484721289566,1.123416829660566,1,7,14,0.0601358413696289,1,52.0,0.0,0.0,542,regular,7,14,4.0,0.0,0.4286,0.0,0.4286,12,0.7279267235426232
gnm_543,28.33426384150416,"[1.7339279178381304, 2.7847748557977945]",1.7339279178381304,2.7847748557977945,[1.72414847 1.12341683],1.7241484721289566,1.123416829660566,1,18,55,0.6630654335021973,1,123.0,0.0,0.0,543,gnm,18,55,6.1111,1.4866,0.3185,-0.0496,0.2778,41,0.6910796058903453
watts_544,11.080820834345673,"[1.8531746480944724, 2.6377254116532116]",1.8531746480944724,2.637725411653212,[1.72414847 1.12341683],1.7241484721289566,1.123416829660566,1,10,20,0.140803575515747,1,49.0,0.0,0.0,544,watts,10,20,4.0,0.6325,0.5133,-0.1538,0.3,14,0.7914872024532623
watts_545,8.71732141860649,"[1.9102162870393946, 2.771062449628417]",1.9102162870393944,2.771062449628417,[1.72414847 1.12341683],1.7241484721289566,1.123416829660566,1,13,13,0.1746950149536132,1,50.0,0.0,0.0,545,watts,13,13,2.0,0.6794,0.1667,-0.3241,0.4615,12,0.7264434515505408
watts_546,8.720503673917847,"[1.2608046780680513, 2.3094358769144527]",1.2608046780680513,2.3094358769144527,[1.72414847 1.12341683],1.7241484721289566,1.123416829660566,1,8,16,0.1015026569366455,1,43.0,0.0,0.0,546,watts,8,16,4.0,1.0,0.5583,-0.2222,0.375,12,0.7267086394931539
regular_547,12.151597830740664,"[1.2746656469230242, 2.7713989784478423]",1.2746656469230242,2.7713989784478423,[1.72414847 1.12341683],1.7241484721289566,1.123416829660566,1,12,18,0.1034040451049804,1,51.0,0.0,0.0,547,regular,12,18,3.0,0.0,0.1667,0.0,0.3333,16,0.7594748644212915
barabasi_548,5.960928302635693,"[0.41126255366983483, 2.749218445882981]",0.4112625536698348,2.749218445882981,[1.72414847 1.12341683],1.7241484721289566,1.123416829660566,1,9,8,0.0753009319305419,1,66.0,0.0,0.0,548,barabasi,9,8,1.7778,0.9162,0.0,-0.4737,0.4444,8,0.7451160378294617
gnm_549,26.663002894053715,"[1.7670190480711052, 2.654058205806304]",1.7670190480711052,2.654058205806304,[1.72414847 1.12341683],1.7241484721289566,1.123416829660566,1,14,51,0.444800853729248,1,92.0,0.0,0.0,549,gnm,14,51,7.2857,1.5779,0.5372,-0.0458,0.2857,35,0.761800082687249
gnm_550,9.704099746337306,"[1.803990094688039, 2.7686431603867385]",1.803990094688039,2.7686431603867385,[1.72414847 1.12341683],1.7241484721289566,1.123416829660566,1,8,17,0.1343026161193847,1,48.0,0.0,0.0,550,gnm,8,17,4.25,1.299,0.5542,-0.3262,0.5,13,0.7464692112567158
barabasi_551,5.240392143416557,"[0.40969503133355656, 2.7492544667674186]",0.4096950313335565,2.7492544667674186,[1.72414847 1.12341683],1.7241484721289566,1.123416829660566,1,8,7,0.0702676773071289,1,52.0,0.0,0.0,551,barabasi,8,7,1.75,0.8292,0.0,-0.2353,0.5,7,0.7486274490595081
barabasi_552,27.40457312202271,"[0.22020302523089927, 2.795339081163497]",0.2202030252308992,2.795339081163497,[1.72414847 1.12341683],1.7241484721289566,1.123416829660566,1,18,45,0.2434463500976562,1,60.0,0.0,0.0,552,barabasi,18,45,5.0,2.4267,0.2972,-0.3361,0.3889,37,0.7406641384330462
watts_553,8.412514677467698,"[0.22313740563143725, 2.8500772865382626]",0.2231374056314372,2.850077286538262,[1.72414847 1.12341683],1.7241484721289566,1.123416829660566,1,7,14,0.0796444416046142,1,58.0,0.0,0.0,553,watts,7,14,4.0,1.3093,0.8095,-0.4933,0.4286,10,0.8412514677467697
barabasi_554,9.985211863232449,"[0.5148177971220381, 2.7492923622168144]",0.5148177971220381,2.7492923622168144,[1.72414847 1.12341683],1.7241484721289566,1.123416829660566,1,15,14,0.095949649810791,1,51.0,0.0,0.0,554,barabasi,15,14,1.8667,1.9956,0.0,-0.5029,0.6,14,0.7132294188023177
barabasi_555,7.794607591208091,"[0.40574240307184595, 2.7494953160469673]",0.4057424030718459,2.7494953160469677,[1.72414847 1.12341683],1.7241484721289566,1.123416829660566,1,12,11,0.0865159034729003,1,51.0,0.0,0.0,555,barabasi,12,11,1.8333,1.5723,0.0,-0.5867,0.5,11,0.7086006901098265
barabasi_556,15.563758916529045,"[0.2683808646773996, 2.780665518815405]",0.2683808646773996,2.780665518815405,[1.72414847 1.12341683],1.7241484721289566,1.123416829660566,1,14,24,0.1211757659912109,1,60.0,0.0,0.0,556,barabasi,14,24,3.4286,1.178,0.2905,-0.2447,0.2857,19,0.8191452061331076
watts_557,11.064997668997703,"[1.859733384698336, 2.6387790148739505]",1.859733384698336,2.6387790148739505,[1.72414847 1.12341683],1.7241484721289566,1.123416829660566,1,10,20,0.0939328670501709,1,49.0,0.0,0.0,557,watts,10,20,4.0,0.6325,0.44,-0.0256,0.3,15,0.7376665112665136
regular_558,25.805279602391572,"[1.8243773895789381, 2.7767639360441043]",1.824377389578938,2.7767639360441043,[1.72414847 1.12341683],1.7241484721289566,1.123416829660566,1,20,40,0.378803014755249,1,66.0,0.0,0.0,558,regular,20,40,4.0,0.0,0.175,0.0,0.35,32,0.8064149875747366
barabasi_559,4.401341215299908,"[0.41297234527781834, 2.7490445628305125]",0.4129723452778183,2.7490445628305125,[1.72414847 1.12341683],1.7241484721289566,1.123416829660566,1,7,6,0.0432608127593994,1,50.0,0.0,0.0,559,barabasi,7,6,1.7143,1.1606,0.0,-0.7143,0.7143,6,0.7335568692166513
regular_560,7.300196446012706,"[1.798789638291908, 2.8426257280119245]",1.798789638291908,2.8426257280119245,[1.72414847 1.12341683],1.7241484721289566,1.123416829660566,1,6,12,0.0628252029418945,1,51.0,0.0,0.0,560,regular,6,12,4.0,0.0,0.6667,0.0,0.3333,8,0.9125245557515882
watts_561,11.423865357293908,"[0.36662437059036457, 2.7646052723759684]",0.3666243705903645,2.7646052723759684,[1.72414847 1.12341683],1.7241484721289566,1.123416829660566,1,16,16,0.1207470893859863,1,81.0,0.0,0.0,561,watts,16,16,2.0,0.9354,0.1354,-0.1808,0.5,15,0.7615910238195939
barabasi_562,23.930942792750983,"[0.22840431388104127, 2.796073243081362]",0.2284043138810412,2.796073243081362,[1.72414847 1.12341683],1.7241484721289566,1.123416829660566,1,16,39,0.1899728775024414,1,67.0,0.0,0.0,562,barabasi,16,39,4.875,1.9645,0.3328,-0.1648,0.3125,31,0.7719658965403543
gnm_563,29.693425331080142,"[0.22700814793746948, 2.7861606892996176]",0.2270081479374694,2.7861606892996176,[1.72414847 1.12341683],1.7241484721289566,1.123416829660566,1,20,48,0.3595683574676513,1,59.0,0.0,0.0,563,gnm,20,48,4.8,1.9391,0.2165,-0.1357,0.4,37,0.802525008948112
barabasi_564,6.514440633112258,"[0.44836887341949616, 2.7490392535310444]",0.4483688734194961,2.7490392535310444,[1.72414847 1.12341683],1.7241484721289566,1.123416829660566,1,10,9,0.0716867446899414,1,58.0,0.0,0.0,564,barabasi,10,9,1.8,1.4697,0.0,-0.5952,0.7,9,0.7238267370124731
watts_565,5.66901041603478,"[0.36545479361014743, 2.778883489508977]",0.3654547936101474,2.778883489508977,[1.72414847 1.12341683],1.7241484721289566,1.123416829660566,1,8,8,0.0690541267395019,1,76.0,0.0,0.0,565,watts,8,8,2.0,0.7071,0.2083,-0.1429,0.5,7,0.8098586308621114
watts_566,7.000003845430911,"[-2.528184072253552, 3.141592653589793]",-2.528184072253552,3.141592653589793,[1.72414847 1.12341683],1.7241484721289566,1.123416829660566,1,7,14,0.0073323249816894,1,8.0,0.0,0.0,566,watts,7,14,4.0,1.069,0.6048,-0.2651,0.4286,10,0.7000003845430911
gnm_567,77.44116282753424,"[1.460598804737602, 2.8173990560340987]",1.460598804737602,2.8173990560340987,[1.72414847 1.12341683],1.7241484721289566,1.123416829660566,1,18,149,0.4348735809326172,1,43.0,0.0,0.0,567,gnm,18,149,16.5556,0.5984,0.9736,-0.1098,0.1111,81,0.9560637386115338
barabasi_568,27.48639185939072,"[0.22201854728791925, 2.7963903795586447]",0.2220185472879192,2.7963903795586447,[1.72414847 1.12341683],1.7241484721289566,1.123416829660566,1,18,45,0.678626298904419,1,165.0,0.0,0.0,568,barabasi,18,45,5.0,2.1344,0.3319,-0.1333,0.2778,35,0.7853254816968778
regular_569,8.667130976071348,"[1.8065186608510504, 2.8234109919153263]",1.8065186608510504,2.8234109919153263,[1.72414847 1.12341683],1.7241484721289566,1.123416829660566,1,7,14,0.0483248233795166,1,43.0,0.0,0.0,569,regular,7,14,4.0,0.0,0.5,0.0,0.2857,10,0.8667130976071349
barabasi_570,15.43104028754918,"[0.26133326832801584, 2.7815477333748317]",0.2613332683280158,2.781547733374832,[1.72414847 1.12341683],1.7241484721289566,1.123416829660566,1,14,24,0.1275391578674316,1,66.0,0.0,0.0,570,barabasi,14,24,3.4286,1.6351,0.3912,-0.356,0.3571,19,0.8121600151341674
gnm_571,86.29601643439516,"[1.677238981697076, 2.8283677072261195]",1.677238981697076,2.8283677072261195,[1.72414847 1.12341683],1.7241484721289566,1.123416829660566,1,19,166,1.516380786895752,1,109.0,0.0,0.0,571,gnm,19,166,17.4737,0.6781,0.9708,-0.1156,0.1053,90,0.9588446270488351
regular_572,16.153900780605223,"[1.2757716681548135, 2.775204739567491]",1.2757716681548137,2.775204739567491,[1.72414847 1.12341683],1.7241484721289566,1.123416829660566,1,16,24,0.1257152557373047,1,61.0,0.0,0.0,572,regular,16,24,3.0,0.0,0.1875,0.0,0.375,20,0.8076950390302612
regular_573,12.302719694777018,"[1.2688203072230029, 2.761055799058048]",1.2688203072230029,2.761055799058048,[1.72414847 1.12341683],1.7241484721289566,1.123416829660566,1,12,18,0.0889277458190918,1,58.0,0.0,0.0,573,regular,12,18,3.0,0.0,0.0833,0.0,0.4167,16,0.7689199809235636
gnm_574,16.228943733523266,"[0.2134212411553703, 2.827082612308899]",0.2134212411553703,2.827082612308899,[1.72414847 1.12341683],1.7241484721289566,1.123416829660566,1,11,27,0.1177170276641845,1,56.0,0.0,0.0,574,gnm,11,27,4.9091,1.4431,0.5359,-0.3556,0.3636,20,0.8114471866761633
watts_575,4.907433580548968,"[0.36225041461616625, 2.778002002688147]",0.3622504146161662,2.778002002688147,[1.72414847 1.12341683],1.7241484721289566,1.123416829660566,1,7,7,0.0448911190032959,1,51.0,0.0,0.0,575,watts,7,7,2.0,0.9258,0.1429,-0.0606,0.5714,6,0.8179055967581613
gnm_576,32.8126536384118,"[1.4232734377146472, 2.780151672590878]",1.4232734377146472,2.780151672590878,[1.72414847 1.12341683],1.7241484721289566,1.123416829660566,1,12,62,0.1588037014007568,1,51.0,0.0,0.0,576,gnm,12,62,10.3333,0.7454,0.9405,-0.1923,0.1667,36,0.9114626010669945
gnm_577,11.825453761458384,"[0.34638155249019065, 2.759832825696299]",0.3463815524901906,2.759832825696299,[1.72414847 1.12341683],1.7241484721289566,1.123416829660566,1,15,17,0.1106374263763427,1,68.0,0.0,0.0,577,gnm,15,17,2.2667,1.2893,0.0556,-0.1818,0.4667,16,0.739090860091149
watts_578,13.461926531543623,"[1.2077458380477881, 2.055444372257358]",1.207745838047788,2.055444372257358,[1.72414847 1.12341683],1.7241484721289566,1.123416829660566,1,13,26,0.1137061119079589,1,55.0,0.0,0.0,578,watts,13,26,4.0,0.8771,0.2718,0.2518,0.3077,20,0.6730963265771812
watts_579,5.860865282033046,"[1.964901129943319, 2.7393913751210386]",1.964901129943319,2.7393913751210386,[1.72414847 1.12341683],1.7241484721289566,1.123416829660566,1,9,9,0.0597419738769531,1,50.0,0.0,0.0,579,watts,9,9,2.0,0.4714,0.2593,-0.0588,0.4444,8,0.7326081602541308
barabasi_580,13.712162730044463,"[1.1128126404225538, 1.9813318741571877]",1.1128126404225538,1.981331874157188,[1.72414847 1.12341683],1.7241484721289566,1.123416829660566,1,14,24,0.0948188304901123,1,55.0,0.0,0.0,580,barabasi,14,24,3.4286,1.9898,0.4027,-0.5338,0.5,20,0.6856081365022232
watts_581,15.079865941075404,"[1.8499044410318868, 2.643896930004933]",1.8499044410318868,2.643896930004933,[1.72414847 1.12341683],1.7241484721289566,1.123416829660566,1,14,28,0.1235241889953613,1,52.0,0.0,0.0,581,watts,14,28,4.0,0.6547,0.3619,-0.2844,0.3571,22,0.6854484518670638
regular_582,18.533054476714927,"[1.2665030032499303, 2.756985560004168]",1.2665030032499305,2.756985560004168,[1.72414847 1.12341683],1.7241484721289566,1.123416829660566,1,18,27,0.2845776081085205,1,111.0,0.0,0.0,582,regular,18,27,3.0,0.0,0.0556,0.0,0.3889,23,0.8057849772484751
watts_583,18.78536165137414,"[1.9012751302024293, 2.686946086621851]",1.901275130202429,2.686946086621851,[1.72414847 1.12341683],1.7241484721289566,1.123416829660566,1,18,36,0.1452329158782959,1,49.0,0.0,0.0,583,watts,18,36,4.0,0.8165,0.1944,0.2,0.3333,30,0.6261787217124712
barabasi_584,4.491096407335135,"[0.4135008562769747, 2.749198763380942]",0.4135008562769747,2.749198763380942,[1.72414847 1.12341683],1.7241484721289566,1.123416829660566,1,7,6,0.0509147644042968,1,54.0,0.0,0.0,584,barabasi,7,6,1.7143,0.8806,0.0,-0.4483,0.5714,6,0.7485160678891892
barabasi_585,12.643311518257493,"[0.2664713442729655, 2.8039532695840705]",0.2664713442729655,2.8039532695840705,[1.72414847 1.12341683],1.7241484721289566,1.123416829660566,1,12,20,0.1077105998992919,1,76.0,0.0,0.0,585,barabasi,12,20,3.3333,1.6499,0.521,-0.1461,0.3333,15,0.8428874345504995
barabasi_586,12.103078382600428,"[0.3950612962417268, 2.749195389634739]",0.3950612962417268,2.749195389634739,[1.72414847 1.12341683],1.7241484721289566,1.123416829660566,1,18,17,0.0871369838714599,1,52.0,0.0,0.0,586,barabasi,18,17,1.8889,1.4866,0.0,-0.4937,0.6111,17,0.7119457872117899
watts_587,5.192538831906859,"[0.3859650151631549, 2.749250095053436]",0.3859650151631549,2.749250095053436,[1.72414847 1.12341683],1.7241484721289566,1.123416829660566,1,7,7,0.0653400421142578,1,67.0,0.0,0.0,587,watts,7,7,2.0,0.5345,0.0,-0.0769,0.5714,7,0.7417912617009799
watts_588,5.999994503305061,"[1.9632009821256866, 2.748932149681167]",1.9632009821256864,2.748932149681167,[1.72414847 1.12341683],1.7241484721289566,1.123416829660566,1,8,8,0.0532021522521972,1,50.0,0.0,0.0,588,watts,8,8,2.0,0.0,0.0,0.0,0.5,8,0.7499993129131326
gnm_589,60.50040367988004,"[-2.528184072253552, 3.141592653589793]",-2.528184072253552,3.141592653589793,[1.72414847 1.12341683],1.7241484721289566,1.123416829660566,1,18,121,0.1307182312011718,1,14.0,0.0,0.0,589,gnm,18,121,13.4444,1.3426,0.7807,-0.1388,0.1667,75,0.8066720490650672
gnm_590,66.22207046391983,"[1.4089290976905269, 2.4250240949534083]",1.4089290976905269,2.4250240949534083,[1.72414847 1.12341683],1.7241484721289566,1.123416829660566,1,19,127,0.6171400547027588,1,53.0,0.0,0.0,590,gnm,19,127,13.3684,2.0828,0.767,-0.1136,0.1579,76,0.8713430324199978
gnm_591,57.00035007893075,"[-2.528184072253552, 3.141592653589793]",-2.528184072253552,3.141592653589793,[1.72414847 1.12341683],1.7241484721289566,1.123416829660566,1,17,114,0.1063911914825439,1,14.0,0.0,0.0,591,gnm,17,114,13.4118,1.3745,0.8398,-0.0938,0.1176,68,0.838240442337217
barabasi_592,13.685177482789513,"[1.1392997088705679, 1.970857699900072]",1.139299708870568,1.970857699900072,[1.72414847 1.12341683],1.7241484721289566,1.123416829660566,1,14,24,0.1053192615509033,1,57.0,0.0,0.0,592,barabasi,14,24,3.4286,2.4411,0.6186,-0.4983,0.4286,18,0.7602876379327507
watts_593,6.767737637099344,"[1.883126375312981, 2.6622802236692062]",1.883126375312981,2.6622802236692062,[1.72414847 1.12341683],1.7241484721289566,1.123416829660566,1,6,12,0.0750470161437988,1,52.0,0.0,0.0,593,watts,6,12,4.0,1.0,0.9,-0.4545,0.3333,8,0.845967204637418
barabasi_594,4.463127891824115,"[0.42274214377390923, 2.7490476091705185]",0.4227421437739092,2.7490476091705185,[1.72414847 1.12341683],1.7241484721289566,1.123416829660566,1,7,6,0.06400728225708,1,61.0,0.0,0.0,594,barabasi,7,6,1.7143,1.0302,0.0,-0.7143,0.7143,6,0.7438546486373525
gnm_595,73.37912938327253,"[1.4126265593376885, 2.3476801260620865]",1.4126265593376883,2.3476801260620865,[1.72414847 1.12341683],1.7241484721289566,1.123416829660566,1,20,144,2.0897433757781982,1,129.0,0.0,0.0,595,gnm,20,144,14.4,1.9849,0.761,-0.0553,0.2,88,0.8338537429917333
gnm_596,15.496454887320397,"[1.7584880809711583, 2.8183850979038096]",1.7584880809711585,2.8183850979038096,[1.72414847 1.12341683],1.7241484721289566,1.123416829660566,1,9,28,0.0971307754516601,1,50.0,0.0,0.0,596,gnm,9,28,6.2222,0.7857,0.7513,-0.2037,0.2222,19,0.8156028888063367
gnm_597,36.59188339384325,"[1.7304910326842518, 2.8091726218522033]",1.7304910326842518,2.8091726218522037,[1.72414847 1.12341683],1.7241484721289566,1.123416829660566,1,15,68,0.2677843570709228,1,61.0,0.0,0.0,597,gnm,15,68,9.0667,1.6918,0.6615,-0.2089,0.2667,43,0.8509740324149593
barabasi_598,3.7156854182248935,"[0.4361750962271948, 2.74996334537175]",0.4361750962271948,2.74996334537175,[1.72414847 1.12341683],1.7241484721289566,1.123416829660566,1,6,5,0.0581657886505126,1,48.0,0.0,0.0,598,barabasi,6,5,1.6667,1.1055,0.0,-0.7391,0.6667,5,0.7431370836449787
barabasi_599,18.692066332057287,"[1.1608491577102868, 1.9701826100198707]",1.1608491577102868,1.9701826100198707,[1.72414847 1.12341683],1.7241484721289566,1.123416829660566,1,19,34,0.1996700763702392,1,47.0,0.0,0.0,599,barabasi,19,34,3.5789,2.1353,0.3336,-0.2896,0.4737,27,0.6922987530391588
regular_600,7.300196222029626,"[1.798789638291908, 2.8426257280119245]",1.798789638291908,2.8426257280119245,[1.72414847 1.12341683],1.7241484721289566,1.123416829660566,1,6,12,0.0723395347595214,1,51.0,0.0,0.0,600,regular,6,12,4.0,0.0,0.6667,0.0,0.3333,8,0.9125245277537033
watts_601,16.00738865588478,"[1.8346392703960324, 2.7532706436368555]",1.8346392703960324,2.7532706436368555,[1.72414847 1.12341683],1.7241484721289566,1.123416829660566,1,15,30,0.1079859733581543,1,51.0,0.0,0.0,601,watts,15,30,4.0,0.6325,0.2689,-0.1111,0.3333,24,0.6669745273285326
gnm_602,47.607055361602406,"[1.7226812244280523, 2.6883059240640934]",1.7226812244280525,2.6883059240640934,[1.72414847 1.12341683],1.7241484721289566,1.123416829660566,1,15,91,0.2771940231323242,1,54.0,0.0,0.0,602,gnm,15,91,12.1333,0.8055,0.8522,-0.118,0.1333,55,0.8655828247564074
barabasi_603,9.95529333396713,"[0.3942543955350283, 2.7488386765990667]",0.3942543955350283,2.7488386765990667,[1.72414847 1.12341683],1.7241484721289566,1.123416829660566,1,15,14,0.0934956073760986,1,55.0,0.0,0.0,603,barabasi,15,14,1.8667,1.4996,0.0,-0.3792,0.5333,14,0.7110923809976522
regular_604,19.767231582682196,"[1.831547686928643, 2.754290408399865]",1.831547686928643,2.754290408399865,[1.72414847 1.12341683],1.7241484721289566,1.123416829660566,1,15,30,0.1423606872558593,1,52.0,0.0,0.0,604,regular,15,30,4.0,0.0,0.0333,0.0,0.4,26,0.760278137795469
watts_605,14.827706043793714,"[0.3859650151631549, 2.749250095053436]",0.3859650151631549,2.749250095053436,[1.72414847 1.12341683],1.7241484721289566,1.123416829660566,1,20,20,0.241384744644165,1,67.0,0.0,0.0,605,watts,20,20,2.0,0.5477,0.0,-0.2613,0.55,20,0.7413853021896857
barabasi_606,18.28219560794705,"[1.958579009346396, 2.7546637885697907]",1.958579009346396,2.7546637885697907,[1.72414847 1.12341683],1.7241484721289566,1.123416829660566,1,18,32,0.1490182876586914,1,48.0,0.0,0.0,606,barabasi,18,32,3.5556,2.4088,0.339,-0.5105,0.5,26,0.7031613695364249
barabasi_607,16.31537086289452,"[1.1281112134927862, 1.9923258753557527]",1.1281112134927862,1.992325875355753,[1.72414847 1.12341683],1.7241484721289566,1.123416829660566,1,17,30,0.1979546546936035,1,90.0,0.0,0.0,607,barabasi,17,30,3.5294,1.9739,0.2451,-0.2935,0.4706,26,0.6275142639574816
watts_608,11.060443749709409,"[0.23354764269447464, 2.828075989511168]",0.2335476426944746,2.828075989511168,[1.72414847 1.12341683],1.7241484721289566,1.123416829660566,1,9,18,0.090078592300415,1,58.0,0.0,0.0,608,watts,9,18,4.0,0.8165,0.5889,-0.3043,0.3333,13,0.8508033653622622
barabasi_609,5.211776406996705,"[0.41582894398075443, 2.7486449828852306]",0.4158289439807544,2.74864498288523,[1.72414847 1.12341683],1.7241484721289566,1.123416829660566,1,8,7,0.0708522796630859,1,64.0,0.0,0.0,609,barabasi,8,7,1.75,0.9682,0.0,-0.4848,0.625,7,0.744539486713815
watts_610,5.192538691641857,"[0.3859650151631549, 2.749250095053436]",0.3859650151631549,2.749250095053436,[1.72414847 1.12341683],1.7241484721289566,1.123416829660566,1,7,7,0.0968537330627441,1,67.0,0.0,0.0,610,watts,7,7,2.0,0.5345,0.0,-0.0769,0.4286,6,0.8654231152736429
gnm_611,13.552403612749654,"[0.29765272519859676, 2.7595140672890874]",0.2976527251985967,2.7595140672890874,[1.72414847 1.12341683],1.7241484721289566,1.123416829660566,1,14,20,0.0886144638061523,1,61.0,0.0,0.0,611,gnm,14,20,2.8571,1.1867,0.0476,-0.2314,0.4286,19,0.7132844006710344
gnm_612,32.82488739079134,"[0.1959310177576476, 2.808987112701428]",0.1959310177576476,2.808987112701428,[1.72414847 1.12341683],1.7241484721289566,1.123416829660566,1,18,55,0.2619132995605469,1,59.0,0.0,0.0,612,gnm,18,55,6.1111,1.8526,0.3383,-0.0977,0.2778,41,0.8006070095314961
barabasi_613,7.249995004227458,"[0.7858557874153536, 2.7491213163561046]",0.7858557874153536,2.749121316356105,[1.72414847 1.12341683],1.7241484721289566,1.123416829660566,1,11,10,0.0844340324401855,1,50.0,0.0,0.0,613,barabasi,11,10,1.8182,1.8497,0.0,-0.7722,0.6364,10,0.7249995004227457
gnm_614,36.25422127461015,"[1.720478432691365, 2.624628138463012]",1.720478432691365,2.624628138463012,[1.72414847 1.12341683],1.7241484721289566,1.123416829660566,1,13,70,0.1286897659301757,1,39.0,0.0,0.0,614,gnm,13,70,10.7692,1.1867,0.9122,-0.2111,0.1538,41,0.8842492993807354
gnm_615,50.80554489831199,"[1.692076759120552, 2.7179414317317483]",1.692076759120552,2.7179414317317483,[1.72414847 1.12341683],1.7241484721289566,1.123416829660566,1,17,100,0.5909454822540283,1,101.0,0.0,0.0,615,gnm,17,100,11.7647,2.1012,0.7593,-0.1391,0.1765,62,0.8194442725534192
regular_616,8.309395422424132,"[1.2630642737146758, 2.749129100315713]",1.2630642737146758,2.749129100315713,[1.72414847 1.12341683],1.7241484721289566,1.123416829660566,1,8,12,0.0570955276489257,1,56.0,0.0,0.0,616,regular,8,12,3.0,0.0,0.0,0.0,0.375,10,0.8309395422424132
regular_617,9.749987567220828,"[1.9632009821256866, 2.748932149681167]",1.9632009821256864,2.748932149681167,[1.72414847 1.12341683],1.7241484721289566,1.123416829660566,1,13,13,0.0710108280181884,1,50.0,0.0,0.0,617,regular,13,13,2.0,0.0,0.0,0.0,0.4615,12,0.8124989639350689
gnm_618,10.729883228242045,"[1.774959888278394, 2.7629943324160937]",1.774959888278394,2.7629943324160937,[1.72414847 1.12341683],1.7241484721289566,1.123416829660566,1,10,20,0.0879812240600586,1,45.0,0.0,0.0,618,gnm,10,20,4.0,1.2649,0.54,-0.2893,0.4,14,0.7664202305887174
watts_619,8.166041973876418,"[1.88234267732849, 2.6720987471896662]",1.88234267732849,2.6720987471896662,[1.72414847 1.12341683],1.7241484721289566,1.123416829660566,1,7,14,0.102269172668457,1,58.0,0.0,0.0,619,watts,7,14,4.0,0.9258,0.5286,-0.1966,0.4286,11,0.7423674521705834
barabasi_620,4.369751308913692,"[0.47415267697570906, 2.749013327912908]",0.474152676975709,2.749013327912908,[1.72414847 1.12341683],1.7241484721289566,1.123416829660566,1,7,6,0.0847046375274658,1,49.0,0.0,0.0,620,barabasi,7,6,1.7143,1.3851,0.0,-0.776,0.7143,6,0.7282918848189487
gnm_621,56.500330186730025,"[-2.528184072253552, 3.141592653589793]",-2.528184072253552,3.141592653589793,[1.72414847 1.12341683],1.7241484721289566,1.123416829660566,1,17,113,0.1260290145874023,1,14.0,0.0,0.0,621,gnm,17,113,13.2941,1.7069,0.8476,-0.0955,0.1765,67,0.8432885102497019
barabasi_622,12.596663276297498,"[1.8315085183995654, 2.8074740495791377]",1.8315085183995652,2.8074740495791377,[1.72414847 1.12341683],1.7241484721289566,1.123416829660566,1,12,20,0.1086757183074951,1,59.0,0.0,0.0,622,barabasi,12,20,3.3333,1.6997,0.6845,-0.3761,0.4167,16,0.7872914547685936
barabasi_623,5.815893613209482,"[0.6572659525552964, 2.74873844991344]",0.6572659525552964,2.74873844991344,[1.72414847 1.12341683],1.7241484721289566,1.123416829660566,1,9,8,0.0410132408142089,1,47.0,0.0,0.0,623,barabasi,9,8,1.7778,1.8725,0.0,-0.8195,0.7778,8,0.7269867016511853
gnm_624,7.273074861703208,"[0.2911558002781372, 2.7818544137283028]",0.2911558002781372,2.7818544137283028,[1.72414847 1.12341683],1.7241484721289566,1.123416829660566,1,8,11,0.0699341297149658,1,61.0,0.0,0.0,624,gnm,8,11,2.75,1.299,0.2,-0.5439,0.5,10,0.7273074861703208
barabasi_625,7.252663978931217,"[0.3906720474930765, 2.7491233099622248]",0.3906720474930765,2.7491233099622248,[1.72414847 1.12341683],1.7241484721289566,1.123416829660566,1,11,10,0.073709487915039,1,55.0,0.0,0.0,625,barabasi,11,10,1.8182,1.1923,0.0,-0.7816,0.5455,10,0.7252663978931218
regular_626,11.289129868270264,"[1.8131487035839884, 2.807566877173636]",1.8131487035839884,2.807566877173636,[1.72414847 1.12341683],1.7241484721289566,1.123416829660566,1,9,18,0.0831439495086669,1,51.0,0.0,0.0,626,regular,9,18,4.0,0.0,0.3889,0.0,0.3333,14,0.8063664191621617
gnm_627,9.96394509388074,"[1.8145240970928487, 2.7198374106427883]",1.814524097092849,2.7198374106427883,[1.72414847 1.12341683],1.7241484721289566,1.123416829660566,1,10,18,0.0948903560638427,1,55.0,0.0,0.0,627,gnm,10,18,3.6,1.3565,0.33,-0.2026,0.4,15,0.664263006258716
gnm_628,6.251393099591951,"[1.0542316188095584, 2.775513509570073]",1.0542316188095584,2.775513509570073,[1.72414847 1.12341683],1.7241484721289566,1.123416829660566,1,7,12,0.0568952560424804,1,47.0,0.0,0.0,628,gnm,7,12,3.4286,1.178,0.4381,-0.3448,0.4286,10,0.6251393099591951
regular_629,10.078322005483642,"[1.2769001755877178, 2.7763382599395916]",1.2769001755877178,2.776338259939592,[1.72414847 1.12341683],1.7241484721289566,1.123416829660566,1,10,15,0.1201024055480957,1,56.0,0.0,0.0,629,regular,10,15,3.0,0.0,0.2,0.0,0.4,13,0.7752555388833571
watts_630,10.18494120556079,"[1.8095197403546028, 2.8183042650967987]",1.8095197403546028,2.8183042650967987,[1.72414847 1.12341683],1.7241484721289566,1.123416829660566,1,9,18,0.0989046096801757,1,47.0,0.0,0.0,630,watts,9,18,4.0,1.0541,0.4185,-0.1284,0.3333,13,0.7834570158123685
watts_631,16.496217916782314,"[0.24562875422995856, 2.7903105633892387]",0.2456287542299585,2.7903105633892387,[1.72414847 1.12341683],1.7241484721289566,1.123416829660566,1,13,26,0.1873612403869629,1,75.0,0.0,0.0,631,watts,13,26,4.0,0.8771,0.2846,-0.3094,0.3077,21,0.7855341865134435
barabasi_632,28.073992924899372,"[1.2507976264502338, 2.7441574543333105]",1.2507976264502338,2.7441574543333105,[1.72414847 1.12341683],1.7241484721289566,1.123416829660566,1,20,51,0.6759476661682129,1,96.0,0.0,0.0,632,barabasi,20,51,5.1,2.119,0.2343,-0.2869,0.35,42,0.6684284029737946
regular_633,24.482861603646505,"[1.8237464178218423, 2.776874755071412]",1.8237464178218423,2.776874755071412,[1.72414847 1.12341683],1.7241484721289566,1.123416829660566,1,19,38,0.177415132522583,1,45.0,0.0,0.0,633,regular,19,38,4.0,0.0,0.1842,0.0,0.3684,32,0.7650894251139533
barabasi_634,17.083043092829385,"[1.8181734797643823, 2.769126500988385]",1.8181734797643825,2.769126500988385,[1.72414847 1.12341683],1.7241484721289566,1.123416829660566,1,17,30,0.1302969455718994,1,44.0,0.0,0.0,634,barabasi,17,30,3.5294,2.1176,0.298,-0.2958,0.4118,25,0.6833217237131755
watts_635,5.136451615382612,"[0.37842921258529094, 2.7494549350395223]",0.3784292125852909,2.7494549350395223,[1.72414847 1.12341683],1.7241484721289566,1.123416829660566,1,7,7,0.0514993667602539,1,52.0,0.0,0.0,635,watts,7,7,2.0,0.7559,0.0,-0.4583,0.5714,6,0.8560752692304353
barabasi_636,8.616095818906416,"[0.5605734415537165, 2.7491534901332946]",0.5605734415537165,2.7491534901332946,[1.72414847 1.12341683],1.7241484721289566,1.123416829660566,1,13,12,0.0599327087402343,1,46.0,0.0,0.0,636,barabasi,13,12,1.8462,2.1066,0.0,-0.6256,0.6923,12,0.718007984908868
regular_637,13.694740416127836,"[1.2925037965045107, 2.8046209435217158]",1.2925037965045107,2.804620943521716,[1.72414847 1.12341683],1.7241484721289566,1.123416829660566,1,14,21,0.1264283657073974,1,48.0,0.0,0.0,637,regular,14,21,3.0,0.0,0.4286,0.0,0.3571,17,0.8055729656545786
gnm_638,15.000019713537768,"[-2.528184072253552, 3.141592653589793]",-2.528184072253552,3.141592653589793,[1.72414847 1.12341683],1.7241484721289566,1.123416829660566,1,9,30,0.0126655101776123,1,8.0,0.0,0.0,638,gnm,9,30,6.6667,0.4714,0.7926,-0.2698,0.2222,20,0.7500009856768883
regular_639,23.44137688326003,"[1.8266789191231583, 2.7670758485304807]",1.8266789191231585,2.7670758485304807,[1.72414847 1.12341683],1.7241484721289566,1.123416829660566,1,18,36,0.1382408142089843,1,49.0,0.0,0.0,639,regular,18,36,4.0,0.0,0.1111,0.0,0.3333,28,0.8371920315450011
gnm_640,78.5969557901381,"[1.404123444197475, 2.51747664230453]",1.404123444197475,2.51747664230453,[1.72414847 1.12341683],1.7241484721289566,1.123416829660566,1,19,154,0.6789436340332031,1,53.0,0.0,0.0,640,gnm,19,154,16.2105,1.1507,0.9001,-0.0899,0.1053,88,0.893147224887933
gnm_641,13.925364853579026,"[0.22369266843958746, 2.826637603558892]",0.2236926684395874,2.826637603558892,[1.72414847 1.12341683],1.7241484721289566,1.123416829660566,1,10,23,0.1667051315307617,1,68.0,0.0,0.0,641,gnm,10,23,4.6,1.3565,0.5026,-0.1852,0.3,17,0.8191391090340604
regular_642,9.941770824127616,"[1.2832442988316237, 2.7898196377856115]",1.2832442988316235,2.7898196377856115,[1.72414847 1.12341683],1.7241484721289566,1.123416829660566,1,10,15,0.0687744617462158,1,53.0,0.0,0.0,642,regular,10,15,3.0,0.0,0.3,0.0,0.4,12,0.8284809020106346
barabasi_643,22.79853940451013,"[0.268520486159955, 2.7774092177453635]",0.268520486159955,2.7774092177453635,[1.72414847 1.12341683],1.7241484721289566,1.123416829660566,1,20,36,0.4552323818206787,1,104.0,0.0,0.0,643,barabasi,20,36,3.6,2.4166,0.4038,-0.4105,0.5,31,0.7354367549841977
watts_644,10.133032998645978,"[0.3693355753737685, 2.748937889623554]",0.3693355753737685,2.748937889623554,[1.72414847 1.12341683],1.7241484721289566,1.123416829660566,1,14,14,0.089235782623291,1,54.0,0.0,0.0,644,watts,14,14,2.0,1.0,0.0,-0.5556,0.6429,13,0.7794640768189214
watts_645,5.654508331345539,"[0.36777699039699063, 2.7740441896034342]",0.3677769903969906,2.7740441896034342,[1.72414847 1.12341683],1.7241484721289566,1.123416829660566,1,8,8,0.0551085472106933,1,54.0,0.0,0.0,645,watts,8,8,2.0,0.866,0.125,-0.0256,0.5,7,0.8077869044779342
gnm_646,28.40652499728924,"[0.8857359519094972, 2.3576430918345253]",0.8857359519094972,2.3576430918345253,[1.72414847 1.12341683],1.7241484721289566,1.123416829660566,1,12,56,0.4296131134033203,1,121.0,0.0,0.0,646,gnm,12,56,9.3333,1.1785,0.8624,-0.2058,0.1667,34,0.8354860293320364
watts_647,11.828233176969992,"[0.3832419171836724, 2.7490103295039034]",0.3832419171836724,2.7490103295039034,[1.72414847 1.12341683],1.7241484721289566,1.123416829660566,1,16,16,0.1812236309051513,1,85.0,0.0,0.0,647,watts,16,16,2.0,0.6124,0.0,-0.1034,0.5625,16,0.7392645735606245
regular_648,20.69963347969532,"[1.824195734537249, 2.7737849445398295]",1.824195734537249,2.773784944539829,[1.72414847 1.12341683],1.7241484721289566,1.123416829660566,1,16,32,0.1125028133392334,1,46.0,0.0,0.0,648,regular,16,32,4.0,0.0,0.1562,0.0,0.3125,26,0.7961397492190507
regular_649,6.749993721274223,"[1.9632009821256866, 2.748932149681167]",1.9632009821256864,2.748932149681167,[1.72414847 1.12341683],1.7241484721289566,1.123416829660566,1,9,9,0.0539042949676513,1,50.0,0.0,0.0,649,regular,9,9,2.0,0.0,0.0,0.0,0.4444,8,0.8437492151592779
watts_650,14.058260123901134,"[1.1756301103703741, 1.9641541316181186]",1.175630110370374,1.9641541316181184,[1.72414847 1.12341683],1.7241484721289566,1.123416829660566,1,20,20,0.19419527053833,1,56.0,0.0,0.0,650,watts,20,20,2.0,0.3162,0.0,-0.0256,0.5,20,0.7029130061950567
watts_651,8.79826923981993,"[0.38059914632535685, 2.748847578518325]",0.3805991463253568,2.748847578518325,[1.72414847 1.12341683],1.7241484721289566,1.123416829660566,1,12,12,0.1075067520141601,1,90.0,0.0,0.0,651,watts,12,12,2.0,0.8165,0.0,-0.3448,0.5,12,0.7331891033183275
watts_652,12.435406856228234,"[0.378419278875859, 2.749800525947978]",0.378419278875859,2.749800525947978,[1.72414847 1.12341683],1.7241484721289566,1.123416829660566,1,17,17,0.1423394680023193,1,74.0,0.0,0.0,652,watts,17,17,2.0,0.8402,0.0,-0.4749,0.5294,16,0.7772129285142646
watts_653,6.635822660531119,"[0.3814883243186356, 2.7486639062999396]",0.3814883243186356,2.74866390629994,[1.72414847 1.12341683],1.7241484721289566,1.123416829660566,1,9,9,0.1063313484191894,1,96.0,0.0,0.0,653,watts,9,9,2.0,0.6667,0.0,-0.4063,0.4444,9,0.7373136289479021
regular_654,20.794066208062457,"[1.8260495892253097, 2.7686816873972573]",1.8260495892253097,2.7686816873972573,[1.72414847 1.12341683],1.7241484721289566,1.123416829660566,1,16,32,0.1523523330688476,1,52.0,0.0,0.0,654,regular,16,32,4.0,0.0,0.125,0.0,0.4375,28,0.7426452217165164
barabasi_655,5.301547816490711,"[0.41585485138797323, 2.749015931645307]",0.4158548513879732,2.749015931645307,[1.72414847 1.12341683],1.7241484721289566,1.123416829660566,1,8,7,0.0620262622833251,1,67.0,0.0,0.0,655,barabasi,8,7,1.75,0.6614,0.0,0.0,0.5,7,0.7573639737843872
gnm_656,34.814212761400206,"[0.17852130011109935, 2.8361469292056256]",0.1785213001110993,2.8361469292056256,[1.72414847 1.12341683],1.7241484721289566,1.123416829660566,1,17,60,0.4611575603485107,1,133.0,0.0,0.0,656,gnm,17,60,7.0588,1.9242,0.4531,-0.2283,0.3529,42,0.8289098276523859
gnm_657,7.077506624627858,"[0.28238229666620446, 2.809827933965972]",0.2823822966662044,2.809827933965972,[1.72414847 1.12341683],1.7241484721289566,1.123416829660566,1,8,11,0.0848267078399658,1,64.0,0.0,0.0,657,gnm,8,11,2.75,1.299,0.4333,-0.2865,0.375,9,0.786389624958651
barabasi_658,7.958925680330779,"[0.3999775659243472, 2.7487486830352585]",0.3999775659243472,2.7487486830352585,[1.72414847 1.12341683],1.7241484721289566,1.123416829660566,1,12,11,0.067075490951538,1,58.0,0.0,0.0,658,barabasi,12,11,1.8333,1.2802,0.0,-0.4194,0.6667,11,0.723538698211889
watts_659,18.915588688064982,"[1.8558611782285581, 2.6891566571499284]",1.855861178228558,2.6891566571499284,[1.72414847 1.12341683],1.7241484721289566,1.123416829660566,1,18,36,0.1706757545471191,1,49.0,0.0,0.0,659,watts,18,36,4.0,0.6667,0.2722,-0.1571,0.3889,30,0.6305196229354995
gnm_660,47.44951482963103,"[1.3952462967416217, 2.7946213362335577]",1.3952462967416217,2.7946213362335577,[1.72414847 1.12341683],1.7241484721289566,1.123416829660566,1,20,89,1.1471707820892334,1,116.0,0.0,0.0,660,gnm,20,89,8.9,1.5133,0.4106,-0.0534,0.2,60,0.7908252471605172
gnm_661,32.83131147064796,"[1.7521967820722808, 2.6914802233319266]",1.7521967820722808,2.6914802233319266,[1.72414847 1.12341683],1.7241484721289566,1.123416829660566,1,12,61,0.3580267429351806,1,109.0,0.0,0.0,661,gnm,12,61,10.1667,0.7993,0.923,-0.1499,0.1667,36,0.9119808741846656
regular_662,11.289129497985414,"[1.8131487035839884, 2.807566877173636]",1.8131487035839884,2.807566877173636,[1.72414847 1.12341683],1.7241484721289566,1.123416829660566,1,9,18,0.0807218551635742,1,51.0,0.0,0.0,662,regular,9,18,4.0,0.0,0.3889,0.0,0.3333,14,0.8063663927132438
regular_663,12.749981029394233,"[1.9633901687532234, 2.749480627093167]",1.9633901687532236,2.749480627093167,[1.72414847 1.12341683],1.7241484721289566,1.123416829660566,1,17,17,0.0867106914520263,1,52.0,0.0,0.0,663,regular,17,17,2.0,0.0,0.0,0.0,0.4118,16,0.7968738143371396
gnm_664,13.290090203131411,"[1.7594505573619594, 2.7706364652330295]",1.7594505573619594,2.770636465233029,[1.72414847 1.12341683],1.7241484721289566,1.123416829660566,1,13,25,0.0829150676727294,1,48.0,0.0,0.0,664,gnm,13,25,3.8462,1.7028,0.3154,-0.2917,0.4615,20,0.6645045101565705
barabasi_665,5.240392087827331,"[0.40969503133355656, 2.7492544667674186]",0.4096950313335565,2.7492544667674186,[1.72414847 1.12341683],1.7241484721289566,1.123416829660566,1,8,7,0.0561928749084472,1,52.0,0.0,0.0,665,barabasi,8,7,1.75,0.8292,0.0,-0.2353,0.5,7,0.7486274411181901
barabasi_666,5.799361610320375,"[0.412640436554424, 2.7487214592094134]",0.412640436554424,2.7487214592094134,[1.72414847 1.12341683],1.7241484721289566,1.123416829660566,1,9,8,0.0708537101745605,1,58.0,0.0,0.0,666,barabasi,9,8,1.7778,1.3147,0.0,-0.5556,0.5556,8,0.7249202012900469
gnm_667,63.89347420663079,"[1.7408382213066391, 2.490332153456186]",1.7408382213066391,2.490332153456186,[1.72414847 1.12341683],1.7241484721289566,1.123416829660566,1,17,124,0.6165454387664795,1,74.0,0.0,0.0,667,gnm,17,124,14.5882,1.2395,0.9176,-0.1348,0.1176,71,0.8999080874173351
watts_668,13.271654147459104,"[0.38125876936063297, 2.749174866630229]",0.3812587693606329,2.749174866630229,[1.72414847 1.12341683],1.7241484721289566,1.123416829660566,1,18,18,0.1645364761352539,1,96.0,0.0,0.0,668,watts,18,18,2.0,0.6667,0.0,0.0156,0.4444,18,0.7373141193032836
barabasi_669,5.930047248000051,"[0.4002423777808364, 2.7487902088696425]",0.4002423777808364,2.7487902088696425,[1.72414847 1.12341683],1.7241484721289566,1.123416829660566,1,9,8,0.056248664855957,1,56.0,0.0,0.0,669,barabasi,9,8,1.7778,0.9162,0.0,-0.3846,0.6667,8,0.7412559060000063
regular_670,5.939219674794003,"[1.2858616241050722, 2.793263945554275]",1.2858616241050722,2.793263945554275,[1.72414847 1.12341683],1.7241484721289566,1.123416829660566,1,6,9,0.0729484558105468,1,52.0,0.0,0.0,670,regular,6,9,3.0,0.0,0.3333,0.0,0.3333,7,0.8484599535420004
gnm_671,41.87324962613869,"[1.7465806937000914, 2.803554477906806]",1.7465806937000914,2.803554477906806,[1.72414847 1.12341683],1.7241484721289566,1.123416829660566,1,19,79,0.6478445529937744,1,92.0,0.0,0.0,671,gnm,19,79,8.3158,1.8368,0.426,-0.1553,0.2632,55,0.7613318113843398
barabasi_672,10.006803975818066,"[0.42923891416171445, 2.7487066879704583]",0.4292389141617144,2.7487066879704583,[1.72414847 1.12341683],1.7241484721289566,1.123416829660566,1,15,14,0.0731630325317382,1,55.0,0.0,0.0,672,barabasi,15,14,1.8667,1.5861,0.0,-0.3987,0.5333,14,0.7147717125584333
gnm_673,9.464913933872594,"[1.8069284492293605, 2.7599374882862664]",1.8069284492293605,2.7599374882862664,[1.72414847 1.12341683],1.7241484721289566,1.123416829660566,1,7,17,0.0892653465270996,1,47.0,0.0,0.0,673,gnm,7,17,4.8571,0.833,0.819,-0.3333,0.2857,11,0.860446721261145
regular_674,8.999989064437472,"[1.9632009821256866, 2.748932149681167]",1.9632009821256864,2.748932149681167,[1.72414847 1.12341683],1.7241484721289566,1.123416829660566,1,12,12,0.0557982921600341,1,50.0,0.0,0.0,674,regular,12,12,2.0,0.0,0.0,0.0,0.4167,12,0.7499990887031226
gnm_675,68.15798319929833,"[1.4200501410007538, 2.5923372351373057]",1.4200501410007538,2.5923372351373057,[1.72414847 1.12341683],1.7241484721289566,1.123416829660566,1,18,132,-1.484466314315796,1,104.0,0.0,0.0,675,gnm,18,132,14.6667,1.5986,0.8695,-0.1198,0.1667,79,0.8627592810037763
watts_676,6.31396558045202,"[0.36029437026999594, 2.772252967267223]",0.3602943702699959,2.772252967267223,[1.72414847 1.12341683],1.7241484721289566,1.123416829660566,1,9,9,0.0543861389160156,1,52.0,0.0,0.0,676,watts,9,9,2.0,1.0541,0.1667,-0.2717,0.5556,8,0.7892456975565025
gnm_677,15.500025024055503,"[-2.528184072253552, 3.141592653589793]",-2.528184072253552,3.141592653589793,[1.72414847 1.12341683],1.7241484721289566,1.123416829660566,1,10,31,0.0247783660888671,1,11.0,0.0,0.0,677,gnm,10,31,6.2,1.3266,0.704,-0.2022,0.3,21,0.7380964297169287
watts_678,12.466357246312144,"[0.3777435176429752, 2.74901409208353]",0.3777435176429752,2.74901409208353,[1.72414847 1.12341683],1.7241484721289566,1.123416829660566,1,17,17,0.1022212505340576,1,54.0,0.0,0.0,678,watts,17,17,2.0,0.767,0.0,-0.2897,0.5294,17,0.7333151321360085
gnm_679,71.50056533273164,"[-2.528184072253552, 3.141592653589793]",-2.528184072253552,3.141592653589793,[1.72414847 1.12341683],1.7241484721289566,1.123416829660566,1,20,143,0.2178232669830322,1,14.0,0.0,0.0,679,gnm,20,143,14.3,2.1703,0.7653,-0.0831,0.15,88,0.8125064242355868
gnm_680,30.602833134658223,"[1.356785813269921, 2.348962658459789]",1.356785813269921,2.348962658459789,[1.72414847 1.12341683],1.7241484721289566,1.123416829660566,1,12,59,0.2519505023956299,1,82.0,0.0,0.0,680,gnm,12,59,9.8333,1.2134,0.9092,-0.1624,0.1667,35,0.874366660990235
regular_681,16.473767380927047,"[1.81731990631341, 2.7966151247196613]",1.81731990631341,2.7966151247196613,[1.72414847 1.12341683],1.7241484721289566,1.123416829660566,1,13,26,0.1865222454071045,1,85.0,0.0,0.0,681,regular,13,26,4.0,0.0,0.3077,0.0,0.3077,20,0.8236883690463523
gnm_682,59.00036662234879,"[-2.528184072253552, 3.141592653589793]",-2.528184072253552,3.141592653589793,[1.72414847 1.12341683],1.7241484721289566,1.123416829660566,1,18,118,0.1266136169433593,1,14.0,0.0,0.0,682,gnm,18,118,13.1111,1.4098,0.758,-0.0243,0.1667,72,0.819449536421511
barabasi_683,6.650190882661162,"[0.4020601123973365, 2.7491902347000163]",0.4020601123973365,2.7491902347000163,[1.72414847 1.12341683],1.7241484721289566,1.123416829660566,1,10,9,0.0690772533416748,1,53.0,0.0,0.0,683,barabasi,10,9,1.8,0.9798,0.0,-0.1818,0.5,9,0.7389100980734624
gnm_684,41.41978951237061,"[0.17971929255187397, 2.8253545245043656]",0.1797192925518739,2.8253545245043656,[1.72414847 1.12341683],1.7241484721289566,1.123416829660566,1,20,71,1.008871078491211,1,121.0,0.0,0.0,684,gnm,20,71,7.1,2.1656,0.4052,-0.1548,0.3,51,0.8121527355366787
watts_685,19.71725128102844,"[1.8289195466240544, 2.757086833245042]",1.8289195466240544,2.757086833245042,[1.72414847 1.12341683],1.7241484721289566,1.123416829660566,1,16,32,0.1410849094390869,1,55.0,0.0,0.0,685,watts,16,32,4.0,0.7906,0.2312,-0.0407,0.3125,26,0.7583558185010938
regular_686,23.34576002424394,"[1.8259547695782654, 2.7714245484827167]",1.8259547695782652,2.7714245484827167,[1.72414847 1.12341683],1.7241484721289566,1.123416829660566,1,18,36,0.1340456008911132,1,48.0,0.0,0.0,686,regular,18,36,4.0,0.0,0.1389,0.0,0.3333,30,0.7781920008081313
gnm_687,54.00030657617117,"[-2.528184072253552, 3.141592653589793]",-2.528184072253552,3.141592653589793,[1.72414847 1.12341683],1.7241484721289566,1.123416829660566,1,17,108,0.0982866287231445,1,14.0,0.0,0.0,687,gnm,17,108,12.7059,0.8921,0.7751,-0.1176,0.1176,66,0.8181864632753207
watts_688,7.385602523395505,"[0.3829672733315831, 2.7484538489029284]",0.3829672733315831,2.7484538489029284,[1.72414847 1.12341683],1.7241484721289566,1.123416829660566,1,10,10,0.0967042446136474,1,80.0,0.0,0.0,688,watts,10,10,2.0,0.6325,0.0,0.1667,0.5,10,0.7385602523395505
gnm_689,72.89210600461449,"[1.705718829053374, 2.786885566201197]",1.705718829053374,2.786885566201197,[1.72414847 1.12341683],1.7241484721289566,1.123416829660566,1,20,142,1.6915087699890137,1,106.0,0.0,0.0,689,gnm,20,142,14.2,1.7776,0.7406,-0.0905,0.15,86,0.8475826279606337
gnm_690,84.0002307922532,"[2.25569004017677, 3.141592653589793]",2.25569004017677,3.141592653589793,[1.72414847 1.12341683],1.7241484721289566,1.123416829660566,1,19,168,0.2837934494018554,1,20.0,0.0,0.0,690,gnm,19,168,17.6842,0.5669,0.9828,-0.115,0.1053,90,0.9333358976917023
barabasi_691,7.107831909132287,"[0.4348103380238517, 2.748462711390035]",0.4348103380238517,2.748462711390035,[1.72414847 1.12341683],1.7241484721289566,1.123416829660566,1,11,10,0.0683724880218505,1,54.0,0.0,0.0,691,barabasi,11,10,1.8182,1.5851,0.0,-0.6667,0.6364,10,0.7107831909132287
barabasi_692,9.851896801230671,"[0.5049159141698701, 2.7488371858095073]",0.5049159141698701,2.7488371858095078,[1.72414847 1.12341683],1.7241484721289566,1.123416829660566,1,15,14,0.0692896842956543,1,48.0,0.0,0.0,692,barabasi,15,14,1.8667,1.7461,0.0,-0.5322,0.5333,14,0.7037069143736193
gnm_693,12.50932367272253,"[1.768029552238147, 2.7212708315390937]",1.768029552238147,2.7212708315390937,[1.72414847 1.12341683],1.7241484721289566,1.123416829660566,1,9,24,0.0798285007476806,1,47.0,0.0,0.0,693,gnm,9,24,5.3333,0.6667,0.6407,-0.2203,0.2222,17,0.7358425689836783
regular_694,11.249984324138383,"[1.9632009821256866, 2.748932149681167]",1.9632009821256864,2.748932149681167,[1.72414847 1.12341683],1.7241484721289566,1.123416829660566,1,15,15,0.0590846538543701,1,50.0,0.0,0.0,694,regular,15,15,2.0,0.0,0.0,0.0,0.4,14,0.8035703088670274
watts_695,13.7452700344724,"[0.24373154724769872, 2.802597223733677]",0.2437315472476987,2.802597223733677,[1.72414847 1.12341683],1.7241484721289566,1.123416829660566,1,11,22,0.0769965648651123,1,52.0,0.0,0.0,695,watts,11,22,4.0,1.2792,0.3212,-0.0574,0.3636,17,0.8085452961454352
gnm_696,18.803788209702816,"[1.7791035671605098, 2.7387066175581385]",1.7791035671605098,2.7387066175581385,[1.72414847 1.12341683],1.7241484721289566,1.123416829660566,1,10,36,0.0978810787200927,1,47.0,0.0,0.0,696,gnm,10,36,7.2,0.9798,0.7836,-0.2286,0.3,24,0.783491175404284
gnm_697,19.414049302372405,"[1.2968964312435274, 2.5328078913347816]",1.2968964312435274,2.5328078913347816,[1.72414847 1.12341683],1.7241484721289566,1.123416829660566,1,11,37,0.2716286182403564,1,103.0,0.0,0.0,697,gnm,11,37,6.7273,1.4827,0.6739,-0.1575,0.2727,25,0.7765619720948962
regular_698,19.3769402273916,"[1.8240971204443455, 2.7749797149653848]",1.8240971204443452,2.7749797149653848,[1.72414847 1.12341683],1.7241484721289566,1.123416829660566,1,15,30,0.1433849334716797,1,53.0,0.0,0.0,698,regular,15,30,4.0,0.0,0.1667,0.0,0.3333,24,0.80737250947465
barabasi_699,3.742259952239692,"[1.1500865139098657, 2.7486806973731306]",1.1500865139098655,2.7486806973731306,[1.72414847 1.12341683],1.7241484721289566,1.123416829660566,1,6,5,0.0549159049987793,1,56.0,0.0,0.0,699,barabasi,6,5,1.6667,0.9428,0.0,-0.6667,0.5,5,0.7484519904479384
watts_700,14.077810595447886,"[0.38497820307283337, 2.748924316079708]",0.3849782030728333,2.748924316079708,[1.72414847 1.12341683],1.7241484721289566,1.123416829660566,1,19,19,0.1613707542419433,1,76.0,0.0,0.0,700,watts,19,19,2.0,0.562,0.0,-0.2667,0.5263,18,0.7821005886359936
gnm_701,23.871034787053112,"[0.18641657568176923, 2.8458836613055265]",0.1864165756817692,2.8458836613055265,[1.72414847 1.12341683],1.7241484721289566,1.123416829660566,1,13,41,0.2912471294403076,1,119.0,0.0,0.0,701,gnm,13,41,6.3077,1.5385,0.4976,0.0365,0.3077,29,0.8231391305880383
regular_702,23.160954019490585,"[1.8232499869512946, 2.7795769441541482]",1.8232499869512944,2.779576944154148,[1.72414847 1.12341683],1.7241484721289566,1.123416829660566,1,18,36,0.1883821487426757,1,51.0,0.0,0.0,702,regular,18,36,4.0,0.0,0.1944,0.0,0.3333,28,0.827176929267521
barabasi_703,20.024858675077205,"[0.2664989187438417, 2.787295730678303]",0.2664989187438417,2.787295730678303,[1.72414847 1.12341683],1.7241484721289566,1.123416829660566,1,18,32,0.2212898731231689,1,67.0,0.0,0.0,703,barabasi,18,32,3.5556,2.6713,0.4798,-0.3638,0.4444,25,0.8009943470030882
gnm_704,41.70998182349668,"[0.16756697479395824, 2.85042818859995]",0.1675669747939582,2.85042818859995,[1.72414847 1.12341683],1.7241484721289566,1.123416829660566,1,19,73,0.8316314220428467,1,134.0,0.0,0.0,704,gnm,19,73,7.6842,2.4506,0.5143,-0.0986,0.2632,52,0.8021150350672439
barabasi_705,15.256151964238413,"[0.27492702135595576, 2.786048568106393]",0.2749270213559557,2.786048568106393,[1.72414847 1.12341683],1.7241484721289566,1.123416829660566,1,14,24,0.1543993949890136,1,55.0,0.0,0.0,705,barabasi,14,24,3.4286,2.0603,0.4095,-0.3267,0.4286,19,0.8029553665388638
watts_706,10.492793799999165,"[1.818882140184518, 2.761781908610919]",1.818882140184518,2.761781908610919,[1.72414847 1.12341683],1.7241484721289566,1.123416829660566,1,9,18,0.0929644107818603,1,46.0,0.0,0.0,706,watts,9,18,4.0,1.0541,0.5704,-0.0746,0.3333,13,0.8071379846153204
watts_707,9.558431794413046,"[1.173977066693059, 1.9631959962679355]",1.173977066693059,1.9631959962679355,[1.72414847 1.12341683],1.7241484721289566,1.123416829660566,1,14,14,0.1017694473266601,1,68.0,0.0,0.0,707,watts,14,14,2.0,0.378,0.0,-0.037,0.5,13,0.7352639841856189
gnm_708,32.88154778039816,"[1.7217824357494136, 2.6878193194279607]",1.7217824357494136,2.6878193194279607,[1.72414847 1.12341683],1.7241484721289566,1.123416829660566,1,17,64,0.4467651844024658,1,112.0,0.0,0.0,708,gnm,17,64,7.5294,1.46,0.4758,-0.164,0.2353,45,0.7307010617866257
gnm_709,42.17101703954224,"[1.7109043165140474, 2.80386519128856]",1.7109043165140474,2.80386519128856,[1.72414847 1.12341683],1.7241484721289566,1.123416829660566,1,16,81,0.4820387363433838,1,92.0,0.0,0.0,709,gnm,16,81,10.125,1.3636,0.652,-0.0651,0.1875,52,0.8109810969142739
barabasi_710,4.401341036602389,"[0.41297234527781834, 2.7490445628305125]",0.4129723452778183,2.7490445628305125,[1.72414847 1.12341683],1.7241484721289566,1.123416829660566,1,7,6,0.051210880279541,1,50.0,0.0,0.0,710,barabasi,7,6,1.7143,1.1606,0.0,-0.7143,0.5714,6,0.7335568394337315
gnm_711,23.510281038852327,"[1.3980695814575195, 2.580356489844168]",1.3980695814575197,2.580356489844168,[1.72414847 1.12341683],1.7241484721289566,1.123416829660566,1,12,46,0.2274212837219238,1,71.0,0.0,0.0,711,gnm,12,46,7.6667,1.1785,0.6766,-0.1012,0.25,31,0.7583961625436234
gnm_712,16.99229464981363,"[1.7984199329702135, 2.5462975900126863]",1.7984199329702135,2.5462975900126863,[1.72414847 1.12341683],1.7241484721289566,1.123416829660566,1,9,32,0.1563458442687988,1,85.0,0.0,0.0,712,gnm,9,32,7.1111,0.737,0.8847,-0.2444,0.2222,20,0.8496147324906815
gnm_713,33.19917275867581,"[1.753495566685571, 2.6546293870382947]",1.753495566685571,2.6546293870382947,[1.72414847 1.12341683],1.7241484721289566,1.123416829660566,1,18,64,0.2425985336303711,1,48.0,0.0,0.0,713,gnm,18,64,7.1111,1.7916,0.3571,-0.1156,0.2778,48,0.6916494324724126
gnm_714,15.345804951815632,"[0.263970247404876, 2.7885947479875877]",0.263970247404876,2.788594747987588,[1.72414847 1.12341683],1.7241484721289566,1.123416829660566,1,14,24,0.1220641136169433,1,59.0,0.0,0.0,714,gnm,14,24,3.4286,1.4983,0.2429,-0.089,0.3571,19,0.8076739448324016
gnm_715,89.50781517180302,"[1.4167264091540395, 2.3604763416062546]",1.4167264091540397,2.360476341606254,[1.72414847 1.12341683],1.7241484721289566,1.123416829660566,1,20,173,2.067499876022339,1,113.0,0.0,0.0,715,gnm,20,173,17.3,1.1874,0.9115,-0.1041,0.1,98,0.9133450527735002
regular_716,14.24997901257159,"[1.9633901687532234, 2.749480627093167]",1.9633901687532236,2.749480627093167,[1.72414847 1.12341683],1.7241484721289566,1.123416829660566,1,19,19,0.114553689956665,1,52.0,0.0,0.0,716,regular,19,19,2.0,0.0,0.0,0.0,0.4211,18,0.7916655006984217
barabasi_717,5.150764328765945,"[0.4078701654122823, 2.749066289422652]",0.4078701654122823,2.749066289422652,[1.72414847 1.12341683],1.7241484721289566,1.123416829660566,1,8,7,0.0545330047607421,1,52.0,0.0,0.0,717,barabasi,8,7,1.75,1.0897,0.0,-0.4933,0.5,7,0.7358234755379921
gnm_718,5.369379205778756,"[0.3241048545932974, 2.7979363569430977]",0.3241048545932974,2.7979363569430977,[1.72414847 1.12341683],1.7241484721289566,1.123416829660566,1,7,8,0.0543093681335449,1,50.0,0.0,0.0,718,gnm,7,8,2.2857,1.0302,0.3333,-0.0667,0.4286,7,0.767054172254108
regular_719,16.557164741574095,"[1.8191504341675604, 2.7912225448973063]",1.8191504341675604,2.7912225448973063,[1.72414847 1.12341683],1.7241484721289566,1.123416829660566,1,13,26,0.1568095684051513,1,70.0,0.0,0.0,719,regular,13,26,4.0,0.0,0.2692,0.0,0.3846,20,0.8278582370787048
regular_720,5.249995780060999,"[1.9632009821256866, 2.748932149681167]",1.9632009821256864,2.748932149681167,[1.72414847 1.12341683],1.7241484721289566,1.123416829660566,1,7,7,0.063117504119873,1,50.0,0.0,0.0,720,regular,7,7,2.0,0.0,0.0,0.0,0.4286,6,0.8749992966768332
watts_721,15.227799793643356,"[0.2485482403367641, 2.791041406264842]",0.2485482403367641,2.791041406264842,[1.72414847 1.12341683],1.7241484721289566,1.123416829660566,1,12,24,0.1443367004394531,1,62.0,0.0,0.0,721,watts,12,24,4.0,0.8165,0.2722,0.087,0.3333,19,0.8014631470338609
barabasi_722,10.647641545519186,"[0.3855678602074676, 2.7491267499539536]",0.3855678602074676,2.7491267499539536,[1.72414847 1.12341683],1.7241484721289566,1.123416829660566,1,16,15,0.0855658054351806,1,52.0,0.0,0.0,722,barabasi,16,15,1.875,1.4948,0.0,-0.576,0.6875,15,0.709842769701279
gnm_723,7.217555803974392,"[1.3294398708736002, 2.816354622263016]",1.3294398708736002,2.816354622263016,[1.72414847 1.12341683],1.7241484721289566,1.123416829660566,1,7,12,0.0689127445220947,1,57.0,0.0,0.0,723,gnm,7,12,3.4286,1.0498,0.6524,-0.3333,0.4286,9,0.8019506448860435
barabasi_724,16.91304446267969,"[1.9700172239783411, 2.7609762376572022]",1.970017223978341,2.7609762376572022,[1.72414847 1.12341683],1.7241484721289566,1.123416829660566,1,17,30,0.1049349308013916,1,44.0,0.0,0.0,724,barabasi,17,30,3.5294,2.4762,0.3895,-0.4112,0.5294,25,0.6765217785071875
gnm_725,55.5003219048358,"[-2.528184072253552, 3.141592653589793]",-2.528184072253552,3.141592653589793,[1.72414847 1.12341683],1.7241484721289566,1.123416829660566,1,17,111,0.1139371395111084,1,14.0,0.0,0.0,725,gnm,17,111,13.0588,1.1099,0.803,-0.0826,0.1765,67,0.828363013505012
barabasi_726,21.412827327169847,"[1.745204190801575, 2.7974368888696763]",1.745204190801575,2.7974368888696763,[1.72414847 1.12341683],1.7241484721289566,1.123416829660566,1,16,39,0.1915638446807861,1,68.0,0.0,0.0,726,barabasi,16,39,4.875,2.1469,0.4006,-0.1825,0.375,29,0.7383733561093051
regular_727,19.19714854297511,"[1.8208270040711532, 2.785002011122195]",1.8208270040711527,2.785002011122195,[1.72414847 1.12341683],1.7241484721289566,1.123416829660566,1,15,30,0.1573829650878906,1,58.0,0.0,0.0,727,regular,15,30,4.0,0.0,0.2333,0.0,0.3333,22,0.8725976610443232
regular_728,14.249977140811366,"[1.9633901687532234, 2.749480627093167]",1.9633901687532236,2.749480627093167,[1.72414847 1.12341683],1.7241484721289566,1.123416829660566,1,19,19,0.1536571979522705,1,52.0,0.0,0.0,728,regular,19,19,2.0,0.0,0.0,0.0,0.4211,18,0.7916653967117425
gnm_729,39.87601622302593,"[0.1630582120604317, 2.851736464272534]",0.1630582120604317,2.851736464272534,[1.72414847 1.12341683],1.7241484721289566,1.123416829660566,1,17,70,0.5304934978485107,1,123.0,0.0,0.0,729,gnm,17,70,8.2353,1.6988,0.4958,-0.058,0.2353,48,0.8307503379797069
regular_730,11.249984294465332,"[1.9632009821256866, 2.748932149681167]",1.9632009821256864,2.748932149681167,[1.72414847 1.12341683],1.7241484721289566,1.123416829660566,1,15,15,0.0789217948913574,1,50.0,0.0,0.0,730,regular,15,15,2.0,0.0,0.0,0.0,0.4667,14,0.8035703067475237
watts_731,13.225066429693856,"[1.204805809671488, 1.963442966526666]",1.204805809671488,1.963442966526666,[1.72414847 1.12341683],1.7241484721289566,1.123416829660566,1,20,20,0.2790467739105224,1,65.0,0.0,0.0,731,watts,20,20,2.0,0.6325,0.0,-0.0784,0.5,20,0.6612533214846927
watts_732,7.073679195769241,"[0.3612523307806145, 2.773702251750401]",0.3612523307806145,2.773702251750401,[1.72414847 1.12341683],1.7241484721289566,1.123416829660566,1,10,10,0.119546890258789,1,76.0,0.0,0.0,732,watts,10,10,2.0,0.8944,0.2167,-0.2766,0.5,9,0.7859643550854712
gnm_733,39.60756750409794,"[0.17912167499335702, 2.8292182265389036]",0.179121674993357,2.829218226538904,[1.72414847 1.12341683],1.7241484721289566,1.123416829660566,1,19,68,0.4110376834869385,1,56.0,0.0,0.0,733,gnm,19,68,7.1579,1.8141,0.4283,-0.1425,0.2105,49,0.8083177041652642
watts_734,17.24887342575968,"[1.8274746426619952, 2.754287851721941]",1.8274746426619952,2.754287851721941,[1.72414847 1.12341683],1.7241484721289566,1.123416829660566,1,15,30,0.1524231433868408,1,54.0,0.0,0.0,734,watts,15,30,4.0,0.5164,0.5222,-0.1441,0.3333,23,0.7499510185112904
barabasi_735,11.252477202124572,"[0.42686890140567524, 2.7489220133579413]",0.4268689014056752,2.7489220133579413,[1.72414847 1.12341683],1.7241484721289566,1.123416829660566,1,17,16,0.1207213401794433,1,51.0,0.0,0.0,735,barabasi,17,16,1.8824,1.7109,0.0,-0.5175,0.5882,16,0.7032798251327858
gnm_736,32.500111760164145,"[-2.528184072253552, 3.141592653589793]",-2.528184072253552,3.141592653589793,[1.72414847 1.12341683],1.7241484721289566,1.123416829660566,1,12,65,0.0409572124481201,1,11.0,0.0,0.0,736,gnm,12,65,10.8333,0.3727,0.9848,-0.1818,0.1667,36,0.9027808822267818
barabasi_737,6.679934865090672,"[0.40003779953336094, 2.748510309843005]",0.4000377995333609,2.748510309843005,[1.72414847 1.12341683],1.7241484721289566,1.123416829660566,1,10,9,0.074662446975708,1,55.0,0.0,0.0,737,barabasi,10,9,1.8,0.8718,0.0,-0.2203,0.5,9,0.7422149850100747
regular_738,12.749981042061336,"[1.9633901687532234, 2.749480627093167]",1.9633901687532236,2.749480627093167,[1.72414847 1.12341683],1.7241484721289566,1.123416829660566,1,17,17,0.1362290382385254,1,52.0,0.0,0.0,738,regular,17,17,2.0,0.0,0.0,0.0,0.4706,16,0.7968738151288335
barabasi_739,18.40107618998936,"[1.8134922091365318, 2.7699285253444907]",1.813492209136532,2.7699285253444907,[1.72414847 1.12341683],1.7241484721289566,1.123416829660566,1,18,32,0.1691594123840332,1,45.0,0.0,0.0,739,barabasi,18,32,3.5556,2.6713,0.4882,-0.3219,0.4444,24,0.7667115079162233
barabasi_740,9.34190578661158,"[0.5763182258486843, 2.74929111839937]",0.5763182258486843,2.74929111839937,[1.72414847 1.12341683],1.7241484721289566,1.123416829660566,1,14,13,0.1007030010223388,1,51.0,0.0,0.0,740,barabasi,14,13,1.8571,2.2946,0.0,-0.651,0.7143,13,0.71860813743166
regular_741,20.990194453138415,"[1.8288871339979096, 2.7585809178170297]",1.8288871339979096,2.7585809178170297,[1.72414847 1.12341683],1.7241484721289566,1.123416829660566,1,16,32,0.2900838851928711,1,113.0,0.0,0.0,741,regular,16,32,4.0,0.0,0.0625,0.0,0.375,26,0.8073151712745544
watts_742,25.41128641438255,"[0.24884879983254438, 2.7878999573424705]",0.2488487998325443,2.7878999573424705,[1.72414847 1.12341683],1.7241484721289566,1.123416829660566,1,20,40,0.3816826343536377,1,70.0,0.0,0.0,742,watts,20,40,4.0,0.9487,0.2317,0.1063,0.35,32,0.7941027004494546
gnm_743,7.403972975407669,"[0.24596787566071854, 2.8328504364226585]",0.2459678756607185,2.8328504364226585,[1.72414847 1.12341683],1.7241484721289566,1.123416829660566,1,7,12,0.0782980918884277,1,49.0,0.0,0.0,743,gnm,7,12,3.4286,1.3997,0.7952,-0.5185,0.4286,9,0.8226636639341854
barabasi_744,17.209005839947576,"[1.857095204327031, 2.7535986441565345]",1.857095204327031,2.7535986441565345,[1.72414847 1.12341683],1.7241484721289566,1.123416829660566,1,16,28,0.1693129539489746,1,47.0,0.0,0.0,744,barabasi,16,28,3.5,2.3184,0.2536,-0.4176,0.4375,24,0.7170419099978157
barabasi_745,7.298388874159308,"[0.40502048671468327, 2.7484176885712475]",0.4050204867146832,2.7484176885712475,[1.72414847 1.12341683],1.7241484721289566,1.123416829660566,1,11,10,0.0819268226623535,1,55.0,0.0,0.0,745,barabasi,11,10,1.8182,1.1923,0.0,-0.3248,0.5455,10,0.7298388874159307
regular_746,16.557166802031897,"[1.8191504341675604, 2.7912225448973063]",1.8191504341675604,2.7912225448973063,[1.72414847 1.12341683],1.7241484721289566,1.123416829660566,1,13,26,0.16691255569458,1,70.0,0.0,0.0,746,regular,13,26,4.0,0.0,0.2692,0.0,0.3077,22,0.7525984910014499
watts_747,8.058511338474718,"[1.1722649229246611, 1.9639326231456873]",1.1722649229246611,1.9639326231456875,[1.72414847 1.12341683],1.7241484721289566,1.123416829660566,1,12,12,0.0593974590301513,1,51.0,0.0,0.0,747,watts,12,12,2.0,0.4082,0.0,-0.5652,0.5,11,0.732591939861338
watts_748,5.13645129037468,"[0.37842921258529094, 2.7494549350395223]",0.3784292125852909,2.7494549350395223,[1.72414847 1.12341683],1.7241484721289566,1.123416829660566,1,7,7,0.0475325584411621,1,52.0,0.0,0.0,748,watts,7,7,2.0,0.7559,0.0,-0.1667,0.4286,7,0.7337787557678114
watts_749,17.503126496767344,"[1.8388081057418253, 2.6895814165534837]",1.8388081057418253,2.689581416553484,[1.72414847 1.12341683],1.7241484721289566,1.123416829660566,1,17,34,0.1599354743957519,1,60.0,0.0,0.0,749,watts,17,34,4.0,0.686,0.3451,-0.0303,0.3529,27,0.6482639443247165
gnm_750,22.917934203458945,"[1.811395998669342, 2.674509978893316]",1.811395998669342,2.674509978893316,[1.72414847 1.12341683],1.7241484721289566,1.123416829660566,1,15,43,0.1646051406860351,1,55.0,0.0,0.0,750,gnm,15,43,5.7333,1.7308,0.3839,-0.1794,0.3333,33,0.694482854650271
barabasi_751,9.985210964651188,"[0.5148177971220381, 2.7492923622168144]",0.5148177971220381,2.7492923622168144,[1.72414847 1.12341683],1.7241484721289566,1.123416829660566,1,15,14,0.0754749774932861,1,47.0,0.0,0.0,751,barabasi,15,14,1.8667,1.9956,0.0,-0.614,0.6667,14,0.713229354617942
gnm_752,25.876851939800872,"[0.21050756030288761, 2.8218390704120497]",0.2105075603028876,2.8218390704120497,[1.72414847 1.12341683],1.7241484721289566,1.123416829660566,1,17,43,0.2869613170623779,1,89.0,0.0,0.0,752,gnm,17,43,5.0588,1.5135,0.4363,-0.1643,0.2941,31,0.8347371593484152
regular_753,8.006923883865056,"[1.279917595884062, 2.782906629271613]",1.279917595884062,2.782906629271613,[1.72414847 1.12341683],1.7241484721289566,1.123416829660566,1,8,12,0.1007380485534668,1,58.0,0.0,0.0,753,regular,8,12,3.0,0.0,0.25,0.0,0.375,10,0.8006923883865056
regular_754,14.179137849255312,"[1.8239174003308578, 2.77774960802112]",1.8239174003308576,2.77774960802112,[1.72414847 1.12341683],1.7241484721289566,1.123416829660566,1,11,22,0.1000187397003173,1,49.0,0.0,0.0,754,regular,11,22,4.0,0.0,0.1818,0.0,0.3636,16,0.886196115578457
barabasi_755,15.503010421725568,"[1.1251253279651394, 1.9886657681359556]",1.1251253279651394,1.988665768135956,[1.72414847 1.12341683],1.7241484721289566,1.123416829660566,1,16,28,0.294651985168457,1,134.0,0.0,0.0,755,barabasi,16,28,3.5,1.6956,0.403,-0.2798,0.4375,23,0.6740439313793726
barabasi_756,16.23868947805981,"[1.867632832662677, 2.726336093956176]",1.867632832662677,2.726336093956176,[1.72414847 1.12341683],1.7241484721289566,1.123416829660566,1,16,28,0.1233525276184082,1,50.0,0.0,0.0,756,barabasi,16,28,3.5,1.5811,0.2507,-0.2142,0.375,23,0.7060299773069483
watts_757,4.922865074795482,"[0.3602324221865891, 2.7830090419571705]",0.3602324221865891,2.7830090419571705,[1.72414847 1.12341683],1.7241484721289566,1.123416829660566,1,7,7,0.0511481761932373,1,59.0,0.0,0.0,757,watts,7,7,2.0,0.7559,0.2381,-0.1667,0.5714,6,0.8204775124659136
regular_758,8.999989588592342,"[1.9632009821256866, 2.748932149681167]",1.9632009821256864,2.748932149681167,[1.72414847 1.12341683],1.7241484721289566,1.123416829660566,1,12,12,0.0834548473358154,1,50.0,0.0,0.0,758,regular,12,12,2.0,0.0,0.0,0.0,0.4167,12,0.7499991323826952
watts_759,12.96326516073512,"[1.821907257902601, 2.787203234596899]",1.821907257902601,2.787203234596899,[1.72414847 1.12341683],1.7241484721289566,1.123416829660566,1,11,22,0.0766851902008056,1,52.0,0.0,0.0,759,watts,11,22,4.0,0.4264,0.4667,-0.0115,0.2727,16,0.810204072545945
barabasi_760,13.735593966669017,"[0.39226396317999523, 2.748635536146023]",0.3922639631799952,2.748635536146023,[1.72414847 1.12341683],1.7241484721289566,1.123416829660566,1,20,19,0.2371764183044433,1,57.0,0.0,0.0,760,barabasi,20,19,1.9,1.261,0.0,-0.248,0.5,19,0.7229259982457377
regular_761,15.692806681110484,"[1.8284024884237593, 2.761997386514296]",1.8284024884237595,2.761997386514296,[1.72414847 1.12341683],1.7241484721289566,1.123416829660566,1,12,24,0.1508798599243164,1,64.0,0.0,0.0,761,regular,12,24,4.0,0.0,0.0833,0.0,0.3333,20,0.7846403340555242
regular_762,17.548550892483256,"[1.8119835979666863, 2.808705353344438]",1.8119835979666865,2.808705353344438,[1.72414847 1.12341683],1.7241484721289566,1.123416829660566,1,14,28,0.2506163120269775,1,94.0,0.0,0.0,762,regular,14,28,4.0,0.0,0.3929,0.0,0.2857,22,0.7976614042037844
barabasi_763,3.7499986414468416,"[0.7848991552842831, 2.7489383628919404]",0.7848991552842831,2.7489383628919404,[1.72414847 1.12341683],1.7241484721289566,1.123416829660566,1,6,5,0.0518858432769775,1,50.0,0.0,0.0,763,barabasi,6,5,1.6667,1.4907,0.0,-1.0,0.8333,5,0.7499997282893683
gnm_764,28.000072686547355,"[-2.528184072253552, 3.141592653589793]",-2.528184072253552,3.141592653589793,[1.72414847 1.12341683],1.7241484721289566,1.123416829660566,1,14,56,0.040520429611206,1,11.0,0.0,0.0,764,gnm,14,56,8.0,1.3093,0.6032,-0.0439,0.2857,38,0.7368440180670357
watts_765,13.556337694131878,"[1.7767264664560127, 2.730741448474017]",1.7767264664560127,2.730741448474017,[1.72414847 1.12341683],1.7241484721289566,1.123416829660566,1,13,26,0.0976078510284423,1,41.0,0.0,0.0,765,watts,13,26,4.0,0.8771,0.2333,-0.2251,0.3846,22,0.6161971679150854
barabasi_766,10.893154157913004,"[1.7787253264785754, 2.7860796105363046]",1.7787253264785754,2.7860796105363046,[1.72414847 1.12341683],1.7241484721289566,1.123416829660566,1,12,20,0.0984525680541992,1,54.0,0.0,0.0,766,barabasi,12,20,3.3333,1.7951,0.4369,-0.4671,0.4167,17,0.6407737739948827
gnm_767,22.195502116171102,"[1.7428427270985687, 2.8425572791183242]",1.7428427270985687,2.842557279118324,[1.72414847 1.12341683],1.7241484721289566,1.123416829660566,1,12,40,0.2090921401977539,1,73.0,0.0,0.0,767,gnm,12,40,6.6667,1.5456,0.6294,-0.2767,0.25,28,0.792696504148968
barabasi_768,13.517750168046785,"[0.4952488165210558, 2.748472112532216]",0.4952488165210558,2.748472112532216,[1.72414847 1.12341683],1.7241484721289566,1.123416829660566,1,20,19,0.2053124904632568,1,51.0,0.0,0.0,768,barabasi,20,19,1.9,2.1886,0.0,-0.4871,0.7,19,0.7114605351603571
regular_769,8.667130752466619,"[1.8073134701809321, 2.821557674397212]",1.807313470180932,2.821557674397212,[1.72414847 1.12341683],1.7241484721289566,1.123416829660566,1,7,14,0.0580015182495117,1,43.0,0.0,0.0,769,regular,7,14,4.0,0.0,0.5,0.0,0.2857,10,0.8667130752466619
gnm_770,13.500018062070012,"[-2.528184072253552, 3.141592653589793]",-2.528184072253552,3.141592653589793,[1.72414847 1.12341683],1.7241484721289566,1.123416829660566,1,8,27,0.0166747570037841,1,8.0,0.0,0.0,770,gnm,8,27,6.75,0.433,0.9643,-0.2857,0.25,16,0.8437511288793758
gnm_771,6.106070774469117,"[0.3136043229775662, 2.771048523465115]",0.3136043229775662,2.771048523465115,[1.72414847 1.12341683],1.7241484721289566,1.123416829660566,1,7,9,0.0813305377960205,1,53.0,0.0,0.0,771,gnm,7,9,2.5714,1.178,0.2048,-0.6791,0.5714,8,0.7632588468086396
barabasi_772,25.020796125445735,"[1.8233539510547823, 2.7615860206799714]",1.8233539510547825,2.7615860206799714,[1.72414847 1.12341683],1.7241484721289566,1.123416829660566,1,19,48,0.2715296745300293,1,47.0,0.0,0.0,772,barabasi,19,48,5.0526,3.0689,0.4772,-0.3375,0.4211,36,0.6950221145957148
gnm_773,7.309309262782335,"[0.86284678614356, 2.349067697990461]",0.86284678614356,2.349067697990461,[1.72414847 1.12341683],1.7241484721289566,1.123416829660566,1,6,14,0.0791804790496826,1,58.0,0.0,0.0,773,gnm,6,14,4.6667,0.4714,0.9333,-0.4,0.3333,9,0.8121454736424817
gnm_774,8.039231037342688,"[1.8095021772041366, 2.8290632604901704]",1.8095021772041369,2.8290632604901704,[1.72414847 1.12341683],1.7241484721289566,1.123416829660566,1,7,13,0.0586504936218261,1,56.0,0.0,0.0,774,gnm,7,13,3.7143,0.6999,0.619,-0.0833,0.2857,10,0.8039231037342688
barabasi_775,5.900414383580255,"[0.4047064500910414, 2.749405582168975]",0.4047064500910414,2.749405582168975,[1.72414847 1.12341683],1.7241484721289566,1.123416829660566,1,9,8,0.0565643310546875,1,49.0,0.0,0.0,775,barabasi,9,8,1.7778,1.0304,0.0,-0.7471,0.6667,8,0.7375517979475319
barabasi_776,8.149898693412393,"[0.400282914461204, 2.7492210349201107]",0.400282914461204,2.7492210349201107,[1.72414847 1.12341683],1.7241484721289566,1.123416829660566,1,12,11,0.0888271331787109,1,61.0,0.0,0.0,776,barabasi,12,11,1.8333,0.8975,0.0,-0.5203,0.5,11,0.7408998812193084
watts_777,19.7872714529272,"[1.8271415227695285, 2.7766314265129437]",1.8271415227695285,2.776631426512944,[1.72414847 1.12341683],1.7241484721289566,1.123416829660566,1,18,36,0.1915121078491211,1,62.0,0.0,0.0,777,watts,18,36,4.0,0.5774,0.4037,0.1489,0.3333,27,0.7328619056639704
watts_778,9.28438147727502,"[1.2701153733916208, 2.725581831965501]",1.2701153733916208,2.725581831965501,[1.72414847 1.12341683],1.7241484721289566,1.123416829660566,1,8,16,0.0781323909759521,1,58.0,0.0,0.0,778,watts,8,16,4.0,1.118,0.5375,-0.3061,0.375,12,0.7736984564395849
gnm_779,42.42476927689168,"[1.7247431460416425, 2.78456957706592]",1.7247431460416425,2.78456957706592,[1.72414847 1.12341683],1.7241484721289566,1.123416829660566,1,15,79,0.2981538772583008,1,60.0,0.0,0.0,779,gnm,15,79,10.5333,1.4545,0.759,-0.1261,0.2,48,0.8838493599352434
regular_780,17.964339209728564,"[1.8218144595588943, 2.782528792021889]",1.8218144595588943,2.782528792021889,[1.72414847 1.12341683],1.7241484721289566,1.123416829660566,1,14,28,0.1169445514678955,1,58.0,0.0,0.0,780,regular,14,28,4.0,0.0,0.2143,0.0,0.3571,22,0.8165608731694802
watts_781,9.635172086468044,"[0.38541474889369476, 2.7484776795770784]",0.3854147488936947,2.7484776795770784,[1.72414847 1.12341683],1.7241484721289566,1.123416829660566,1,13,13,0.0964653491973877,1,76.0,0.0,0.0,781,watts,13,13,2.0,0.5547,0.0,-0.625,0.5385,12,0.8029310072056703
watts_782,8.079490221159794,"[0.3792299588434463, 2.7489508744574316]",0.3792299588434463,2.748950874457432,[1.72414847 1.12341683],1.7241484721289566,1.123416829660566,1,11,11,0.059009313583374,1,56.0,0.0,0.0,782,watts,11,11,2.0,0.7385,0.0,-0.3509,0.4545,10,0.8079490221159794
barabasi_783,7.209042144279607,"[0.40167925536591087, 2.7488754156529254]",0.4016792553659108,2.7488754156529254,[1.72414847 1.12341683],1.7241484721289566,1.123416829660566,1,11,10,0.0795958042144775,1,55.0,0.0,0.0,783,barabasi,11,10,1.8182,1.3361,0.0,-0.4855,0.6364,10,0.7209042144279607
gnm_784,12.55550650868128,"[1.2354186884173988, 2.5944210774291]",1.2354186884173988,2.5944210774291,[1.72414847 1.12341683],1.7241484721289566,1.123416829660566,1,11,24,0.0827953815460205,1,46.0,0.0,0.0,784,gnm,11,24,4.3636,1.0679,0.3727,0.1362,0.2727,18,0.6975281393711822
watts_785,10.003848782436965,"[0.360515112251506, 2.7693293240954118]",0.360515112251506,2.769329324095412,[1.72414847 1.12341683],1.7241484721289566,1.123416829660566,1,14,14,0.0821430683135986,1,54.0,0.0,0.0,785,watts,14,14,2.0,0.7559,0.1667,-0.1667,0.4286,13,0.769526829418228
regular_786,9.74998780485248,"[1.9638472817314, 2.7487014178816898]",1.9638472817314,2.7487014178816898,[1.72414847 1.12341683],1.7241484721289566,1.123416829660566,1,13,13,0.0600814819335937,1,50.0,0.0,0.0,786,regular,13,13,2.0,0.0,0.0,0.0,0.3846,12,0.8124989837377067
gnm_787,6.499999085441232,"[1.1926069040811438, 3.141592653589793]",1.1926069040811438,3.141592653589793,[1.72414847 1.12341683],1.7241484721289566,1.123416829660566,1,6,13,0.015726089477539,1,11.0,0.0,0.0,787,gnm,6,13,4.3333,0.7454,0.9,-0.4444,0.3333,9,0.7222221206045814
watts_788,17.13417930296042,"[1.805454695818528, 2.780358326392383]",1.805454695818528,2.780358326392383,[1.72414847 1.12341683],1.7241484721289566,1.123416829660566,1,15,30,0.1158459186553955,1,57.0,0.0,0.0,788,watts,15,30,4.0,0.7303,0.4444,0.0253,0.3333,24,0.7139241376233508
gnm_789,48.80835267462172,"[1.7231976521451353, 2.7147116994784186]",1.723197652145135,2.7147116994784186,[1.72414847 1.12341683],1.7241484721289566,1.123416829660566,1,18,95,0.866096019744873,1,122.0,0.0,0.0,789,gnm,18,95,10.5556,1.8019,0.5986,-0.082,0.2222,61,0.8001369290921594
barabasi_790,5.211776496040784,"[0.41582894398075443, 2.7486449828852306]",0.4158289439807544,2.74864498288523,[1.72414847 1.12341683],1.7241484721289566,1.123416829660566,1,8,7,0.0768675804138183,1,64.0,0.0,0.0,790,barabasi,8,7,1.75,0.9682,0.0,-0.4848,0.5,7,0.7445394994343977
gnm_791,12.000012554926798,"[-2.528184072253552, 3.141592653589793]",-2.528184072253552,3.141592653589793,[1.72414847 1.12341683],1.7241484721289566,1.123416829660566,1,8,24,0.0106682777404785,1,8.0,0.0,0.0,791,gnm,8,24,6.0,0.866,0.8702,-0.305,0.25,15,0.8000008369951198
barabasi_792,12.652579886382592,"[0.4440843179091912, 2.7490549564135947]",0.4440843179091912,2.7490549564135947,[1.72414847 1.12341683],1.7241484721289566,1.123416829660566,1,19,18,0.1389615535736084,1,49.0,0.0,0.0,792,barabasi,19,18,1.8947,1.744,0.0,-0.4886,0.6316,18,0.7029211047990329
watts_793,14.74041296322102,"[0.3830286563341837, 2.749165873625396]",0.3830286563341837,2.749165873625396,[1.72414847 1.12341683],1.7241484721289566,1.123416829660566,1,20,20,0.2983772754669189,1,77.0,0.0,0.0,793,watts,20,20,2.0,0.7071,0.0,-0.0213,0.5,20,0.7370206481610511
gnm_794,88.68688714470444,"[1.414953703398301, 2.3553315864964075]",1.414953703398301,2.3553315864964075,[1.72414847 1.12341683],1.7241484721289566,1.123416829660566,1,20,173,1.943101406097412,1,103.0,0.0,0.0,794,gnm,20,173,17.3,1.2689,0.9127,-0.0912,0.1,98,0.9049682361704535
gnm_795,56.50032541691769,"[-2.528184072253552, 3.141592653589793]",-2.528184072253552,3.141592653589793,[1.72414847 1.12341683],1.7241484721289566,1.123416829660566,1,20,113,0.1993405818939209,1,14.0,0.0,0.0,795,gnm,20,113,11.3,2.1237,0.6005,-0.1648,0.25,73,0.7739770605057218
gnm_796,9.95611418968474,"[1.7840129725874305, 2.7793136115453927]",1.7840129725874303,2.7793136115453927,[1.72414847 1.12341683],1.7241484721289566,1.123416829660566,1,7,18,0.0893974304199218,1,48.0,0.0,0.0,796,gnm,7,18,5.1429,0.833,0.8857,-0.378,0.2857,12,0.8296761824737283
barabasi_797,12.458150338043389,"[1.795756925651747, 2.7639649407543985]",1.795756925651747,2.7639649407543985,[1.72414847 1.12341683],1.7241484721289566,1.123416829660566,1,13,22,0.1020383834838867,1,52.0,0.0,0.0,797,barabasi,13,22,3.3846,2.1318,0.5458,-0.3965,0.4615,17,0.7328323728260817
gnm_798,28.15160865569566,"[1.7457611007032967, 2.674542118152045]",1.7457611007032967,2.674542118152045,[1.72414847 1.12341683],1.7241484721289566,1.123416829660566,1,13,55,0.2355012893676757,1,64.0,0.0,0.0,798,gnm,13,55,8.4615,1.6462,0.7115,-0.2053,0.2308,36,0.7819891293248795
gnm_799,44.00019333166529,"[-2.528184072253552, 3.141592653589793]",-2.528184072253552,3.141592653589793,[1.72414847 1.12341683],1.7241484721289566,1.123416829660566,1,16,88,0.0847799777984619,1,14.0,0.0,0.0,799,gnm,16,88,11.0,1.4577,0.7263,-0.1973,0.1875,54,0.8148183950308386
regular_800,7.760200724245806,"[1.2966786319769668, 2.8124224162267364]",1.2966786319769668,2.8124224162267364,[1.72414847 1.12341683],1.7241484721289566,1.123416829660566,1,8,12,0.0837128162384033,1,57.0,0.0,0.0,800,regular,8,12,3.0,0.0,0.5,0.0,0.375,10,0.7760200724245806
watts_801,19.3042719811396,"[1.3178285302567685, 2.7798449941186147]",1.3178285302567685,2.7798449941186147,[1.72414847 1.12341683],1.7241484721289566,1.123416829660566,1,16,32,0.1217162609100341,1,53.0,0.0,0.0,801,watts,16,32,4.0,1.1726,0.1952,0.0616,0.375,25,0.772170879245584
watts_802,5.249995796009898,"[1.9632009821256866, 2.748932149681167]",1.9632009821256864,2.748932149681167,[1.72414847 1.12341683],1.7241484721289566,1.123416829660566,1,7,7,0.047170877456665,1,50.0,0.0,0.0,802,watts,7,7,2.0,0.0,0.0,0.0,0.4286,6,0.874999299334983
gnm_803,22.388729724693512,"[1.7538991608403023, 2.7335434495428954]",1.7538991608403025,2.7335434495428954,[1.72414847 1.12341683],1.7241484721289566,1.123416829660566,1,11,42,0.1430695056915283,1,51.0,0.0,0.0,803,gnm,11,42,7.6364,1.1499,0.7617,-0.1657,0.2727,27,0.8292122120256856
regular_804,14.081384875984917,"[1.2774761486406319, 2.778445310000408]",1.277476148640632,2.778445310000408,[1.72414847 1.12341683],1.7241484721289566,1.123416829660566,1,14,21,0.1563470363616943,1,63.0,0.0,0.0,804,regular,14,21,3.0,0.0,0.2143,0.0,0.3571,17,0.8283167574108774
gnm_805,11.082930228265468,"[1.7644840080236084, 2.7823223531965118]",1.7644840080236084,2.782322353196512,[1.72414847 1.12341683],1.7241484721289566,1.123416829660566,1,7,20,0.0922026634216308,1,54.0,0.0,0.0,805,gnm,7,20,5.7143,0.4518,0.9524,-0.3333,0.2857,12,0.9235775190221224
barabasi_806,9.854545175484413,"[0.4259024378039615, 2.7495181026670665]",0.4259024378039615,2.7495181026670665,[1.72414847 1.12341683],1.7241484721289566,1.123416829660566,1,15,14,0.0920209884643554,1,54.0,0.0,0.0,806,barabasi,15,14,1.8667,1.7075,0.0,-0.6163,0.6667,14,0.7038960839631724
gnm_807,43.598442247243234,"[1.719256609081338, 2.7041649629077407]",1.719256609081338,2.7041649629077407,[1.72414847 1.12341683],1.7241484721289566,1.123416829660566,1,17,86,0.6236045360565186,1,114.0,0.0,0.0,807,gnm,17,86,10.1176,1.875,0.6343,-0.076,0.2353,55,0.792698949949877
regular_808,9.749987454026355,"[1.9638472817314, 2.7487014178816898]",1.9638472817314,2.7487014178816898,[1.72414847 1.12341683],1.7241484721289566,1.123416829660566,1,13,13,0.0868513584136962,1,50.0,0.0,0.0,808,regular,13,13,2.0,0.0,0.0,0.0,0.3846,12,0.8124989545021962
watts_809,8.532948788095382,"[0.22942749095568155, 2.83737952486526]",0.2294274909556815,2.83737952486526,[1.72414847 1.12341683],1.7241484721289566,1.123416829660566,1,7,14,0.0975897312164306,1,57.0,0.0,0.0,809,watts,7,14,4.0,0.7559,0.6571,-0.2963,0.2857,10,0.8532948788095382
gnm_810,23.50005244489876,"[-2.528184072253552, 3.141592653589793]",-2.528184072253552,3.141592653589793,[1.72414847 1.12341683],1.7241484721289566,1.123416829660566,1,12,47,0.0474047660827636,1,11.0,0.0,0.0,810,gnm,12,47,7.8333,1.724,0.7713,-0.2042,0.1667,30,0.7833350814966253
barabasi_811,12.057211920307426,"[0.6756991839084334, 2.749625216498496]",0.6756991839084334,2.749625216498496,[1.72414847 1.12341683],1.7241484721289566,1.123416829660566,1,18,17,0.1205019950866699,1,48.0,0.0,0.0,811,barabasi,18,17,1.8889,2.0518,0.0,-0.6243,0.5556,17,0.7092477600180839
barabasi_812,11.096225237169326,"[1.8023182206785602, 2.748951414443622]",1.80231822067856,2.748951414443622,[1.72414847 1.12341683],1.7241484721289566,1.123416829660566,1,12,20,0.0952579975128173,1,57.0,0.0,0.0,812,barabasi,12,20,3.3333,1.5986,0.3175,-0.3753,0.5,16,0.6935140773230829
barabasi_813,5.061257035005838,"[0.4043813390331812, 2.747737651199796]",0.4043813390331812,2.747737651199796,[1.72414847 1.12341683],1.7241484721289566,1.123416829660566,1,8,7,0.0434911251068115,1,46.0,0.0,0.0,813,barabasi,8,7,1.75,1.299,0.0,-0.75,0.75,7,0.7230367192865482
gnm_814,25.52609332595148,"[1.3543698644648086, 2.470425319228064]",1.3543698644648086,2.470425319228064,[1.72414847 1.12341683],1.7241484721289566,1.123416829660566,1,11,48,0.1468913555145263,1,51.0,0.0,0.0,814,gnm,11,48,8.7273,1.2129,0.9012,-0.2523,0.1818,29,0.880210114687982
barabasi_815,12.033957329661916,"[1.1898659822463507, 1.9022967510785005]",1.1898659822463509,1.9022967510785005,[1.72414847 1.12341683],1.7241484721289566,1.123416829660566,1,13,22,0.1043946743011474,1,61.0,0.0,0.0,815,barabasi,13,22,3.3846,2.4663,0.6613,-0.458,0.4615,17,0.7078798429212892
regular_816,15.410722143991904,"[1.822345663534406, 2.781722589674968]",1.822345663534406,2.781722589674968,[1.72414847 1.12341683],1.7241484721289566,1.123416829660566,1,12,24,0.118692398071289,1,59.0,0.0,0.0,816,regular,12,24,4.0,0.0,0.2083,0.0,0.3333,18,0.8561512302217724
watts_817,14.077811694840682,"[0.38497820307283337, 2.748924316079708]",0.3849782030728333,2.748924316079708,[1.72414847 1.12341683],1.7241484721289566,1.123416829660566,1,19,19,0.1986427307128906,1,76.0,0.0,0.0,817,watts,19,19,2.0,0.562,0.0,-0.2667,0.5263,19,0.7409374576231937
gnm_818,11.076653742151391,"[1.2880328540832502, 2.3784014721683153]",1.2880328540832502,2.3784014721683158,[1.72414847 1.12341683],1.7241484721289566,1.123416829660566,1,8,21,0.1014199256896972,1,54.0,0.0,0.0,818,gnm,8,21,5.25,0.9682,0.775,-0.2908,0.25,14,0.7911895530108136
watts_819,4.49999729504063,"[1.9632009821256866, 2.748932149681167]",1.9632009821256864,2.748932149681167,[1.72414847 1.12341683],1.7241484721289566,1.123416829660566,1,6,6,0.0427336692810058,1,50.0,0.0,0.0,819,watts,6,6,2.0,0.0,0.0,0.0,0.5,6,0.7499995491734383
watts_820,8.829148006917187,"[0.38036646884016845, 2.7491198843559266]",0.3803664688401684,2.7491198843559266,[1.72414847 1.12341683],1.7241484721289566,1.123416829660566,1,12,12,0.1257574558258056,1,80.0,0.0,0.0,820,watts,12,12,2.0,0.7071,0.0,-0.3333,0.5833,12,0.7357623339097655
barabasi_821,6.548746358465223,"[0.40904546258114516, 2.7493053892573167]",0.4090454625811451,2.7493053892573167,[1.72414847 1.12341683],1.7241484721289566,1.123416829660566,1,10,9,0.0699255466461181,1,46.0,0.0,0.0,821,barabasi,10,9,1.8,1.249,0.0,-0.5217,0.7,9,0.7276384842739136
watts_822,11.55159283617952,"[0.3684936681241552, 2.766840561355182]",0.3684936681241552,2.766840561355182,[1.72414847 1.12341683],1.7241484721289566,1.123416829660566,1,16,16,0.183664321899414,1,86.0,0.0,0.0,822,watts,16,16,2.0,0.6124,0.1458,0.0805,0.5,15,0.7701061890786346
gnm_823,33.79920054964081,"[1.7502323386042178, 2.5738041001402685]",1.7502323386042178,2.5738041001402685,[1.72414847 1.12341683],1.7241484721289566,1.123416829660566,1,17,65,0.3438212871551513,1,75.0,0.0,0.0,823,gnm,17,65,7.6471,1.3258,0.459,-0.0802,0.2353,45,0.7510933455475736
gnm_824,17.355198998767648,"[0.21459718077353074, 2.827903645566228]",0.2145971807735307,2.827903645566228,[1.72414847 1.12341683],1.7241484721289566,1.123416829660566,1,12,29,0.1099498271942138,1,55.0,0.0,0.0,824,gnm,12,29,4.8333,1.993,0.5421,-0.3986,0.3333,22,0.7888726817621659
barabasi_825,6.679935739621442,"[0.40003779953336094, 2.748510309843005]",0.4000377995333609,2.748510309843005,[1.72414847 1.12341683],1.7241484721289566,1.123416829660566,1,10,9,0.0668637752532959,1,55.0,0.0,0.0,825,barabasi,10,9,1.8,0.8718,0.0,-0.2203,0.5,9,0.7422150821801602
gnm_826,36.6489844374932,"[1.3912684834571878, 2.751082798791371]",1.3912684834571878,2.751082798791371,[1.72414847 1.12341683],1.7241484721289566,1.123416829660566,1,18,68,0.7655975818634033,1,127.0,0.0,0.0,826,gnm,18,68,7.5556,1.7708,0.4232,-0.1799,0.2778,48,0.7635205091144416
gnm_827,25.50006289902376,"[-2.528184072253552, 3.141592653589793]",-2.528184072253552,3.141592653589793,[1.72414847 1.12341683],1.7241484721289566,1.123416829660566,1,13,51,0.0510609149932861,1,11.0,0.0,0.0,827,gnm,13,51,7.8462,1.0987,0.5978,-0.0526,0.2308,35,0.7285732256863932
watts_828,6.000002739019692,"[-2.528184072253552, 3.141592653589793]",-2.528184072253552,3.141592653589793,[1.72414847 1.12341683],1.7241484721289566,1.123416829660566,1,6,12,0.0119469165802001,1,8.0,0.0,0.0,828,watts,6,12,4.0,0.8165,0.8444,-0.4348,0.3333,8,0.7500003423774615
watts_829,8.606351761164047,"[0.37021113465122757, 2.7695004252988342]",0.3702111346512275,2.7695004252988342,[1.72414847 1.12341683],1.7241484721289566,1.123416829660566,1,12,12,0.1013128757476806,1,68.0,0.0,0.0,829,watts,12,12,2.0,0.7071,0.1389,-0.1429,0.5,11,0.782395614651277
barabasi_830,13.521754949114149,"[0.448081194875941, 2.748665605205138]",0.448081194875941,2.748665605205138,[1.72414847 1.12341683],1.7241484721289566,1.123416829660566,1,20,19,0.1847000122070312,1,49.0,0.0,0.0,830,barabasi,20,19,1.9,1.8138,0.0,-0.3429,0.55,19,0.711671313111271
gnm_831,41.500172495492734,"[-2.528184072253552, 3.141592653589793]",-2.528184072253552,3.141592653589793,[1.72414847 1.12341683],1.7241484721289566,1.123416829660566,1,15,83,0.0699045658111572,1,14.0,0.0,0.0,831,gnm,15,83,11.0667,1.6519,0.8081,-0.131,0.2,51,0.8137288724606418
regular_832,12.60394683098275,"[1.8149423695477291, 2.802272015183523]",1.8149423695477287,2.802272015183523,[1.72414847 1.12341683],1.7241484721289566,1.123416829660566,1,10,20,0.1036117076873779,1,51.0,0.0,0.0,832,regular,10,20,4.0,0.0,0.35,0.0,0.3,16,0.7877466769364219
barabasi_833,16.296000529990344,"[0.26322484538474067, 2.7976612630308617]",0.2632248453847406,2.7976612630308617,[1.72414847 1.12341683],1.7241484721289566,1.123416829660566,1,15,26,0.1361825466156005,1,58.0,0.0,0.0,833,barabasi,15,26,3.4667,2.2764,0.6241,-0.43,0.4667,19,0.8576842384205444
watts_834,14.306905904982717,"[0.3731785022833308, 2.757244700566562]",0.3731785022833308,2.757244700566562,[1.72414847 1.12341683],1.7241484721289566,1.123416829660566,1,20,20,0.2401807308197021,1,72.0,0.0,0.0,834,watts,20,20,2.0,1.0488,0.0417,-0.002,0.5,19,0.7529950476306693
watts_835,9.558431586576628,"[1.173977066693059, 1.9631959962679355]",1.173977066693059,1.9631959962679355,[1.72414847 1.12341683],1.7241484721289566,1.123416829660566,1,14,14,0.0881619453430175,1,64.0,0.0,0.0,835,watts,14,14,2.0,0.378,0.0,-0.037,0.5,14,0.682745113326902
gnm_836,30.41722072560856,"[1.7707582216056816, 2.3611251688455805]",1.7707582216056816,2.3611251688455805,[1.72414847 1.12341683],1.7241484721289566,1.123416829660566,1,12,57,0.1806983947753906,1,62.0,0.0,0.0,836,gnm,12,57,9.5,0.7638,0.8488,-0.12,0.1667,35,0.8690634493031016
gnm_837,15.387780899515974,"[0.20265485210094028, 2.841679849684888]",0.2026548521009402,2.841679849684888,[1.72414847 1.12341683],1.7241484721289566,1.123416829660566,1,10,26,0.1216485500335693,1,63.0,0.0,0.0,837,gnm,10,26,5.2,1.4,0.5905,-0.3224,0.3,19,0.8098832052376829
barabasi_838,22.8215828518502,"[0.2663719638228461, 2.78169394518146]",0.2663719638228461,2.78169394518146,[1.72414847 1.12341683],1.7241484721289566,1.123416829660566,1,20,36,0.3750460147857666,1,83.0,0.0,0.0,838,barabasi,20,36,3.6,2.2,0.393,-0.3246,0.45,30,0.7607194283950066
gnm_839,4.552819833518242,"[0.4197538419400893, 2.7488952764223216]",0.4197538419400893,2.7488952764223216,[1.72414847 1.12341683],1.7241484721289566,1.123416829660566,1,7,6,0.0571386814117431,1,54.0,0.0,0.0,839,gnm,7,6,1.7143,0.6999,0.0,0.0,0.4286,6,0.7588033055863738
gnm_840,10.231329002534142,"[1.8351565331827975, 2.763654460804519]",1.8351565331827973,2.763654460804519,[1.72414847 1.12341683],1.7241484721289566,1.123416829660566,1,13,17,0.0904500484466552,1,48.0,0.0,0.0,840,gnm,13,17,2.6154,1.2114,0.0385,-0.3353,0.5385,15,0.6820886001689428
gnm_841,32.81266256752588,"[1.4232734377146472, 2.780151672590878]",1.4232734377146472,2.780151672590878,[1.72414847 1.12341683],1.7241484721289566,1.123416829660566,1,12,62,0.1770188808441162,1,51.0,0.0,0.0,841,gnm,12,62,10.3333,0.7454,0.9405,-0.1923,0.1667,36,0.9114628490979411
regular_842,16.3930624011057,"[1.8154637838794487, 2.8022017865303614]",1.8154637838794487,2.802201786530361,[1.72414847 1.12341683],1.7241484721289566,1.123416829660566,1,13,26,0.097076416015625,1,51.0,0.0,0.0,842,regular,13,26,4.0,0.0,0.3462,0.0,0.3077,20,0.8196531200552849
barabasi_843,4.463127685091422,"[0.42274214377390923, 2.7490476091705185]",0.4227421437739092,2.7490476091705185,[1.72414847 1.12341683],1.7241484721289566,1.123416829660566,1,7,6,0.0507566928863525,1,61.0,0.0,0.0,843,barabasi,7,6,1.7143,1.0302,0.0,-0.5,0.5714,6,0.7438546141819037
regular_844,18.53305304042912,"[1.2665029692224223, 2.7569855454874244]",1.2665029692224223,2.7569855454874244,[1.72414847 1.12341683],1.7241484721289566,1.123416829660566,1,18,27,-2.247710704803467,1,124.0,0.0,0.0,844,regular,18,27,3.0,0.0,0.0556,0.0,0.3889,25,0.7413221216171648
regular_845,16.73237191968778,"[1.822908914602322, 2.779880809262778]",1.822908914602322,2.779880809262778,[1.72414847 1.12341683],1.7241484721289566,1.123416829660566,1,13,26,0.0852112770080566,1,48.0,0.0,0.0,845,regular,13,26,4.0,0.0,0.1923,0.0,0.3846,22,0.7605623599858081
watts_846,5.999994503305061,"[1.9632009821256866, 2.748932149681167]",1.9632009821256864,2.748932149681167,[1.72414847 1.12341683],1.7241484721289566,1.123416829660566,1,8,8,0.049891710281372,1,50.0,0.0,0.0,846,watts,8,8,2.0,0.0,0.0,0.0,0.5,8,0.7499993129131326
watts_847,7.820762239259072,"[0.364102928392549, 2.771950251987752]",0.364102928392549,2.771950251987752,[1.72414847 1.12341683],1.7241484721289566,1.123416829660566,1,11,11,0.1381797790527343,1,102.0,0.0,0.0,847,watts,11,11,2.0,0.8528,0.197,-0.1524,0.5455,10,0.7820762239259073
watts_848,9.7655445898763,"[0.23035261153578804, 2.8339717054805353]",0.230352611535788,2.833971705480536,[1.72414847 1.12341683],1.7241484721289566,1.123416829660566,1,8,16,0.0795538425445556,1,56.0,0.0,0.0,848,watts,8,16,4.0,1.0,0.6375,-0.0833,0.25,12,0.8137953824896916
barabasi_849,7.26008323283444,"[0.4324470379978185, 2.749146954611512]",0.4324470379978185,2.749146954611512,[1.72414847 1.12341683],1.7241484721289566,1.123416829660566,1,11,10,0.0890958309173584,1,63.0,0.0,0.0,849,barabasi,11,10,1.8182,1.4025,0.0,-0.4685,0.5455,10,0.726008323283444
watts_850,7.329909854491916,"[0.37771405530014, 2.7489895687411625]",0.37771405530014,2.7489895687411625,[1.72414847 1.12341683],1.7241484721289566,1.123416829660566,1,10,10,0.056739330291748,1,52.0,0.0,0.0,850,watts,10,10,2.0,0.7746,0.0,-0.1765,0.6,10,0.7329909854491916
barabasi_851,12.563384861634276,"[0.2769940454226425, 2.7908444031833133]",0.2769940454226425,2.7908444031833133,[1.72414847 1.12341683],1.7241484721289566,1.123416829660566,1,12,20,0.1104607582092285,1,70.0,0.0,0.0,851,barabasi,12,20,3.3333,2.4267,0.5481,-0.5411,0.5,17,0.7390226389196632
barabasi_852,14.486104279751755,"[1.8407457612879239, 2.7821775861498974]",1.840745761287924,2.7821775861498974,[1.72414847 1.12341683],1.7241484721289566,1.123416829660566,1,14,24,0.0825247764587402,1,47.0,0.0,0.0,852,barabasi,14,24,3.4286,1.879,0.3629,-0.2652,0.4286,19,0.7624265410395661
gnm_853,70.22601955204877,"[1.7084188683381951, 2.7164235883519585]",1.7084188683381951,2.7164235883519585,[1.72414847 1.12341683],1.7241484721289566,1.123416829660566,1,20,135,0.6494221687316895,1,44.0,0.0,0.0,853,gnm,20,135,13.5,1.6583,0.7002,-0.0613,0.2,85,0.8261884653182208
gnm_854,12.298651290497723,"[1.831182934912846, 2.7481815600675263]",1.831182934912846,2.7481815600675263,[1.72414847 1.12341683],1.7241484721289566,1.123416829660566,1,11,23,0.0830914974212646,1,48.0,0.0,0.0,854,gnm,11,23,4.1818,1.3361,0.503,-0.2008,0.4545,18,0.6832584050276513
watts_855,5.669010297421664,"[0.36545479361014743, 2.778883489508977]",0.3654547936101474,2.778883489508977,[1.72414847 1.12341683],1.7241484721289566,1.123416829660566,1,8,8,0.0881264209747314,1,76.0,0.0,0.0,855,watts,8,8,2.0,0.7071,0.2083,0.1429,0.5,7,0.8098586139173806
barabasi_856,14.074627648836316,"[0.2811785892195684, 2.7851179929676873]",0.2811785892195684,2.7851179929676877,[1.72414847 1.12341683],1.7241484721289566,1.123416829660566,1,13,22,0.1153907775878906,1,57.0,0.0,0.0,856,barabasi,13,22,3.3846,1.903,0.4021,-0.3456,0.3846,18,0.7819237582686842
watts_857,8.590946196287405,"[0.23221513295831142, 2.8302929817929465]",0.2322151329583114,2.8302929817929465,[1.72414847 1.12341683],1.7241484721289566,1.123416829660566,1,7,14,0.0809035301208496,1,61.0,0.0,0.0,857,watts,7,14,4.0,0.7559,0.5905,-0.5556,0.4286,10,0.8590946196287405
watts_858,8.593709963252998,"[0.3730301822297515, 2.7660011889360874]",0.3730301822297515,2.766001188936088,[1.72414847 1.12341683],1.7241484721289566,1.123416829660566,1,12,12,0.0725533962249755,1,57.0,0.0,0.0,858,watts,12,12,2.0,0.8165,0.0833,0.1,0.5,11,0.781246360295727
barabasi_859,9.990674882155291,"[0.3848481728456933, 2.7486670756476665]",0.3848481728456933,2.7486670756476665,[1.72414847 1.12341683],1.7241484721289566,1.123416829660566,1,15,14,0.0835201740264892,1,50.0,0.0,0.0,859,barabasi,15,14,1.8667,1.4079,0.0,-0.4904,0.4667,14,0.7136196344396637
gnm_860,74.00060582154106,"[-2.528184072253552, 3.141592653589793]",-2.528184072253552,3.141592653589793,[1.72414847 1.12341683],1.7241484721289566,1.123416829660566,1,20,148,0.2428667545318603,1,14.0,0.0,0.0,860,gnm,20,148,14.8,1.6,0.7731,-0.1103,0.15,90,0.8222289535726784
barabasi_861,7.191180840005103,"[0.499666515676388, 2.749208134919588]",0.499666515676388,2.749208134919588,[1.72414847 1.12341683],1.7241484721289566,1.123416829660566,1,11,10,0.0683038234710693,1,47.0,0.0,0.0,861,barabasi,11,10,1.8182,1.6959,0.0,-0.6246,0.7273,10,0.7191180840005102
barabasi_862,3.7156854182248935,"[0.4361750962271948, 2.74996334537175]",0.4361750962271948,2.74996334537175,[1.72414847 1.12341683],1.7241484721289566,1.123416829660566,1,6,5,0.0566859245300293,1,48.0,0.0,0.0,862,barabasi,6,5,1.6667,1.1055,0.0,-0.7391,0.6667,5,0.7431370836449787
gnm_863,20.50004130776506,"[-2.528184072253552, 3.141592653589793]",-2.528184072253552,3.141592653589793,[1.72414847 1.12341683],1.7241484721289566,1.123416829660566,1,10,41,0.0474317073822021,1,11.0,0.0,0.0,863,gnm,10,41,8.2,0.8718,0.9206,-0.2548,0.2,25,0.8200016523106024
barabasi_864,11.963563851548574,"[1.9053976961422028, 2.754536653308382]",1.9053976961422028,2.754536653308382,[1.72414847 1.12341683],1.7241484721289566,1.123416829660566,1,12,20,0.1130084991455078,1,47.0,0.0,0.0,864,barabasi,12,20,3.3333,1.8409,0.5738,-0.3568,0.5,16,0.7477227407217859
barabasi_865,7.191180545670903,"[0.499666515676388, 2.749208134919588]",0.499666515676388,2.749208134919588,[1.72414847 1.12341683],1.7241484721289566,1.123416829660566,1,11,10,0.0511033535003662,1,47.0,0.0,0.0,865,barabasi,11,10,1.8182,1.6959,0.0,-0.5546,0.6364,10,0.7191180545670903
watts_866,5.249995796009898,"[1.9632009821256866, 2.748932149681167]",1.9632009821256864,2.748932149681167,[1.72414847 1.12341683],1.7241484721289566,1.123416829660566,1,7,7,0.0535371303558349,1,50.0,0.0,0.0,866,watts,7,7,2.0,0.0,0.0,0.0,0.4286,6,0.874999299334983
watts_867,21.925180080279784,"[0.2526907437311223, 2.7692302552430657]",0.2526907437311223,2.7692302552430657,[1.72414847 1.12341683],1.7241484721289566,1.123416829660566,1,17,34,0.1859383583068847,1,61.0,0.0,0.0,867,watts,17,34,4.0,1.1376,0.1059,-0.0683,0.3529,27,0.8120437066770291
barabasi_868,12.603221747226216,"[0.4673757594432275, 2.7491145578676783]",0.4673757594432275,2.7491145578676783,[1.72414847 1.12341683],1.7241484721289566,1.123416829660566,1,19,18,0.1580197811126709,1,63.0,0.0,0.0,868,barabasi,19,18,1.8947,1.8323,0.0,-0.6165,0.7368,18,0.700178985957012
regular_869,8.667130440328037,"[1.8073134701809321, 2.821557674397212]",1.807313470180932,2.821557674397212,[1.72414847 1.12341683],1.7241484721289566,1.123416829660566,1,7,14,0.0601167678833007,1,43.0,0.0,0.0,869,regular,7,14,4.0,0.0,0.5,0.0,0.2857,10,0.8667130440328037
regular_870,9.749987554275371,"[1.9632009821256866, 2.748932149681167]",1.9632009821256864,2.748932149681167,[1.72414847 1.12341683],1.7241484721289566,1.123416829660566,1,13,13,0.0758023262023925,1,50.0,0.0,0.0,870,regular,13,13,2.0,0.0,0.0,0.0,0.3846,12,0.812498962856281
regular_871,8.667130837944569,"[1.8073134701809321, 2.821557674397212]",1.807313470180932,2.821557674397212,[1.72414847 1.12341683],1.7241484721289566,1.123416829660566,1,7,14,0.053882360458374,1,43.0,0.0,0.0,871,regular,7,14,4.0,0.0,0.5,0.0,0.2857,10,0.8667130837944569
barabasi_872,11.338323987891547,"[0.4143910238953634, 2.7494724262715695]",0.4143910238953634,2.749472426271569,[1.72414847 1.12341683],1.7241484721289566,1.123416829660566,1,17,16,0.1032273769378662,1,52.0,0.0,0.0,872,barabasi,17,16,1.8824,1.6045,0.0,-0.4872,0.5294,16,0.7086452492432217
gnm_873,39.01003894115741,"[1.6897253087896429, 2.8917131922085826]",1.6897253087896429,2.8917131922085826,[1.72414847 1.12341683],1.7241484721289566,1.123416829660566,1,13,73,0.3661916255950928,1,87.0,0.0,0.0,873,gnm,13,73,11.2308,1.0491,0.9489,-0.231,0.1538,42,0.9288104509799384
watts_874,7.244351968337561,"[0.3715573484915872, 2.7490327505694303]",0.3715573484915872,2.7490327505694303,[1.72414847 1.12341683],1.7241484721289566,1.123416829660566,1,10,10,0.0671644210815429,1,57.0,0.0,0.0,874,watts,10,10,2.0,1.0,0.0,-0.4286,0.6,9,0.8049279964819512
regular_875,21.929811464707434,"[1.823278583796009, 2.776762052959773]",1.823278583796009,2.776762052959773,[1.72414847 1.12341683],1.7241484721289566,1.123416829660566,1,17,34,0.1481938362121582,1,48.0,0.0,0.0,875,regular,17,34,4.0,0.0,0.1765,0.0,0.3529,26,0.8434542871041321
regular_876,5.249995764970663,"[1.9632009821256866, 2.748932149681167]",1.9632009821256864,2.748932149681167,[1.72414847 1.12341683],1.7241484721289566,1.123416829660566,1,7,7,0.0533795356750488,1,50.0,0.0,0.0,876,regular,7,7,2.0,0.0,0.0,0.0,0.4286,6,0.8749992941617771
barabasi_877,7.884217654669271,"[0.4090334903437962, 2.7486225702184055]",0.4090334903437962,2.748622570218405,[1.72414847 1.12341683],1.7241484721289566,1.123416829660566,1,12,11,0.0661017894744873,1,55.0,0.0,0.0,877,barabasi,12,11,1.8333,1.4625,0.0,-0.4318,0.5833,11,0.7167470595153883
regular_878,4.49999729504063,"[1.9632009821256866, 2.748932149681167]",1.9632009821256864,2.748932149681167,[1.72414847 1.12341683],1.7241484721289566,1.123416829660566,1,6,6,0.0550658702850341,1,50.0,0.0,0.0,878,regular,6,6,2.0,0.0,0.0,0.0,0.5,6,0.7499995491734383
regular_879,23.63914527366885,"[1.8299593429264036, 2.7567187674250513]",1.829959342926404,2.7567187674250517,[1.72414847 1.12341683],1.7241484721289566,1.123416829660566,1,18,36,0.173346996307373,1,51.0,0.0,0.0,879,regular,18,36,4.0,0.0,0.0556,0.0,0.3333,30,0.787971509122295
barabasi_880,21.65039439602884,"[1.7864307786715083, 2.6973987214670263]",1.7864307786715083,2.6973987214670263,[1.72414847 1.12341683],1.7241484721289566,1.123416829660566,1,17,42,0.2022397518157959,1,68.0,0.0,0.0,880,barabasi,17,42,4.9412,1.8934,0.38,-0.1047,0.2941,31,0.6983998192267368
barabasi_881,3.7499986414468416,"[0.7848991552842831, 2.7489383628919404]",0.7848991552842831,2.7489383628919404,[1.72414847 1.12341683],1.7241484721289566,1.123416829660566,1,6,5,0.0602924823760986,1,50.0,0.0,0.0,881,barabasi,6,5,1.6667,1.4907,0.0,-1.0,0.8333,5,0.7499997282893683
barabasi_882,5.900414329293881,"[0.4047064500910414, 2.749405582168975]",0.4047064500910414,2.749405582168975,[1.72414847 1.12341683],1.7241484721289566,1.123416829660566,1,9,8,0.0589182376861572,1,49.0,0.0,0.0,882,barabasi,9,8,1.7778,1.0304,0.0,-0.3793,0.5556,8,0.7375517911617351
gnm_883,6.000002346932888,"[-2.528184072253552, 3.141592653589793]",-2.528184072253552,3.141592653589793,[1.72414847 1.12341683],1.7241484721289566,1.123416829660566,1,6,12,0.0089430809020996,1,8.0,0.0,0.0,883,gnm,6,12,4.0,0.8165,0.8444,-0.4348,0.3333,8,0.750000293366611
watts_884,18.986584386615185,"[0.2492308286301, 2.7886047968145062]",0.2492308286301,2.7886047968145062,[1.72414847 1.12341683],1.7241484721289566,1.123416829660566,1,15,30,0.1323673725128173,1,50.0,0.0,0.0,884,watts,15,30,4.0,1.2649,0.2625,-0.2319,0.4,24,0.7911076827756327
barabasi_885,31.24965857965528,"[0.2227290407619878, 2.791139779203056]",0.2227290407619878,2.791139779203056,[1.72414847 1.12341683],1.7241484721289566,1.123416829660566,1,20,51,0.3527569770812988,1,53.0,0.0,0.0,885,barabasi,20,51,5.1,2.0469,0.2441,-0.0943,0.3,39,0.8012732969142379
regular_886,5.939219470135868,"[1.2858616241050722, 2.793263945554275]",1.2858616241050722,2.793263945554275,[1.72414847 1.12341683],1.7241484721289566,1.123416829660566,1,6,9,0.0630319118499755,1,52.0,0.0,0.0,886,regular,6,9,3.0,0.0,0.3333,0.0,0.3333,7,0.848459924305124
regular_887,10.499985671018296,"[1.9632009821256866, 2.748932149681167]",1.9632009821256864,2.748932149681167,[1.72414847 1.12341683],1.7241484721289566,1.123416829660566,1,14,14,0.0866296291351318,1,50.0,0.0,0.0,887,regular,14,14,2.0,0.0,0.0,0.0,0.3571,14,0.7499989765013069
watts_888,20.99896374919301,"[1.822415542270346, 2.764343883438883]",1.822415542270346,2.764343883438883,[1.72414847 1.12341683],1.7241484721289566,1.123416829660566,1,19,38,0.3270521163940429,1,93.0,0.0,0.0,888,watts,19,38,4.0,1.2566,0.1737,-0.1465,0.4211,30,0.6999654583064336
watts_889,7.275392735483251,"[0.37166321598499374, 2.7488207237136573]",0.3716632159849937,2.7488207237136573,[1.72414847 1.12341683],1.7241484721289566,1.123416829660566,1,10,10,0.0808289051055908,1,55.0,0.0,0.0,889,watts,10,10,2.0,0.8944,0.0,-0.25,0.5,9,0.8083769706092502
gnm_890,40.41711482236517,"[1.3688897246412806, 2.3891694547780133]",1.3688897246412806,2.3891694547780133,[1.72414847 1.12341683],1.7241484721289566,1.123416829660566,1,20,79,0.5186192989349365,1,58.0,0.0,0.0,890,gnm,20,79,7.9,2.2113,0.3754,-0.0901,0.25,59,0.6850358444468673
watts_891,7.858377365567268,"[0.3673543093196383, 2.771586060228568]",0.3673543093196383,2.771586060228568,[1.72414847 1.12341683],1.7241484721289566,1.123416829660566,1,11,11,0.0631308555603027,1,50.0,0.0,0.0,891,watts,11,11,2.0,0.7385,0.1515,-0.3509,0.4545,10,0.7858377365567268
watts_892,9.578857935171184,"[0.38169792443484263, 2.748878714105011]",0.3816979244348426,2.748878714105011,[1.72414847 1.12341683],1.7241484721289566,1.123416829660566,1,13,13,0.1179122924804687,1,84.0,0.0,0.0,892,watts,13,13,2.0,0.6794,0.0,-0.3188,0.4615,12,0.7982381612642654
gnm_893,16.25985949277147,"[0.21552415111613596, 2.82704893021267]",0.2155241511161359,2.82704893021267,[1.72414847 1.12341683],1.7241484721289566,1.123416829660566,1,11,27,0.0934157371520996,1,55.0,0.0,0.0,893,gnm,11,27,4.9091,1.2398,0.471,-0.0619,0.2727,20,0.8129929746385735
barabasi_894,5.900414689516538,"[0.4047064500910414, 2.749405582168975]",0.4047064500910414,2.749405582168975,[1.72414847 1.12341683],1.7241484721289566,1.123416829660566,1,9,8,0.0532124042510986,1,49.0,0.0,0.0,894,barabasi,9,8,1.7778,1.0304,0.0,-0.3793,0.4444,8,0.7375518361895672
barabasi_895,15.118662972878884,"[0.2710425044458485, 2.7952319053678636]",0.2710425044458485,2.795231905367864,[1.72414847 1.12341683],1.7241484721289566,1.123416829660566,1,14,24,0.1048274040222168,1,56.0,0.0,0.0,895,barabasi,14,24,3.4286,2.2902,0.5747,-0.3681,0.4286,19,0.7957191038357307
barabasi_896,7.884217677505961,"[0.4090334903437962, 2.7486225702184055]",0.4090334903437962,2.748622570218405,[1.72414847 1.12341683],1.7241484721289566,1.123416829660566,1,12,11,0.055016279220581,1,53.0,0.0,0.0,896,barabasi,12,11,1.8333,1.4625,0.0,-0.5682,0.5833,11,0.716747061591451
watts_897,7.000003758817911,"[-2.528184072253552, 3.141592653589793]",-2.528184072253552,3.141592653589793,[1.72414847 1.12341683],1.7241484721289566,1.123416829660566,1,7,14,0.009322166442871,1,8.0,0.0,0.0,897,watts,7,14,4.0,0.7559,0.6238,-0.1667,0.2857,10,0.7000003758817911
barabasi_898,18.840370846499145,"[1.1594341706584768, 1.961954705237467]",1.1594341706584768,1.961954705237467,[1.72414847 1.12341683],1.7241484721289566,1.123416829660566,1,19,34,0.2687330245971679,1,58.0,0.0,0.0,898,barabasi,19,34,3.5789,2.413,0.3156,-0.3173,0.4211,29,0.6496679602241084
watts_899,7.000004341360182,"[-2.528184072253552, 3.141592653589793]",-2.528184072253552,3.141592653589793,[1.72414847 1.12341683],1.7241484721289566,1.123416829660566,1,7,14,0.0115587711334228,1,8.0,0.0,0.0,899,watts,7,14,4.0,1.069,0.7095,-0.3494,0.2857,10,0.7000004341360182
barabasi_900,6.650191258954578,"[0.402078695240175, 2.748637675106548]",0.402078695240175,2.748637675106548,[1.72414847 1.12341683],1.7241484721289566,1.123416829660566,1,10,9,0.0838489532470703,1,55.0,0.0,0.0,900,barabasi,10,9,1.8,0.9798,0.0,-0.7273,0.7,9,0.738910139883842
barabasi_901,20.394703390917357,"[1.7625688614851163, 2.721590509677829]",1.7625688614851165,2.721590509677829,[1.72414847 1.12341683],1.7241484721289566,1.123416829660566,1,16,39,0.1864998340606689,1,58.0,0.0,0.0,901,barabasi,16,39,4.875,2.4463,0.4439,-0.3353,0.3125,31,0.6578936577715276
gnm_902,14.00001581356628,"[-2.528184072253552, 3.141592653589793]",-2.528184072253552,3.141592653589793,[1.72414847 1.12341683],1.7241484721289566,1.123416829660566,1,10,28,0.0144109725952148,1,8.0,0.0,0.0,902,gnm,10,28,5.6,1.2806,0.6257,0.073,0.3,19,0.7368429375561201
barabasi_903,20.89753603622331,"[0.2664595242928905, 2.755966593490177]",0.2664595242928905,2.755966593490177,[1.72414847 1.12341683],1.7241484721289566,1.123416829660566,1,18,32,0.1608614921569824,1,53.0,0.0,0.0,903,barabasi,18,32,3.5556,1.8922,0.0827,-0.2668,0.5,30,0.6965845345407771
gnm_904,33.50010828219092,"[-2.528184072253552, 3.141592653589793]",-2.528184072253552,3.141592653589793,[1.72414847 1.12341683],1.7241484721289566,1.123416829660566,1,15,67,0.06494140625,1,11.0,0.0,0.0,904,gnm,15,67,8.9333,1.4817,0.6099,-0.1488,0.2667,45,0.7444468507153539
watts_905,4.361501401741407,"[1.9649582127019927, 2.7330441098291054]",1.964958212701993,2.7330441098291054,[1.72414847 1.12341683],1.7241484721289566,1.123416829660566,1,7,7,0.0508127212524414,1,50.0,0.0,0.0,905,watts,7,7,2.0,0.5345,0.3333,-0.0769,0.4286,6,0.7269169002902345
gnm_906,27.453875117031657,"[1.390923327627977, 2.455686044066663]",1.390923327627977,2.455686044066663,[1.72414847 1.12341683],1.7241484721289566,1.123416829660566,1,12,54,0.15549898147583,1,52.0,0.0,0.0,906,gnm,12,54,9.0,1.472,0.8429,-0.2396,0.1667,33,0.83193560960702
watts_907,12.367417805805315,"[1.1711520993206213, 1.9636876999379382]",1.1711520993206213,1.9636876999379385,[1.72414847 1.12341683],1.7241484721289566,1.123416829660566,1,19,19,0.1443798542022705,1,64.0,0.0,0.0,907,watts,19,19,2.0,0.4588,0.0,0.2083,0.4737,19,0.6509167266213324
barabasi_908,27.261569325778677,"[0.21510902685814573, 2.8022016346159506]",0.2151090268581457,2.8022016346159506,[1.72414847 1.12341683],1.7241484721289566,1.123416829660566,1,18,45,0.3757016658782959,1,91.0,0.0,0.0,908,barabasi,18,45,5.0,2.3805,0.3565,-0.3579,0.4444,34,0.8018108625229022
barabasi_909,12.212100680667325,"[1.9242231090951771, 2.7543706124721146]",1.924223109095177,2.7543706124721146,[1.72414847 1.12341683],1.7241484721289566,1.123416829660566,1,13,22,0.0920391082763671,1,43.0,0.0,0.0,909,barabasi,13,22,3.3846,1.3323,0.0846,-0.2306,0.3846,19,0.642742141087754
barabasi_910,10.033819961037446,"[0.4206220683627553, 2.748648943827937]",0.4206220683627553,2.748648943827937,[1.72414847 1.12341683],1.7241484721289566,1.123416829660566,1,15,14,0.100475788116455,1,53.0,0.0,0.0,910,barabasi,15,14,1.8667,1.5434,0.0,-0.3426,0.5333,14,0.716701425788389
barabasi_911,10.794030035401429,"[0.399246370027612, 2.749277718458351]",0.399246370027612,2.749277718458351,[1.72414847 1.12341683],1.7241484721289566,1.123416829660566,1,16,15,0.0731630325317382,1,49.0,0.0,0.0,911,barabasi,16,15,1.875,1.3636,0.0,-0.1827,0.5625,15,0.7196020023600952
barabasi_912,6.5583840433027945,"[0.6717501364866802, 2.7483640354994567]",0.6717501364866802,2.7483640354994567,[1.72414847 1.12341683],1.7241484721289566,1.123416829660566,1,10,9,0.0594863891601562,1,48.0,0.0,0.0,912,barabasi,10,9,1.8,2.0881,0.0,-0.8348,0.8,9,0.7287093381447549
watts_913,13.816546393417152,"[0.24409320436776932, 2.7998953355421756]",0.2440932043677693,2.799895335542176,[1.72414847 1.12341683],1.7241484721289566,1.123416829660566,1,11,22,0.0945799350738525,1,61.0,0.0,0.0,913,watts,11,22,4.0,1.0445,0.3182,0.0188,0.3636,17,0.8127380231421855
barabasi_914,7.135699302369403,"[0.5458971469650336, 2.7488575065536063]",0.5458971469650336,2.7488575065536063,[1.72414847 1.12341683],1.7241484721289566,1.123416829660566,1,11,10,0.0433156490325927,1,49.0,0.0,0.0,914,barabasi,11,10,1.8182,1.7487,0.0,-0.6312,0.7273,10,0.7135699302369403
regular_915,8.735120682511479,"[1.809743037871993, 2.813683437603643]",1.809743037871993,2.813683437603643,[1.72414847 1.12341683],1.7241484721289566,1.123416829660566,1,7,14,0.0497970581054687,1,52.0,0.0,0.0,915,regular,7,14,4.0,0.0,0.4286,0.0,0.4286,12,0.7279267235426232
gnm_916,22.7375718957762,"[1.7556478856986217, 2.8030513799259302]",1.7556478856986215,2.8030513799259302,[1.72414847 1.12341683],1.7241484721289566,1.123416829660566,1,11,41,0.12886643409729,1,50.0,0.0,0.0,916,gnm,11,41,7.4545,1.4374,0.7986,-0.1604,0.1818,28,0.8120561391348643
watts_917,22.629476781209416,"[1.8376587457271558, 2.743722983338435]",1.837658745727156,2.743722983338435,[1.72414847 1.12341683],1.7241484721289566,1.123416829660566,1,20,40,0.3624389171600342,1,62.0,0.0,0.0,917,watts,20,40,4.0,0.8367,0.3483,-0.1204,0.35,31,0.7299831219744973
gnm_918,5.708291444039787,"[0.2697630380814771, 2.824005808626179]",0.2697630380814771,2.824005808626179,[1.72414847 1.12341683],1.7241484721289566,1.123416829660566,1,6,9,0.064573049545288,1,60.0,0.0,0.0,918,gnm,6,9,3.0,1.0,0.7333,-0.4545,0.5,7,0.8154702062913982
gnm_919,6.76773707207758,"[1.883126375312981, 2.6622802236692062]",1.883126375312981,2.6622802236692062,[1.72414847 1.12341683],1.7241484721289566,1.123416829660566,1,6,12,0.0523517131805419,1,52.0,0.0,0.0,919,gnm,6,12,4.0,1.0,0.9,-0.4545,0.3333,8,0.8459671340096975
watts_920,4.178127148421481,"[0.35345561941746834, 2.7889670246483167]",0.3534556194174683,2.7889670246483167,[1.72414847 1.12341683],1.7241484721289566,1.123416829660566,1,6,6,0.0511996746063232,1,59.0,0.0,0.0,920,watts,6,6,2.0,0.8165,0.2778,-0.2,0.5,5,0.8356254296842962
watts_921,14.693288837966085,"[1.7781645541151812, 2.7802855112688123]",1.7781645541151812,2.7802855112688123,[1.72414847 1.12341683],1.7241484721289566,1.123416829660566,1,14,28,0.1149039268493652,1,57.0,0.0,0.0,921,watts,14,28,4.0,1.1339,0.2143,-0.1909,0.4286,23,0.6388386451289602
regular_922,14.22607021112523,"[1.2729321800150764, 2.7694578532975087]",1.2729321800150764,2.7694578532975087,[1.72414847 1.12341683],1.7241484721289566,1.123416829660566,1,14,21,0.0915098190307617,1,55.0,0.0,0.0,922,regular,14,21,3.0,0.0,0.1429,0.0,0.3571,18,0.7903372339514017
gnm_923,19.602696666322316,"[0.2462094021606197, 2.787508577337043]",0.2462094021606197,2.787508577337043,[1.72414847 1.12341683],1.7241484721289566,1.123416829660566,1,16,31,0.130195140838623,1,54.0,0.0,0.0,923,gnm,16,31,3.875,1.4948,0.2667,-0.1071,0.375,25,0.7841078666528927
watts_924,10.867678469447322,"[1.16949692639007, 1.963437573816324]",1.16949692639007,1.963437573816324,[1.72414847 1.12341683],1.7241484721289566,1.123416829660566,1,17,17,0.114823579788208,1,59.0,0.0,0.0,924,watts,17,17,2.0,0.4851,0.0,0.2031,0.4706,17,0.6392752040851366
barabasi_925,29.378900183461667,"[0.22601476587416822, 2.794165715706777]",0.2260147658741682,2.794165715706777,[1.72414847 1.12341683],1.7241484721289566,1.123416829660566,1,19,48,0.5670301914215088,1,120.0,0.0,0.0,925,barabasi,19,48,5.0526,2.0124,0.2799,-0.067,0.3158,36,0.816080560651713
gnm_926,16.50002407177817,"[-2.528184072253552, 3.141592653589793]",-2.528184072253552,3.141592653589793,[1.72414847 1.12341683],1.7241484721289566,1.123416829660566,1,10,33,0.0226445198059082,1,11.0,0.0,0.0,926,gnm,10,33,6.6,1.0198,0.715,-0.1541,0.2,22,0.750001094171735
regular_927,16.55716644127256,"[1.8191504341675604, 2.7912225448973063]",1.8191504341675604,2.7912225448973063,[1.72414847 1.12341683],1.7241484721289566,1.123416829660566,1,13,26,0.1677970886230468,1,86.0,0.0,0.0,927,regular,13,26,4.0,0.0,0.2692,0.0,0.3077,20,0.827858322063628
regular_928,5.9999945096788,"[1.9632009821256866, 2.748932149681167]",1.9632009821256864,2.748932149681167,[1.72414847 1.12341683],1.7241484721289566,1.123416829660566,1,8,8,0.044140338897705,1,50.0,0.0,0.0,928,regular,8,8,2.0,0.0,0.0,0.0,0.5,8,0.74999931370985
watts_929,10.328600035260498,"[0.38171048104496264, 2.7495128366402226]",0.3817104810449626,2.7495128366402226,[1.72414847 1.12341683],1.7241484721289566,1.123416829660566,1,14,14,0.1748859882354736,1,130.0,0.0,0.0,929,watts,14,14,2.0,0.6547,0.0,-0.4933,0.5,13,0.7945076950200384
gnm_930,14.702745451472984,"[0.31027579657128285, 2.775855556255043]",0.3102757965712828,2.775855556255043,[1.72414847 1.12341683],1.7241484721289566,1.123416829660566,1,16,22,0.1518046855926513,1,81.0,0.0,0.0,930,gnm,16,22,2.75,1.25,0.2708,-0.1118,0.4375,18,0.816819191748499
gnm_931,50.01890750288464,"[1.6900823809081997, 2.853988441664593]",1.6900823809081995,2.853988441664593,[1.72414847 1.12341683],1.7241484721289566,1.123416829660566,1,15,95,0.6025216579437256,1,116.0,0.0,0.0,931,gnm,15,95,12.6667,1.075,0.9015,-0.1605,0.2,56,0.8931947768372257
watts_932,25.60975400349812,"[0.248885355488356, 2.7791850214404215]",0.248885355488356,2.779185021440421,[1.72414847 1.12341683],1.7241484721289566,1.123416829660566,1,20,40,0.3503806591033935,1,64.0,0.0,0.0,932,watts,20,40,4.0,0.9487,0.2083,-0.2068,0.35,32,0.8003048126093163
barabasi_933,5.815892659447854,"[0.6568242445176056, 2.7483949287732896]",0.6568242445176056,2.7483949287732896,[1.72414847 1.12341683],1.7241484721289566,1.123416829660566,1,9,8,0.0416734218597412,1,45.0,0.0,0.0,933,barabasi,9,8,1.7778,1.8725,0.0,-0.8195,0.7778,8,0.7269865824309818
barabasi_934,4.463127685091422,"[0.42274214377390923, 2.7490476091705185]",0.4227421437739092,2.7490476091705185,[1.72414847 1.12341683],1.7241484721289566,1.123416829660566,1,7,6,0.0675475597381591,1,61.0,0.0,0.0,934,barabasi,7,6,1.7143,1.0302,0.0,-0.5,0.5714,6,0.7438546141819037
watts_935,9.301321062386965,"[0.36741654981501315, 2.7674305886184287]",0.3674165498150131,2.7674305886184287,[1.72414847 1.12341683],1.7241484721289566,1.123416829660566,1,13,13,0.1394050121307373,1,61.0,0.0,0.0,935,watts,13,13,2.0,0.7845,0.1282,-0.4773,0.4615,12,0.775110088532247
watts_936,24.268267158128133,"[0.24768537654473294, 2.780137560420356]",0.2476853765447329,2.780137560420356,[1.72414847 1.12341683],1.7241484721289566,1.123416829660566,1,19,38,0.2797505855560303,1,71.0,0.0,0.0,936,watts,19,38,4.0,1.0761,0.2105,-0.1106,0.4211,32,0.7583833486915041
gnm_937,9.836457608782268,"[1.806262390767074, 2.7425836430518125]",1.806262390767074,2.7425836430518125,[1.72414847 1.12341683],1.7241484721289566,1.123416829660566,1,11,18,0.095996618270874,1,54.0,0.0,0.0,937,gnm,11,18,3.2727,1.42,0.3424,-0.4636,0.4545,15,0.6557638405854845
gnm_938,13.881604054142826,"[0.24535823084012556, 2.7949861763945947]",0.2453582308401255,2.7949861763945947,[1.72414847 1.12341683],1.7241484721289566,1.123416829660566,1,11,22,0.1063075065612793,1,65.0,0.0,0.0,938,gnm,11,22,4.0,1.0445,0.3,-0.2911,0.3636,18,0.7712002252301571
gnm_939,12.272951788589124,"[1.339694487654759, 2.4550842224269473]",1.339694487654759,2.455084222426948,[1.72414847 1.12341683],1.7241484721289566,1.123416829660566,1,8,23,0.0752463340759277,1,45.0,0.0,0.0,939,gnm,8,23,5.75,1.199,0.8774,-0.4138,0.375,15,0.8181967859059416
watts_940,13.951345649288276,"[1.2996076269916201, 2.126280671399261]",1.29960762699162,2.126280671399261,[1.72414847 1.12341683],1.7241484721289566,1.123416829660566,1,13,26,0.0733313560485839,1,45.0,0.0,0.0,940,watts,13,26,4.0,0.8771,0.4051,-0.1798,0.3846,20,0.6975672824644138
gnm_941,7.488988757366314,"[1.820806469539961, 2.8262249198324327]",1.820806469539961,2.8262249198324327,[1.72414847 1.12341683],1.7241484721289566,1.123416829660566,1,7,12,0.0570921897888183,1,53.0,0.0,0.0,941,gnm,7,12,3.4286,0.9035,0.6667,-0.2,0.2857,8,0.9361235946707892
barabasi_942,4.491096407335135,"[0.4135008562769747, 2.749198763380942]",0.4135008562769747,2.749198763380942,[1.72414847 1.12341683],1.7241484721289566,1.123416829660566,1,7,6,0.0408613681793212,1,54.0,0.0,0.0,942,barabasi,7,6,1.7143,0.8806,0.0,-0.4483,0.4286,6,0.7485160678891892
regular_943,8.249990863240555,"[1.9632009821256866, 2.748932149681167]",1.9632009821256864,2.748932149681167,[1.72414847 1.12341683],1.7241484721289566,1.123416829660566,1,11,11,0.065706729888916,1,50.0,0.0,0.0,943,regular,11,11,2.0,0.0,0.0,0.0,0.4545,10,0.8249990863240555
barabasi_944,11.050305387656348,"[1.1255798509585588, 1.9563716627156218]",1.1255798509585588,1.9563716627156216,[1.72414847 1.12341683],1.7241484721289566,1.123416829660566,1,12,20,0.0894908905029296,1,48.0,0.0,0.0,944,barabasi,12,20,3.3333,1.6997,0.3992,-0.3435,0.4167,16,0.6906440867285217
barabasi_945,5.050539687508717,"[1.1485314140404954, 2.748922249340705]",1.1485314140404954,2.748922249340705,[1.72414847 1.12341683],1.7241484721289566,1.123416829660566,1,8,7,0.0415377616882324,1,54.0,0.0,0.0,945,barabasi,8,7,1.75,1.3919,0.0,-0.7386,0.75,7,0.7215056696441025
barabasi_946,12.113231926670826,"[0.3738935168625608, 2.7482620628866288]",0.3738935168625608,2.7482620628866288,[1.72414847 1.12341683],1.7241484721289566,1.123416829660566,1,18,17,0.1007375717163086,1,51.0,0.0,0.0,946,barabasi,18,17,1.8889,1.3699,0.0,-0.7417,0.5556,17,0.7125430545100486
gnm_947,24.000060652120737,"[-2.528184072253552, 3.141592653589793]",-2.528184072253552,3.141592653589793,[1.72414847 1.12341683],1.7241484721289566,1.123416829660566,1,12,48,0.0357332229614257,1,11.0,0.0,0.0,947,gnm,12,48,8.0,1.1547,0.6748,-0.2606,0.25,33,0.7272745652157799
watts_948,15.806190746003182,"[1.8203683879287162, 2.7632349590844285]",1.820368387928716,2.7632349590844285,[1.72414847 1.12341683],1.7241484721289566,1.123416829660566,1,14,28,0.1348409652709961,1,67.0,0.0,0.0,948,watts,14,28,4.0,0.9258,0.3786,-0.2767,0.2857,22,0.7184632157274173
gnm_949,36.55226520385614,"[1.7302581461162512, 2.74047647632986]",1.7302581461162512,2.74047647632986,[1.72414847 1.12341683],1.7241484721289566,1.123416829660566,1,16,69,0.2729008197784424,1,59.0,0.0,0.0,949,gnm,16,69,8.625,1.9325,0.5971,-0.1185,0.25,46,0.7946144609533943
barabasi_950,13.785716465008583,"[0.38594618489093624, 2.7486225686787362]",0.3859461848909362,2.748622568678736,[1.72414847 1.12341683],1.7241484721289566,1.123416829660566,1,20,19,0.1714899539947509,1,55.0,0.0,0.0,950,barabasi,20,19,1.9,1.1358,0.0,-0.4272,0.55,19,0.7255640244741359
gnm_951,7.309309507720172,"[0.86284678614356, 2.349067697990461]",0.86284678614356,2.349067697990461,[1.72414847 1.12341683],1.7241484721289566,1.123416829660566,1,6,14,0.0833115577697753,1,58.0,0.0,0.0,951,gnm,6,14,4.6667,0.4714,0.9333,-0.4,0.3333,9,0.8121455008577969
regular_952,11.999982430011082,"[1.9633901687532234, 2.749480627093167]",1.9633901687532236,2.749480627093167,[1.72414847 1.12341683],1.7241484721289566,1.123416829660566,1,16,16,0.0763170719146728,1,50.0,0.0,0.0,952,regular,16,16,2.0,0.0,0.0,0.0,0.4375,16,0.7499989018756926
gnm_953,21.419182177185576,"[1.7936770388173673, 2.6118802108892307]",1.7936770388173673,2.6118802108892307,[1.72414847 1.12341683],1.7241484721289566,1.123416829660566,1,10,40,0.0962357521057128,1,45.0,0.0,0.0,953,gnm,10,40,8.0,0.8944,0.8933,-0.2238,0.2,25,0.856767287087423
regular_954,18.05446613193364,"[1.8235910615206805, 2.7772286835468103]",1.8235910615206803,2.7772286835468103,[1.72414847 1.12341683],1.7241484721289566,1.123416829660566,1,14,28,0.1014735698699951,1,50.0,0.0,0.0,954,regular,14,28,4.0,0.0,0.1786,0.0,0.3571,24,0.7522694221639017
watts_955,14.84432198823544,"[1.8346999248867624, 2.7105951723178934]",1.8346999248867624,2.7105951723178934,[1.72414847 1.12341683],1.7241484721289566,1.123416829660566,1,13,26,0.0974752902984619,1,52.0,0.0,0.0,955,watts,13,26,4.0,0.9608,0.3,-0.017,0.3846,21,0.706872475630259
barabasi_956,12.750179738182409,"[0.41155093090204226, 2.7488596615271335]",0.4115509309020422,2.748859661527133,[1.72414847 1.12341683],1.7241484721289566,1.123416829660566,1,19,18,0.1533806324005127,1,57.0,0.0,0.0,956,barabasi,19,18,1.8947,1.6188,0.0,-0.3423,0.5263,18,0.7083433187879116
watts_957,8.329216249549063,"[1.276911045598868, 2.2965262614171493]",1.276911045598868,2.2965262614171493,[1.72414847 1.12341683],1.7241484721289566,1.123416829660566,1,8,16,0.0611352920532226,1,42.0,0.0,0.0,957,watts,8,16,4.0,0.7071,0.5625,-0.1613,0.25,11,0.757201477231733
gnm_958,35.00011920291581,"[-2.528184072253552, 3.141592653589793]",-2.528184072253552,3.141592653589793,[1.72414847 1.12341683],1.7241484721289566,1.123416829660566,1,13,70,0.0658104419708252,1,11.0,0.0,0.0,958,gnm,13,70,10.7692,0.7994,0.8901,-0.1178,0.1538,42,0.8333361714979955
regular_959,19.376940222216984,"[1.8240971204443455, 2.7749797149653848]",1.8240971204443452,2.7749797149653848,[1.72414847 1.12341683],1.7241484721289566,1.123416829660566,1,15,30,0.1540484428405761,1,55.0,0.0,0.0,959,regular,15,30,4.0,0.0,0.1667,0.0,0.3333,24,0.807372509259041
barabasi_960,3.8679051333892858,"[0.43289023091997303, 2.7487004623387046]",0.432890230919973,2.748700462338705,[1.72414847 1.12341683],1.7241484721289566,1.123416829660566,1,6,5,0.1345832347869873,1,146.0,0.0,0.0,960,barabasi,6,5,1.6667,0.4714,0.0,-0.25,0.5,5,0.7735810266778571
barabasi_961,8.650364326744931,"[0.39134893984043845, 2.748545109006559]",0.3913489398404384,2.748545109006559,[1.72414847 1.12341683],1.7241484721289566,1.123416829660566,1,13,12,0.0792798995971679,1,54.0,0.0,0.0,961,barabasi,13,12,1.8462,1.2918,0.0,-0.5385,0.6154,12,0.7208636938954109
watts_962,6.558654614549613,"[1.1711946912849185, 1.9628806767907563]",1.1711946912849185,1.9628806767907565,[1.72414847 1.12341683],1.7241484721289566,1.123416829660566,1,10,10,0.0816411972045898,1,54.0,0.0,0.0,962,watts,10,10,2.0,0.4472,0.0,-0.0526,0.5,10,0.6558654614549613
gnm_963,10.773719163944506,"[0.3007942352945723, 2.7682270600660774]",0.3007942352945723,2.768227060066077,[1.72414847 1.12341683],1.7241484721289566,1.123416829660566,1,11,16,0.0817909240722656,1,51.0,0.0,0.0,963,gnm,11,16,2.9091,0.9,0.1061,0.1523,0.3636,14,0.769551368853179
gnm_964,55.00030668780937,"[-2.528184072253552, 3.141592653589793]",-2.528184072253552,3.141592653589793,[1.72414847 1.12341683],1.7241484721289566,1.123416829660566,1,19,110,0.1296615600585937,1,14.0,0.0,0.0,964,gnm,19,110,11.5789,1.6324,0.6272,-0.1343,0.1579,70,0.7857186669687053
barabasi_965,5.150764328765945,"[0.4078701654122823, 2.749066289422652]",0.4078701654122823,2.749066289422652,[1.72414847 1.12341683],1.7241484721289566,1.123416829660566,1,8,7,0.0556032657623291,1,52.0,0.0,0.0,965,barabasi,8,7,1.75,1.0897,0.0,-0.4933,0.5,7,0.7358234755379921
gnm_966,21.00004007440293,"[-2.528184072253552, 3.141592653589793]",-2.528184072253552,3.141592653589793,[1.72414847 1.12341683],1.7241484721289566,1.123416829660566,1,12,42,0.0436198711395263,1,11.0,0.0,0.0,966,gnm,12,42,7.0,1.472,0.6456,-0.0892,0.25,27,0.7777792620149233
gnm_967,6.378977215634222,"[0.2727956084140677, 2.8163674927113647]",0.2727956084140677,2.8163674927113647,[1.72414847 1.12341683],1.7241484721289566,1.123416829660566,1,7,10,0.0842022895812988,1,53.0,0.0,0.0,967,gnm,7,10,2.8571,1.2454,0.5905,-0.4583,0.4286,8,0.7973721519542778
watts_968,8.13543346136045,"[0.3843400261861431, 2.7483400499839292]",0.3843400261861431,2.748340049983929,[1.72414847 1.12341683],1.7241484721289566,1.123416829660566,1,11,11,0.0946190357208252,1,77.0,0.0,0.0,968,watts,11,11,2.0,0.603,0.0,0.175,0.4545,10,0.813543346136045
regular_969,14.003388515316374,"[1.8193756379280384, 2.790847463250793]",1.8193756379280384,2.790847463250793,[1.72414847 1.12341683],1.7241484721289566,1.123416829660566,1,11,22,0.0871245861053466,1,51.0,0.0,0.0,969,regular,11,22,4.0,0.0,0.2727,0.0,0.3636,18,0.7779660286286875
gnm_970,21.61400208765036,"[0.20875037248150535, 2.818796175104014]",0.2087503724815053,2.818796175104014,[1.72414847 1.12341683],1.7241484721289566,1.123416829660566,1,14,36,0.1716804504394531,1,78.0,0.0,0.0,970,gnm,14,36,5.1429,1.807,0.3957,-0.2162,0.3571,27,0.8005185958389022
regular_971,10.05186162568134,"[1.8135160251066735, 2.8063038084867555]",1.813516025106673,2.8063038084867555,[1.72414847 1.12341683],1.7241484721289566,1.123416829660566,1,8,16,0.0712506771087646,1,50.0,0.0,0.0,971,regular,8,16,4.0,0.0,0.375,0.0,0.25,12,0.8376551354734451
gnm_972,16.970287750743807,"[1.8546983406799762, 2.186688358739052]",1.854698340679976,2.186688358739052,[1.72414847 1.12341683],1.7241484721289566,1.123416829660566,1,11,32,0.1547522544860839,1,70.0,0.0,0.0,972,gnm,11,32,5.8182,1.6414,0.6801,-0.193,0.2727,21,0.8081089405116099
watts_973,13.981677954996655,"[0.2503301011005631, 2.786382493540386]",0.2503301011005631,2.786382493540386,[1.72414847 1.12341683],1.7241484721289566,1.123416829660566,1,11,22,0.0927796363830566,1,54.0,0.0,0.0,973,watts,11,22,4.0,1.0445,0.2545,-0.3799,0.4545,19,0.7358777871050871
regular_974,16.1538998228763,"[1.2757716681548137, 2.7752047395674913]",1.2757716681548137,2.7752047395674917,[1.72414847 1.12341683],1.7241484721289566,1.123416829660566,1,16,24,0.1153810024261474,1,59.0,0.0,0.0,974,regular,16,24,3.0,0.0,0.1875,0.0,0.3125,21,0.7692333248988715
regular_975,8.249990808802977,"[1.9632009821256866, 2.748932149681167]",1.9632009821256864,2.748932149681167,[1.72414847 1.12341683],1.7241484721289566,1.123416829660566,1,11,11,0.0513563156127929,1,50.0,0.0,0.0,975,regular,11,11,2.0,0.0,0.0,0.0,0.3636,10,0.8249990808802977
watts_976,14.798250068361126,"[1.8182920224190973, 2.747510765086223]",1.8182920224190973,2.747510765086223,[1.72414847 1.12341683],1.7241484721289566,1.123416829660566,1,13,26,0.0935585498809814,1,53.0,0.0,0.0,976,watts,13,26,4.0,0.7845,0.441,-0.0335,0.3077,19,0.7788552667558487
regular_977,14.37933440667202,"[1.2679551374719797, 2.758785598881188]",1.2679551374719795,2.758785598881188,[1.72414847 1.12341683],1.7241484721289566,1.123416829660566,1,14,21,0.19146728515625,1,93.0,0.0,0.0,977,regular,14,21,3.0,0.0,0.0714,0.0,0.4286,19,0.7568070740353695
gnm_978,23.129232520928014,"[0.17829350220356527, 2.851536601173101]",0.1782935022035652,2.851536601173101,[1.72414847 1.12341683],1.7241484721289566,1.123416829660566,1,12,40,0.1763362884521484,1,70.0,0.0,0.0,978,gnm,12,40,6.6667,0.9428,0.5663,-0.2037,0.25,27,0.8566382415158523
barabasi_979,8.606984168512568,"[0.40215507454145694, 2.7490893965852456]",0.4021550745414569,2.7490893965852456,[1.72414847 1.12341683],1.7241484721289566,1.123416829660566,1,13,12,0.0778009891510009,1,56.0,0.0,0.0,979,barabasi,13,12,1.8462,1.4058,0.0,-0.4133,0.5385,12,0.7172486807093806
gnm_980,12.829419212030189,"[1.2892570460850656, 2.342715681986202]",1.2892570460850656,2.342715681986202,[1.72414847 1.12341683],1.7241484721289566,1.123416829660566,1,8,24,0.0750949382781982,1,42.0,0.0,0.0,980,gnm,8,24,6.0,0.7071,0.844,-0.2676,0.25,16,0.8018387007518868
gnm_981,17.471400660276363,"[0.27147830985504584, 2.7899193257672836]",0.2714783098550458,2.789919325767284,[1.72414847 1.12341683],1.7241484721289566,1.123416829660566,1,17,27,0.1385815143585205,1,52.0,0.0,0.0,981,gnm,17,27,3.1765,1.1998,0.2373,0.0581,0.4118,22,0.7941545754671074
regular_982,22.0226827749842,"[1.825320419989103, 2.772198348324988]",1.825320419989103,2.772198348324988,[1.72414847 1.12341683],1.7241484721289566,1.123416829660566,1,17,34,0.2500953674316406,1,72.0,0.0,0.0,982,regular,17,34,4.0,0.0,0.1471,0.0,0.3529,28,0.7865243848208643
regular_983,10.051861696963895,"[1.8135160251066735, 2.8063038084867555]",1.813516025106673,2.8063038084867555,[1.72414847 1.12341683],1.7241484721289566,1.123416829660566,1,8,16,0.0655524730682373,1,50.0,0.0,0.0,983,regular,8,16,4.0,0.0,0.375,0.0,0.375,12,0.8376551414136579
gnm_984,4.61522221796622,"[0.42512620114673105, 2.748775435568044]",0.425126201146731,2.748775435568044,[1.72414847 1.12341683],1.7241484721289566,1.123416829660566,1,7,6,0.0948710441589355,1,91.0,0.0,0.0,984,gnm,7,6,1.7143,0.4518,0.0,-0.2,0.5714,6,0.76920370299437
watts_985,13.271652373025036,"[0.38125876936063297, 2.749174866630229]",0.3812587693606329,2.749174866630229,[1.72414847 1.12341683],1.7241484721289566,1.123416829660566,1,18,18,0.263085126876831,1,96.0,0.0,0.0,985,watts,18,18,2.0,0.6667,0.0,-0.125,0.5,18,0.7373140207236131
watts_986,19.577896573125397,"[1.2671797020302225, 2.5654084158610067]",1.2671797020302225,2.5654084158610067,[1.72414847 1.12341683],1.7241484721289566,1.123416829660566,1,19,38,0.2211527824401855,1,45.0,0.0,0.0,986,watts,19,38,4.0,1.0761,0.3088,-0.1183,0.3684,30,0.6525965524375132
watts_987,13.738842728664816,"[0.372238891751955, 2.762093220931411]",0.372238891751955,2.762093220931411,[1.72414847 1.12341683],1.7241484721289566,1.123416829660566,1,19,19,0.1603357791900634,1,51.0,0.0,0.0,987,watts,19,19,2.0,0.7255,0.0877,0.1939,0.4211,18,0.7632690404813787
watts_988,5.05891781875107,"[1.168463283931004, 1.9641887464542516]",1.168463283931004,1.964188746454252,[1.72414847 1.12341683],1.7241484721289566,1.123416829660566,1,8,8,0.0629706382751464,1,52.0,0.0,0.0,988,watts,8,8,2.0,0.5,0.0,-0.6,0.5,7,0.7227025455358671
gnm_989,7.217765922196122,"[0.2915368275581822, 2.7989998957123294]",0.2915368275581822,2.798999895712329,[1.72414847 1.12341683],1.7241484721289566,1.123416829660566,1,8,11,0.0852718353271484,1,63.0,0.0,0.0,989,gnm,8,11,2.75,0.9682,0.375,0.1149,0.375,9,0.8019739913551247
barabasi_990,9.285799089392292,"[0.4282293701008748, 2.748499256995122]",0.4282293701008748,2.748499256995122,[1.72414847 1.12341683],1.7241484721289566,1.123416829660566,1,14,13,0.0935008525848388,1,52.0,0.0,0.0,990,barabasi,14,13,1.8571,1.5972,0.0,-0.5403,0.5714,13,0.7142922376455609
regular_991,12.010387870109476,"[1.2802480957756597, 2.7827862191203527]",1.2802480957756597,2.7827862191203527,[1.72414847 1.12341683],1.7241484721289566,1.123416829660566,1,12,18,0.1040034294128418,1,58.0,0.0,0.0,991,regular,12,18,3.0,0.0,0.25,0.0,0.4167,16,0.7506492418818422
barabasi_992,13.70950358514398,"[1.8155025928700228, 2.7508132265327103]",1.8155025928700228,2.7508132265327103,[1.72414847 1.12341683],1.7241484721289566,1.123416829660566,1,14,24,0.0801782608032226,1,48.0,0.0,0.0,992,barabasi,14,24,3.4286,1.4983,0.3238,-0.1968,0.3571,20,0.6854751792571989
gnm_993,42.36040064369506,"[1.7566483032000377, 2.3723393575488556]",1.7566483032000375,2.372339357548856,[1.72414847 1.12341683],1.7241484721289566,1.123416829660566,1,16,82,0.8904845714569092,1,120.0,0.0,0.0,993,gnm,16,82,10.25,1.854,0.7124,-0.1659,0.1875,51,0.8305960910528443
watts_994,14.827698486024945,"[0.38584311457420906, 2.7493684353770713]",0.385843114574209,2.7493684353770718,[1.72414847 1.12341683],1.7241484721289566,1.123416829660566,1,20,20,0.3978967666625976,1,67.0,0.0,0.0,994,watts,20,20,2.0,0.5477,0.0,-0.2613,0.5,20,0.7413849243012473
barabasi_995,4.463127685091422,"[0.42274214377390923, 2.7490476091705185]",0.4227421437739092,2.7490476091705185,[1.72414847 1.12341683],1.7241484721289566,1.123416829660566,1,7,6,0.0581936836242675,1,61.0,0.0,0.0,995,barabasi,7,6,1.7143,1.0302,0.0,-0.5,0.5714,6,0.7438546141819037
regular_996,16.824310126080547,"[1.8255469643999729, 2.7732065031368522]",1.8255469643999729,2.773206503136852,[1.72414847 1.12341683],1.7241484721289566,1.123416829660566,1,13,26,0.2425522804260254,1,51.0,0.0,0.0,996,regular,13,26,4.0,0.0,0.1538,0.0,0.3846,22,0.7647413693672976
barabasi_997,10.698954878409785,"[0.4475735013566894, 2.748593013406599]",0.4475735013566894,2.748593013406599,[1.72414847 1.12341683],1.7241484721289566,1.123416829660566,1,16,15,0.1808497905731201,1,53.0,0.0,0.0,997,barabasi,16,15,1.875,1.7275,0.0,-0.4532,0.5,15,0.7132636585606523
gnm_998,16.625660099496955,"[1.8357514048906685, 2.7529528978443247]",1.8357514048906685,2.7529528978443247,[1.72414847 1.12341683],1.7241484721289566,1.123416829660566,1,14,30,0.1923174858093261,1,56.0,0.0,0.0,998,gnm,14,30,4.2857,1.7496,0.242,-0.3646,0.5,24,0.6927358374790398
regular_999,22.02268135577109,"[1.825320419989103, 2.772198348324988]",1.825320419989103,2.772198348324988,[1.72414847 1.12341683],1.7241484721289566,1.123416829660566,1,17,34,0.4054327011108398,1,72.0,0.0,0.0,999,regular,17,34,4.0,0.0,0.1471,0.0,0.3529,26,0.8470262059911958
