graphname,optimal_expectation,optimal_parameters,optimal_gamma,optimal_beta,initial_parameters,initial_gamma,initial_beta,num_layers,num_qubits,num_interactions,sim_time,n_restarts,mean_n_obj_calls,gamma_std_across_restarts,beta_std_across_restarts,graph_id,model,n,m,deg_mean,deg_std,clust_mean,assortativity,mis,exact_maxcut,approx_ratio
barabasi_0,13.764746533102045,"[0.22402933434946987, 2.6098924381393456, 2.9124509702679044, 1.8402050946572768]",0.2240293343494698,2.9124509702679044,[1.72414847 2.24683366 0.9468185  0.8559005 ],1.7241484721289566,0.946818497059829,2,12,20,1.0189766883850098,1,304.0,0.0,0.0,0,barabasi,12,20,3.3333,1.8856,0.2312,-0.5142,0.5,18,0.7647081407278914
watts_1,20.65526056023804,"[1.8656500290660243, 2.703511101779201, 2.8368796942851575, 2.1133629451344413]",1.8656500290660245,2.836879694285157,[1.72414847 2.24683366 0.9468185  0.8559005 ],1.7241484721289566,0.946818497059829,2,20,40,2.23126482963562,1,283.0,0.0,0.0,1,watts,20,40,4.0,0.9487,0.2867,-0.1185,0.35,31,0.6662987277496142
barabasi_2,8.606984029582375,"[-0.3961213435733056, 3.1354407357931544, 3.141592653589793, 1.9635312885746097]",-0.3961213435733056,3.141592653589793,[1.72414847 2.24683366 0.9468185  0.8559005 ],1.7241484721289566,0.946818497059829,2,13,12,0.2170736789703369,1,112.0,0.0,0.0,2,barabasi,13,12,1.8462,1.4058,0.0,-0.7216,0.6923,12,0.7172486691318646
watts_3,13.267087834012914,"[0.484917945544162, 2.9320953960614013, 1.9140686768780129, 0.8380075526777503]",0.484917945544162,1.9140686768780129,[1.72414847 2.24683366 0.9468185  0.8559005 ],1.7241484721289566,0.946818497059829,2,17,17,0.410778284072876,1,172.0,0.0,0.0,3,watts,17,17,2.0,0.9075,0.0,-0.2042,0.4706,17,0.7804169314125243
gnm_4,76.66245240320397,"[2.1030257407381368, 2.467538548172608, -0.0007533648735729606, 2.019038031057713]",2.1030257407381368,-0.0007533648735729,[1.72414847 2.24683366 0.9468185  0.8559005 ],1.7241484721289566,0.946818497059829,2,19,149,4.163230657577515,1,229.0,0.0,0.0,4,gnm,19,149,15.6842,1.1722,0.8678,-0.0967,0.1579,86,0.8914238651535346
watts_5,8.154720728462115,"[0.5890626181763564, 2.8571698489881308, 1.896351056464203, 0.8926558729107663]",0.5890626181763564,1.896351056464203,[1.72414847 2.24683366 0.9468185  0.8559005 ],1.7241484721289566,0.946818497059829,2,10,10,0.5382795333862305,1,351.0,0.0,0.0,5,watts,10,10,2.0,0.4472,0.0,-0.0526,0.5,10,0.8154720728462115
watts_6,25.32609111250041,"[2.9518074806762487, 2.747127084728737, 2.011562556094462, 1.799172734276189]",2.9518074806762487,2.011562556094462,[1.72414847 2.24683366 0.9468185  0.8559005 ],1.7241484721289566,0.946818497059829,2,19,38,1.2190968990325928,1,246.0,0.0,0.0,6,watts,19,38,4.0,0.4588,0.3772,-0.0133,0.3684,29,0.8733134866379452
barabasi_7,9.086027417241818,"[0.43420056654473804, 2.9902504522761184, 1.9199110500023724, 2.3920591674887035]",0.434200566544738,1.9199110500023724,[1.72414847 2.24683366 0.9468185  0.8559005 ],1.7241484721289566,0.946818497059829,2,13,12,0.3908681869506836,1,204.0,0.0,0.0,7,barabasi,13,12,1.8462,1.2308,0.0,-0.5195,0.6154,12,0.7571689514368182
watts_8,8.731101512210444,"[1.8102107526689502, 2.7386032636716156, 2.8420028939771127, 2.227733206206839]",1.8102107526689504,2.8420028939771127,[1.72414847 2.24683366 0.9468185  0.8559005 ],1.7241484721289566,0.946818497059829,2,8,16,0.2305774688720703,1,134.0,0.0,0.0,8,watts,8,16,4.0,1.0,0.6375,-0.0833,0.25,12,0.7275917926842036
barabasi_9,24.079756403361653,"[1.7014994794268323, 1.8412780364539016, 1.129544381187256, 1.2389303472743913]",1.7014994794268323,1.129544381187256,[1.72414847 2.24683366 0.9468185  0.8559005 ],1.7241484721289566,0.946818497059829,2,20,36,-0.221492052078247,1,369.0,0.0,0.0,9,barabasi,20,36,3.6,2.1541,0.0651,-0.4045,0.4,30,0.8026585467787217
gnm_10,18.36517939381176,"[2.9457710962421055, 1.2913324108132282, 0.30876672329341853, 3.0986969598510514]",2.945771096242105,0.3087667232934185,[1.72414847 2.24683366 0.9468185  0.8559005 ],1.7241484721289566,0.946818497059829,2,11,31,0.5063838958740234,1,176.0,0.0,0.0,10,gnm,11,31,5.6364,1.2264,0.484,-0.0896,0.2727,23,0.7984860606005114
barabasi_11,5.113447679063029,"[-0.4323178679091071, 3.141590023626801, 2.8754139074496443, 2.229393147737764]",-0.4323178679091071,2.8754139074496443,[1.72414847 2.24683366 0.9468185  0.8559005 ],1.7241484721289566,0.946818497059829,2,8,7,0.1304562091827392,1,106.0,0.0,0.0,11,barabasi,8,7,1.75,1.299,0.0,-0.5867,0.625,7,0.7304925255804327
barabasi_12,11.067241599660417,"[1.3538633211333417, 2.188583683658557, 1.752889450004334, 1.2014622880582366]",1.3538633211333415,1.752889450004334,[1.72414847 2.24683366 0.9468185  0.8559005 ],1.7241484721289566,0.946818497059829,2,16,15,0.2793226242065429,1,123.0,0.0,0.0,12,barabasi,16,15,1.875,1.317,0.0,-0.2698,0.625,15,0.7378161066440277
watts_13,16.17486648043054,"[1.8971382190693298, 3.0213721121337223, 1.1706032967124589, 2.319195095746776]",1.8971382190693296,1.1706032967124589,[1.72414847 2.24683366 0.9468185  0.8559005 ],1.7241484721289566,0.946818497059829,2,14,28,0.4301168918609619,1,164.0,0.0,0.0,13,watts,14,28,4.0,1.0,0.3714,-0.2473,0.3571,21,0.7702317371633591
watts_14,11.583326799553625,"[0.5393245780165075, 2.902607617956045, 1.904717175920838, 0.8761013834008646]",0.5393245780165075,1.904717175920838,[1.72414847 2.24683366 0.9468185  0.8559005 ],1.7241484721289566,0.946818497059829,2,15,15,0.669546365737915,1,295.0,0.0,0.0,14,watts,15,15,2.0,0.8165,0.1111,-0.1471,0.4667,14,0.8273804856824017
regular_15,15.957592618900078,"[1.9204799026736086, 1.4519951690680077, 1.9243248446398682, 0.8621837711750377]",1.9204799026736088,1.924324844639868,[1.72414847 2.24683366 0.9468185  0.8559005 ],1.7241484721289566,0.946818497059829,2,12,24,0.7734487056732178,1,299.0,0.0,0.0,15,regular,12,24,4.0,0.0,0.3333,0.0,0.3333,18,0.8865329232722265
barabasi_16,11.452228750299383,"[1.9045462939195155, 3.0265562569934703, 1.162520332598575, 2.3913459764937235]",1.9045462939195157,1.162520332598575,[1.72414847 2.24683366 0.9468185  0.8559005 ],1.7241484721289566,0.946818497059829,2,19,18,0.581963062286377,1,165.0,0.0,0.0,16,barabasi,19,18,1.8947,1.8323,0.0,-0.4088,0.6316,18,0.6362349305721879
gnm_17,44.6302816573779,"[1.9817650509256597, 2.118810952621743, 1.8610752632127352, 1.226690547284248]",1.98176505092566,1.8610752632127352,[1.72414847 2.24683366 0.9468185  0.8559005 ],1.7241484721289566,0.946818497059829,2,15,89,2.0482711791992188,1,243.0,0.0,0.0,17,gnm,15,89,11.8667,1.2037,0.8384,-0.0595,0.2,54,0.8264866973588499
gnm_18,65.45746304294475,"[3.141592653589793, 1.71432317355305, 2.390371037467115, 1.9452374058495008]",3.141592653589793,2.390371037467115,[1.72414847 2.24683366 0.9468185  0.8559005 ],1.7241484721289566,0.946818497059829,2,18,125,3.0387368202209477,1,195.0,0.0,0.0,18,gnm,18,125,13.8889,1.7603,0.8283,-0.1312,0.1667,75,0.87276617390593
watts_19,13.350781603304716,"[0.503394085427503, 2.921222812193608, 1.9064653818575064, 0.8501858164673881]",0.503394085427503,1.9064653818575064,[1.72414847 2.24683366 0.9468185  0.8559005 ],1.7241484721289566,0.946818497059829,2,17,17,0.7639179229736328,1,335.0,0.0,0.0,19,watts,17,17,2.0,0.8402,0.0,-0.242,0.5294,16,0.8344238502065447
barabasi_20,15.800682150389108,"[0.24531088673701387, 2.5498799978326607, 2.9204750214754434, 1.7917163477854885]",0.2453108867370138,2.920475021475444,[1.72414847 2.24683366 0.9468185  0.8559005 ],1.7241484721289566,0.946818497059829,2,14,24,0.5966553688049316,1,214.0,0.0,0.0,20,barabasi,14,24,3.4286,2.0603,0.6996,-0.3958,0.4286,18,0.8778156750216171
gnm_21,5.158987982751569,"[0.32816191607169454, 2.421555213587845, 2.931120055619426, 1.8341777529798837]",0.3281619160716945,2.931120055619426,[1.72414847 2.24683366 0.9468185  0.8559005 ],1.7241484721289566,0.946818497059829,2,6,7,0.2352960109710693,1,244.0,0.0,0.0,21,gnm,6,7,2.3333,0.9428,0.25,-0.5556,0.5,6,0.8598313304585948
watts_22,12.823391113773098,"[1.799227432858574, 2.769697274868197, 0.33204429578093975, 2.6115392184506057]",1.799227432858574,0.3320442957809397,[1.72414847 2.24683366 0.9468185  0.8559005 ],1.7241484721289566,0.946818497059829,2,12,24,1.026357889175415,1,384.0,0.0,0.0,22,watts,12,24,4.0,0.7071,0.3889,-0.2043,0.3333,19,0.6749153217775316
watts_23,20.48871962671053,"[0.33458365654571176, 3.013415808176849, 1.924403607569893, 0.8306492853976504]",0.3345836565457117,1.924403607569893,[1.72414847 2.24683366 0.9468185  0.8559005 ],1.7241484721289566,0.946818497059829,2,15,30,1.0724222660064695,1,302.0,0.0,0.0,23,watts,15,30,4.0,1.2111,0.2429,-0.27,0.4,25,0.8195487850684212
watts_24,7.877589686315446,"[0.47109866288252533, 2.2587764783933637, 2.9717568688217426, 1.884251741779373]",0.4710986628825253,2.9717568688217426,[1.72414847 2.24683366 0.9468185  0.8559005 ],1.7241484721289566,0.946818497059829,2,10,10,0.2673025131225586,1,161.0,0.0,0.0,24,watts,10,10,2.0,0.4472,0.0,-0.0526,0.5,9,0.8752877429239384
barabasi_25,5.909164249183732,"[1.6645548081156853, 1.9398823961495641, 0.9580004157185186, 2.759157607897608]",1.6645548081156851,0.9580004157185186,[1.72414847 2.24683366 0.9468185  0.8559005 ],1.7241484721289566,0.946818497059829,2,9,8,0.2350494861602783,1,153.0,0.0,0.0,25,barabasi,9,8,1.7778,1.2273,0.0,-0.5748,0.5556,8,0.7386455311479665
regular_26,16.666674291821415,"[0.9266972079894943, 1.8926462191159183, 2.819299788183291, 2.2155147008321325]",0.9266972079894944,2.819299788183291,[1.72414847 2.24683366 0.9468185  0.8559005 ],1.7241484721289566,0.946818497059829,2,20,20,0.8314225673675537,1,156.0,0.0,0.0,26,regular,20,20,2.0,0.0,0.0,0.0,0.45,20,0.8333337145910708
gnm_27,67.70920159519031,"[2.8451161988791243, 1.7482416484516403, 3.141592653589793, 2.761611128453673]",2.8451161988791243,3.141592653589793,[1.72414847 2.24683366 0.9468185  0.8559005 ],1.7241484721289566,0.946818497059829,2,18,133,3.168118953704834,1,196.0,0.0,0.0,27,gnm,18,133,14.7778,1.4741,0.8719,-0.1253,0.1667,78,0.8680666871178244
barabasi_28,21.404326332148905,"[1.7604645369561882, 1.1172656682058075, 3.141592653589793, 1.9284593008061672]",1.7604645369561882,3.141592653589793,[1.72414847 2.24683366 0.9468185  0.8559005 ],1.7241484721289566,0.946818497059829,2,19,34,1.3528125286102295,1,264.0,0.0,0.0,28,barabasi,19,34,3.5789,2.4776,0.4164,-0.3501,0.4211,27,0.7927528271166261
watts_29,7.942474822339136,"[1.6616670624022474, 2.8653276882265315, 2.495754025001698, 2.4266506474557237]",1.6616670624022474,2.495754025001698,[1.72414847 2.24683366 0.9468185  0.8559005 ],1.7241484721289566,0.946818497059829,2,7,14,0.1800374984741211,1,120.0,0.0,0.0,29,watts,7,14,4.0,0.7559,0.6238,-0.1667,0.2857,10,0.7942474822339136
barabasi_30,8.737775086449545,"[0.3005824653573771, 2.4653755831558914, 2.81896473190593, 1.8087582371263267]",0.3005824653573771,2.81896473190593,[1.72414847 2.24683366 0.9468185  0.8559005 ],1.7241484721289566,0.946818497059829,2,12,11,0.1702034473419189,1,109.0,0.0,0.0,30,barabasi,12,11,1.8333,1.2802,0.0,-0.3484,0.5,11,0.7943431896772314
gnm_31,11.315547325426792,"[1.8098764196472965, 2.9784385959023822, 2.5563484156289595, 1.7347786037124056]",1.8098764196472965,2.5563484156289595,[1.72414847 2.24683366 0.9468185  0.8559005 ],1.7241484721289566,0.946818497059829,2,10,21,0.4074523448944092,1,214.0,0.0,0.0,31,gnm,10,21,4.2,1.077,0.5267,-0.3835,0.4,15,0.7543698216951195
gnm_32,9.983289780717314,"[1.109687780686866, 2.2294976728751816, 1.581211178605983, 2.8632159081225907]",1.109687780686866,1.581211178605983,[1.72414847 2.24683366 0.9468185  0.8559005 ],1.7241484721289566,0.946818497059829,2,7,17,0.9211559295654296,1,543.0,0.0,0.0,32,gnm,7,17,4.8571,0.6389,0.7714,-0.2966,0.2857,12,0.8319408150597761
barabasi_33,21.003674827305453,"[1.3607707956752835, 2.812401394743127, 1.0574978101993815, 1.2808627270941395]",1.3607707956752837,1.0574978101993815,[1.72414847 2.24683366 0.9468185  0.8559005 ],1.7241484721289566,0.946818497059829,2,16,39,0.7728047370910645,1,155.0,0.0,0.0,33,barabasi,16,39,4.875,2.3684,0.3637,-0.3335,0.375,32,0.6563648383532954
watts_34,24.24283758359277,"[-0.05026670480537192, 2.9414976636457175, 3.1415911249166193, 1.9303205579208709]",-0.0502667048053719,3.1415911249166197,[1.72414847 2.24683366 0.9468185  0.8559005 ],1.7241484721289566,0.946818497059829,2,19,38,1.3026456832885742,1,241.0,0.0,0.0,34,watts,19,38,4.0,1.0761,0.2188,-0.1844,0.4211,30,0.808094586119759
barabasi_35,9.40050959559337,"[1.299759606516497, 2.41520628863324, 1.2059634617121529, 1.2641900077849892]",1.299759606516497,1.2059634617121529,[1.72414847 2.24683366 0.9468185  0.8559005 ],1.7241484721289566,0.946818497059829,2,13,12,0.2061352729797363,1,135.0,0.0,0.0,35,barabasi,13,12,1.8462,2.1428,0.0,-0.6763,0.6923,12,0.7833757996327808
barabasi_36,6.380431262348566,"[0.26878972970346704, 2.4991231222476076, 2.7876593064185, 1.8245478635963797]",0.268789729703467,2.7876593064185,[1.72414847 2.24683366 0.9468185  0.8559005 ],1.7241484721289566,0.946818497059829,2,9,8,0.2351646423339843,1,177.0,0.0,0.0,36,barabasi,9,8,1.7778,1.5476,0.0,-0.6391,0.6667,8,0.7975539077935707
watts_37,12.499997495953338,"[0.9259451974994721, 1.8933638800217802, 2.819174059070156, 2.2157678705884942]",0.925945197499472,2.819174059070156,[1.72414847 2.24683366 0.9468185  0.8559005 ],1.7241484721289566,0.946818497059829,2,15,15,0.2942745685577392,1,152.0,0.0,0.0,37,watts,15,15,2.0,0.0,0.0,0.0,0.4667,14,0.8928569639966669
barabasi_38,4.890914085320162,"[0.5628941300655683, 2.891551010724731, 1.8990715615652098, 0.8662318006895724]",0.5628941300655683,1.8990715615652096,[1.72414847 2.24683366 0.9468185  0.8559005 ],1.7241484721289566,0.946818497059829,2,7,6,0.388118028640747,1,400.0,0.0,0.0,38,barabasi,7,6,1.7143,0.6999,0.0,-0.6667,0.4286,6,0.8151523475533603
barabasi_39,11.493036350869328,"[2.017258747191349, 2.207477004158038, 1.942779350251751, 1.299204726901431]",2.017258747191349,1.942779350251751,[1.72414847 2.24683366 0.9468185  0.8559005 ],1.7241484721289566,0.946818497059829,2,16,15,0.2762758731842041,1,144.0,0.0,0.0,39,barabasi,16,15,1.875,1.4524,0.0,-0.5882,0.6875,15,0.7662024233912885
barabasi_40,37.92584374291679,"[0.19411582510257153, 1.9715102073543718, 2.806996738438084, 1.525292694287226]",0.1941158251025715,2.806996738438084,[1.72414847 2.24683366 0.9468185  0.8559005 ],1.7241484721289566,0.946818497059829,2,20,64,2.5377190113067627,1,238.0,0.0,0.0,40,barabasi,20,64,6.4,2.8,0.3732,-0.3084,0.4,47,0.8069328455939743
regular_41,18.146246324636728,"[1.9939839765739933, 1.3802829714754274, 2.797534880969783, 0.8325345821935553]",1.9939839765739933,2.797534880969783,[1.72414847 2.24683366 0.9468185  0.8559005 ],1.7241484721289566,0.946818497059829,2,16,24,0.9423561096191406,1,336.0,0.0,0.0,41,regular,16,24,3.0,0.0,0.0,0.0,0.375,22,0.8248293783925785
gnm_42,45.11815780318511,"[1.7279746056848913, 2.8757707199906957, 1.8917357547035127, 1.180056310545307]",1.7279746056848913,1.8917357547035127,[1.72414847 2.24683366 0.9468185  0.8559005 ],1.7241484721289566,0.946818497059829,2,19,87,2.670866012573242,1,249.0,0.0,0.0,42,gnm,19,87,9.1579,2.0069,0.5053,-0.0565,0.2105,58,0.7778992724687088
watts_43,6.976820377928075,"[0.5737324272619257, 2.879699851440553, 1.9185013034251748, 0.8838652558975512]",0.5737324272619257,1.9185013034251748,[1.72414847 2.24683366 0.9468185  0.8559005 ],1.7241484721289566,0.946818497059829,2,9,9,0.3076884746551513,1,260.0,0.0,0.0,43,watts,9,9,2.0,0.6667,0.1852,0.1562,0.4444,8,0.8721025472410093
barabasi_44,5.560681532389495,"[2.262193135664806, 1.5594378129825852, 0.3254736320098855, 2.801648678508774]",2.262193135664806,0.3254736320098855,[1.72414847 2.24683366 0.9468185  0.8559005 ],1.7241484721289566,0.946818497059829,2,8,7,0.1984272003173828,1,168.0,0.0,0.0,44,barabasi,8,7,1.75,1.0897,0.0,-0.5867,0.625,7,0.7943830760556422
regular_45,5.939223244087771,"[3.141592653589793, 1.8562262107023852, 3.100941622730977, 1.9192124238695514]",3.141592653589793,3.100941622730977,[1.72414847 2.24683366 0.9468185  0.8559005 ],1.7241484721289566,0.946818497059829,2,6,9,0.1568200588226318,1,112.0,0.0,0.0,45,regular,6,9,3.0,0.0,0.3333,0.0,0.3333,7,0.84846046344111
barabasi_46,11.062022403094272,"[2.8498217466511813, 0.7002402619045773, 1.9096366513941962, 1.319878547964412]",2.8498217466511813,1.909636651394196,[1.72414847 2.24683366 0.9468185  0.8559005 ],1.7241484721289566,0.946818497059829,2,15,14,0.5098268985748291,1,305.0,0.0,0.0,46,barabasi,15,14,1.8667,1.5434,0.0,-0.4818,0.6667,14,0.7901444573638765
watts_47,5.255196321046469,"[1.8233386386950872, 2.5666652605876568, -0.2658409463228646, 1.8358617451391432]",1.8233386386950872,-0.2658409463228646,[1.72414847 2.24683366 0.9468185  0.8559005 ],1.7241484721289566,0.946818497059829,2,8,8,0.1454489231109619,1,138.0,0.0,0.0,47,watts,8,8,2.0,0.5,0.2917,-0.0667,0.375,7,0.750742331578067
barabasi_48,24.323114697127004,"[1.913957346794376, 3.05937303864158, 1.26900688701221, 2.2389285248338204]",1.913957346794376,1.26900688701221,[1.72414847 2.24683366 0.9468185  0.8559005 ],1.7241484721289566,0.946818497059829,2,17,42,-1.3475606441497805,1,249.0,0.0,0.0,48,barabasi,17,42,4.9412,2.6451,0.5312,-0.3646,0.4118,32,0.7600973342852189
barabasi_49,5.150767825565708,"[1.5709536166797748, 1.9779435536054568, 2.377531685680861, 1.177715101664581]",1.5709536166797748,2.377531685680861,[1.72414847 2.24683366 0.9468185  0.8559005 ],1.7241484721289566,0.946818497059829,2,8,7,0.1519527435302734,1,112.0,0.0,0.0,49,barabasi,8,7,1.75,1.0897,0.0,-0.4933,0.625,7,0.7358239750808154
watts_50,7.8775912111642015,"[0.4713655216630377, 2.258486422890317, 2.9717015060308496, 1.8841953226752826]",0.4713655216630377,2.9717015060308496,[1.72414847 2.24683366 0.9468185  0.8559005 ],1.7241484721289566,0.946818497059829,2,10,10,0.2666723728179931,1,173.0,0.0,0.0,50,watts,10,10,2.0,0.4472,0.0,-0.0526,0.5,10,0.7877591211164201
regular_51,11.666674403613689,"[2.496452833875872, 1.8933490310157486, 1.2483584395006853, 2.2150423149452965]",2.496452833875872,1.2483584395006853,[1.72414847 2.24683366 0.9468185  0.8559005 ],1.7241484721289566,0.946818497059829,2,14,14,0.4726340770721435,1,259.0,0.0,0.0,51,regular,14,14,2.0,0.0,0.0,0.0,0.4286,14,0.8333338859724063
barabasi_52,12.897217829715922,"[1.97073035215336, 0.8993636474431035, 3.141592653589793, 1.9278093565422618]",1.97073035215336,3.141592653589793,[1.72414847 2.24683366 0.9468185  0.8559005 ],1.7241484721289566,0.946818497059829,2,12,20,0.504246711730957,1,203.0,0.0,0.0,52,barabasi,12,20,3.3333,1.4907,0.3139,-0.3137,0.4167,17,0.7586598723362307
barabasi_53,8.04988019152383,"[1.6307321918797817, 1.9570922019826287, 0.9625420139221563, 2.750376165622692]",1.6307321918797817,0.9625420139221564,[1.72414847 2.24683366 0.9468185  0.8559005 ],1.7241484721289566,0.946818497059829,2,12,11,0.3547673225402832,1,178.0,0.0,0.0,53,barabasi,12,11,1.8333,1.1426,0.0,-0.2974,0.5,11,0.73180729013853
gnm_54,5.193716515885171,"[0.5585632266828864, 2.906234807746615, 1.8803239642207543, 0.9371973959849988]",0.5585632266828864,1.8803239642207543,[1.72414847 2.24683366 0.9468185  0.8559005 ],1.7241484721289566,0.946818497059829,2,6,7,0.2554569244384765,1,247.0,0.0,0.0,54,gnm,6,7,2.3333,0.4714,0.2778,-0.1667,0.5,6,0.8656194193141952
barabasi_55,18.103951050910965,"[2.8761229882119994, 2.152871691126738, 1.9404169010124344, 1.5247235709323295]",2.8761229882119994,1.9404169010124344,[1.72414847 2.24683366 0.9468185  0.8559005 ],1.7241484721289566,0.946818497059829,2,16,28,1.0037400722503662,1,247.0,0.0,0.0,55,barabasi,16,28,3.5,1.9039,0.3049,-0.3503,0.5,23,0.7871283065613462
watts_56,9.920049430910694,"[2.9030229351732966, 1.4046386559685835, 0.322838977026827, 3.096787396099827]",2.903022935173297,0.322838977026827,[1.72414847 2.24683366 0.9468185  0.8559005 ],1.7241484721289566,0.946818497059829,2,8,16,0.4628171920776367,1,245.0,0.0,0.0,56,watts,8,16,4.0,0.7071,0.4667,-0.1613,0.25,13,0.7630807254546688
barabasi_57,27.92298328540052,"[1.9316580343965248, 2.5377497056848437, 1.9497706789183835, 1.3372950160841535]",1.9316580343965248,1.9497706789183835,[1.72414847 2.24683366 0.9468185  0.8559005 ],1.7241484721289566,0.946818497059829,2,20,51,2.6164417266845703,1,271.0,0.0,0.0,57,barabasi,20,51,5.1,2.5671,0.3382,-0.4138,0.35,39,0.7159739303948851
barabasi_58,13.517473736120282,"[0.3234543991951731, 2.404968040398469, 2.8132782749487664, 1.8121470133237745]",0.3234543991951731,2.8132782749487664,[1.72414847 2.24683366 0.9468185  0.8559005 ],1.7241484721289566,0.946818497059829,2,18,17,0.3882369995117187,1,176.0,0.0,0.0,58,barabasi,18,17,1.8889,1.2862,0.0,-0.2413,0.5556,17,0.7951455138894283
gnm_59,21.92257643886001,"[1.2419907259080025, 1.6824178401284167, 3.100257905801093, 1.911124018119588]",1.2419907259080023,3.100257905801093,[1.72414847 2.24683366 0.9468185  0.8559005 ],1.7241484721289566,0.946818497059829,2,14,36,1.2394771575927734,1,294.0,0.0,0.0,59,gnm,14,36,5.1429,1.1867,0.3588,-0.1163,0.2857,27,0.8119472755133337
gnm_60,18.49259876434309,"[1.7130404573014189, 1.2183158384401738, 2.9521213999858134, 1.8223660307792051]",1.7130404573014189,2.9521213999858134,[1.72414847 2.24683366 0.9468185  0.8559005 ],1.7241484721289566,0.946818497059829,2,10,32,0.923408031463623,1,216.0,0.0,0.0,60,gnm,10,32,6.4,1.0198,0.6717,-0.1513,0.3,22,0.840572671106504
barabasi_61,4.369752345006418,"[-0.4712400953784335, 3.139876748802892, 3.141592653589793, 1.963498298962437]",-0.4712400953784335,3.141592653589793,[1.72414847 2.24683366 0.9468185  0.8559005 ],1.7241484721289566,0.946818497059829,2,7,6,0.3502192497253418,1,147.0,0.0,0.0,61,barabasi,7,6,1.7143,1.3851,0.0,-0.776,0.7143,6,0.7282920575010697
watts_62,18.75978497485653,"[1.6171335896350387, 1.7836045781989234, 1.358367735586575, 1.2474047109458692]",1.6171335896350387,1.358367735586575,[1.72414847 2.24683366 0.9468185  0.8559005 ],1.7241484721289566,0.946818497059829,2,15,30,2.21060562133789,1,407.0,0.0,0.0,62,watts,15,30,4.0,1.3663,0.4206,-0.1709,0.4,22,0.852717498857115
watts_63,9.32214887052396,"[2.9413298656769866, 2.7637089571567417, 2.018392521284973, 1.84785533584021]",2.9413298656769866,2.018392521284973,[1.72414847 2.24683366 0.9468185  0.8559005 ],1.7241484721289566,0.946818497059829,2,7,14,0.4330289363861084,1,212.0,0.0,0.0,63,watts,7,14,4.0,0.7559,0.5714,-0.4259,0.4286,10,0.9322148870523961
gnm_64,6.258460769895464,"[2.89242635141842, 2.1006462005581943, 1.8793972705463347, 1.5543392847571746]",2.89242635141842,1.8793972705463349,[1.72414847 2.24683366 0.9468185  0.8559005 ],1.7241484721289566,0.946818497059829,2,6,10,0.2867486476898193,1,189.0,0.0,0.0,64,gnm,6,10,3.3333,0.7454,0.6667,-0.3333,0.3333,7,0.8940658242707806
barabasi_65,7.961222207342416,"[0.3482098306701222, 2.2960120391648497, 2.826320821439486, 1.8178052085043959]",0.3482098306701222,2.826320821439486,[1.72414847 2.24683366 0.9468185  0.8559005 ],1.7241484721289566,0.946818497059829,2,11,10,0.3011009693145752,1,151.0,0.0,0.0,65,barabasi,11,10,1.8182,1.4659,0.0,-0.4651,0.5455,10,0.7961222207342417
regular_66,15.823230698096568,"[2.913648501800228, 2.1217343541172813, 1.7720086089166838, 1.3369166445507439]",2.913648501800228,1.7720086089166838,[1.72414847 2.24683366 0.9468185  0.8559005 ],1.7241484721289566,0.946818497059829,2,12,24,0.7236599922180176,1,243.0,0.0,0.0,66,regular,12,24,4.0,0.0,0.375,0.0,0.3333,18,0.879068372116476
watts_67,12.396343071537672,"[2.906938421027327, 1.7532141004301725, 1.9023505980384017, 1.5171359492248153]",2.906938421027327,1.9023505980384017,[1.72414847 2.24683366 0.9468185  0.8559005 ],1.7241484721289566,0.946818497059829,2,10,20,0.375586986541748,1,171.0,0.0,0.0,67,watts,10,20,4.0,0.6325,0.4733,-0.0256,0.4,15,0.8264228714358448
gnm_68,29.255213546509754,"[1.1664326101800748, 2.209506460710259, 0.0343665716367082, 2.7886890786921525]",1.1664326101800748,0.0343665716367082,[1.72414847 2.24683366 0.9468185  0.8559005 ],1.7241484721289566,0.946818497059829,2,20,47,2.362823247909546,1,234.0,0.0,0.0,68,gnm,20,47,4.7,1.7059,0.2011,-0.2134,0.4,40,0.7313803386627439
barabasi_69,3.755989976052661,"[1.6526152999072448, 1.9723714354846273, 0.9628398047372371, 2.756160790678389]",1.6526152999072448,0.9628398047372372,[1.72414847 2.24683366 0.9468185  0.8559005 ],1.7241484721289566,0.946818497059829,2,6,5,0.1504290103912353,1,145.0,0.0,0.0,69,barabasi,6,5,1.6667,1.1055,0.0,-0.7391,0.6667,5,0.7511979952105322
regular_70,16.666674557497302,"[0.9266972079894943, 1.8926462191159183, 2.819299788183291, 2.2155147008321325]",0.9266972079894944,2.819299788183291,[1.72414847 2.24683366 0.9468185  0.8559005 ],1.7241484721289566,0.946818497059829,2,20,20,0.7197239398956299,1,156.0,0.0,0.0,70,regular,20,20,2.0,0.0,0.0,0.0,0.4,20,0.8333337278748651
watts_71,8.592974384358968,"[1.7975421066932524, 1.1397628793840977, 1.8903701494382283, 1.8515661111031871]",1.7975421066932524,1.8903701494382283,[1.72414847 2.24683366 0.9468185  0.8559005 ],1.7241484721289566,0.946818497059829,2,7,14,0.4074082374572754,1,189.0,0.0,0.0,71,watts,7,14,4.0,1.069,0.7333,-0.4,0.2857,10,0.8592974384358968
watts_72,5.491354415898968,"[0.4747611567510207, 2.9358949493829676, 1.9073048802398889, 0.8347850747060175]",0.4747611567510207,1.9073048802398889,[1.72414847 2.24683366 0.9468185  0.8559005 ],1.7241484721289566,0.946818497059829,2,7,7,0.3257887363433838,1,303.0,0.0,0.0,72,watts,7,7,2.0,1.069,0.0,-0.6066,0.5714,7,0.7844792022712811
watts_73,8.98627729876539,"[0.593197396792035, 2.8537746190080298, 1.896403442062908, 0.8947126833371452]",0.593197396792035,1.896403442062908,[1.72414847 2.24683366 0.9468185  0.8559005 ],1.7241484721289566,0.946818497059829,2,11,11,0.433220624923706,1,252.0,0.0,0.0,73,watts,11,11,2.0,0.4264,0.0,-0.0476,0.5455,11,0.8169342998877628
regular_74,10.07381079658444,"[2.925184285864007, 2.797791186592538, 2.102929028283767, 1.9340652310039337]",2.925184285864007,2.102929028283767,[1.72414847 2.24683366 0.9468185  0.8559005 ],1.7241484721289566,0.946818497059829,2,7,14,0.5559077262878418,1,235.0,0.0,0.0,74,regular,7,14,4.0,0.0,0.4286,0.0,0.4286,12,0.8394842330487032
gnm_75,34.989212908119235,"[1.098345030898793, 1.8632420991148826, 3.1321879004700612, 1.8827421872836685]",1.098345030898793,3.132187900470061,[1.72414847 2.24683366 0.9468185  0.8559005 ],1.7241484721289566,0.946818497059829,2,17,60,1.973529815673828,1,245.0,0.0,0.0,75,gnm,17,60,7.0588,1.7311,0.4232,-0.2078,0.2353,43,0.8137026257702148
regular_76,13.333365275124072,"[0.9257668241088775, 1.8931582692366646, 2.81910968850228, 2.215170926905915]",0.9257668241088776,2.81910968850228,[1.72414847 2.24683366 0.9468185  0.8559005 ],1.7241484721289566,0.946818497059829,2,16,16,0.5234971046447754,1,262.0,0.0,0.0,76,regular,16,16,2.0,0.0,0.0,0.0,0.4375,16,0.8333353296952545
barabasi_77,7.060707475426455,"[0.4940688481853768, 2.9401073164061193, 1.9142003193053196, 0.8342828911272149]",0.4940688481853768,1.91420031930532,[1.72414847 2.24683366 0.9468185  0.8559005 ],1.7241484721289566,0.946818497059829,2,10,9,0.2364420890808105,1,161.0,0.0,0.0,77,barabasi,10,9,1.8,0.9798,0.0,-0.2727,0.5,9,0.7845230528251617
barabasi_78,22.2524247513265,"[1.2967265962436096, 2.8652661346418964, 1.0393343501590546, 1.3085221381722891]",1.2967265962436096,1.0393343501590546,[1.72414847 2.24683366 0.9468185  0.8559005 ],1.7241484721289566,0.946818497059829,2,17,42,1.349851131439209,1,235.0,0.0,0.0,78,barabasi,17,42,4.9412,2.6002,0.3522,-0.2744,0.3529,34,0.6544830809213676
barabasi_79,9.429509579334438,"[1.2561652398464287, 2.397812518419859, 2.7806379598274233, 1.2841628044458386]",1.2561652398464287,2.780637959827424,[1.72414847 2.24683366 0.9468185  0.8559005 ],1.7241484721289566,0.946818497059829,2,13,12,0.4522643089294433,1,276.0,0.0,0.0,79,barabasi,13,12,1.8462,1.657,0.0,-0.5339,0.5385,12,0.7857924649445365
gnm_80,5.40026042034151,"[0.3654208997090812, 2.4105670930564007, 2.965917141356609, 1.880058145077267]",0.3654208997090812,2.965917141356609,[1.72414847 2.24683366 0.9468185  0.8559005 ],1.7241484721289566,0.946818497059829,2,6,7,0.3349552154541015,1,333.0,0.0,0.0,80,gnm,6,7,2.3333,0.4714,0.0,-0.75,0.5,6,0.9000434033902517
gnm_81,8.926624206083943,"[1.8035726586244305, 2.6242433591227123, 2.974986582580345, 2.45425845775144]",1.8035726586244305,2.974986582580345,[1.72414847 2.24683366 0.9468185  0.8559005 ],1.7241484721289566,0.946818497059829,2,7,16,0.6288552284240723,1,332.0,0.0,0.0,81,gnm,7,16,4.5714,0.9035,0.7571,-0.25,0.2857,11,0.8115112914621766
barabasi_82,4.538727717786969,"[1.3257704767601426, 2.2325680377884596, 1.7451150474351542, 1.1851002396353834]",1.3257704767601426,1.7451150474351542,[1.72414847 2.24683366 0.9468185  0.8559005 ],1.7241484721289566,0.946818497059829,2,7,6,0.1367738246917724,1,116.0,0.0,0.0,82,barabasi,7,6,1.7143,1.0302,0.0,-0.5,0.5714,6,0.7564546196311616
watts_83,25.454939485473247,"[2.9500246769298895, 2.7517049566452902, 2.014752786389217, 1.8136695415017297]",2.950024676929889,2.014752786389217,[1.72414847 2.24683366 0.9468185  0.8559005 ],1.7241484721289566,0.946818497059829,2,19,38,1.2813305854797363,1,207.0,0.0,0.0,83,watts,19,38,4.0,0.6489,0.386,-0.027,0.3158,30,0.8484979828491083
watts_84,8.429161986103281,"[2.1185334992892275, 1.2495711008817016, 1.5288044418834927, 2.8442927658117845]",2.1185334992892275,1.5288044418834927,[1.72414847 2.24683366 0.9468185  0.8559005 ],1.7241484721289566,0.946818497059829,2,7,14,0.2720377445220947,1,177.0,0.0,0.0,84,watts,7,14,4.0,1.3093,0.8095,-0.4933,0.4286,10,0.8429161986103282
regular_85,11.666673102005696,"[2.4971062213207618, 1.8929800845219467, 1.2482103490586238, 2.2156528796495594]",2.4971062213207618,1.2482103490586238,[1.72414847 2.24683366 0.9468185  0.8559005 ],1.7241484721289566,0.946818497059829,2,14,14,0.5120699405670166,1,266.0,0.0,0.0,85,regular,14,14,2.0,0.0,0.0,0.0,0.4286,14,0.8333337930004069
barabasi_86,13.507341310857392,"[1.5990742957829016, 2.0010060161115075, 2.099020013346784, 1.1803163481431385]",1.5990742957829016,2.099020013346784,[1.72414847 2.24683366 0.9468185  0.8559005 ],1.7241484721289566,0.946818497059829,2,20,19,0.6614370346069336,1,161.0,0.0,0.0,86,barabasi,20,19,1.9,1.7,0.0,-0.5188,0.6,19,0.7109127005714416
watts_87,8.063972481849106,"[2.0476724860858466, 2.2420021056376838, -0.1612479322249217, 1.8735374020543054]",2.0476724860858466,-0.1612479322249217,[1.72414847 2.24683366 0.9468185  0.8559005 ],1.7241484721289566,0.946818497059829,2,13,13,0.3646814823150635,1,154.0,0.0,0.0,87,watts,13,13,2.0,0.5547,0.0,0.1875,0.4615,12,0.6719977068207589
regular_88,22.489518393142458,"[2.7152585925368675, 1.7602503685025084, 2.797620301037437, 2.4082751788011727]",2.7152585925368675,2.797620301037437,[1.72414847 2.24683366 0.9468185  0.8559005 ],1.7241484721289566,0.946818497059829,2,20,30,1.8698053359985352,1,312.0,0.0,0.0,88,regular,20,30,3.0,0.0,0.05,0.0,0.4,27,0.8329451256719429
watts_89,11.791135764621176,"[0.6108568657133517, 2.838348439550297, 1.9057022355543165, 0.8803633369420052]",0.6108568657133517,1.9057022355543165,[1.72414847 2.24683366 0.9468185  0.8559005 ],1.7241484721289566,0.946818497059829,2,14,14,0.4268009662628174,1,235.0,0.0,0.0,89,watts,14,14,2.0,0.378,0.0,-0.037,0.5,14,0.8422239831872268
gnm_90,49.62278766339311,"[1.7216861327827138, 2.87231867213949, 1.3919403350600457, 2.52639616458183]",1.7216861327827138,1.3919403350600457,[1.72414847 2.24683366 0.9468185  0.8559005 ],1.7241484721289566,0.946818497059829,2,16,93,0.2954285144805908,1,312.0,0.0,0.0,90,gnm,16,93,11.625,1.2183,0.7547,-0.1393,0.1875,57,0.8705752221647914
regular_91,4.999998865318048,"[2.4966736164652206, 1.8935300280534513, 1.2484123668569698, 2.2151967245135054]",2.496673616465221,1.2484123668569698,[1.72414847 2.24683366 0.9468185  0.8559005 ],1.7241484721289566,0.946818497059829,2,6,6,0.2469141483306884,1,253.0,0.0,0.0,91,regular,6,6,2.0,0.0,0.0,0.0,0.5,6,0.8333331442196746
regular_92,10.317339589997571,"[2.9258398344169994, 2.1259169696362528, 1.7711677300167785, 1.3648515288532843]",2.925839834417,1.7711677300167783,[1.72414847 2.24683366 0.9468185  0.8559005 ],1.7241484721289566,0.946818497059829,2,8,16,0.2820596694946289,1,145.0,0.0,0.0,92,regular,8,16,4.0,0.0,0.5,0.0,0.25,12,0.8597782991664643
barabasi_93,13.205044321581187,"[2.959356214377742, 2.7564492107371423, 1.9657483502027335, 1.7845133986598716]",2.959356214377742,1.9657483502027333,[1.72414847 2.24683366 0.9468185  0.8559005 ],1.7241484721289566,0.946818497059829,2,12,20,0.865760326385498,1,390.0,0.0,0.0,93,barabasi,12,20,3.3333,2.3921,0.7497,-0.4221,0.4167,15,0.8803362881054125
gnm_94,54.86985235414473,"[1.7391042449557328, 2.785645700123886, 1.8542737260250974, 1.334898812695117]",1.7391042449557328,1.8542737260250972,[1.72414847 2.24683366 0.9468185  0.8559005 ],1.7241484721289566,0.946818497059829,2,18,107,2.767323732376098,1,209.0,0.0,0.0,94,gnm,18,107,11.8889,1.8526,0.6822,-0.2576,0.2222,70,0.783855033630639
gnm_95,17.60142142994843,"[0.9253668977242592, 1.9967129542160627, 1.5668750777046032, 1.8954996984522428]",0.9253668977242592,1.5668750777046032,[1.72414847 2.24683366 0.9468185  0.8559005 ],1.7241484721289566,0.946818497059829,2,12,29,0.6914119720458984,1,249.0,0.0,0.0,95,gnm,12,29,4.8333,1.3437,0.3778,-0.1763,0.3333,22,0.8000646104522015
watts_96,21.78143142578745,"[-0.24976437343926322, 3.140962423188347, 3.1400710652532418, 1.9334272715945828]",-0.2497643734392632,3.1400710652532418,[1.72414847 2.24683366 0.9468185  0.8559005 ],1.7241484721289566,0.946818497059829,2,17,34,0.8735957145690918,1,207.0,0.0,0.0,96,watts,17,34,4.0,0.8402,0.2196,-0.1179,0.3529,28,0.7779082652066946
barabasi_97,6.701818061458653,"[1.3460209771976803, 2.1892599271430537, 1.76506438295996, 1.1752794646498326]",1.3460209771976803,1.76506438295996,[1.72414847 2.24683366 0.9468185  0.8559005 ],1.7241484721289566,0.946818497059829,2,10,9,0.2367701530456543,1,174.0,0.0,0.0,97,barabasi,10,9,1.8,0.9798,0.0,-0.2727,0.6,9,0.7446464512731836
watts_98,8.64958986674992,"[1.812043976461377, 1.0530583824124098, 2.891290949193184, 1.810721626822773]",1.812043976461377,2.891290949193184,[1.72414847 2.24683366 0.9468185  0.8559005 ],1.7241484721289566,0.946818497059829,2,7,14,0.4833812713623047,1,304.0,0.0,0.0,98,watts,7,14,4.0,0.9258,0.719,-0.1966,0.2857,10,0.864958986674992
gnm_99,17.650356357867174,"[1.0177204162702886, 1.900430662523596, 3.1287094771147435, 1.8980815053508298]",1.0177204162702886,3.1287094771147435,[1.72414847 2.24683366 0.9468185  0.8559005 ],1.7241484721289566,0.946818497059829,2,13,29,0.3446896076202392,1,111.0,0.0,0.0,99,gnm,13,29,4.4615,1.9061,0.4447,-0.4078,0.3846,21,0.8404931598984369
watts_100,25.26083895315953,"[2.8972285432226683, 2.2367101704488186, 1.912865833706977, 1.558048002829219]",2.8972285432226683,1.912865833706977,[1.72414847 2.24683366 0.9468185  0.8559005 ],1.7241484721289566,0.946818497059829,2,20,40,1.5773491859436035,1,208.0,0.0,0.0,100,watts,20,40,4.0,0.6325,0.3283,-0.1538,0.3,31,0.8148657726825655
gnm_101,50.447032455620906,"[2.9940698675313113, 2.4881500457872514, 1.8442140435223395, 1.5901416301401268]",2.9940698675313118,1.8442140435223395,[1.72414847 2.24683366 0.9468185  0.8559005 ],1.7241484721289566,0.946818497059829,2,19,90,2.607264280319214,1,236.0,0.0,0.0,101,gnm,19,90,9.4737,1.7582,0.5577,-0.1775,0.2105,59,0.8550344484003544
gnm_102,11.573687899938976,"[2.870723088472015, 1.9184492435470455, -1.2189628636397563, 3.120889849395189]",2.870723088472015,-1.2189628636397565,[1.72414847 2.24683366 0.9468185  0.8559005 ],1.7241484721289566,0.946818497059829,2,11,18,0.314004898071289,1,146.0,0.0,0.0,102,gnm,11,18,3.2727,1.3545,0.3606,-0.3962,0.3636,15,0.7715791933292651
barabasi_103,6.693359961273643,"[1.690175270910457, 1.9830958745227676, 1.053001260116098, 2.7686296623978763]",1.690175270910457,1.053001260116098,[1.72414847 2.24683366 0.9468185  0.8559005 ],1.7241484721289566,0.946818497059829,2,10,9,0.1577794551849365,1,137.0,0.0,0.0,103,barabasi,10,9,1.8,1.4697,0.0,-0.5,0.6,9,0.7437066623637381
regular_104,10.572422257334438,"[1.2350473696032322, 1.6777809613291077, 2.772983651792254, 2.299937989108347]",1.2350473696032322,2.772983651792254,[1.72414847 2.24683366 0.9468185  0.8559005 ],1.7241484721289566,0.946818497059829,2,8,16,0.3182680606842041,1,173.0,0.0,0.0,104,regular,8,16,4.0,0.0,0.4375,0.0,0.25,12,0.8810351881112032
gnm_105,7.069720898198284,"[1.924939329469095, 3.006674862756345, 1.2120193498565799, 2.3016308771619913]",1.924939329469095,1.21201934985658,[1.72414847 2.24683366 0.9468185  0.8559005 ],1.7241484721289566,0.946818497059829,2,8,12,0.1683626174926757,1,115.0,0.0,0.0,105,gnm,8,12,3.0,1.118,0.4458,-0.0839,0.375,9,0.7855245442442538
barabasi_106,5.560681532389495,"[2.262193135664806, 1.5594378129825852, 0.3254736320098855, 2.801648678508774]",2.262193135664806,0.3254736320098855,[1.72414847 2.24683366 0.9468185  0.8559005 ],1.7241484721289566,0.946818497059829,2,8,7,0.2027595043182373,1,168.0,0.0,0.0,106,barabasi,8,7,1.75,1.0897,0.0,-0.5867,0.625,7,0.7943830760556422
gnm_107,36.193482237293736,"[2.8910512222035023, 1.679064625341725, 3.141592653589793, 2.826779802158307]",2.8910512222035023,3.141592653589793,[1.72414847 2.24683366 0.9468185  0.8559005 ],1.7241484721289566,0.946818497059829,2,14,68,1.3775081634521484,1,220.0,0.0,0.0,107,gnm,14,68,9.7143,1.3325,0.7278,-0.1164,0.2143,44,0.8225791417566758
gnm_108,14.165262377609906,"[3.004607550586689, 2.7573613747374317, 1.9096182260445467, 1.7460940450323057]",3.004607550586689,1.909618226044547,[1.72414847 2.24683366 0.9468185  0.8559005 ],1.7241484721289566,0.946818497059829,2,8,24,0.7335948944091797,1,293.0,0.0,0.0,108,gnm,8,24,6.0,0.7071,0.8357,-0.1831,0.25,16,0.8853288986006191
watts_109,15.075361411711214,"[2.8967886687301823, 2.071119887108547, 1.9078180273481347, 1.60265257384663]",2.8967886687301823,1.9078180273481349,[1.72414847 2.24683366 0.9468185  0.8559005 ],1.7241484721289566,0.946818497059829,2,12,24,0.5916705131530762,1,229.0,0.0,0.0,109,watts,12,24,4.0,0.7071,0.3722,-0.3763,0.3333,18,0.8375200784284007
barabasi_110,28.819684807804165,"[0.27893453539569524, 3.0537835227292462, 1.953723152049435, 2.3922458013952577]",0.2789345353956952,1.953723152049435,[1.72414847 2.24683366 0.9468185  0.8559005 ],1.7241484721289566,0.946818497059829,2,18,45,3.2240686416625977,1,460.0,0.0,0.0,110,barabasi,18,45,5.0,2.1602,0.3832,-0.2232,0.3889,34,0.8476377884648284
regular_111,23.822734652735555,"[0.2018279299236475, 1.9424795416726255, 2.646944174466947, 1.2942727420845146]",0.2018279299236475,2.646944174466947,[1.72414847 2.24683366 0.9468185  0.8559005 ],1.7241484721289566,0.946818497059829,2,17,34,1.3894407749176023,1,315.0,0.0,0.0,111,regular,17,34,4.0,0.0,0.1765,0.0,0.2941,28,0.8508119518834126
gnm_112,29.25383386116681,"[1.0678538127803943, 1.9038789664400688, 3.1361838227942176, 1.8589605046029873]",1.0678538127803945,3.1361838227942176,[1.72414847 2.24683366 0.9468185  0.8559005 ],1.7241484721289566,0.946818497059829,2,14,51,1.192786693572998,1,213.0,0.0,0.0,112,gnm,14,51,7.2857,1.4846,0.56,-0.2701,0.2143,35,0.835823824604766
gnm_113,31.564078511981663,"[1.1080107727837, 1.8225455444600596, 3.1359913550776097, 1.9125766384270821]",1.1080107727837,3.1359913550776097,[1.72414847 2.24683366 0.9468185  0.8559005 ],1.7241484721289566,0.946818497059829,2,19,52,1.8711066246032717,1,239.0,0.0,0.0,113,gnm,19,52,5.4737,1.666,0.2679,0.0825,0.2632,38,0.830633645052149
watts_114,17.983496653021355,"[2.541949458536865, 1.9119868839972733, 1.5155537205706473, 1.9346056021965836]",2.541949458536865,1.5155537205706473,[1.72414847 2.24683366 0.9468185  0.8559005 ],1.7241484721289566,0.946818497059829,2,15,30,0.8041355609893799,1,254.0,0.0,0.0,114,watts,15,30,4.0,0.3651,0.4756,-0.0084,0.3333,23,0.7818911588270154
barabasi_115,3.954072926804656,"[0.48284268403908115, 2.954069272163903, 1.9255741950415444, 2.389475769350691]",0.4828426840390811,1.9255741950415444,[1.72414847 2.24683366 0.9468185  0.8559005 ],1.7241484721289566,0.946818497059829,2,6,5,0.1759283542633056,1,240.0,0.0,0.0,115,barabasi,6,5,1.6667,0.9428,0.0,-0.6667,0.5,5,0.7908145853609312
watts_116,10.684369405398444,"[1.9036943585226436, 2.9598340113560546, 1.143534408217367, 2.4202825538253077]",1.903694358522644,1.143534408217367,[1.72414847 2.24683366 0.9468185  0.8559005 ],1.7241484721289566,0.946818497059829,2,19,19,0.6654129028320312,1,221.0,0.0,0.0,116,watts,19,19,2.0,0.7947,0.0,0.0104,0.4737,19,0.562335231863076
gnm_117,83.50144864103606,"[2.4641132469779015, 1.7579204018240504, 1.5689583362525785, 1.5706792405123164]",2.464113246977901,1.5689583362525783,[1.72414847 2.24683366 0.9468185  0.8559005 ],1.7241484721289566,0.946818497059829,2,19,167,4.478405952453613,1,222.0,0.0,0.0,117,gnm,19,167,17.5789,0.674,0.9774,-0.1263,0.1053,90,0.9277938737892896
watts_118,24.62360618061358,"[0.35092433122508027, 3.0086727286940533, 1.9234250796965948, 0.8426118297230525]",0.3509243312250802,1.9234250796965948,[1.72414847 2.24683366 0.9468185  0.8559005 ],1.7241484721289566,0.946818497059829,2,18,36,1.1466240882873535,1,251.0,0.0,0.0,118,watts,18,36,4.0,0.7454,0.213,0.1194,0.3333,29,0.84908986829702
watts_119,12.210384897125138,"[2.7712383686208284, 2.5694370919294505, 0.3779425634883169, 3.141592653589793]",2.7712383686208284,0.3779425634883169,[1.72414847 2.24683366 0.9468185  0.8559005 ],1.7241484721289566,0.946818497059829,2,17,17,0.2668409347534179,1,130.0,0.0,0.0,119,watts,17,17,2.0,0.8402,0.098,-0.1644,0.4706,16,0.7631490560703211
regular_120,17.366582002207682,"[1.8019718645845328, 1.038087492143875, 2.9418418797675314, 1.8152535706754245]",1.8019718645845328,2.9418418797675314,[1.72414847 2.24683366 0.9468185  0.8559005 ],1.7241484721289566,0.946818497059829,2,13,26,0.636634111404419,1,220.0,0.0,0.0,120,regular,13,26,4.0,0.0,0.2692,0.0,0.3077,20,0.8683291001103841
regular_121,12.01039972357287,"[3.110580218655711, 2.8820074940804896, 3.141592653589793, 1.92960048780311]",3.110580218655711,3.141592653589793,[1.72414847 2.24683366 0.9468185  0.8559005 ],1.7241484721289566,0.946818497059829,2,12,18,-2.226458072662353,1,160.0,0.0,0.0,121,regular,12,18,3.0,0.0,0.25,0.0,0.3333,15,0.8006933149048581
gnm_122,23.22746147518293,"[1.150203694419433, 1.7735300460994945, 3.1057756056775476, 1.9146391411082349]",1.150203694419433,3.105775605677548,[1.72414847 2.24683366 0.9468185  0.8559005 ],1.7241484721289566,0.946818497059829,2,15,38,1.2587931156158447,1,300.0,0.0,0.0,122,gnm,15,38,5.0667,1.2893,0.3371,-0.2789,0.4,28,0.8295521955422476
barabasi_123,6.444060556797922,"[0.8791979876310139, 2.8833907129536316, 1.0872487982351735, 1.221269100808812]",0.8791979876310139,1.0872487982351735,[1.72414847 2.24683366 0.9468185  0.8559005 ],1.7241484721289566,0.946818497059829,2,8,7,0.1961815357208252,1,169.0,0.0,0.0,123,barabasi,8,7,1.75,1.9843,0.0,-1.0,0.875,7,0.9205800795425603
barabasi_124,5.560681532389495,"[2.262193135664806, 1.5594378129825852, 0.3254736320098855, 2.801648678508774]",2.262193135664806,0.3254736320098855,[1.72414847 2.24683366 0.9468185  0.8559005 ],1.7241484721289566,0.946818497059829,2,8,7,0.2066750526428222,1,168.0,0.0,0.0,124,barabasi,8,7,1.75,1.0897,0.0,-0.5867,0.625,7,0.7943830760556422
barabasi_125,5.909164249183732,"[1.6645548081156853, 1.9398823961495641, 0.9580004157185186, 2.759157607897608]",1.6645548081156851,0.9580004157185186,[1.72414847 2.24683366 0.9468185  0.8559005 ],1.7241484721289566,0.946818497059829,2,9,8,0.2315437793731689,1,153.0,0.0,0.0,125,barabasi,9,8,1.7778,1.2273,0.0,-0.5748,0.5556,8,0.7386455311479665
barabasi_126,13.837698261211026,"[1.7192450848583998, 1.1361222938084228, 2.984723199267871, 1.877209419073906]",1.7192450848583998,2.984723199267871,[1.72414847 2.24683366 0.9468185  0.8559005 ],1.7241484721289566,0.946818497059829,2,13,22,0.4998502731323242,1,219.0,0.0,0.0,126,barabasi,13,22,3.3846,2.2027,0.641,-0.3571,0.4615,17,0.813982250659472
barabasi_127,9.530707834609784,"[2.357048859393923, 1.5701675347026862, 1.9326574641486154, 1.2085125899536369]",2.357048859393923,1.9326574641486156,[1.72414847 2.24683366 0.9468185  0.8559005 ],1.7241484721289566,0.946818497059829,2,12,11,0.3352863788604736,1,208.0,0.0,0.0,127,barabasi,12,11,1.8333,1.9508,0.0,-0.7014,0.75,11,0.8664279849645258
barabasi_128,6.469363433815147,"[0.34363248222957476, 2.3862187753152555, 2.8396095425713694, 1.8075594232916692]",0.3436324822295747,2.839609542571369,[1.72414847 2.24683366 0.9468185  0.8559005 ],1.7241484721289566,0.946818497059829,2,9,8,0.1779158115386963,1,119.0,0.0,0.0,128,barabasi,9,8,1.7778,1.0304,0.0,-0.3793,0.5556,8,0.8086704292268934
watts_129,25.62155896798688,"[2.8924036552174526, 1.8754232922794802, -1.204396133810476, 3.141592653589793]",2.892403655217453,-1.204396133810476,[1.72414847 2.24683366 0.9468185  0.8559005 ],1.7241484721289566,0.946818497059829,2,20,40,1.6216144561767578,1,219.0,0.0,0.0,129,watts,20,40,4.0,1.3038,0.2148,-0.1298,0.3,34,0.7535752637643199
barabasi_130,6.768474682688449,"[2.173216753946704, 1.898432014958838, 1.9444915905771318, 1.2762004781184704]",2.173216753946704,1.944491590577132,[1.72414847 2.24683366 0.9468185  0.8559005 ],1.7241484721289566,0.946818497059829,2,10,9,0.2273509502410888,1,165.0,0.0,0.0,130,barabasi,10,9,1.8,1.4,0.0,-0.6364,0.5,9,0.7520527425209388
regular_131,21.803288796281542,"[1.911565479109092, -0.6914601290678861, 0.22648012147754432, 2.876142464223006]",1.911565479109092,0.2264801214775443,[1.72414847 2.24683366 0.9468185  0.8559005 ],1.7241484721289566,0.946818497059829,2,20,30,1.4588143825531006,1,250.0,0.0,0.0,131,regular,20,30,3.0,0.0,0.1,0.0,0.35,26,0.8385880306262131
barabasi_132,4.890908154614806,"[0.5636623549076812, 2.8909570742322934, 1.8980943053784296, 0.8679056486140454]",0.5636623549076812,1.8980943053784296,[1.72414847 2.24683366 0.9468185  0.8559005 ],1.7241484721289566,0.946818497059829,2,7,6,0.1196999549865722,1,141.0,0.0,0.0,132,barabasi,7,6,1.7143,0.6999,0.0,-0.6667,0.5714,6,0.8151513591024676
gnm_133,24.63831178384157,"[0.8832977768916552, 2.4842372076507035, 1.587573375555396, 1.2229749383668858]",0.8832977768916552,1.587573375555396,[1.72414847 2.24683366 0.9468185  0.8559005 ],1.7241484721289566,0.946818497059829,2,17,40,1.2196192741394043,1,256.0,0.0,0.0,133,gnm,17,40,4.7059,1.9331,0.2938,-0.2133,0.2941,30,0.8212770594613856
watts_134,16.54304165751907,"[1.4057501616484347, 3.0545516760460503, 1.8179754846117677, 1.925058649426093]",1.4057501616484347,1.817975484611768,[1.72414847 2.24683366 0.9468185  0.8559005 ],1.7241484721289566,0.946818497059829,2,16,32,0.8953742980957031,1,250.0,0.0,0.0,134,watts,16,32,4.0,1.118,0.2274,-0.0602,0.4375,26,0.6362708329815027
watts_135,11.775616201201268,"[0.33676484059237066, 2.4280586738994376, 2.9128644897011298, 1.8361395701797423]",0.3367648405923706,2.9128644897011298,[1.72414847 2.24683366 0.9468185  0.8559005 ],1.7241484721289566,0.946818497059829,2,15,15,0.4494109153747558,1,237.0,0.0,0.0,135,watts,15,15,2.0,0.8165,0.0,0.0294,0.4667,15,0.7850410800800846
watts_136,8.58378858083961,"[2.9163419033163636, 1.993511632930547, 1.8713102303446851, 1.6649183110250885]",2.916341903316364,1.871310230344685,[1.72414847 2.24683366 0.9468185  0.8559005 ],1.7241484721289566,0.946818497059829,2,7,14,0.1847825050354004,1,118.0,0.0,0.0,136,watts,7,14,4.0,0.7559,0.5762,-0.037,0.2857,10,0.858378858083961
gnm_137,81.82279240228583,"[1.6833255851974551, 2.897696494020365, 1.850301931425883, 1.2718058884189551]",1.6833255851974551,1.850301931425883,[1.72414847 2.24683366 0.9468185  0.8559005 ],1.7241484721289566,0.946818497059829,2,20,155,8.210526704788208,1,332.0,0.0,0.0,137,gnm,20,155,15.5,1.4663,0.8117,-0.0519,0.15,92,0.8893781782857155
barabasi_138,16.348231442378275,"[0.22011759553061006, 2.62977330869764, 2.9021078404915617, 1.82104476482482]",0.22011759553061,2.9021078404915617,[1.72414847 2.24683366 0.9468185  0.8559005 ],1.7241484721289566,0.946818497059829,2,14,24,0.9358880519866944,1,348.0,0.0,0.0,138,barabasi,14,24,3.4286,2.0253,0.3439,-0.5878,0.5,20,0.8174115721189137
regular_139,23.25384203613023,"[2.788419550963904, 1.7038317749110856, 1.222184325614172, 2.294009635239025]",2.788419550963904,1.222184325614172,[1.72414847 2.24683366 0.9468185  0.8559005 ],1.7241484721289566,0.946818497059829,2,17,34,1.067495346069336,1,260.0,0.0,0.0,139,regular,17,34,4.0,0.0,0.2059,0.0,0.2941,26,0.8943785398511627
watts_140,11.372635063241432,"[0.9787669459256094, 1.9158154661288298, 3.141592653589793, 1.914841657806713]",0.9787669459256094,3.141592653589793,[1.72414847 2.24683366 0.9468185  0.8559005 ],1.7241484721289566,0.946818497059829,2,9,18,0.3884451389312744,1,203.0,0.0,0.0,140,watts,9,18,4.0,0.6667,0.3111,-0.1571,0.3333,15,0.7581756708827622
gnm_141,18.254223997607863,"[0.9255554551653785, 1.967686894371008, 3.1147980197358174, 1.9310169472523193]",0.9255554551653784,3.1147980197358174,[1.72414847 2.24683366 0.9468185  0.8559005 ],1.7241484721289566,0.946818497059829,2,15,29,0.8127636909484863,1,222.0,0.0,0.0,141,gnm,15,29,3.8667,1.8927,0.2111,-0.2136,0.4,23,0.7936619129394723
gnm_142,32.66271287421584,"[1.7159326910924158, 2.7602876717881433, 1.7706851397001016, 1.341512096245439]",1.7159326910924158,1.7706851397001016,[1.72414847 2.24683366 0.9468185  0.8559005 ],1.7241484721289566,0.946818497059829,2,14,57,1.8481874465942385,1,317.0,0.0,0.0,142,gnm,14,57,8.1429,0.9147,0.5842,0.0343,0.2143,40,0.816567821855396
watts_143,15.337365896839849,"[1.66259709375746, 1.7987614783851291, 1.1827604406954295, 1.2635299027928362]",1.66259709375746,1.1827604406954295,[1.72414847 2.24683366 0.9468185  0.8559005 ],1.7241484721289566,0.946818497059829,2,12,24,0.6521368026733398,1,235.0,0.0,0.0,143,watts,12,24,4.0,0.8165,0.3611,-0.0364,0.3333,18,0.8520758831577694
watts_144,13.271459551332237,"[0.35725016633801937, 2.3986807269253734, 2.9381854440665465, 1.8411261288597232]",0.3572501663380193,2.9381854440665465,[1.72414847 2.24683366 0.9468185  0.8559005 ],1.7241484721289566,0.946818497059829,2,17,17,0.5798487663269043,1,193.0,0.0,0.0,144,watts,17,17,2.0,0.686,0.0,-0.0936,0.5294,17,0.7806740912548374
regular_145,15.833376533172965,"[0.9265045544755937, 1.8933272334799434, 2.8191793331091546, 2.2156905711858874]",0.9265045544755935,2.8191793331091546,[1.72414847 2.24683366 0.9468185  0.8559005 ],1.7241484721289566,0.946818497059829,2,19,19,0.9272558689117432,1,244.0,0.0,0.0,145,regular,19,19,2.0,0.0,0.0,0.0,0.4211,18,0.8796320296207203
watts_146,5.171270272610855,"[0.7567685506994257, 1.9262547540172195, 2.9391699372557127, 1.9437111090106596]",0.7567685506994257,2.9391699372557127,[1.72414847 2.24683366 0.9468185  0.8559005 ],1.7241484721289566,0.946818497059829,2,7,7,0.1950523853302002,1,165.0,0.0,0.0,146,watts,7,7,2.0,0.9258,0.3095,-0.1667,0.4286,6,0.8618783787684757
regular_147,15.410698203324046,"[0.7173566624259102, 2.1732400240874217, 3.141592653589793, 1.9303198265560506]",0.7173566624259102,3.141592653589793,[1.72414847 2.24683366 0.9468185  0.8559005 ],1.7241484721289566,0.946818497059829,2,12,24,0.2765753269195556,1,97.0,0.0,0.0,147,regular,12,24,4.0,0.0,0.2083,0.0,0.3333,20,0.7705349101662022
watts_148,12.60349021527213,"[0.38925534285546237, 2.351468503027842, 2.90969614138395, 1.8304498048771674]",0.3892553428554623,2.90969614138395,[1.72414847 2.24683366 0.9468185  0.8559005 ],1.7241484721289566,0.946818497059829,2,16,16,0.4077260494232178,1,204.0,0.0,0.0,148,watts,16,16,2.0,0.7071,0.0,-0.1429,0.5625,16,0.7877181384545081
watts_149,12.578098117584045,"[0.8507502972489471, 1.9064654184159864, 3.141592653589793, 1.9631990705597024]",0.8507502972489471,3.141592653589793,[1.72414847 2.24683366 0.9468185  0.8559005 ],1.7241484721289566,0.946818497059829,2,17,17,0.2878572940826416,1,107.0,0.0,0.0,149,watts,17,17,2.0,0.5941,0.0,0.086,0.4706,16,0.7861311323490028
barabasi_150,6.579198404083513,"[1.4127721190413975, 2.171854471584735, 1.7410962050659076, 1.1904940766986551]",1.4127721190413975,1.7410962050659076,[1.72414847 2.24683366 0.9468185  0.8559005 ],1.7241484721289566,0.946818497059829,2,10,9,0.1631190776824951,1,116.0,0.0,0.0,150,barabasi,10,9,1.8,1.4697,0.0,-0.5952,0.6,9,0.7310220448981681
barabasi_151,15.237790483559904,"[2.873819113776859, 2.069362000396372, 1.9246117343959555, 1.5405411158123705]",2.873819113776859,1.9246117343959557,[1.72414847 2.24683366 0.9468185  0.8559005 ],1.7241484721289566,0.946818497059829,2,14,24,0.4267270565032959,1,149.0,0.0,0.0,151,barabasi,14,24,3.4286,2.0253,0.3825,-0.3139,0.4286,20,0.7618895241779952
watts_152,3.8365728113567457,"[1.8031963169223082, 2.9288223499962966, 0.762818985310662, 2.7075875291067337]",1.803196316922308,0.762818985310662,[1.72414847 2.24683366 0.9468185  0.8559005 ],1.7241484721289566,0.946818497059829,2,7,7,0.11928391456604,1,119.0,0.0,0.0,152,watts,7,7,2.0,0.7559,0.2381,0.125,0.4286,6,0.6394288018927909
gnm_153,19.83316214609214,"[1.7846594972404555, 2.7479342938354616, 0.3069969847376543, 2.861390935169686]",1.7846594972404557,0.3069969847376543,[1.72414847 2.24683366 0.9468185  0.8559005 ],1.7241484721289566,0.946818497059829,2,13,36,1.2616021633148191,1,327.0,0.0,0.0,153,gnm,13,36,5.5385,1.4995,0.4626,-0.1378,0.3077,26,0.7628139286958515
gnm_154,73.6140211365858,"[1.7120308348089774, 2.9119235947780346, 1.2833286660064505, 2.097809685366633]",1.7120308348089774,1.2833286660064505,[1.72414847 2.24683366 0.9468185  0.8559005 ],1.7241484721289566,0.946818497059829,2,20,141,3.088081121444702,1,257.0,0.0,0.0,154,gnm,20,141,14.1,1.7,0.7448,-0.1038,0.15,85,0.8660473074892447
barabasi_155,14.716319629108032,"[1.0890860517366847, 2.6958198188149423, 1.2150976354763725, 1.2957495641516767]",1.0890860517366847,1.2150976354763725,[1.72414847 2.24683366 0.9468185  0.8559005 ],1.7241484721289566,0.946818497059829,2,20,19,1.0439276695251465,1,252.0,0.0,0.0,155,barabasi,20,19,1.9,1.8682,0.0,-0.5069,0.6,19,0.7745431383741069
regular_156,19.71720925030458,"[1.9124130053710027, 2.457516496596331, 1.7985250158680384, 1.305818966068593]",1.912413005371003,1.7985250158680384,[1.72414847 2.24683366 0.9468185  0.8559005 ],1.7241484721289566,0.946818497059829,2,18,27,0.9842994213104248,1,257.0,0.0,0.0,156,regular,18,27,3.0,0.0,0.0556,0.0,0.3889,23,0.857269967404547
barabasi_157,5.02953860418711,"[0.3439826811656076, 2.337614637007344, 2.7683454434514756, 1.8254291122831483]",0.3439826811656076,2.768345443451476,[1.72414847 2.24683366 0.9468185  0.8559005 ],1.7241484721289566,0.946818497059829,2,7,6,0.1500618457794189,1,148.0,0.0,0.0,157,barabasi,7,6,1.7143,1.1606,0.0,-0.7143,0.7143,6,0.838256434031185
watts_158,7.256249954029045,"[2.876205737245498, 1.7585632807848925, 1.9296760682252796, 1.0121215501742487]",2.876205737245498,1.92967606822528,[1.72414847 2.24683366 0.9468185  0.8559005 ],1.7241484721289566,0.946818497059829,2,6,12,0.3528981208801269,1,242.0,0.0,0.0,158,watts,6,12,4.0,1.0,0.9,-0.4545,0.3333,8,0.9070312442536306
regular_159,17.35775099689328,"[2.800863873130032, 2.274903997448603, 1.799694568953238, 1.8309978082165275]",2.800863873130032,1.799694568953238,[1.72414847 2.24683366 0.9468185  0.8559005 ],1.7241484721289566,0.946818497059829,2,16,24,0.8625423908233643,1,273.0,0.0,0.0,159,regular,16,24,3.0,0.0,0.125,0.0,0.375,20,0.867887549844664
barabasi_160,24.59499394245338,"[0.2292848462906447, 2.6381890544937363, 3.0018180123538287, 1.8789737136419762]",0.2292848462906447,3.0018180123538287,[1.72414847 2.24683366 0.9468185  0.8559005 ],1.7241484721289566,0.946818497059829,2,20,36,1.9746792316436768,1,289.0,0.0,0.0,160,barabasi,20,36,3.6,2.1541,0.0905,-0.3023,0.55,32,0.7685935607016682
barabasi_161,3.8679022234500735,"[2.707755303534177, 2.053141734048622, -1.177795417078959, 3.1415860849097887]",2.707755303534177,-1.177795417078959,[1.72414847 2.24683366 0.9468185  0.8559005 ],1.7241484721289566,0.946818497059829,2,6,5,0.3129646778106689,1,312.0,0.0,0.0,161,barabasi,6,5,1.6667,0.4714,0.0,-0.25,0.5,5,0.7735804446900147
watts_162,25.69631401974267,"[2.949889368626712, 2.762087503618069, 2.030549957718636, 1.8177199366239338]",2.949889368626712,2.030549957718636,[1.72414847 2.24683366 0.9468185  0.8559005 ],1.7241484721289566,0.946818497059829,2,19,38,0.7415003776550293,1,150.0,0.0,0.0,162,watts,19,38,4.0,0.7255,0.2982,0.1048,0.3158,29,0.88607979378423
gnm_163,86.23866006214723,"[2.317498935940644, 2.2476991285843635, 0.7842171950303533, 1.231265223091252]",2.317498935940644,0.7842171950303533,[1.72414847 2.24683366 0.9468185  0.8559005 ],1.7241484721289566,0.946818497059829,2,20,169,7.361079931259155,1,275.0,0.0,0.0,163,gnm,20,169,16.9,1.7,0.8994,-0.1471,0.15,97,0.8890583511561571
regular_164,13.795004489153484,"[1.7662440657910756, 1.937057797615374, 1.0887958619883216, 1.2927049885041653]",1.7662440657910756,1.0887958619883216,[1.72414847 2.24683366 0.9468185  0.8559005 ],1.7241484721289566,0.946818497059829,2,10,20,0.5189955234527588,1,231.0,0.0,0.0,164,regular,10,20,4.0,0.0,0.3,0.0,0.3,16,0.8621877805720928
watts_165,8.877966401632875,"[2.716055657845172, 2.1621937368283515, 2.5436769841341853, 2.290575690552221]",2.716055657845172,2.5436769841341853,[1.72414847 2.24683366 0.9468185  0.8559005 ],1.7241484721289566,0.946818497059829,2,7,14,0.1997280120849609,1,118.0,0.0,0.0,165,watts,7,14,4.0,0.0,0.5,0.0,0.2857,10,0.8877966401632875
gnm_166,5.126233685266925,"[2.8630409613990984, 2.5981603099888, 1.9524128359922166, 1.8074047586048156]",2.8630409613990984,1.9524128359922168,[1.72414847 2.24683366 0.9468185  0.8559005 ],1.7241484721289566,0.946818497059829,2,6,7,0.1409254074096679,1,111.0,0.0,0.0,166,gnm,6,7,2.3333,1.1055,0.4167,-0.6042,0.5,6,0.8543722808778208
regular_167,10.817568351463931,"[1.2162022009613482, 1.6945953110756398, 2.788754312274186, 2.2942317078641548]",1.2162022009613482,2.788754312274186,[1.72414847 2.24683366 0.9468185  0.8559005 ],1.7241484721289566,0.946818497059829,2,8,16,0.2893855571746826,1,170.0,0.0,0.0,167,regular,8,16,4.0,0.0,0.375,0.0,0.375,12,0.901464029288661
gnm_168,14.15819136924256,"[2.8376340760745453, 1.7055832046508996, 3.141592653589793, 2.832725869117426]",2.8376340760745453,3.141592653589793,[1.72414847 2.24683366 0.9468185  0.8559005 ],1.7241484721289566,0.946818497059829,2,8,26,0.4980792999267578,1,196.0,0.0,0.0,168,gnm,8,26,6.5,0.7071,0.9405,-0.322,0.25,16,0.88488696057766
gnm_169,4.140256627877534,"[0.32826215411880455, 2.404381155354158, 2.799896865150381, 1.8138584239367699]",0.3282621541188045,2.799896865150381,[1.72414847 2.24683366 0.9468185  0.8559005 ],1.7241484721289566,0.946818497059829,2,6,5,0.1389520168304443,1,157.0,0.0,0.0,169,gnm,6,5,1.6667,1.1055,0.0,-0.7391,0.6667,5,0.8280513255755068
regular_170,21.350457188810115,"[1.7654444495053516, 1.919256287624096, 1.0381787322450147, 1.2596112095474044]",1.7654444495053516,1.038178732245015,[1.72414847 2.24683366 0.9468185  0.8559005 ],1.7241484721289566,0.946818497059829,2,15,30,1.257723093032837,1,330.0,0.0,0.0,170,regular,15,30,4.0,0.0,0.1667,0.0,0.3333,26,0.8211714303388505
barabasi_171,5.9076360521605125,"[1.6619338762930176, 1.9740275319911686, 1.9224699669840855, 1.1889162277283383]",1.6619338762930176,1.9224699669840852,[1.72414847 2.24683366 0.9468185  0.8559005 ],1.7241484721289566,0.946818497059829,2,9,8,0.305142879486084,1,208.0,0.0,0.0,171,barabasi,9,8,1.7778,1.2273,0.0,-0.6914,0.6667,8,0.7384545065200641
gnm_172,15.231046879342102,"[3.0133780409877593, 2.746326361727933, 1.8924762843479197, 1.7231115918523523]",3.0133780409877597,1.89247628434792,[1.72414847 2.24683366 0.9468185  0.8559005 ],1.7241484721289566,0.946818497059829,2,9,26,1.1942968368530271,1,462.0,0.0,0.0,172,gnm,9,26,5.7778,1.8122,0.8836,-0.2305,0.3333,17,0.8959439340789472
regular_173,16.666696900667446,"[2.4971223678648276, 1.8929541523903874, 1.248258121941805, 2.215410925321353]",2.497122367864828,1.248258121941805,[1.72414847 2.24683366 0.9468185  0.8559005 ],1.7241484721289566,0.946818497059829,2,20,20,1.621208906173706,1,363.0,0.0,0.0,173,regular,20,20,2.0,0.0,0.0,0.0,0.45,20,0.8333348450333723
watts_174,22.629086267650848,"[2.920163611600506, 2.107780102412276, 1.862108416302049, 1.4600916793624428]",2.920163611600506,1.862108416302049,[1.72414847 2.24683366 0.9468185  0.8559005 ],1.7241484721289566,0.946818497059829,2,18,36,0.953200340270996,1,235.0,0.0,0.0,174,watts,18,36,4.0,0.4714,0.4593,-0.1408,0.2778,27,0.8381143062092907
gnm_175,11.150232885482666,"[-0.06982390152560916, 2.912544209968053, 3.1415815872082193, 1.9325164842562557]",-0.0698239015256091,3.14158158720822,[1.72414847 2.24683366 0.9468185  0.8559005 ],1.7241484721289566,0.946818497059829,2,12,17,0.2366354465484619,1,105.0,0.0,0.0,175,gnm,12,17,2.8333,1.5723,0.2611,-0.2203,0.5,15,0.7433488590321777
watts_176,20.182543466523757,"[2.9058902437765095, 1.9905893174946063, 1.9056678750838631, 1.5048741589113566]",2.905890243776509,1.9056678750838631,[1.72414847 2.24683366 0.9468185  0.8559005 ],1.7241484721289566,0.946818497059829,2,16,32,0.5854148864746094,1,174.0,0.0,0.0,176,watts,16,32,4.0,1.0607,0.3271,-0.1517,0.375,25,0.8073017386609503
regular_177,10.817586512360094,"[1.2165090289576157, 1.6942246153150236, 2.7886977131267376, 2.293918968443924]",1.2165090289576157,2.7886977131267376,[1.72414847 2.24683366 0.9468185  0.8559005 ],1.7241484721289566,0.946818497059829,2,8,16,0.5575888156890869,1,292.0,0.0,0.0,177,regular,8,16,4.0,0.0,0.375,0.0,0.375,12,0.9014655426966746
gnm_178,8.604983776513109,"[2.9114849344262357, 2.701916704817351, 2.0438465748601176, 1.841208028152482]",2.911484934426236,2.0438465748601176,[1.72414847 2.24683366 0.9468185  0.8559005 ],1.7241484721289566,0.946818497059829,2,8,12,0.2418041229248047,1,152.0,0.0,0.0,178,gnm,8,12,3.0,0.866,0.3333,-0.2121,0.375,10,0.8604983776513109
watts_179,20.17292540652542,"[2.1333943513913685, 0.7623162631246267, 1.569106598812072, 1.912607055194219]",2.1333943513913685,1.569106598812072,[1.72414847 2.24683366 0.9468185  0.8559005 ],1.7241484721289566,0.946818497059829,2,16,32,0.7258870601654053,1,190.0,0.0,0.0,179,watts,16,32,4.0,0.7071,0.3312,0.0323,0.3125,25,0.8069170162610168
gnm_180,7.013908313507272,"[2.1378541147838033, 1.9207933120253609, 2.78555521280013, 2.3698403417179272]",2.1378541147838037,2.78555521280013,[1.72414847 2.24683366 0.9468185  0.8559005 ],1.7241484721289566,0.946818497059829,2,6,11,0.2477922439575195,1,150.0,0.0,0.0,180,gnm,6,11,3.6667,0.7454,0.5833,-0.1,0.3333,8,0.876738539188409
gnm_181,7.942509871791117,"[2.956728816559102, 2.619988211871613, 1.8878070216335021, 1.7208893568527728]",2.956728816559102,1.887807021633502,[1.72414847 2.24683366 0.9468185  0.8559005 ],1.7241484721289566,0.946818497059829,2,6,13,0.2513749599456787,1,180.0,0.0,0.0,181,gnm,6,13,4.3333,0.7454,0.9,-0.4444,0.3333,9,0.8825010968656797
barabasi_182,11.82816809273286,"[0.27604263366958276, 2.47613681724746, 2.7889256938449822, 1.827455826454146]",0.2760426336695827,2.7889256938449822,[1.72414847 2.24683366 0.9468185  0.8559005 ],1.7241484721289566,0.946818497059829,2,16,15,0.5552587509155273,1,244.0,0.0,0.0,182,barabasi,16,15,1.875,1.6536,0.0,-0.7162,0.75,15,0.788544539515524
regular_183,5.833330010520513,"[2.496156354601446, 1.893227029377789, 1.2487548306479237, 2.214726101030859]",2.496156354601446,1.2487548306479237,[1.72414847 2.24683366 0.9468185  0.8559005 ],1.7241484721289566,0.946818497059829,2,7,7,0.2583131790161133,1,251.0,0.0,0.0,183,regular,7,7,2.0,0.0,0.0,0.0,0.4286,6,0.9722216684200854
watts_184,16.165752675118192,"[0.5616660760108201, 2.87374459532311, 1.9011202477030849, 0.8760635616589271]",0.5616660760108201,1.9011202477030849,[1.72414847 2.24683366 0.9468185  0.8559005 ],1.7241484721289566,0.946818497059829,2,20,20,1.5420184135437012,1,372.0,0.0,0.0,184,watts,20,20,2.0,0.5477,0.0,-0.0811,0.45,19,0.8508290881641154
gnm_185,14.555909333090668,"[1.80766959583862, 2.580576874789397, 1.779187182503668, 1.3131859374713355]",1.80766959583862,1.779187182503668,[1.72414847 2.24683366 0.9468185  0.8559005 ],1.7241484721289566,0.946818497059829,2,12,24,0.3517389297485351,1,136.0,0.0,0.0,185,gnm,12,24,4.0,1.472,0.2964,-0.2011,0.4167,20,0.7277954666545334
barabasi_186,10.466005631032736,"[0.32355610080703306, 2.4100870109629606, 2.7940634745153083, 1.8146877531081014]",0.323556100807033,2.7940634745153083,[1.72414847 2.24683366 0.9468185  0.8559005 ],1.7241484721289566,0.946818497059829,2,14,13,0.2730107307434082,1,159.0,0.0,0.0,186,barabasi,14,13,1.8571,1.2454,0.0,-0.5566,0.5,13,0.8050773562332874
watts_187,10.10857579303439,"[0.36992189355742877, 2.0205044501539957, 2.769035189184826, 3.141592653589793]",0.3699218935574287,2.769035189184826,[1.72414847 2.24683366 0.9468185  0.8559005 ],1.7241484721289566,0.946818497059829,2,14,14,0.2548356056213379,1,148.0,0.0,0.0,187,watts,14,14,2.0,0.5345,0.1667,-0.3462,0.4286,13,0.7775827533103377
gnm_188,10.096952137799237,"[1.1624245757931302, 1.7249564068867704, 2.9908426315473653, 1.9862220945083582]",1.1624245757931302,2.9908426315473653,[1.72414847 2.24683366 0.9468185  0.8559005 ],1.7241484721289566,0.946818497059829,2,8,16,0.4247374534606933,1,239.0,0.0,0.0,188,gnm,8,16,4.0,0.866,0.5083,-0.316,0.375,12,0.8414126781499364
barabasi_189,21.060191152691264,"[1.9882268522137452, 3.0383840461121516, 2.8807024008493327, 0.6694778082478203]",1.9882268522137447,2.8807024008493327,[1.72414847 2.24683366 0.9468185  0.8559005 ],1.7241484721289566,0.946818497059829,2,16,39,1.2882444858551023,1,286.0,0.0,0.0,189,barabasi,16,39,4.875,1.9645,0.2864,-0.261,0.375,31,0.6793610049255246
gnm_190,11.58529147355148,"[3.0258979272424824, 2.7682708929693995, 1.882372077955074, 1.6867998587092394]",3.0258979272424824,1.882372077955074,[1.72414847 2.24683366 0.9468185  0.8559005 ],1.7241484721289566,0.946818497059829,2,7,20,0.6219532489776611,1,353.0,0.0,0.0,190,gnm,7,20,5.7143,0.4518,0.9524,-0.3333,0.2857,12,0.96544095612929
barabasi_191,15.032367115566318,"[0.3253733564171687, 2.421996594134202, 2.833033425229612, 1.8092977999004458]",0.3253733564171687,2.833033425229612,[1.72414847 2.24683366 0.9468185  0.8559005 ],1.7241484721289566,0.946818497059829,2,20,19,0.6131689548492432,1,105.0,0.0,0.0,191,barabasi,20,19,1.9,1.2207,0.0,-0.3122,0.55,19,0.7911772166087536
barabasi_192,16.505121453143285,"[2.876318523752209, 2.260625363123895, 1.9233757592148155, 1.5178453762813773]",2.876318523752209,1.9233757592148155,[1.72414847 2.24683366 0.9468185  0.8559005 ],1.7241484721289566,0.946818497059829,2,15,26,0.5850601196289062,1,220.0,0.0,0.0,192,barabasi,15,26,3.4667,2.2764,0.3407,-0.5404,0.4667,21,0.7859581644353946
watts_193,15.866335826842093,"[2.95549900033416, 2.7489381941443205, 2.0033916730457255, 1.8046594533402818]",2.95549900033416,2.003391673045725,[1.72414847 2.24683366 0.9468185  0.8559005 ],1.7241484721289566,0.946818497059829,2,12,24,-2.270183086395264,1,129.0,0.0,0.0,193,watts,12,24,4.0,0.7071,0.4583,-0.1624,0.3333,18,0.8814631014912274
gnm_194,74.25651017137842,"[2.202709544939844, 1.7732690360311103, 1.7179850823694873, 1.301837488486611]",2.202709544939844,1.717985082369487,[1.72414847 2.24683366 0.9468185  0.8559005 ],1.7241484721289566,0.946818497059829,2,18,146,4.022261381149292,1,241.0,0.0,0.0,194,gnm,18,146,16.2222,0.7857,0.9537,-0.1009,0.1111,81,0.9167470391528201
barabasi_195,16.501731537671986,"[1.1377128592747954, 1.7455542456016189, 3.0847080112753433, 1.952243567544481]",1.1377128592747954,3.0847080112753438,[1.72414847 2.24683366 0.9468185  0.8559005 ],1.7241484721289566,0.946818497059829,2,15,26,0.8623695373535156,1,305.0,0.0,0.0,195,barabasi,15,26,3.4667,1.9956,0.401,-0.3316,0.5333,20,0.8250865768835993
barabasi_196,6.7684740468126,"[2.173216753946704, 1.898432014958838, 1.9444915905771318, 1.2762004781184704]",2.173216753946704,1.944491590577132,[1.72414847 2.24683366 0.9468185  0.8559005 ],1.7241484721289566,0.946818497059829,2,10,9,0.2609717845916748,1,169.0,0.0,0.0,196,barabasi,10,9,1.8,1.4,0.0,-0.6364,0.6,9,0.7520526718680667
gnm_197,13.71209133011072,"[1.911846798439862, 2.5881001672161847, 0.15898244060393818, 2.109997673812565]",1.911846798439862,0.1589824406039381,[1.72414847 2.24683366 0.9468185  0.8559005 ],1.7241484721289566,0.946818497059829,2,13,26,0.7329800128936768,1,234.0,0.0,0.0,197,gnm,13,26,4.0,1.1767,0.1564,-0.0467,0.3846,21,0.6529567300052724
barabasi_198,15.40604311880595,"[0.2013802036528713, 1.8937210090637255, 2.7947523137000774, 1.3823797469384884]",0.2013802036528713,2.7947523137000774,[1.72414847 2.24683366 0.9468185  0.8559005 ],1.7241484721289566,0.946818497059829,2,14,24,0.8453426361083984,1,285.0,0.0,0.0,198,barabasi,14,24,3.4286,2.4117,0.7831,-0.4612,0.4286,18,0.8558912843781084
watts_199,20.218908922751886,"[1.2026442727968354, 2.18560427013903, -0.0035286132157294164, 2.793806976604937]",1.2026442727968354,-0.0035286132157294,[1.72414847 2.24683366 0.9468185  0.8559005 ],1.7241484721289566,0.946818497059829,2,16,32,0.8812804222106934,1,214.0,0.0,0.0,199,watts,16,32,4.0,1.0,0.2958,-0.1333,0.375,25,0.8087563569100754
gnm_200,20.732836943021084,"[2.9970083516341397, 2.0021178624509077, 1.8096695568192598, 1.4895530434837247]",2.99700835163414,1.80966955681926,[1.72414847 2.24683366 0.9468185  0.8559005 ],1.7241484721289566,0.946818497059829,2,10,37,0.7973246574401855,1,242.0,0.0,0.0,200,gnm,10,37,7.4,1.1136,0.8271,-0.2794,0.3,24,0.8638682059592119
gnm_201,23.94974998492092,"[1.837412938046215, 3.0248290079106956, 1.2010407145041115, 2.381229374416631]",1.837412938046215,1.2010407145041115,[1.72414847 2.24683366 0.9468185  0.8559005 ],1.7241484721289566,0.946818497059829,2,14,46,1.5127894878387451,1,244.0,0.0,0.0,201,gnm,14,46,6.5714,2.1285,0.5314,-0.2033,0.3571,33,0.7257499995430582
watts_202,12.623315323762723,"[0.6141788107112536, 2.8367782509293775, 1.9045034589111025, 0.8840882819056881]",0.6141788107112536,1.9045034589111025,[1.72414847 2.24683366 0.9468185  0.8559005 ],1.7241484721289566,0.946818497059829,2,15,15,0.6590878963470459,1,254.0,0.0,0.0,202,watts,15,15,2.0,0.3651,0.0,-0.0345,0.4667,15,0.8415543549175148
watts_203,23.37548165437076,"[2.950557196518871, 2.786858655148614, 2.0426748774067125, 1.8472441467397687]",2.950557196518871,2.0426748774067125,[1.72414847 2.24683366 0.9468185  0.8559005 ],1.7241484721289566,0.946818497059829,2,17,34,1.7009618282318115,1,309.0,0.0,0.0,203,watts,17,34,4.0,1.2367,0.2529,-0.4034,0.5294,28,0.8348386305132414
watts_204,16.602112359268357,"[1.0389339609141068, 1.8516746738825698, 3.133708574483621, 1.9322032622701273]",1.0389339609141068,3.133708574483621,[1.72414847 2.24683366 0.9468185  0.8559005 ],1.7241484721289566,0.946818497059829,2,13,26,0.4164981842041015,1,109.0,0.0,0.0,204,watts,13,26,4.0,1.1767,0.2051,-0.1426,0.3846,21,0.7905767790127789
watts_205,13.462388907391755,"[2.9000466985987585, 0.5603456507764719, 1.7605333427479881, 2.863816286773558]",2.9000466985987585,1.760533342747988,[1.72414847 2.24683366 0.9468185  0.8559005 ],1.7241484721289566,0.946818497059829,2,10,20,0.7073853015899658,1,253.0,0.0,0.0,205,watts,10,20,4.0,0.8944,0.3133,-0.25,0.4,16,0.8413993067119847
regular_206,15.000038165823767,"[0.926506653130824, 1.8933127439915522, 2.819184645629954, 2.215693101729555]",0.926506653130824,2.819184645629954,[1.72414847 2.24683366 0.9468185  0.8559005 ],1.7241484721289566,0.946818497059829,2,18,18,0.8625802993774414,1,275.0,0.0,0.0,206,regular,18,18,2.0,0.0,0.0,0.0,0.4444,18,0.833335453656876
watts_207,8.154709193046237,"[0.5870110377854996, 2.858122887234905, 1.897610349383563, 0.8905216924946467]",0.5870110377854996,1.897610349383563,[1.72414847 2.24683366 0.9468185  0.8559005 ],1.7241484721289566,0.946818497059829,2,10,10,0.3846554756164551,1,333.0,0.0,0.0,207,watts,10,10,2.0,0.4472,0.0,-0.0526,0.5,10,0.8154709193046237
gnm_208,19.86582459439217,"[2.9862939875932133, 1.9184402703575187, 1.8307776679992587, 1.459302239568313]",2.9862939875932133,1.830777667999259,[1.72414847 2.24683366 0.9468185  0.8559005 ],1.7241484721289566,0.946818497059829,2,10,35,1.476839542388916,1,457.0,0.0,0.0,208,gnm,10,35,7.0,1.0,0.7625,-0.2337,0.2,23,0.8637315041040073
barabasi_209,4.556654789252207,"[0.9229058570156699, 2.7880354214229515, 1.0759517386818533, 1.2282144709403586]",0.92290585701567,1.0759517386818531,[1.72414847 2.24683366 0.9468185  0.8559005 ],1.7241484721289566,0.946818497059829,2,6,5,0.2496790885925293,1,232.0,0.0,0.0,209,barabasi,6,5,1.6667,1.4907,0.0,-1.0,0.8333,5,0.9113309578504414
regular_210,16.456110476894427,"[3.068343982640586, 1.9472494418411932, 3.14158784342397, 1.954712733930213]",3.068343982640586,3.14158784342397,[1.72414847 2.24683366 0.9468185  0.8559005 ],1.7241484721289566,0.946818497059829,2,16,24,0.3456094264984131,1,118.0,0.0,0.0,210,regular,16,24,3.0,0.0,0.0625,0.0,0.375,22,0.7480050216770194
gnm_211,20.909466412350067,"[1.7183252513113623, 2.5612247757385798, 1.2024599052634486, 1.3056887930319645]",1.7183252513113625,1.2024599052634486,[1.72414847 2.24683366 0.9468185  0.8559005 ],1.7241484721289566,0.946818497059829,2,16,40,1.1406962871551514,1,228.0,0.0,0.0,211,gnm,16,40,5.0,2.2913,0.3424,-0.2182,0.3125,31,0.6744989165274216
gnm_212,38.44714004266923,"[2.588079562890691, 0.7115468300446133, 3.141592653589793, 2.862162288247558]",2.588079562890691,3.141592653589793,[1.72414847 2.24683366 0.9468185  0.8559005 ],1.7241484721289566,0.946818497059829,2,16,68,2.143072843551636,1,234.0,0.0,0.0,212,gnm,16,68,8.5,1.7321,0.552,-0.1575,0.25,47,0.8180242562270049
regular_213,10.833317645245812,"[2.4965048877822116, 1.893023144357612, 1.2482737374524056, 2.2155308136227156]",2.496504887782212,1.2482737374524056,[1.72414847 2.24683366 0.9468185  0.8559005 ],1.7241484721289566,0.946818497059829,2,13,13,0.5917942523956299,1,248.0,0.0,0.0,213,regular,13,13,2.0,0.0,0.0,0.0,0.4615,12,0.9027764704371509
regular_214,12.464115873136564,"[3.141592653589793, 1.8786699749403377, 2.973847138746571, 1.9638764959950987]",3.141592653589793,2.973847138746571,[1.72414847 2.24683366 0.9468185  0.8559005 ],1.7241484721289566,0.946818497059829,2,12,18,0.6063723564147949,1,222.0,0.0,0.0,214,regular,12,18,3.0,0.0,0.0,0.0,0.5,18,0.6924508818409202
watts_215,13.267053476686222,"[0.3610762130322408, 2.3919908790749265, 2.9424450738646755, 1.843560815708956]",0.3610762130322408,2.9424450738646755,[1.72414847 2.24683366 0.9468185  0.8559005 ],1.7241484721289566,0.946818497059829,2,17,17,0.9482386112213136,1,260.0,0.0,0.0,215,watts,17,17,2.0,0.686,0.0,0.0058,0.5294,17,0.7804149103933071
watts_216,12.578135095092506,"[1.5719140993674205, 1.9550832861559213, 0.7027849305481679, 2.7488906408506275]",1.5719140993674203,0.7027849305481679,[1.72414847 2.24683366 0.9468185  0.8559005 ],1.7241484721289566,0.946818497059829,2,17,17,0.8906466960906982,1,270.0,0.0,0.0,216,watts,17,17,2.0,0.5941,0.0,0.086,0.4706,17,0.7398902997113239
regular_217,16.5137534706292,"[1.8140837723519547, 1.0532771149565168, 2.9653248840970647, 1.8703926622878824]",1.8140837723519547,2.9653248840970647,[1.72414847 2.24683366 0.9468185  0.8559005 ],1.7241484721289566,0.946818497059829,2,12,24,0.5511665344238281,1,187.0,0.0,0.0,217,regular,12,24,4.0,0.0,0.1667,0.0,0.3333,20,0.82568767353146
watts_218,15.550400194410404,"[0.5157723021767546, 2.9134659214467513, 1.9120575652497749, 0.8580582399214608]",0.5157723021767546,1.9120575652497749,[1.72414847 2.24683366 0.9468185  0.8559005 ],1.7241484721289566,0.946818497059829,2,20,20,1.1901051998138428,1,239.0,0.0,0.0,218,watts,20,20,2.0,0.7746,0.0833,-0.2745,0.45,19,0.8184421154952845
gnm_219,33.40591642239764,"[0.1618968018543389, 1.5057697055871122, 2.8668156173238604, 3.1414594615386697]",0.1618968018543389,2.8668156173238604,[1.72414847 2.24683366 0.9468185  0.8559005 ],1.7241484721289566,0.946818497059829,2,15,59,1.9362616539001465,1,334.0,0.0,0.0,219,gnm,15,59,7.8667,1.8209,0.6042,-0.1078,0.2,39,0.8565619595486574
barabasi_220,13.394662856173229,"[0.3222715634549509, 2.3871954756163722, 2.8241339152062546, 1.8157954895223378]",0.3222715634549509,2.8241339152062546,[1.72414847 2.24683366 0.9468185  0.8559005 ],1.7241484721289566,0.946818497059829,2,18,17,0.4038472175598144,1,136.0,0.0,0.0,220,barabasi,18,17,1.8889,1.4487,0.0,-0.2903,0.6111,17,0.7879213444807781
barabasi_221,12.800451314525247,"[1.9009277617552072, 2.5140004281233694, -0.3115341274610303, 1.8131696849178534]",1.9009277617552072,-0.3115341274610303,[1.72414847 2.24683366 0.9468185  0.8559005 ],1.7241484721289566,0.946818497059829,2,13,22,0.4278249740600586,1,166.0,0.0,0.0,221,barabasi,13,22,3.3846,1.9822,0.4821,-0.3793,0.5385,18,0.7111361841402916
gnm_222,9.501781898965987,"[1.8431621032813994, 2.986425944146855, 2.7241279727038537, 2.40485465615033]",1.8431621032813996,2.7241279727038537,[1.72414847 2.24683366 0.9468185  0.8559005 ],1.7241484721289566,0.946818497059829,2,10,17,0.5023651123046875,1,253.0,0.0,0.0,222,gnm,10,17,3.4,1.3565,0.3067,-0.3949,0.5,13,0.7309062999204605
gnm_223,65.84432069852336,"[1.708575252372037, 2.201504987324778, 1.1715368837109468, 1.5715093733180012]",1.708575252372037,1.1715368837109468,[1.72414847 2.24683366 0.9468185  0.8559005 ],1.7241484721289566,0.946818497059829,2,20,127,3.908957481384277,1,184.0,0.0,0.0,223,gnm,20,127,12.7,2.3043,0.6834,-0.1025,0.2,79,0.833472413905359
barabasi_224,5.240379770169966,"[-0.4096827813498292, 3.141581616053805, 2.985446612625867, 2.1194774550777122]",-0.4096827813498292,2.985446612625867,[1.72414847 2.24683366 0.9468185  0.8559005 ],1.7241484721289566,0.946818497059829,2,8,7,-2.4627063274383545,1,122.0,0.0,0.0,224,barabasi,8,7,1.75,0.8292,0.0,-0.2353,0.5,7,0.7486256814528522
barabasi_225,11.48345841882626,"[1.3045415258938, 2.3397850800178936, 1.2120777246030132, 1.2606832144953404]",1.3045415258938,1.2120777246030132,[1.72414847 2.24683366 0.9468185  0.8559005 ],1.7241484721289566,0.946818497059829,2,16,15,0.5299777984619141,1,256.0,0.0,0.0,225,barabasi,16,15,1.875,1.9645,0.0,-0.5035,0.625,15,0.7655638945884173
gnm_226,20.547684629331343,"[2.7673300340598077, 1.7337399273725658, 3.1415841425544966, 2.684998566957411]",2.767330034059808,3.1415841425544966,[1.72414847 2.24683366 0.9468185  0.8559005 ],1.7241484721289566,0.946818497059829,2,10,39,0.8129839897155762,1,247.0,0.0,0.0,226,gnm,10,39,7.8,0.7483,0.8524,-0.1628,0.2,25,0.8219073851732537
watts_227,19.31598508328632,"[1.7518230550292815, 2.9365961424672906, 0.8059372552713152, 2.6982082388738666]",1.7518230550292817,0.8059372552713152,[1.72414847 2.24683366 0.9468185  0.8559005 ],1.7241484721289566,0.946818497059829,2,18,36,0.920590877532959,1,196.0,0.0,0.0,227,watts,18,36,4.0,1.0,0.2333,-0.3333,0.3889,29,0.6660684511478042
watts_228,4.4662129371427,"[1.5153716811459943, 1.9535337851070982, 0.5832041707573576, 2.7602926086095203]",1.5153716811459943,0.5832041707573576,[1.72414847 2.24683366 0.9468185  0.8559005 ],1.7241484721289566,0.946818497059829,2,6,6,0.1801908016204834,1,180.0,0.0,0.0,228,watts,6,6,2.0,0.5774,0.0,-0.6364,0.5,5,0.89324258742854
regular_229,14.897004737633118,"[1.2191359432838607, 1.6969792152383656, 2.7971821212575154, 2.285402298897181]",1.2191359432838609,2.7971821212575154,[1.72414847 2.24683366 0.9468185  0.8559005 ],1.7241484721289566,0.946818497059829,2,11,22,0.7182800769805908,1,272.0,0.0,0.0,229,regular,11,22,4.0,0.0,0.2727,0.0,0.2727,16,0.9310627961020699
watts_230,16.570417193556352,"[2.9153818542666836, 2.0878755709026686, 1.8561919013219932, 1.7486770181938218]",2.915381854266684,1.8561919013219927,[1.72414847 2.24683366 0.9468185  0.8559005 ],1.7241484721289566,0.946818497059829,2,13,26,0.3454148769378662,1,140.0,0.0,0.0,230,watts,13,26,4.0,1.0377,0.4513,-0.1678,0.3077,20,0.8285208596778176
barabasi_231,14.39159705588962,"[2.867684548262897, 2.0288612330138136, 1.9412155256402066, 1.5141929097831686]",2.867684548262897,1.9412155256402064,[1.72414847 2.24683366 0.9468185  0.8559005 ],1.7241484721289566,0.946818497059829,2,13,22,0.6803371906280518,1,259.0,0.0,0.0,231,barabasi,13,22,3.3846,1.2733,0.1667,-0.3216,0.4615,18,0.7995331697716455
gnm_232,42.78875228221225,"[3.02876493237169, 1.9024542426873134, 1.7867511696536273, 1.4740342965730528]",3.02876493237169,1.7867511696536271,[1.72414847 2.24683366 0.9468185  0.8559005 ],1.7241484721289566,0.946818497059829,2,14,79,2.011983156204224,1,262.0,0.0,0.0,232,gnm,14,79,11.2857,1.0302,0.8617,-0.1465,0.2143,48,0.8914323392127552
watts_233,8.502449908557246,"[0.621103516844544, 2.854331230999737, 1.8725912734657861, 0.9421628119945971]",0.621103516844544,1.872591273465786,[1.72414847 2.24683366 0.9468185  0.8559005 ],1.7241484721289566,0.946818497059829,2,11,11,0.3655242919921875,1,289.0,0.0,0.0,233,watts,11,11,2.0,0.7385,0.197,-0.3444,0.5455,10,0.8502449908557246
gnm_234,7.1909389551583445,"[2.8722779785192833, 2.194911576764981, 1.9029928007610248, 1.4997280801504838]",2.872277978519284,1.9029928007610248,[1.72414847 2.24683366 0.9468185  0.8559005 ],1.7241484721289566,0.946818497059829,2,7,11,0.1630408763885498,1,123.0,0.0,0.0,234,gnm,7,11,3.1429,0.833,0.3571,-0.2222,0.4286,9,0.7989932172398161
watts_235,25.462667369841245,"[2.952038227268245, 2.759034170514319, 2.0201375050659216, 1.8163244396604827]",2.952038227268245,2.0201375050659216,[1.72414847 2.24683366 0.9468185  0.8559005 ],1.7241484721289566,0.946818497059829,2,19,38,2.0232787132263184,1,241.0,0.0,0.0,235,watts,19,38,4.0,0.8584,0.3912,-0.0857,0.3158,29,0.8780230127531464
barabasi_236,8.088080946564638,"[0.3289519414778837, 2.3941641919960444, 2.80350183016823, 1.813417229885045]",0.3289519414778837,2.80350183016823,[1.72414847 2.24683366 0.9468185  0.8559005 ],1.7241484721289566,0.946818497059829,2,11,10,0.3122158050537109,1,132.0,0.0,0.0,236,barabasi,11,10,1.8182,1.1923,0.0,-0.4368,0.6364,10,0.8088080946564637
gnm_237,14.63539209636474,"[1.8225089755538233, 1.1302354344974488, 3.035819805517577, 1.8471581046392525]",1.8225089755538235,3.035819805517577,[1.72414847 2.24683366 0.9468185  0.8559005 ],1.7241484721289566,0.946818497059829,2,9,25,0.8132514953613281,1,274.0,0.0,0.0,237,gnm,9,25,5.5556,1.0657,0.6598,-0.2425,0.2222,18,0.81307733868693
barabasi_238,18.14445157590504,"[0.9933288510095523, 1.8855724720039526, 3.131130869444709, 1.9498327716420585]",0.9933288510095524,3.131130869444709,[1.72414847 2.24683366 0.9468185  0.8559005 ],1.7241484721289566,0.946818497059829,2,16,28,0.9314885139465332,1,311.0,0.0,0.0,238,barabasi,16,28,3.5,2.0,0.1267,-0.5761,0.5,24,0.75601881566271
watts_239,9.916125634218588,"[0.9075873485057061, 1.9920150657310063, 3.1414937547427213, 1.8949541602442255]",0.907587348505706,3.1414937547427213,[1.72414847 2.24683366 0.9468185  0.8559005 ],1.7241484721289566,0.946818497059829,2,8,16,0.251455545425415,1,151.0,0.0,0.0,239,watts,8,16,4.0,1.0,0.4625,-0.2222,0.375,12,0.826343802851549
watts_240,8.410160862833436,"[1.2051288821868749, 2.87863136028254, 2.122589091201305, 1.103268661561887]",1.2051288821868749,2.122589091201305,[1.72414847 2.24683366 0.9468185  0.8559005 ],1.7241484721289566,0.946818497059829,2,8,16,0.3349077701568603,1,203.0,0.0,0.0,240,watts,8,16,4.0,1.0,0.4875,-0.3889,0.5,13,0.6469354509871874
watts_241,18.972049642440567,"[2.011856986244564, 2.994950377146774, 2.859500703600522, 0.7430471374250887]",2.011856986244564,2.859500703600522,[1.72414847 2.24683366 0.9468185  0.8559005 ],1.7241484721289566,0.946818497059829,2,18,36,1.793903350830078,1,301.0,0.0,0.0,241,watts,18,36,4.0,1.1055,0.337,-0.2833,0.3889,28,0.6775732015157345
barabasi_242,20.52989917654815,"[1.694793111073822, 2.9081481052579368, 1.1796104120669038, 1.87788115112558]",1.694793111073822,1.1796104120669038,[1.72414847 2.24683366 0.9468185  0.8559005 ],1.7241484721289566,0.946818497059829,2,16,39,1.3997523784637451,1,257.0,0.0,0.0,242,barabasi,16,39,4.875,2.4969,0.4539,-0.2892,0.375,30,0.684329972551605
barabasi_243,25.5749239891662,"[2.93268164284947, 1.7645883179053277, 1.9305970476096612, 1.4882516125505783]",2.93268164284947,1.9305970476096608,[1.72414847 2.24683366 0.9468185  0.8559005 ],1.7241484721289566,0.946818497059829,2,17,42,3.117173433303833,1,356.0,0.0,0.0,243,barabasi,17,42,4.9412,2.4125,0.3738,-0.184,0.3529,33,0.7749976966414001
watts_244,9.12017592684333,"[2.9601073539521243, 2.741073792443257, 1.993933331581009, 1.8116075052270992]",2.9601073539521243,1.993933331581009,[1.72414847 2.24683366 0.9468185  0.8559005 ],1.7241484721289566,0.946818497059829,2,7,14,1.0774040222167969,1,405.0,0.0,0.0,244,watts,7,14,4.0,0.7559,0.5762,-0.037,0.2857,10,0.912017592684333
regular_245,15.05568351281435,"[2.800636380542307, 2.301166585286765, 1.803919902280108, 1.829891148400125]",2.800636380542307,1.803919902280108,[1.72414847 2.24683366 0.9468185  0.8559005 ],1.7241484721289566,0.946818497059829,2,14,21,1.3865947723388672,1,301.0,0.0,0.0,245,regular,14,21,3.0,0.0,0.2143,0.0,0.3571,18,0.8364268618230194
gnm_246,97.88138422120812,"[3.061837640986867, 1.8697813955406106, 1.7474891387284703, 3.1415069977642958]",3.061837640986867,1.7474891387284703,[1.72414847 2.24683366 0.9468185  0.8559005 ],1.7241484721289566,0.946818497059829,2,20,187,8.367263555526733,1,264.0,0.0,0.0,246,gnm,20,187,18.7,0.7141,0.986,-0.1282,0.1,100,0.9788138422120812
regular_247,12.769176833578513,"[0.7127237830319202, 2.179142216439731, 3.141592653589793, 1.924335760110802]",0.7127237830319202,3.141592653589793,[1.72414847 2.24683366 0.9468185  0.8559005 ],1.7241484721289566,0.946818497059829,2,10,20,0.4943859577178955,1,217.0,0.0,0.0,247,regular,10,20,4.0,0.0,0.25,0.0,0.4,16,0.798073552098657
watts_248,12.634884791825142,"[0.8462573897953574, 1.9082967597513862, 3.141592653589793, 1.9634979222699878]",0.8462573897953574,3.141592653589793,[1.72414847 2.24683366 0.9468185  0.8559005 ],1.7241484721289566,0.946818497059829,2,17,17,0.4851586818695068,1,211.0,0.0,0.0,248,watts,17,17,2.0,0.4851,0.0,-0.0625,0.5294,17,0.7432285171661848
watts_249,7.285791502214124,"[2.9357826292885014, 2.0259434293402445, 1.8522424407254894, 1.471502726506406]",2.9357826292885014,1.8522424407254892,[1.72414847 2.24683366 0.9468185  0.8559005 ],1.7241484721289566,0.946818497059829,2,6,12,0.2980449199676513,1,210.0,0.0,0.0,249,watts,6,12,4.0,0.5774,0.7278,-0.2766,0.3333,9,0.8095323891349027
regular_250,21.781758704624764,"[2.798710450588569, 2.2701693137370107, 1.8056030979247462, 1.8294821279882303]",2.798710450588569,1.8056030979247464,[1.72414847 2.24683366 0.9468185  0.8559005 ],1.7241484721289566,0.946818497059829,2,20,30,1.35455584526062,1,239.0,0.0,0.0,250,regular,20,30,3.0,0.0,0.1,0.0,0.35,27,0.8067318038749912
gnm_251,45.024423483475445,"[1.946130360545147, 2.943941558062513, 0.030594430158205052, 2.344738370076536]",1.946130360545147,0.030594430158205,[1.72414847 2.24683366 0.9468185  0.8559005 ],1.7241484721289566,0.946818497059829,2,20,89,0.5890662670135498,1,231.0,0.0,0.0,251,gnm,20,89,8.9,1.9723,0.462,-0.0403,0.25,61,0.7381053030077942
watts_252,12.23983269046556,"[-0.3613891483983793, 3.132023542133259, 3.131455331884569, 1.959742638030412]",-0.3613891483983793,3.131455331884569,[1.72414847 2.24683366 0.9468185  0.8559005 ],1.7241484721289566,0.946818497059829,2,17,17,0.2953169345855713,1,107.0,0.0,0.0,252,watts,17,17,2.0,0.767,0.098,-0.2897,0.5294,16,0.7649895431540975
barabasi_253,23.68294240120336,"[1.2555098640691766, 2.821815816109678, 0.8559161080284068, 1.2383490784278357]",1.2555098640691766,0.8559161080284068,[1.72414847 2.24683366 0.9468185  0.8559005 ],1.7241484721289566,0.946818497059829,2,18,45,1.3264732360839844,1,231.0,0.0,0.0,253,barabasi,18,45,5.0,2.582,0.4264,-0.3005,0.3889,34,0.6965571294471576
regular_254,9.16666657945675,"[2.496432295751863, 1.8931046547043975, 1.2483027294253384, 2.2154519120533496]",2.496432295751863,1.2483027294253384,[1.72414847 2.24683366 0.9468185  0.8559005 ],1.7241484721289566,0.946818497059829,2,11,11,0.4807789325714111,1,267.0,0.0,0.0,254,regular,11,11,2.0,0.0,0.0,0.0,0.4545,10,0.916666657945675
regular_255,8.877966385218315,"[2.716055657845172, 2.1621937368283515, 2.5436769841341853, 2.290575690552221]",2.716055657845172,2.5436769841341853,[1.72414847 2.24683366 0.9468185  0.8559005 ],1.7241484721289566,0.946818497059829,2,7,14,0.2251844406127929,1,118.0,0.0,0.0,255,regular,7,14,4.0,0.0,0.5,0.0,0.2857,10,0.8877966385218314
watts_256,20.310695782672312,"[1.2205003129235492, 1.672111487306264, 3.141592653589793, 1.9235717477468133]",1.2205003129235492,3.141592653589793,[1.72414847 2.24683366 0.9468185  0.8559005 ],1.7241484721289566,0.946818497059829,2,16,32,1.1140925884246826,1,255.0,0.0,0.0,256,watts,16,32,4.0,1.0,0.2479,0.1,0.375,25,0.8124278313068924
barabasi_257,26.09152506544871,"[1.2698421170697043, 1.5872768832379542, 2.869469529962519, 1.958299949953819]",1.2698421170697043,2.869469529962519,[1.72414847 2.24683366 0.9468185  0.8559005 ],1.7241484721289566,0.946818497059829,2,17,42,1.3630192279815674,1,275.0,0.0,0.0,257,barabasi,17,42,4.9412,2.8997,0.4676,-0.4106,0.4118,33,0.790652274710567
regular_258,4.999997964256181,"[0.9254719896820817, 1.8935618976420174, 2.81916372348132, 2.2153399264156954]",0.9254719896820816,2.81916372348132,[1.72414847 2.24683366 0.9468185  0.8559005 ],1.7241484721289566,0.946818497059829,2,6,6,0.2114696502685547,1,143.0,0.0,0.0,258,regular,6,6,2.0,0.0,0.0,0.0,0.5,6,0.8333329940426969
gnm_259,48.442350631321176,"[2.6029458787897557, 1.9646051884092293, 3.141592653589793, 2.7713565846457833]",2.602945878789756,3.141592653589793,[1.72414847 2.24683366 0.9468185  0.8559005 ],1.7241484721289566,0.946818497059829,2,15,92,2.440861701965332,1,249.0,0.0,0.0,259,gnm,15,92,12.2667,0.9286,0.867,-0.1457,0.1333,56,0.8650419755593067
regular_260,6.3919782211014535,"[2.805748690666455, 2.3409753602420853, 1.8002957425181871, 1.8384331855257479]",2.805748690666455,1.8002957425181871,[1.72414847 2.24683366 0.9468185  0.8559005 ],1.7241484721289566,0.946818497059829,2,6,9,0.3263897895812988,1,196.0,0.0,0.0,260,regular,6,9,3.0,0.0,0.3333,0.0,0.3333,7,0.9131397458716363
watts_261,12.693837661153136,"[0.3918251295610259, 2.354478626780124, 2.9202243864996342, 1.8494386827939522]",0.3918251295610259,2.9202243864996342,[1.72414847 2.24683366 0.9468185  0.8559005 ],1.7241484721289566,0.946818497059829,2,16,16,0.6999728679656982,1,244.0,0.0,0.0,261,watts,16,16,2.0,0.7071,0.0,-0.4286,0.5,16,0.793364853822071
watts_262,24.70282722482675,"[2.910299988985294, 2.046741789714858, 1.8679010213889533, 1.4120169730403913]",2.910299988985294,1.8679010213889533,[1.72414847 2.24683366 0.9468185  0.8559005 ],1.7241484721289566,0.946818497059829,2,19,38,2.115845203399658,1,297.0,0.0,0.0,262,watts,19,38,4.0,0.6489,0.2368,-0.0765,0.3158,30,0.8234275741608916
watts_263,13.85669617891454,"[0.4360787741863253, 2.281290230258703, 2.9452819726836816, 1.8438240095280038]",0.4360787741863253,2.9452819726836816,[1.72414847 2.24683366 0.9468185  0.8559005 ],1.7241484721289566,0.946818497059829,2,18,18,0.5099830627441406,1,172.0,0.0,0.0,263,watts,18,18,2.0,0.5774,0.1296,-0.4545,0.4444,17,0.815099775230267
watts_264,10.620508415353484,"[2.109131476063143, 2.41799171964367, 1.5976920295441515, 1.8950518834295722]",2.109131476063143,1.5976920295441517,[1.72414847 2.24683366 0.9468185  0.8559005 ],1.7241484721289566,0.946818497059829,2,10,20,0.4366610050201416,1,193.0,0.0,0.0,264,watts,10,20,4.0,0.8944,0.2967,-0.044,0.3,16,0.6637817759595928
watts_265,13.203410785733505,"[2.952598487907367, 2.7524464280367686, 1.9952661943969465, 1.7959475594728547]",2.952598487907367,1.9952661943969463,[1.72414847 2.24683366 0.9468185  0.8559005 ],1.7241484721289566,0.946818497059829,2,10,20,0.5500292778015137,1,243.0,0.0,0.0,265,watts,10,20,4.0,0.7746,0.46,-0.2121,0.4,15,0.880227385715567
watts_266,3.7992427891585976,"[1.9328376313619586, 2.836159742228037, 1.214023388446309, 2.4889041210074883]",1.9328376313619584,1.214023388446309,[1.72414847 2.24683366 0.9468185  0.8559005 ],1.7241484721289566,0.946818497059829,2,7,7,0.1890718936920166,1,151.0,0.0,0.0,266,watts,7,7,2.0,0.7559,0.0,-0.4583,0.4286,7,0.5427489698797997
watts_267,19.12213879835296,"[2.0064831043238893, 2.4288141884114554, 1.9036842589925755, 1.2809007873539875]",2.0064831043238893,1.9036842589925755,[1.72414847 2.24683366 0.9468185  0.8559005 ],1.7241484721289566,0.946818497059829,2,18,36,1.2604091167449951,1,235.0,0.0,0.0,267,watts,18,36,4.0,0.8819,0.2704,-0.1134,0.3333,28,0.6829335285126057
watts_268,10.00001328022748,"[0.9264960244746868, 1.8930811855543894, 2.8192612728566897, 2.21588935252026]",0.9264960244746868,2.8192612728566897,[1.72414847 2.24683366 0.9468185  0.8559005 ],1.7241484721289566,0.946818497059829,2,12,12,0.4218618869781494,1,247.0,0.0,0.0,268,watts,12,12,2.0,0.0,0.0,0.0,0.5,12,0.8333344400189566
regular_269,27.23092677256365,"[1.3309434480672142, 2.100439923877767, 1.7794824625004102, 1.3118748270035585]",1.3309434480672142,1.7794824625004102,[1.72414847 2.24683366 0.9468185  0.8559005 ],1.7241484721289566,0.946818497059829,2,20,40,2.3568856716156006,1,300.0,0.0,0.0,269,regular,20,40,4.0,0.0,0.175,0.0,0.3,32,0.850966461642614
gnm_270,26.155938087342776,"[0.2405058524029577, 3.082832483724685, 2.001079747149606, 0.800736598816401]",0.2405058524029577,2.001079747149606,[1.72414847 2.24683366 0.9468185  0.8559005 ],1.7241484721289566,0.946818497059829,2,14,43,1.324460506439209,1,293.0,0.0,0.0,270,gnm,14,43,6.1429,2.0653,0.5767,-0.1666,0.2857,30,0.8718646029114259
gnm_271,49.88404544964533,"[1.7387609890868072, 2.8409999255215688, 1.2362782078302148, 1.924433770224339]",1.7387609890868072,1.2362782078302148,[1.72414847 2.24683366 0.9468185  0.8559005 ],1.7241484721289566,0.946818497059829,2,19,94,3.254967451095581,1,264.0,0.0,0.0,271,gnm,19,94,9.8947,1.9438,0.5669,-0.1342,0.2105,63,0.7918102452324656
gnm_272,8.89316117501403,"[2.9149231692155078, 2.054121496076858, 1.8740460938584524, 1.4479629101342888]",2.914923169215508,1.8740460938584524,[1.72414847 2.24683366 0.9468185  0.8559005 ],1.7241484721289566,0.946818497059829,2,8,14,0.3504936695098877,1,154.0,0.0,0.0,272,gnm,8,14,3.5,1.0,0.5917,-0.3208,0.375,11,0.8084691977285481
barabasi_273,4.522547058872078,"[1.6593701858529362, 1.9905620482614597, 1.0241254785756118, 2.765657650963183]",1.6593701858529362,1.0241254785756118,[1.72414847 2.24683366 0.9468185  0.8559005 ],1.7241484721289566,0.946818497059829,2,7,6,0.1865642070770263,1,136.0,0.0,0.0,273,barabasi,7,6,1.7143,1.0302,0.0,-0.7143,0.5714,6,0.7537578431453463
gnm_274,18.838240749041297,"[2.025490735944307, 3.0058224800867013, 2.774432400149337, 0.7301598531206988]",2.025490735944307,2.774432400149337,[1.72414847 2.24683366 0.9468185  0.8559005 ],1.7241484721289566,0.946818497059829,2,14,36,1.0779149532318115,1,255.0,0.0,0.0,274,gnm,14,36,5.1429,1.4569,0.4741,-0.0439,0.2857,27,0.6977126203348628
watts_275,27.95160644631622,"[2.952619994872735, 2.794658828957072, 2.067823867672629, 1.8525862938727267]",2.952619994872735,2.067823867672629,[1.72414847 2.24683366 0.9468185  0.8559005 ],1.7241484721289566,0.946818497059829,2,20,40,1.215294599533081,1,170.0,0.0,0.0,275,watts,20,40,4.0,0.8944,0.1683,-0.1513,0.4,34,0.822106071950477
regular_276,26.60987859260304,"[1.7665590323543947, 1.935770834046091, 1.0705192008002982, 1.2949707648381197]",1.7665590323543947,1.0705192008002982,[1.72414847 2.24683366 0.9468185  0.8559005 ],1.7241484721289566,0.946818497059829,2,19,38,1.7013556957244873,1,298.0,0.0,0.0,276,regular,19,38,4.0,0.0,0.1579,0.0,0.3684,32,0.831558706018845
watts_277,17.785188162635816,"[2.958845918049477, 2.7988260358875516, 2.0290924589098442, 1.8377948206602874]",2.958845918049477,2.029092458909844,[1.72414847 2.24683366 0.9468185  0.8559005 ],1.7241484721289566,0.946818497059829,2,13,26,0.6590259075164795,1,231.0,0.0,0.0,277,watts,13,26,4.0,1.3009,0.2744,-0.0674,0.3846,21,0.8469137220302769
gnm_278,19.00309482209942,"[1.7288726795125744, 2.8321236035685633, 0.32341717523669294, 2.6196985901599827]",1.7288726795125744,0.3234171752366929,[1.72414847 2.24683366 0.9468185  0.8559005 ],1.7241484721289566,0.946818497059829,2,11,35,0.7346832752227783,1,186.0,0.0,0.0,278,gnm,11,35,6.3636,1.7201,0.668,-0.2862,0.2727,24,0.7917956175874759
watts_279,14.587724149887428,"[1.4752038383085941, 2.032569695504895, 1.3609363681933235, 1.1872258215462506]",1.475203838308594,1.3609363681933235,[1.72414847 2.24683366 0.9468185  0.8559005 ],1.7241484721289566,0.946818497059829,2,20,20,1.0699820518493652,1,253.0,0.0,0.0,279,watts,20,20,2.0,1.0,0.0,-0.2963,0.6,20,0.7293862074943714
barabasi_280,4.140256627877534,"[0.32826215411880455, 2.404381155354158, 2.799896865150381, 1.8138584239367699]",0.3282621541188045,2.799896865150381,[1.72414847 2.24683366 0.9468185  0.8559005 ],1.7241484721289566,0.946818497059829,2,6,5,0.1485569477081298,1,157.0,0.0,0.0,280,barabasi,6,5,1.6667,1.1055,0.0,-0.7391,0.6667,5,0.8280513255755068
barabasi_281,5.930048127812938,"[-0.40051865346891535, 3.141592653589793, 2.917583536429766, 2.187334403941484]",-0.4005186534689153,2.917583536429766,[1.72414847 2.24683366 0.9468185  0.8559005 ],1.7241484721289566,0.946818497059829,2,9,8,0.1315515041351318,1,107.0,0.0,0.0,281,barabasi,9,8,1.7778,0.9162,0.0,-0.3846,0.5556,8,0.7412560159766173
gnm_282,9.571408249072192,"[0.3429832138307828, 3.023236612775686, 1.9663681150211278, 0.7958396849270646]",0.3429832138307828,1.966368115021128,[1.72414847 2.24683366 0.9468185  0.8559005 ],1.7241484721289566,0.946818497059829,2,8,14,0.291379451751709,1,200.0,0.0,0.0,282,gnm,8,14,3.5,1.3229,0.3417,-0.2667,0.375,12,0.7976173540893493
barabasi_283,3.954072926804656,"[0.48284268403908115, 2.954069272163903, 1.9255741950415444, 2.389475769350691]",0.4828426840390811,1.9255741950415444,[1.72414847 2.24683366 0.9468185  0.8559005 ],1.7241484721289566,0.946818497059829,2,6,5,0.2211101055145263,1,240.0,0.0,0.0,283,barabasi,6,5,1.6667,0.9428,0.0,-0.6667,0.6667,5,0.7908145853609312
barabasi_284,15.792609264294663,"[1.7973870301711181, 1.6661953085709913, 1.3544354936386005, 1.2858306537115225]",1.797387030171118,1.3544354936386005,[1.72414847 2.24683366 0.9468185  0.8559005 ],1.7241484721289566,0.946818497059829,2,14,24,-1.2196900844573977,1,458.0,0.0,0.0,284,barabasi,14,24,3.4286,1.7202,0.2891,-0.3265,0.4286,19,0.8311899612786665
watts_285,13.398721195393822,"[0.3985651050029475, 2.339420785109654, 2.9168365870509216, 1.8371556776508386]",0.3985651050029475,2.9168365870509216,[1.72414847 2.24683366 0.9468185  0.8559005 ],1.7241484721289566,0.946818497059829,2,17,17,0.3571577072143554,1,143.0,0.0,0.0,285,watts,17,17,2.0,0.686,0.0,-0.275,0.5294,17,0.7881600703172836
watts_286,21.6827018585616,"[1.9165188699647546, 2.9814489128055346, 1.187139720745684, 2.342673671613161]",1.9165188699647544,1.187139720745684,[1.72414847 2.24683366 0.9468185  0.8559005 ],1.7241484721289566,0.946818497059829,2,20,40,1.8343818187713623,1,215.0,0.0,0.0,286,watts,20,40,4.0,1.0,0.2067,-0.2267,0.35,32,0.67758443308005
barabasi_287,29.08769261458889,"[0.9052015192275868, 2.0194540716448395, 3.1415348780818766, 1.9091233537016579]",0.9052015192275868,3.1415348780818766,[1.72414847 2.24683366 0.9468185  0.8559005 ],1.7241484721289566,0.946818497059829,2,19,48,1.5296790599822998,1,241.0,0.0,0.0,287,barabasi,19,48,5.0526,2.2821,0.4019,-0.3177,0.3684,36,0.807991461516358
gnm_288,10.121059246775983,"[1.6447117884565974, 2.8939002503772895, 2.3013843911706884, 2.395352625591867]",1.6447117884565974,2.3013843911706884,[1.72414847 2.24683366 0.9468185  0.8559005 ],1.7241484721289566,0.946818497059829,2,8,18,0.4760236740112304,1,247.0,0.0,0.0,288,gnm,8,18,4.5,1.3229,0.7667,-0.3171,0.25,12,0.8434216038979986
barabasi_289,4.491092386568198,"[-0.4138886936266035, 3.1415914580002253, 2.978513215012053, 2.126048271479738]",-0.4138886936266035,2.978513215012053,[1.72414847 2.24683366 0.9468185  0.8559005 ],1.7241484721289566,0.946818497059829,2,7,6,0.1553428173065185,1,132.0,0.0,0.0,289,barabasi,7,6,1.7143,0.8806,0.0,-0.4483,0.5714,6,0.7485153977613663
regular_290,13.545590809697387,"[1.3295692019886076, 2.112571789757646, 1.7592713514488558, 1.296252469897642]",1.3295692019886076,1.7592713514488558,[1.72414847 2.24683366 0.9468185  0.8559005 ],1.7241484721289566,0.946818497059829,2,10,20,0.2643089294433594,1,133.0,0.0,0.0,290,regular,10,20,4.0,0.0,0.25,0.0,0.3,16,0.8465994256060867
barabasi_291,13.321085925367914,"[-0.6110830064341932, 3.141592653589793, 3.1388000048966425, 1.966205848305405]",-0.6110830064341932,3.1388000048966425,[1.72414847 2.24683366 0.9468185  0.8559005 ],1.7241484721289566,0.946818497059829,2,20,19,0.8611721992492676,1,187.0,0.0,0.0,291,barabasi,20,19,1.9,1.9723,0.0,-0.6547,0.75,19,0.7011097855456797
regular_292,27.52085728241236,"[1.3256164168888085, 2.094516187387754, 1.782509055925564, 1.3072590929111532]",1.3256164168888085,1.782509055925564,[1.72414847 2.24683366 0.9468185  0.8559005 ],1.7241484721289566,0.946818497059829,2,20,40,2.0676541328430176,1,256.0,0.0,0.0,292,regular,20,40,4.0,0.0,0.1,0.0,0.35,32,0.8600267900753863
gnm_293,45.26790098917445,"[2.4081133886529686, 1.6077635151004515, 1.8712693245605476, 1.8940047769983868]",2.4081133886529686,1.871269324560548,[1.72414847 2.24683366 0.9468185  0.8559005 ],1.7241484721289566,0.946818497059829,2,14,89,1.9726479053497317,1,240.0,0.0,0.0,293,gnm,14,89,12.7143,0.4518,0.9774,-0.141,0.1429,49,0.9238347140647847
watts_294,11.768662577298072,"[2.9084043379599622, 0.5707668853219235, 1.7704544093867058, 2.9103122932578183]",2.9084043379599622,1.7704544093867058,[1.72414847 2.24683366 0.9468185  0.8559005 ],1.7241484721289566,0.946818497059829,2,9,18,0.6683344841003418,1,317.0,0.0,0.0,294,watts,9,18,4.0,0.6667,0.4667,-0.2857,0.3333,14,0.8406187555212908
gnm_295,56.28969621084853,"[3.014459768601774, 1.6737588116438817, 1.8117658960882723, 3.141592653589793]",3.014459768601774,1.8117658960882723,[1.72414847 2.24683366 0.9468185  0.8559005 ],1.7241484721289566,0.946818497059829,2,18,103,3.219157218933105,1,228.0,0.0,0.0,295,gnm,18,103,11.4444,1.8922,0.6784,-0.1337,0.2222,65,0.8659953263207466
gnm_296,64.88368380036161,"[1.4861408712145596, 2.890275172797298, 1.208361919049775, 1.3970784869076418]",1.4861408712145596,1.208361919049775,[1.72414847 2.24683366 0.9468185  0.8559005 ],1.7241484721289566,0.946818497059829,2,17,123,4.4967005252838135,1,306.0,0.0,0.0,296,gnm,17,123,14.4706,1.091,0.9053,-0.1353,0.1176,71,0.9138547014135437
gnm_297,33.99831452948638,"[1.9963402828343155, 2.8620498821282707, 1.5461490728644276, 1.9529926594095621]",1.9963402828343155,1.5461490728644276,[1.72414847 2.24683366 0.9468185  0.8559005 ],1.7241484721289566,0.946818497059829,2,12,64,1.4725868701934814,1,237.0,0.0,0.0,297,gnm,12,64,10.6667,0.4714,0.9684,-0.1636,0.1667,36,0.9443976258190661
barabasi_298,8.719211975775519,"[1.603688881690623, 1.9669545280705139, 0.6585762306711407, 2.7487060471828606]",1.603688881690623,0.6585762306711407,[1.72414847 2.24683366 0.9468185  0.8559005 ],1.7241484721289566,0.946818497059829,2,13,12,0.4804995059967041,1,165.0,0.0,0.0,298,barabasi,13,12,1.8462,1.2308,0.0,-0.3605,0.4615,12,0.7266009979812932
gnm_299,8.238829668956896,"[2.9116038917156195, 2.087252775227209, 1.856245944667124, 1.4675745350364995]",2.9116038917156195,1.856245944667124,[1.72414847 2.24683366 0.9468185  0.8559005 ],1.7241484721289566,0.946818497059829,2,8,13,0.339390754699707,1,190.0,0.0,0.0,299,gnm,8,13,3.25,1.0897,0.3958,0.5048,0.375,11,0.7489845153597178
watts_300,5.833330113069678,"[2.496156354601446, 1.893227029377789, 1.2487548306479237, 2.214726101030859]",2.496156354601446,1.2487548306479237,[1.72414847 2.24683366 0.9468185  0.8559005 ],1.7241484721289566,0.946818497059829,2,7,7,0.372511625289917,1,251.0,0.0,0.0,300,watts,7,7,2.0,0.0,0.0,0.0,0.4286,6,0.972221685511613
barabasi_301,11.210452903362684,"[1.8003060282876944, 2.6095810313484638, 2.8664973592832763, 1.8165187185144218]",1.8003060282876944,2.8664973592832763,[1.72414847 2.24683366 0.9468185  0.8559005 ],1.7241484721289566,0.946818497059829,2,12,20,0.844656229019165,1,301.0,0.0,0.0,301,barabasi,12,20,3.3333,2.0548,0.4365,-0.4767,0.5,16,0.7006533064601678
gnm_302,11.61441822860047,"[2.940557294520017, 2.761007140452158, 2.0268339159731434, 1.848279275615309]",2.940557294520017,2.0268339159731434,[1.72414847 2.24683366 0.9468185  0.8559005 ],1.7241484721289566,0.946818497059829,2,9,17,1.0801730155944824,1,381.0,0.0,0.0,302,gnm,9,17,3.7778,1.2273,0.4852,-0.4356,0.4444,13,0.8934167868154208
barabasi_303,3.8094191875425167,"[1.6217074376368474, 1.9582444028067894, 1.7527712743917943, 1.1825848220463546]",1.6217074376368474,1.7527712743917945,[1.72414847 2.24683366 0.9468185  0.8559005 ],1.7241484721289566,0.946818497059829,2,6,5,0.287883996963501,1,207.0,0.0,0.0,303,barabasi,6,5,1.6667,0.7454,0.0,-0.6667,0.5,5,0.7618838375085033
watts_304,15.0000096854699,"[0.9251963113411967, 1.893138434526514, 2.819197399451214, 2.214756265954871]",0.9251963113411968,2.819197399451214,[1.72414847 2.24683366 0.9468185  0.8559005 ],1.7241484721289566,0.946818497059829,2,18,18,0.797278642654419,1,249.0,0.0,0.0,304,watts,18,18,2.0,0.0,0.0,0.0,0.5,18,0.8333338714149945
gnm_305,10.879598406216246,"[1.8974698092615216, 1.0672213516542945, 3.141592653589793, 1.8251796922060273]",1.8974698092615216,3.141592653589793,[1.72414847 2.24683366 0.9468185  0.8559005 ],1.7241484721289566,0.946818497059829,2,7,19,0.2479989528656005,1,141.0,0.0,0.0,305,gnm,7,19,5.4286,0.7284,0.9238,-0.3735,0.2857,12,0.9066332005180205
gnm_306,23.31964822089801,"[1.6390365585783475, 1.7950185428338095, 1.169531282984989, 1.237020389223069]",1.6390365585783475,1.169531282984989,[1.72414847 2.24683366 0.9468185  0.8559005 ],1.7241484721289566,0.946818497059829,2,18,37,1.8451941013336184,1,402.0,0.0,0.0,306,gnm,18,37,4.1111,1.9405,0.2906,-0.1479,0.3333,30,0.777321607363267
watts_307,13.146049566749095,"[2.8464782911339044, 2.6041654262808365, 0.547143030714843, 1.872051752488617]",2.8464782911339044,0.547143030714843,[1.72414847 2.24683366 0.9468185  0.8559005 ],1.7241484721289566,0.946818497059829,2,16,16,0.4349603652954101,1,199.0,0.0,0.0,307,watts,16,16,2.0,0.7071,0.0,-0.1429,0.5,16,0.8216280979218185
watts_308,11.34386214469373,"[2.9180642601211497, 2.1089470411028177, 1.8612648393699174, 1.450943168081244]",2.9180642601211497,1.8612648393699172,[1.72414847 2.24683366 0.9468185  0.8559005 ],1.7241484721289566,0.946818497059829,2,9,18,0.2946751117706299,1,148.0,0.0,0.0,308,watts,9,18,4.0,0.4714,0.4333,-0.2676,0.3333,13,0.8726047803610562
regular_309,10.710652028897648,"[2.87048832209671, 2.617791994476536, 1.9893955932688034, 1.8136082502239828]",2.87048832209671,1.9893955932688037,[1.72414847 2.24683366 0.9468185  0.8559005 ],1.7241484721289566,0.946818497059829,2,10,15,0.3522439002990722,1,236.0,0.0,0.0,309,regular,10,15,3.0,0.0,0.4,0.0,0.3,12,0.8925543357414707
gnm_310,32.7305968229748,"[3.0357876556873302, 1.921871644457167, 1.7905123700364498, 1.6798505612779535]",3.0357876556873302,1.7905123700364498,[1.72414847 2.24683366 0.9468185  0.8559005 ],1.7241484721289566,0.946818497059829,2,12,60,1.2136297225952148,1,230.0,0.0,0.0,310,gnm,12,60,10.0,0.8165,0.9002,-0.1829,0.25,36,0.9091832450826334
regular_311,12.302724178272662,"[3.141427665160714, 1.8730922015404676, 3.137247237783571, 1.9521226881142073]",3.141427665160714,3.137247237783571,[1.72414847 2.24683366 0.9468185  0.8559005 ],1.7241484721289566,0.946818497059829,2,12,18,0.5300683975219727,1,205.0,0.0,0.0,311,regular,12,18,3.0,0.0,0.0833,0.0,0.4167,16,0.7689202611420414
gnm_312,42.63835424777936,"[1.7887653296362775, 3.0535580925011914, 2.7792816165246723, 2.345373168691066]",1.7887653296362775,2.7792816165246723,[1.72414847 2.24683366 0.9468185  0.8559005 ],1.7241484721289566,0.946818497059829,2,20,80,3.379337787628174,1,246.0,0.0,0.0,312,gnm,20,80,8.0,1.8974,0.4403,0.0349,0.25,55,0.7752428045050793
gnm_313,30.995853146644592,"[1.3282023475756217, 2.831913101813921, 0.549574791098917, 1.8392178714398004]",1.3282023475756215,0.549574791098917,[1.72414847 2.24683366 0.9468185  0.8559005 ],1.7241484721289566,0.946818497059829,2,18,60,-0.8082647323608398,1,270.0,0.0,0.0,313,gnm,18,60,6.6667,1.5635,0.3974,-0.0407,0.2222,43,0.7208337941080137
gnm_314,48.75626202832048,"[3.003712608102245, 1.667955499969099, 1.8694897782764683, 1.7384368565882322]",3.003712608102245,1.8694897782764683,[1.72414847 2.24683366 0.9468185  0.8559005 ],1.7241484721289566,0.946818497059829,2,17,88,2.685960054397583,1,274.0,0.0,0.0,314,gnm,17,88,10.3529,1.6783,0.6469,-0.1193,0.1765,57,0.8553730180407101
watts_315,7.233809949761778,"[0.39816339314901805, 2.3465051627506375, 2.94590936597863, 1.8832671693033596]",0.398163393149018,2.94590936597863,[1.72414847 2.24683366 0.9468185  0.8559005 ],1.7241484721289566,0.946818497059829,2,9,9,0.1891584396362304,1,155.0,0.0,0.0,315,watts,9,9,2.0,0.6667,0.0,-0.4063,0.4444,9,0.8037566610846419
regular_316,5.833331604249906,"[0.9254719896820817, 1.8935618976420174, 2.81916372348132, 2.2153399264156954]",0.9254719896820816,2.81916372348132,[1.72414847 2.24683366 0.9468185  0.8559005 ],1.7241484721289566,0.946818497059829,2,7,7,0.3943300247192383,1,143.0,0.0,0.0,316,regular,7,7,2.0,0.0,0.0,0.0,0.4286,6,0.972221934041651
barabasi_317,7.269343228997286,"[1.609399496597405, 1.9553827842719749, 0.9083472057635628, 2.7486224277910773]",1.609399496597405,0.9083472057635628,[1.72414847 2.24683366 0.9468185  0.8559005 ],1.7241484721289566,0.946818497059829,2,11,10,0.4275262355804443,1,232.0,0.0,0.0,317,barabasi,11,10,1.8182,1.1923,0.0,-0.4368,0.5455,10,0.7269343228997286
gnm_318,46.68078659367757,"[1.6669723950144228, 1.7610642556862193, 2.7371691540926735, 1.3816443125592845]",1.6669723950144228,2.737169154092673,[1.72414847 2.24683366 0.9468185  0.8559005 ],1.7241484721289566,0.946818497059829,2,16,84,2.787803173065185,1,265.0,0.0,0.0,318,gnm,16,84,10.5,1.9365,0.7155,-0.1143,0.1875,53,0.8807695583712748
watts_319,14.479102009103116,"[0.5532189294528137, 2.8847580750675075, 1.8974896622649893, 0.8771875344181681]",0.5532189294528137,1.8974896622649893,[1.72414847 2.24683366 0.9468185  0.8559005 ],1.7241484721289566,0.946818497059829,2,18,18,0.8128516674041748,1,295.0,0.0,0.0,319,watts,18,18,2.0,0.5774,0.0,-0.4545,0.5,18,0.8043945560612842
regular_320,5.833330010520513,"[2.496156354601446, 1.893227029377789, 1.2487548306479237, 2.214726101030859]",2.496156354601446,1.2487548306479237,[1.72414847 2.24683366 0.9468185  0.8559005 ],1.7241484721289566,0.946818497059829,2,7,7,0.368671178817749,1,251.0,0.0,0.0,320,regular,7,7,2.0,0.0,0.0,0.0,0.4286,6,0.9722216684200854
gnm_321,17.29609511290664,"[2.9824645805418775, 2.8441302313503223, 2.0125965314845216, 1.84781086698657]",2.982464580541877,2.0125965314845216,[1.72414847 2.24683366 0.9468185  0.8559005 ],1.7241484721289566,0.946818497059829,2,9,29,0.914104700088501,1,329.0,0.0,0.0,321,gnm,9,29,6.4444,0.9558,0.7847,-0.2485,0.3333,19,0.9103207954161391
watts_322,11.605240236767164,"[0.37263777951024196, 2.1542029225723773, 2.7669356394550224, 3.1415885031189292]",0.3726377795102419,2.7669356394550224,[1.72414847 2.24683366 0.9468185  0.8559005 ],1.7241484721289566,0.946818497059829,2,16,16,0.4218556880950928,1,152.0,0.0,0.0,322,watts,16,16,2.0,0.5,0.1458,-0.0667,0.5,15,0.7736826824511442
regular_323,5.833331202780755,"[0.9254719896820817, 1.8935618976420174, 2.81916372348132, 2.2153399264156954]",0.9254719896820816,2.81916372348132,[1.72414847 2.24683366 0.9468185  0.8559005 ],1.7241484721289566,0.946818497059829,2,7,7,0.1718604564666748,1,143.0,0.0,0.0,323,regular,7,7,2.0,0.0,0.0,0.0,0.4286,6,0.9722218671301258
gnm_324,52.4631543746069,"[1.797609162943429, 2.7848595166855645, 1.9162149023321702, 1.1559612279963265]",1.797609162943429,1.9162149023321704,[1.72414847 2.24683366 0.9468185  0.8559005 ],1.7241484721289566,0.946818497059829,2,19,102,4.608313083648682,1,350.0,0.0,0.0,324,gnm,19,102,10.7368,2.4245,0.6095,-0.1032,0.2105,66,0.7948962784031348
watts_325,10.1818690395302,"[1.4562176038594572, 2.056266204082852, 1.4122210482234605, 1.181373165701865]",1.4562176038594572,1.4122210482234605,[1.72414847 2.24683366 0.9468185  0.8559005 ],1.7241484721289566,0.946818497059829,2,14,14,0.3198325634002685,1,155.0,0.0,0.0,325,watts,14,14,2.0,1.069,0.0,-0.1951,0.5,14,0.7272763599664429
gnm_326,33.99275227086705,"[2.186985100582904, 0.8079516038578995, 3.141592653589793, 1.8266854997719948]",2.186985100582904,3.141592653589793,[1.72414847 2.24683366 0.9468185  0.8559005 ],1.7241484721289566,0.946818497059829,2,14,61,1.334531307220459,1,223.0,0.0,0.0,326,gnm,14,61,8.7143,1.79,0.6912,-0.1563,0.2143,41,0.8290915188016353
watts_327,7.841061283350406,"[0.39212917083003895, 2.3486693254541597, 2.931487766365885, 1.8367070562498946]",0.3921291708300389,2.931487766365885,[1.72414847 2.24683366 0.9468185  0.8559005 ],1.7241484721289566,0.946818497059829,2,10,10,0.3611302375793457,1,264.0,0.0,0.0,327,watts,10,10,2.0,0.6325,0.0,-0.3889,0.5,9,0.8712290314833785
barabasi_328,6.765301315663692,"[2.076379696779231, 2.1492851495941494, 0.3451261226757384, 2.8728580360578193]",2.076379696779231,0.3451261226757384,[1.72414847 2.24683366 0.9468185  0.8559005 ],1.7241484721289566,0.946818497059829,2,10,9,0.1986927986145019,1,151.0,0.0,0.0,328,barabasi,10,9,1.8,1.6613,0.0,-0.7727,0.8,9,0.7517001461848546
watts_329,3.661142953729722,"[2.0361379595148157, 2.2300665357892715, -0.2863690687415287, 1.775029217223424]",2.036137959514816,-0.2863690687415287,[1.72414847 2.24683366 0.9468185  0.8559005 ],1.7241484721289566,0.946818497059829,2,6,6,0.2016942501068115,1,194.0,0.0,0.0,329,watts,6,6,2.0,0.5774,0.0,-0.0909,0.5,6,0.610190492288287
barabasi_330,16.962439973600343,"[1.7862649714927727, 2.5659508016839956, 0.9590240332556277, 1.9456268143004811]",1.7862649714927727,0.9590240332556276,[1.72414847 2.24683366 0.9468185  0.8559005 ],1.7241484721289566,0.946818497059829,2,18,32,0.8475873470306396,1,160.0,0.0,0.0,330,barabasi,18,32,3.5556,1.5713,0.2915,-0.2647,0.4444,27,0.6282385175407534
watts_331,9.920510742867918,"[2.894480427783118, 1.9895440963984978, 1.888662412504177, 1.6572230656048192]",2.894480427783118,1.888662412504177,[1.72414847 2.24683366 0.9468185  0.8559005 ],1.7241484721289566,0.946818497059829,2,8,16,0.2458031177520752,1,147.0,0.0,0.0,331,watts,8,16,4.0,1.0,0.475,-0.1111,0.375,13,0.7631162109898398
watts_332,16.369196341797366,"[0.7373216272394935, 2.158628727038515, 3.1348861572193805, 1.9134848787304803]",0.7373216272394935,3.1348861572193805,[1.72414847 2.24683366 0.9468185  0.8559005 ],1.7241484721289566,0.946818497059829,2,13,26,0.783560037612915,1,245.0,0.0,0.0,332,watts,13,26,4.0,0.8771,0.3256,-0.1798,0.3077,20,0.8184598170898683
regular_333,13.33335465319714,"[0.9263176156109949, 1.8929677069617865, 2.8191811218197707, 2.2159779988444144]",0.9263176156109948,2.8191811218197707,[1.72414847 2.24683366 0.9468185  0.8559005 ],1.7241484721289566,0.946818497059829,2,16,16,0.5963156223297119,1,252.0,0.0,0.0,333,regular,16,16,2.0,0.0,0.0,0.0,0.4375,16,0.8333346658248213
watts_334,24.280467244103804,"[1.1277941726259377, 1.764193318685932, 3.0904814982097593, 1.9481890522700929]",1.1277941726259375,3.0904814982097597,[1.72414847 2.24683366 0.9468185  0.8559005 ],1.7241484721289566,0.946818497059829,2,19,38,1.4913456439971924,1,269.0,0.0,0.0,334,watts,19,38,4.0,1.1698,0.2526,-0.266,0.3158,30,0.8093489081367935
watts_335,7.99689774351362,"[0.29727417724977395, 2.186457676744081, 2.5718066675894575, 2.862324793226868]",0.2972741772497739,2.571806667589457,[1.72414847 2.24683366 0.9468185  0.8559005 ],1.7241484721289566,0.946818497059829,2,11,11,0.2202329635620117,1,168.0,0.0,0.0,335,watts,11,11,2.0,0.4264,0.2121,-0.0476,0.4545,10,0.799689774351362
gnm_336,22.377718140343053,"[2.709823336294602, 1.8062476038391013, 3.1309143082537005, 1.9339534079088767]",2.709823336294602,3.1309143082537005,[1.72414847 2.24683366 0.9468185  0.8559005 ],1.7241484721289566,0.946818497059829,2,11,40,0.5099794864654541,1,135.0,0.0,0.0,336,gnm,11,40,7.2727,1.4827,0.7543,-0.1179,0.2727,26,0.8606814669362712
barabasi_337,5.240379878834119,"[-0.4096827813498292, 3.141581616053805, 2.985446612625867, 2.1194774550777122]",-0.4096827813498292,2.985446612625867,[1.72414847 2.24683366 0.9468185  0.8559005 ],1.7241484721289566,0.946818497059829,2,8,7,0.1648173332214355,1,122.0,0.0,0.0,337,barabasi,8,7,1.75,0.8292,0.0,-0.2353,0.5,7,0.7486256969763028
gnm_338,15.524948951371698,"[1.7855515145889307, 1.170299495565966, 3.080356283131743, 1.8339974744103096]",1.785551514588931,3.080356283131743,[1.72414847 2.24683366 0.9468185  0.8559005 ],1.7241484721289566,0.946818497059829,2,9,27,0.5873892307281494,1,271.0,0.0,0.0,338,gnm,9,27,6.0,1.1547,0.7437,-0.3269,0.3333,19,0.8171025763879841
regular_339,26.240783454173098,"[1.2147890042373917, 1.7097687298048672, 2.787480528398696, 2.3017434841701983]",1.2147890042373917,2.787480528398696,[1.72414847 2.24683366 0.9468185  0.8559005 ],1.7241484721289566,0.946818497059829,2,19,38,1.727661371231079,1,326.0,0.0,0.0,339,regular,19,38,4.0,0.0,0.1842,0.0,0.3158,32,0.8200244829429093
gnm_340,10.858113765498388,"[1.091637942907386, 1.7919432462180054, 3.050467206190041, 1.9600014572951485]",1.091637942907386,3.050467206190041,[1.72414847 2.24683366 0.9468185  0.8559005 ],1.7241484721289566,0.946818497059829,2,9,17,0.4181396961212158,1,262.0,0.0,0.0,340,gnm,9,17,3.7778,0.7857,0.3296,-0.2593,0.3333,13,0.8352395204229529
watts_341,19.95954794571233,"[1.8079148649161991, 2.623186992687347, 2.8469810217725904, 1.7061625996673442]",1.8079148649161991,2.8469810217725904,[1.72414847 2.24683366 0.9468185  0.8559005 ],1.7241484721289566,0.946818497059829,2,19,38,1.254920244216919,1,244.0,0.0,0.0,341,watts,19,38,4.0,0.9177,0.3211,0.0764,0.3684,30,0.6653182648570777
watts_342,8.773923076173514,"[-0.3744365614062885, 3.1404320724783297, 3.141592653589793, 1.96319027653441]",-0.3744365614062885,3.141592653589793,[1.72414847 2.24683366 0.9468185  0.8559005 ],1.7241484721289566,0.946818497059829,2,12,12,0.2349226474761963,1,120.0,0.0,0.0,342,watts,12,12,2.0,0.8165,0.0,-0.35,0.5,12,0.7311602563477928
regular_343,19.11695373869273,"[1.328398435167848, 2.1003717920555043, 1.7676197620607226, 1.2984289468579968]",1.328398435167848,1.7676197620607226,[1.72414847 2.24683366 0.9468185  0.8559005 ],1.7241484721289566,0.946818497059829,2,14,28,0.9264497756958008,1,297.0,0.0,0.0,343,regular,14,28,4.0,0.0,0.1786,0.0,0.4286,24,0.796539739112197
gnm_344,28.38525606862713,"[2.7437475510980787, 2.1286514629508364, 1.5349623618956842, 1.1872329908544874]",2.7437475510980787,1.5349623618956842,[1.72414847 2.24683366 0.9468185  0.8559005 ],1.7241484721289566,0.946818497059829,2,12,53,1.4650356769561768,1,263.0,0.0,0.0,344,gnm,12,53,8.8333,0.986,0.795,-0.1439,0.1667,33,0.8601592748068827
regular_345,20.699741610767685,"[0.7557727810635742, 2.1313057620948768, 3.141592653589793, 1.9384963868978342]",0.7557727810635742,3.141592653589793,[1.72414847 2.24683366 0.9468185  0.8559005 ],1.7241484721289566,0.946818497059829,2,16,32,0.8470466136932373,1,213.0,0.0,0.0,345,regular,16,32,4.0,0.0,0.1562,0.0,0.375,26,0.7961439081064494
watts_346,6.613942881129862,"[2.059726053530944, 2.369355680466524, 0.8991080277052563, 1.8327134310035673]",2.059726053530944,0.8991080277052563,[1.72414847 2.24683366 0.9468185  0.8559005 ],1.7241484721289566,0.946818497059829,2,12,12,0.237912893295288,1,138.0,0.0,0.0,346,watts,12,12,2.0,0.7071,0.1389,0.0476,0.5,11,0.6012675346481693
barabasi_347,38.0097867129596,"[1.561751148146517, 1.7717711835786827, 2.844674385707962, 1.2384292792260752]",1.561751148146517,2.844674385707962,[1.72414847 2.24683366 0.9468185  0.8559005 ],1.7241484721289566,0.946818497059829,2,20,64,-0.2393860816955566,1,232.0,0.0,0.0,347,barabasi,20,64,6.4,2.3108,0.3331,-0.2613,0.4,48,0.7918705565199917
watts_348,8.079483273873542,"[-0.37629189257873896, 3.139656149651614, 3.141592653589793, 1.9634865663388976]",-0.3762918925787389,3.141592653589793,[1.72414847 2.24683366 0.9468185  0.8559005 ],1.7241484721289566,0.946818497059829,2,11,11,0.2103798389434814,1,110.0,0.0,0.0,348,watts,11,11,2.0,0.7385,0.0,-0.3509,0.5455,11,0.7344984794430492
barabasi_349,9.44839577358245,"[1.5854805825214013, 1.955495636914129, 2.551742179587208, 1.177575825941939]",1.5854805825214011,2.551742179587208,[1.72414847 2.24683366 0.9468185  0.8559005 ],1.7241484721289566,0.946818497059829,2,14,13,0.2452225685119629,1,147.0,0.0,0.0,349,barabasi,14,13,1.8571,1.1249,0.0,-0.404,0.5714,13,0.7267996748909576
watts_350,18.95324945606007,"[2.8918258926915192, 2.1261033924184938, 0.3481117717706564, 1.619457919316104]",2.8918258926915192,0.3481117717706564,[1.72414847 2.24683366 0.9468185  0.8559005 ],1.7241484721289566,0.946818497059829,2,15,30,0.5436816215515137,1,188.0,0.0,0.0,350,watts,15,30,4.0,1.2649,0.3254,-0.2568,0.4,24,0.7897187273358363
barabasi_351,5.307887101692813,"[1.3067836910616581, 2.247052552300244, 1.7233997455509953, 1.192851032415759]",1.306783691061658,1.7233997455509953,[1.72414847 2.24683366 0.9468185  0.8559005 ],1.7241484721289566,0.946818497059829,2,8,7,0.1562848091125488,1,140.0,0.0,0.0,351,barabasi,8,7,1.75,0.9682,0.0,-0.4848,0.625,7,0.7582695859561162
barabasi_352,8.087091313566548,"[0.32924401881177073, 2.3935350179003576, 2.803452180392187, 1.8132053669335568]",0.3292440188117707,2.803452180392187,[1.72414847 2.24683366 0.9468185  0.8559005 ],1.7241484721289566,0.946818497059829,2,11,10,0.1636102199554443,1,137.0,0.0,0.0,352,barabasi,11,10,1.8182,1.1923,0.0,-0.4368,0.5455,10,0.8087091313566548
barabasi_353,4.726388868213689,"[1.3257685480471009, 2.2882043961561305, 1.1804081414098988, 1.2514466243081566]",1.3257685480471009,1.1804081414098988,[1.72414847 2.24683366 0.9468185  0.8559005 ],1.7241484721289566,0.946818497059829,2,7,6,0.2097506523132324,1,190.0,0.0,0.0,353,barabasi,7,6,1.7143,1.3851,0.0,-0.776,0.7143,6,0.7877314780356149
watts_354,7.8660730826265635,"[0.3990658546089343, 2.341168149829791, 2.9308037849066952, 1.8427125622284461]",0.3990658546089343,2.9308037849066952,[1.72414847 2.24683366 0.9468185  0.8559005 ],1.7241484721289566,0.946818497059829,2,10,10,0.3500075340270996,1,275.0,0.0,0.0,354,watts,10,10,2.0,0.6325,0.0,-0.1111,0.5,10,0.7866073082626563
gnm_355,22.68383979397684,"[0.19034517525578154, 2.6719804923317962, 2.949950346104751, 1.8445368059573375]",0.1903451752557815,2.949950346104751,[1.72414847 2.24683366 0.9468185  0.8559005 ],1.7241484721289566,0.946818497059829,2,16,35,2.28281044960022,1,528.0,0.0,0.0,355,gnm,16,35,4.375,2.4206,0.2509,-0.2836,0.375,27,0.8401422145917349
barabasi_356,13.271498713345457,"[2.005995287379636, 2.0731964802838814, 1.918647387133971, 1.2796589303869812]",2.005995287379636,1.918647387133971,[1.72414847 2.24683366 0.9468185  0.8559005 ],1.7241484721289566,0.946818497059829,2,19,18,0.5177831649780273,1,138.0,0.0,0.0,356,barabasi,19,18,1.8947,1.5181,0.0,-0.3074,0.6842,18,0.7373054840747476
regular_357,7.49999543131267,"[0.9253890916615827, 1.8936883879417994, 2.8191514532070414, 2.2152653394197284]",0.9253890916615828,2.8191514532070414,[1.72414847 2.24683366 0.9468185  0.8559005 ],1.7241484721289566,0.946818497059829,2,9,9,0.1861882209777832,1,138.0,0.0,0.0,357,regular,9,9,2.0,0.0,0.0,0.0,0.4444,8,0.9374994289140838
gnm_358,25.658561723246383,"[2.8954956303032917, 0.06203359730800803, 2.7252054774537564, 2.3306231251127287]",2.895495630303292,2.7252054774537564,[1.72414847 2.24683366 0.9468185  0.8559005 ],1.7241484721289566,0.946818497059829,2,13,42,1.6556096076965332,1,400.0,0.0,0.0,358,gnm,13,42,6.4615,1.2779,0.5084,-0.0571,0.2308,30,0.8552853907748794
gnm_359,40.796803972562486,"[2.866665160719702, 1.7219373567967555, 1.7209594879896741, 2.3303704612169915]",2.866665160719702,1.720959487989674,[1.72414847 2.24683366 0.9468185  0.8559005 ],1.7241484721289566,0.946818497059829,2,13,75,1.6508779525756836,1,236.0,0.0,0.0,359,gnm,13,75,11.5385,0.4985,0.9587,-0.1364,0.1538,42,0.971352475537202
watts_360,11.134998665641302,"[0.8462016655848876, 1.9086851642109788, 3.141592653589793, 1.9637216453050326]",0.8462016655848876,3.141592653589793,[1.72414847 2.24683366 0.9468185  0.8559005 ],1.7241484721289566,0.946818497059829,2,15,15,0.230337381362915,1,101.0,0.0,0.0,360,watts,15,15,2.0,0.5164,0.0,-0.0714,0.4,14,0.7953570475458073
gnm_361,10.43299743546504,"[1.546142539852489, 1.8354088469119554, 0.706699397338681, 1.206972899680104]",1.546142539852489,0.706699397338681,[1.72414847 2.24683366 0.9468185  0.8559005 ],1.7241484721289566,0.946818497059829,2,9,16,0.4564752578735351,1,221.0,0.0,0.0,361,gnm,9,16,3.5556,0.8315,0.1704,-0.1,0.3333,14,0.7452141025332172
barabasi_362,26.065694422297756,"[2.9434043609447156, 2.0328779840825733, 1.8512777619267493, 1.7450434210447605]",2.943404360944716,1.8512777619267493,[1.72414847 2.24683366 0.9468185  0.8559005 ],1.7241484721289566,0.946818497059829,2,17,42,1.5684757232666016,1,246.0,0.0,0.0,362,barabasi,17,42,4.9412,2.1549,0.4131,-0.2963,0.3529,33,0.7898695279484169
gnm_363,84.00141243499945,"[2.459927934830435, 1.7768678476782114, 1.5712599368243332, 1.5699835479277737]",2.459927934830435,1.5712599368243332,[1.72414847 2.24683366 0.9468185  0.8559005 ],1.7241484721289566,0.946818497059829,2,19,168,4.386550664901733,1,214.0,0.0,0.0,363,gnm,19,168,17.6842,0.5669,0.9828,-0.115,0.1053,90,0.9333490270555495
barabasi_364,37.65646075763495,"[1.294813671029669, 2.0413580522606067, 0.09000875969082214, 2.8256013160405975]",1.294813671029669,0.0900087596908221,[1.72414847 2.24683366 0.9468185  0.8559005 ],1.7241484721289566,0.946818497059829,2,20,64,3.628460168838501,1,329.0,0.0,0.0,364,barabasi,20,64,6.4,3.1369,0.4649,-0.3207,0.35,47,0.8012012927156373
barabasi_365,4.552871245068673,"[1.6356638163324027, 1.9265150240385889, 1.5914930506229013, 2.7485501662372007]",1.6356638163324029,1.5914930506229013,[1.72414847 2.24683366 0.9468185  0.8559005 ],1.7241484721289566,0.946818497059829,2,7,6,0.1372010707855224,1,124.0,0.0,0.0,365,barabasi,7,6,1.7143,0.6999,0.0,-0.3333,0.5714,6,0.7588118741781121
barabasi_366,15.02898481668594,"[0.3099913406240026, 2.4399064393791328, 2.8158216031584375, 1.8107806767664136]",0.3099913406240026,2.815821603158437,[1.72414847 2.24683366 0.9468185  0.8559005 ],1.7241484721289566,0.946818497059829,2,20,19,0.6002497673034668,1,145.0,0.0,0.0,366,barabasi,20,19,1.9,1.3,0.0,-0.2572,0.55,19,0.7909992008782073
gnm_367,28.489032087203896,"[3.140721892073108, 1.789203977954955, 3.109455934070308, 2.397664490444511]",3.140721892073108,3.109455934070308,[1.72414847 2.24683366 0.9468185  0.8559005 ],1.7241484721289566,0.946818497059829,2,12,55,0.9462659358978271,1,205.0,0.0,0.0,367,gnm,12,55,9.1667,1.4625,0.8419,-0.0827,0.1667,35,0.8139723453486827
barabasi_368,4.906228875726356,"[0.5674852978782556, 2.884093738216439, 1.9044452526761342, 0.8603003362637056]",0.5674852978782556,1.9044452526761344,[1.72414847 2.24683366 0.9468185  0.8559005 ],1.7241484721289566,0.946818497059829,2,7,6,0.1370472908020019,1,136.0,0.0,0.0,368,barabasi,7,6,1.7143,0.6999,0.0,-0.3333,0.4286,6,0.8177048126210593
gnm_369,14.154287227218449,"[3.0149275768379145, 2.7671330111290917, 1.8935304937021429, 1.7340366810187455]",3.0149275768379145,1.8935304937021429,[1.72414847 2.24683366 0.9468185  0.8559005 ],1.7241484721289566,0.946818497059829,2,8,24,0.5188918113708496,1,261.0,0.0,0.0,369,gnm,8,24,6.0,0.7071,0.8357,-0.1831,0.25,16,0.884642951701153
watts_370,14.674303279577895,"[2.2831258262043868, 2.238262834436335, 1.556127309530208, 1.2079522499261772]",2.2831258262043868,1.556127309530208,[1.72414847 2.24683366 0.9468185  0.8559005 ],1.7241484721289566,0.946818497059829,2,14,28,0.7678980827331543,1,217.0,0.0,0.0,370,watts,14,28,4.0,1.1952,0.267,0.0314,0.3571,22,0.6670137854353588
regular_371,5.833331327297856,"[0.9254719896820817, 1.8935618976420174, 2.81916372348132, 2.2153399264156954]",0.9254719896820816,2.81916372348132,[1.72414847 2.24683366 0.9468185  0.8559005 ],1.7241484721289566,0.946818497059829,2,7,7,0.2493917942047119,1,143.0,0.0,0.0,371,regular,7,7,2.0,0.0,0.0,0.0,0.4286,6,0.9722218878829759
gnm_372,6.107502033992205,"[3.1341563153659115, 1.8008841267287976, 3.13415383234285, 2.815863700186819]",3.1341563153659115,3.13415383234285,[1.72414847 2.24683366 0.9468185  0.8559005 ],1.7241484721289566,0.946818497059829,2,6,11,0.1566698551177978,1,101.0,0.0,0.0,372,gnm,6,11,3.6667,1.2472,0.7667,-0.4474,0.3333,7,0.872500290570315
gnm_373,14.77266547730018,"[1.7757190653498105, 1.1128814647645284, 2.862172112525217, 1.8809784848819975]",1.7757190653498105,2.862172112525217,[1.72414847 2.24683366 0.9468185  0.8559005 ],1.7241484721289566,0.946818497059829,2,12,23,0.5994584560394287,1,225.0,0.0,0.0,373,gnm,12,23,3.8333,1.4044,0.4278,-0.3586,0.3333,18,0.8207036376277878
gnm_374,31.91333310400338,"[2.054862910152503, 0.9072064177070203, 3.141556510499002, 1.8746463626172252]",2.054862910152503,3.141556510499002,[1.72414847 2.24683366 0.9468185  0.8559005 ],1.7241484721289566,0.946818497059829,2,16,55,1.6088435649871826,1,228.0,0.0,0.0,374,gnm,16,55,6.875,2.0578,0.4774,-0.2387,0.25,38,0.8398245553685101
regular_375,8.570551481494476,"[2.8000166184905306, 2.3242701041380585, 1.813428614477249, 1.825149763886048]",2.80001661849053,1.813428614477249,[1.72414847 2.24683366 0.9468185  0.8559005 ],1.7241484721289566,0.946818497059829,2,8,12,0.320676326751709,1,180.0,0.0,0.0,375,regular,8,12,3.0,0.0,0.25,0.0,0.375,10,0.8570551481494476
barabasi_376,10.945966798923491,"[0.350026963448578, 2.3453237283408654, 2.866964992890877, 1.8177804876388532]",0.350026963448578,2.866964992890877,[1.72414847 2.24683366 0.9468185  0.8559005 ],1.7241484721289566,0.946818497059829,2,15,14,0.2931480407714844,1,142.0,0.0,0.0,376,barabasi,15,14,1.8667,1.4996,0.0,-0.4039,0.6,14,0.7818547713516779
gnm_377,14.063423370800592,"[2.9581224812575826, 2.226995432532039, 2.518689371904494, 2.463283474054035]",2.9581224812575826,2.518689371904494,[1.72414847 2.24683366 0.9468185  0.8559005 ],1.7241484721289566,0.946818497059829,2,8,25,0.5800814628601074,1,254.0,0.0,0.0,377,gnm,8,25,6.25,0.433,0.8643,-0.1905,0.25,16,0.878963960675037
regular_378,8.006925474270247,"[3.141592653589793, 1.86149867838741, 3.123000804840166, 1.9293289601871384]",3.141592653589793,3.123000804840166,[1.72414847 2.24683366 0.9468185  0.8559005 ],1.7241484721289566,0.946818497059829,2,8,12,0.1870205402374267,1,122.0,0.0,0.0,378,regular,8,12,3.0,0.0,0.25,0.0,0.375,10,0.8006925474270247
barabasi_379,15.823804814055586,"[2.198806035627753, 1.9455161391531774, 1.2684973502615746, 1.8662615044589415]",2.198806035627753,1.2684973502615746,[1.72414847 2.24683366 0.9468185  0.8559005 ],1.7241484721289566,0.946818497059829,2,17,30,1.1143527030944824,1,245.0,0.0,0.0,379,barabasi,17,30,3.5294,1.8188,0.1699,-0.3043,0.4706,26,0.6086078774636764
gnm_380,26.91121089857155,"[1.861615466304785, 2.9952864680690254, 1.2381316488787397, 2.363994235696736]",1.861615466304785,1.2381316488787395,[1.72414847 2.24683366 0.9468185  0.8559005 ],1.7241484721289566,0.946818497059829,2,16,49,1.745283842086792,1,287.0,0.0,0.0,380,gnm,16,49,6.125,1.6154,0.3991,-0.1683,0.3125,36,0.747533636071432
gnm_381,7.110849681982415,"[-0.3651672905787291, 3.141583162372431, 3.1250361389694143, 1.9551963650582564]",-0.3651672905787291,3.1250361389694143,[1.72414847 2.24683366 0.9468185  0.8559005 ],1.7241484721289566,0.946818497059829,2,10,10,0.2304255962371826,1,135.0,0.0,0.0,381,gnm,10,10,2.0,0.7746,0.1667,-0.1765,0.4,9,0.7900944091091573
regular_382,5.833331244753936,"[0.9254719896820817, 1.8935618976420174, 2.81916372348132, 2.2153399264156954]",0.9254719896820816,2.81916372348132,[1.72414847 2.24683366 0.9468185  0.8559005 ],1.7241484721289566,0.946818497059829,2,7,7,0.1659126281738281,1,143.0,0.0,0.0,382,regular,7,7,2.0,0.0,0.0,0.0,0.4286,6,0.972221874125656
watts_383,7.856853669321818,"[0.3167737175813802, 2.46053271751424, 2.898192744041495, 1.832984563572355]",0.3167737175813802,2.898192744041495,[1.72414847 2.24683366 0.9468185  0.8559005 ],1.7241484721289566,0.946818497059829,2,10,10,0.3927123546600342,1,285.0,0.0,0.0,383,watts,10,10,2.0,0.8944,0.0,0.0426,0.5,10,0.7856853669321817
watts_384,12.576292594873088,"[1.8860460831245456, 3.0175530110042263, 2.771836246218276, 0.7428878646770025]",1.8860460831245456,2.771836246218276,[1.72414847 2.24683366 0.9468185  0.8559005 ],1.7241484721289566,0.946818497059829,2,11,22,0.8728001117706299,1,267.0,0.0,0.0,384,watts,11,22,4.0,0.8528,0.3818,-0.1131,0.3636,18,0.6986829219373938
gnm_385,12.072535464043767,"[-0.12432405115057313, 2.980760661240694, 3.141592653589793, 1.9543625217525231]",-0.1243240511505731,3.141592653589793,[1.72414847 2.24683366 0.9468185  0.8559005 ],1.7241484721289566,0.946818497059829,2,11,18,0.2775983810424804,1,104.0,0.0,0.0,385,gnm,11,18,3.2727,0.8624,0.0606,-0.3333,0.4545,16,0.7545334665027355
barabasi_386,4.7263900052857934,"[1.3249463265669226, 2.28902680677819, 1.1801798246962485, 1.2517188457128343]",1.3249463265669226,1.1801798246962485,[1.72414847 2.24683366 0.9468185  0.8559005 ],1.7241484721289566,0.946818497059829,2,7,6,0.2309606075286865,1,190.0,0.0,0.0,386,barabasi,7,6,1.7143,1.3851,0.0,-0.776,0.7143,6,0.7877316675476322
gnm_387,28.665535895088414,"[1.0047812552432425, 1.9034550289219947, 3.124128298761938, 1.9262648815097831]",1.0047812552432425,3.124128298761938,[1.72414847 2.24683366 0.9468185  0.8559005 ],1.7241484721289566,0.946818497059829,2,20,46,-0.5851714611053467,1,239.0,0.0,0.0,387,gnm,20,46,4.6,1.6553,0.2349,0.0697,0.4,35,0.8190153112882405
regular_388,7.500002075756696,"[2.496478735316516, 1.8932227842724132, 1.2488110496422666, 2.2150601104025274]",2.496478735316516,1.2488110496422666,[1.72414847 2.24683366 0.9468185  0.8559005 ],1.7241484721289566,0.946818497059829,2,9,9,0.2764537334442138,1,255.0,0.0,0.0,388,regular,9,9,2.0,0.0,0.0,0.0,0.4444,8,0.937500259469587
gnm_389,11.01914669837788,"[1.848689017793646, 2.6940761055195703, 0.2775551519953308, 2.695544692191417]",1.848689017793646,0.2775551519953308,[1.72414847 2.24683366 0.9468185  0.8559005 ],1.7241484721289566,0.946818497059829,2,7,19,0.4701375961303711,1,295.0,0.0,0.0,389,gnm,7,19,5.4286,0.4949,0.8857,-0.2667,0.2857,12,0.9182622248648232
regular_390,11.258430186023134,"[2.7999243902291013, 2.226160964498743, 1.7531937826796589, 1.9011600392796848]",2.7999243902291013,1.7531937826796589,[1.72414847 2.24683366 0.9468185  0.8559005 ],1.7241484721289566,0.946818497059829,2,10,15,0.4109432697296142,1,254.0,0.0,0.0,390,regular,10,15,3.0,0.0,0.0,0.0,0.4,13,0.8660330912325487
regular_391,12.892241224329991,"[2.881594019710271, 2.6460095955076914, 2.0149029832643075, 1.8129078806815633]",2.881594019710271,2.0149029832643075,[1.72414847 2.24683366 0.9468185  0.8559005 ],1.7241484721289566,0.946818497059829,2,12,18,0.4888572692871094,1,282.0,0.0,0.0,391,regular,12,18,3.0,0.0,0.3333,0.0,0.3333,14,0.920874373166428
watts_392,6.983627492285154,"[1.152997117074039, 3.141592653589793, 1.4841699947272735, 2.0780866847900663]",1.152997117074039,1.4841699947272735,[1.72414847 2.24683366 0.9468185  0.8559005 ],1.7241484721289566,0.946818497059829,2,13,13,0.1266481876373291,1,88.0,0.0,0.0,392,watts,13,13,2.0,0.6794,0.1795,-0.1304,0.4615,12,0.5819689576904296
regular_393,24.45607045244721,"[1.3278352206705226, 2.1066483305345, 1.7836298490735625, 1.3206184521179942]",1.3278352206705226,1.7836298490735625,[1.72414847 2.24683366 0.9468185  0.8559005 ],1.7241484721289566,0.946818497059829,2,18,36,1.4615342617034912,1,344.0,0.0,0.0,393,regular,18,36,4.0,0.0,0.1667,0.0,0.3333,28,0.8734310875874004
gnm_394,23.5507080214054,"[1.4394512771445274, 2.911285069562859, 1.0709631371948518, 2.856555639273231]",1.4394512771445274,1.0709631371948518,[1.72414847 2.24683366 0.9468185  0.8559005 ],1.7241484721289566,0.946818497059829,2,11,45,0.8378758430480957,1,235.0,0.0,0.0,394,gnm,11,45,8.1818,1.1134,0.813,-0.1923,0.2727,28,0.8410967150501928
gnm_395,41.893650777494926,"[2.829832018911783, 1.7242844702234206, 3.1415916864738693, 2.6132433268271775]",2.829832018911783,3.1415916864738693,[1.72414847 2.24683366 0.9468185  0.8559005 ],1.7241484721289566,0.946818497059829,2,15,82,2.1152827739715576,1,284.0,0.0,0.0,395,gnm,15,82,10.9333,1.2365,0.7591,-0.107,0.2,52,0.8056471303364409
watts_396,7.715322081348859,"[2.9471051050603467, 2.7160863007015816, 1.9788098645264292, 1.813772442181298]",2.9471051050603467,1.9788098645264287,[1.72414847 2.24683366 0.9468185  0.8559005 ],1.7241484721289566,0.946818497059829,2,6,12,0.1931746006011963,1,168.0,0.0,0.0,396,watts,6,12,4.0,0.5774,0.7278,-0.2766,0.3333,9,0.857258009038762
barabasi_397,3.755989976052661,"[1.6526152999072448, 1.9723714354846273, 0.9628398047372371, 2.756160790678389]",1.6526152999072448,0.9628398047372372,[1.72414847 2.24683366 0.9468185  0.8559005 ],1.7241484721289566,0.946818497059829,2,6,5,0.124436616897583,1,145.0,0.0,0.0,397,barabasi,6,5,1.6667,1.1055,0.0,-0.7391,0.6667,5,0.7511979952105322
gnm_398,38.682526528118416,"[0.9075722567100961, 2.3977872946722396, 1.5745983272088275, 1.2838466855379722]",0.907572256710096,1.5745983272088275,[1.72414847 2.24683366 0.9468185  0.8559005 ],1.7241484721289566,0.946818497059829,2,17,68,1.9829397201538088,1,250.0,0.0,0.0,398,gnm,17,68,8.0,2.4254,0.4669,-0.0771,0.2941,49,0.7894393169003758
watts_399,13.561854250532487,"[2.8572399697858035, 2.636282104839977, 0.4802754898689648, 1.8263629242653439]",2.8572399697858035,0.4802754898689648,[1.72414847 2.24683366 0.9468185  0.8559005 ],1.7241484721289566,0.946818497059829,2,17,17,0.9230175018310548,1,299.0,0.0,0.0,399,watts,17,17,2.0,0.9701,0.0,-0.2065,0.5294,16,0.8476158906582805
barabasi_400,11.140863707130706,"[0.30770864206538984, 2.4565602074644177, 2.8098761575644806, 1.8127021900385514]",0.3077086420653898,2.8098761575644806,[1.72414847 2.24683366 0.9468185  0.8559005 ],1.7241484721289566,0.946818497059829,2,15,14,0.2202341556549072,1,118.0,0.0,0.0,400,barabasi,15,14,1.8667,1.3098,0.0,-0.659,0.6,14,0.7957759790807647
barabasi_401,11.792412778121896,"[0.26913472385127046, 2.5201595804339307, 2.7866206195086733, 1.8207918998746988]",0.2691347238512704,2.7866206195086733,[1.72414847 2.24683366 0.9468185  0.8559005 ],1.7241484721289566,0.946818497059829,2,16,15,0.605532169342041,1,252.0,0.0,0.0,401,barabasi,16,15,1.875,1.6154,0.0,-0.6768,0.625,15,0.7861608518747931
watts_402,10.633314431301196,"[1.4739895646978338, 1.9976040231845613, 1.1939010357633093, 1.204953024286068]",1.4739895646978338,1.1939010357633093,[1.72414847 2.24683366 0.9468185  0.8559005 ],1.7241484721289566,0.946818497059829,2,15,15,0.3559732437133789,1,140.0,0.0,0.0,402,watts,15,15,2.0,1.2111,0.14,-0.3825,0.5333,14,0.7595224593786568
barabasi_403,13.983812715590132,"[2.8876898820852333, 2.0650280204271105, 1.9205625432580093, 1.4608993652669788]",2.8876898820852333,1.9205625432580091,[1.72414847 2.24683366 0.9468185  0.8559005 ],1.7241484721289566,0.946818497059829,2,13,22,0.5615811347961426,1,200.0,0.0,0.0,403,barabasi,13,22,3.3846,2.3383,0.62,-0.491,0.4615,17,0.8225772185641254
watts_404,8.83882179945158,"[1.3457730827927443, 2.0769669747371213, 1.7999587443695857, 1.3088578348832882]",1.3457730827927443,1.7999587443695857,[1.72414847 2.24683366 0.9468185  0.8559005 ],1.7241484721289566,0.946818497059829,2,7,14,0.3354852199554443,1,164.0,0.0,0.0,404,watts,7,14,4.0,0.5345,0.5381,-0.0182,0.2857,10,0.8838821799451579
barabasi_405,19.60886260516758,"[1.9616071718597996, 2.353235651557566, 1.3238697990116814, 1.8062782546692664]",1.9616071718598,1.3238697990116814,[1.72414847 2.24683366 0.9468185  0.8559005 ],1.7241484721289566,0.946818497059829,2,20,36,1.655167818069458,1,219.0,0.0,0.0,405,barabasi,20,36,3.6,2.5768,0.4326,-0.3387,0.45,29,0.6761676760402614
watts_406,13.33530016316454,"[0.36022504705935154, 2.393581000677626, 2.947683581839162, 1.8554598797275657]",0.3602250470593515,2.947683581839162,[1.72414847 2.24683366 0.9468185  0.8559005 ],1.7241484721289566,0.946818497059829,2,17,17,0.3623723983764648,1,179.0,0.0,0.0,406,watts,17,17,2.0,0.686,0.0,0.0058,0.4706,17,0.78442942136262
watts_407,9.570453807522744,"[1.9953970327396102, 2.696884780237573, 1.1658510770717778, 0.9263862608653544]",1.9953970327396104,1.1658510770717778,[1.72414847 2.24683366 0.9468185  0.8559005 ],1.7241484721289566,0.946818497059829,2,17,17,0.2741360664367676,1,121.0,0.0,0.0,407,watts,17,17,2.0,0.767,0.0,-0.5241,0.5294,17,0.5629678710307496
barabasi_408,24.78843529790549,"[0.28294472015761934, 3.055980487919859, 1.9606356039062387, 2.3969598723886443]",0.2829447201576193,1.9606356039062387,[1.72414847 2.24683366 0.9468185  0.8559005 ],1.7241484721289566,0.946818497059829,2,16,39,1.8952462673187256,1,483.0,0.0,0.0,408,barabasi,16,39,4.875,2.2044,0.4633,-0.216,0.375,30,0.8262811765968496
barabasi_409,8.046413654518298,"[2.3720461576029432, 1.5492605418229208, 0.3523643783001842, 2.790383677959037]",2.3720461576029432,0.3523643783001842,[1.72414847 2.24683366 0.9468185  0.8559005 ],1.7241484721289566,0.946818497059829,2,11,10,0.3231852054595947,1,242.0,0.0,0.0,409,barabasi,11,10,1.8182,1.1923,0.0,-0.6092,0.5455,10,0.8046413654518298
gnm_410,36.91329463190746,"[3.133573402993244, 1.7352984952814858, 3.141592653589793, 1.9168876450768804]",3.133573402993244,3.141592653589793,[1.72414847 2.24683366 0.9468185  0.8559005 ],1.7241484721289566,0.946818497059829,2,14,69,1.2476685047149658,1,194.0,0.0,0.0,410,gnm,14,69,9.8571,1.3553,0.761,-0.2183,0.2143,44,0.8389385143615332
watts_411,16.304453474438663,"[1.8764797085481404, 1.0208902962180768, 3.1283778981539516, 1.9056060794108758]",1.8764797085481404,3.128377898153952,[1.72414847 2.24683366 0.9468185  0.8559005 ],1.7241484721289566,0.946818497059829,2,13,26,0.2967803478240967,1,115.0,0.0,0.0,411,watts,13,26,4.0,0.6794,0.3846,-0.1155,0.3077,20,0.8152226737219331
barabasi_412,10.306150821131236,"[0.847981379608701, 2.7520722490695704, 1.2848160175493901, 1.3329980622316735]",0.847981379608701,1.28481601754939,[1.72414847 2.24683366 0.9468185  0.8559005 ],1.7241484721289566,0.946818497059829,2,15,14,0.314418077468872,1,153.0,0.0,0.0,412,barabasi,15,14,1.8667,1.6275,0.0,-0.5091,0.6667,14,0.7361536300808026
barabasi_413,8.254840058741511,"[0.9638626660423091, 2.6590146782301054, 1.248981756389893, 1.3118871453186196]",0.9638626660423092,1.248981756389893,[1.72414847 2.24683366 0.9468185  0.8559005 ],1.7241484721289566,0.946818497059829,2,12,11,0.243027925491333,1,165.0,0.0,0.0,413,barabasi,12,11,1.8333,1.3437,0.0,-0.5365,0.5833,11,0.7504400053401373
gnm_414,46.96290182256382,"[1.678815005710336, 1.8015363694914948, 1.1809933941474093, 1.3469274275124925]",1.678815005710336,1.1809933941474091,[1.72414847 2.24683366 0.9468185  0.8559005 ],1.7241484721289566,0.946818497059829,2,16,83,2.2893853187561035,1,251.0,0.0,0.0,414,gnm,16,83,10.375,1.5762,0.6823,-0.0018,0.1875,52,0.9031327273569966
barabasi_415,11.096801302185408,"[0.30085735313807455, 2.46222901348436, 2.8133693044844135, 1.8107179794739392]",0.3008573531380745,2.813369304484413,[1.72414847 2.24683366 0.9468185  0.8559005 ],1.7241484721289566,0.946818497059829,2,15,14,0.3588061332702636,1,145.0,0.0,0.0,415,barabasi,15,14,1.8667,1.3098,0.0,-0.3971,0.5333,14,0.7926286644418149
regular_416,8.333328342497186,"[0.9253890916615827, 1.8936883879417994, 2.8191514532070414, 2.2152653394197284]",0.9253890916615828,2.8191514532070414,[1.72414847 2.24683366 0.9468185  0.8559005 ],1.7241484721289566,0.946818497059829,2,10,10,0.2285659313201904,1,138.0,0.0,0.0,416,regular,10,10,2.0,0.0,0.0,0.0,0.5,10,0.8333328342497186
regular_417,23.09605645548389,"[2.7850695734576054, 1.703910039712234, 1.2325494379050037, 2.2762004405602885]",2.7850695734576054,1.2325494379050037,[1.72414847 2.24683366 0.9468185  0.8559005 ],1.7241484721289566,0.946818497059829,2,17,34,1.3610610961914062,1,274.0,0.0,0.0,417,regular,17,34,4.0,0.0,0.2059,0.0,0.3529,26,0.8883098636724573
regular_418,12.203559594480794,"[2.946722608742463, 1.1915413815396225, 2.032247498001807, 1.836359403994774]",2.946722608742463,2.032247498001807,[1.72414847 2.24683366 0.9468185  0.8559005 ],1.7241484721289566,0.946818497059829,2,9,18,0.4496481418609619,1,191.0,0.0,0.0,418,regular,9,18,4.0,0.0,0.3889,0.0,0.3333,14,0.8716828281771996
barabasi_419,5.89445825693565,"[1.2021822414435288, 2.6570052428285216, 1.1843177947276835, 1.2971407405809399]",1.2021822414435288,1.1843177947276835,[1.72414847 2.24683366 0.9468185  0.8559005 ],1.7241484721289566,0.946818497059829,2,8,7,0.1975340843200683,1,134.0,0.0,0.0,419,barabasi,8,7,1.75,1.3919,0.0,-0.7386,0.75,7,0.8420654652765214
watts_420,12.64553692397783,"[2.9206115283963454, 2.0936318256088704, 1.8623901072779985, 1.4451228780831742]",2.9206115283963454,1.8623901072779985,[1.72414847 2.24683366 0.9468185  0.8559005 ],1.7241484721289566,0.946818497059829,2,10,20,0.5892195701599121,1,252.0,0.0,0.0,420,watts,10,20,4.0,1.0,0.4367,-0.1733,0.4,16,0.7903460577486143
watts_421,25.688180944977223,"[1.1282243523873094, 1.761028239545504, 1.480859930091063, 1.9791609052474937]",1.1282243523873094,1.480859930091063,[1.72414847 2.24683366 0.9468185  0.8559005 ],1.7241484721289566,0.946818497059829,2,20,40,2.94207763671875,1,321.0,0.0,0.0,421,watts,20,40,4.0,1.0,0.235,-0.12,0.3,31,0.8286509982250717
watts_422,16.368726928579836,"[1.3648938369598165, 2.743832108065517, 2.632210773879816, 2.875626402414728]",1.3648938369598165,2.632210773879816,[1.72414847 2.24683366 0.9468185  0.8559005 ],1.7241484721289566,0.946818497059829,2,14,28,0.95530104637146,1,269.0,0.0,0.0,422,watts,14,28,4.0,1.1339,0.3014,0.0467,0.2857,22,0.7440330422081743
barabasi_423,4.151403841908632,"[0.42085245300141416, 2.2506069711899537, 2.868500961442283, 1.8130745165016626]",0.4208524530014141,2.868500961442283,[1.72414847 2.24683366 0.9468185  0.8559005 ],1.7241484721289566,0.946818497059829,2,6,5,0.1607961654663086,1,153.0,0.0,0.0,423,barabasi,6,5,1.6667,0.7454,0.0,-0.3333,0.5,5,0.8302807683817264
watts_424,15.760079596767545,"[0.5036309735937249, 2.915406191058202, 1.9154041138902647, 0.840452405831664]",0.5036309735937249,1.9154041138902649,[1.72414847 2.24683366 0.9468185  0.8559005 ],1.7241484721289566,0.946818497059829,2,20,20,1.0326488018035889,1,275.0,0.0,0.0,424,watts,20,20,2.0,0.8367,0.0,0.1065,0.5,19,0.8294778735140813
watts_425,4.134754744532984,"[1.5087853970715623, 1.9416926696470167, 0.8159498517255142, 1.212499056764937]",1.5087853970715623,0.8159498517255142,[1.72414847 2.24683366 0.9468185  0.8559005 ],1.7241484721289566,0.946818497059829,2,6,6,0.2190167903900146,1,240.0,0.0,0.0,425,watts,6,6,2.0,1.1547,0.25,-0.68,0.6667,5,0.8269509489065967
barabasi_426,10.0180333479312,"[1.6099104621740037, 1.9820721013117821, 0.7069755861605367, 2.749290272789149]",1.6099104621740037,0.7069755861605367,[1.72414847 2.24683366 0.9468185  0.8559005 ],1.7241484721289566,0.946818497059829,2,15,14,0.2772996425628662,1,172.0,0.0,0.0,426,barabasi,15,14,1.8667,1.4996,0.0,-0.4255,0.6667,14,0.7155738105665143
regular_427,25.805288726849163,"[0.7334514678712964, 2.1553615203609846, 3.141592653589793, 1.9361924063810694]",0.7334514678712964,3.141592653589793,[1.72414847 2.24683366 0.9468185  0.8559005 ],1.7241484721289566,0.946818497059829,2,20,40,1.4652767181396484,1,218.0,0.0,0.0,427,regular,20,40,4.0,0.0,0.175,0.0,0.35,32,0.8064152727140363
regular_428,11.282362415346142,"[2.7957228363324202, 2.229557050181298, 1.7543176585737945, 1.904564224095912]",2.79572283633242,1.7543176585737943,[1.72414847 2.24683366 0.9468185  0.8559005 ],1.7241484721289566,0.946818497059829,2,10,15,0.2508938312530517,1,165.0,0.0,0.0,428,regular,10,15,3.0,0.0,0.0,0.0,0.5,15,0.7521574943564094
barabasi_429,14.636365999399064,"[2.915587984797547, 2.036519298635337, 1.8859791244599857, 1.3888475768650494]",2.915587984797547,1.8859791244599855,[1.72414847 2.24683366 0.9468185  0.8559005 ],1.7241484721289566,0.946818497059829,2,13,22,-1.923271656036377,1,274.0,0.0,0.0,429,barabasi,13,22,3.3846,1.3889,0.3608,-0.303,0.3846,18,0.8131314444110591
regular_430,9.16666108770555,"[0.925642479407645, 1.892883435830847, 2.8192231022647465, 2.215409788005622]",0.925642479407645,2.8192231022647465,[1.72414847 2.24683366 0.9468185  0.8559005 ],1.7241484721289566,0.946818497059829,2,11,11,0.2514376640319824,1,137.0,0.0,0.0,430,regular,11,11,2.0,0.0,0.0,0.0,0.4545,10,0.9166661087705551
regular_431,26.25278704695559,"[1.3251795465080218, 2.091745349408087, 1.7806422581457928, 1.3030725540562227]",1.3251795465080218,1.7806422581457928,[1.72414847 2.24683366 0.9468185  0.8559005 ],1.7241484721289566,0.946818497059829,2,19,38,1.4419164657592771,1,283.0,0.0,0.0,431,regular,19,38,4.0,0.0,0.0789,0.0,0.3158,30,0.8750929015651863
regular_432,25.731796033421404,"[1.2215056837175648, 1.72199275604154, 2.791749361209492, 2.324180006945708]",1.2215056837175648,2.791749361209492,[1.72414847 2.24683366 0.9468185  0.8559005 ],1.7241484721289566,0.946818497059829,2,18,36,1.1391613483428955,1,275.0,0.0,0.0,432,regular,18,36,4.0,0.0,0.0556,0.0,0.3333,30,0.8577265344473801
regular_433,22.117767542329656,"[0.7885617025196057, 2.096946457945683, 3.141592653589793, 1.94474980990458]",0.7885617025196057,3.141592653589793,[1.72414847 2.24683366 0.9468185  0.8559005 ],1.7241484721289566,0.946818497059829,2,17,34,0.7578377723693848,1,208.0,0.0,0.0,433,regular,17,34,4.0,0.0,0.1176,0.0,0.3529,26,0.8506833670126791
gnm_434,41.280876221731326,"[1.5837081074823798, 1.7243827027066252, 1.1184056017270132, 1.2904126752508582]",1.5837081074823798,1.1184056017270132,[1.72414847 2.24683366 0.9468185  0.8559005 ],1.7241484721289566,0.946818497059829,2,17,73,2.073218822479248,1,275.0,0.0,0.0,434,gnm,17,73,8.5882,1.7842,0.5362,-0.0601,0.2353,49,0.8424668616679862
watts_435,8.83029753274464,"[1.5614208200807953, 1.9550769603640208, 1.2208016653429288, 2.7487352511645993]",1.5614208200807953,1.2208016653429288,[1.72414847 2.24683366 0.9468185  0.8559005 ],1.7241484721289566,0.946818497059829,2,12,12,0.1827735900878906,1,116.0,0.0,0.0,435,watts,12,12,2.0,0.7071,0.0,-0.1429,0.5,12,0.73585812772872
barabasi_436,7.082229613444033,"[2.3617399365937213, 1.260503339939087, 0.196965257915856, 1.1756897695114716]",2.3617399365937213,0.196965257915856,[1.72414847 2.24683366 0.9468185  0.8559005 ],1.7241484721289566,0.946818497059829,2,10,9,0.671184778213501,1,613.0,0.0,0.0,436,barabasi,10,9,1.8,0.8718,0.0,-0.2558,0.5,9,0.7869144014937814
watts_437,7.398245848715078,"[1.9685194854681327, 2.3365128746243924, -0.1666506567684159, 1.8828005284337432]",1.9685194854681327,-0.1666506567684159,[1.72414847 2.24683366 0.9468185  0.8559005 ],1.7241484721289566,0.946818497059829,2,12,12,0.1958456039428711,1,129.0,0.0,0.0,437,watts,12,12,2.0,0.5774,0.1389,0.1818,0.5,11,0.6725678044286435
gnm_438,25.66731812584408,"[0.26069137545702215, 3.0672441447573884, 1.9653192539747077, 0.816608654001112]",0.2606913754570221,1.965319253974708,[1.72414847 2.24683366 0.9468185  0.8559005 ],1.7241484721289566,0.946818497059829,2,14,41,1.2037432193756104,1,300.0,0.0,0.0,438,gnm,14,41,5.8571,1.7261,0.4416,-0.2102,0.2857,29,0.8850799353739338
barabasi_439,3.954072926804656,"[0.48284268403908115, 2.954069272163903, 1.9255741950415444, 2.389475769350691]",0.4828426840390811,1.9255741950415444,[1.72414847 2.24683366 0.9468185  0.8559005 ],1.7241484721289566,0.946818497059829,2,6,5,0.291903018951416,1,240.0,0.0,0.0,439,barabasi,6,5,1.6667,0.9428,0.0,-0.6667,0.5,5,0.7908145853609312
gnm_440,62.19985373755517,"[3.0386574159856488, 1.743332145898604, 1.804318230966554, 1.7090975826787311]",3.0386574159856488,1.804318230966554,[1.72414847 2.24683366 0.9468185  0.8559005 ],1.7241484721289566,0.946818497059829,2,17,116,3.864319324493408,1,281.0,0.0,0.0,440,gnm,17,116,13.6471,0.836,0.8393,-0.0928,0.1765,70,0.888569339107931
watts_441,9.96171431073435,"[2.9400857500708586, 2.0412823901209682, 1.8509929364630926, 1.4241552563958195]",2.9400857500708586,1.8509929364630928,[1.72414847 2.24683366 0.9468185  0.8559005 ],1.7241484721289566,0.946818497059829,2,8,16,0.4335041046142578,1,209.0,0.0,0.0,441,watts,8,16,4.0,0.5,0.5625,-0.0159,0.25,12,0.8301428592278626
barabasi_442,7.823187688419296,"[1.2051834125235374, 2.6189301496574933, 2.7902585770767474, 1.278189492844449]",1.2051834125235374,2.7902585770767474,[1.72414847 2.24683366 0.9468185  0.8559005 ],1.7241484721289566,0.946818497059829,2,11,10,0.4230339527130127,1,305.0,0.0,0.0,442,barabasi,11,10,1.8182,1.5266,0.0,-0.6531,0.7273,10,0.7823187688419295
gnm_443,23.16923608295474,"[2.936950450705364, 1.6342661763086528, 3.141592653589793, 2.866529437964157]",2.936950450705364,3.141592653589793,[1.72414847 2.24683366 0.9468185  0.8559005 ],1.7241484721289566,0.946818497059829,2,10,43,0.8697445392608643,1,220.0,0.0,0.0,443,gnm,10,43,8.6,0.6633,0.9611,-0.2524,0.2,25,0.9267694433181896
barabasi_444,3.823653515639307,"[1.7272613385303086, 1.8670425092026341, 0.25459604400376046, 2.766671484670919]",1.7272613385303086,0.2545960440037604,[1.72414847 2.24683366 0.9468185  0.8559005 ],1.7241484721289566,0.946818497059829,2,6,5,0.1697511672973632,1,152.0,0.0,0.0,444,barabasi,6,5,1.6667,0.7454,0.0,-0.3333,0.5,5,0.7647307031278614
regular_445,19.285848782180704,"[0.7460094339452746, 2.1433701782930386, 3.141592653589793, 1.9316636926392516]",0.7460094339452746,3.141592653589793,[1.72414847 2.24683366 0.9468185  0.8559005 ],1.7241484721289566,0.946818497059829,2,15,30,1.000828742980957,1,251.0,0.0,0.0,445,regular,15,30,4.0,0.0,0.2,0.0,0.3333,24,0.8035770325908627
gnm_446,27.47071599317776,"[1.3937658415823515, 2.8429426569385643, 2.644036075442057, 2.904468421382928]",1.3937658415823515,2.644036075442057,[1.72414847 2.24683366 0.9468185  0.8559005 ],1.7241484721289566,0.946818497059829,2,17,48,1.7037930488586426,1,267.0,0.0,0.0,446,gnm,17,48,5.6471,1.7803,0.3095,-0.1616,0.2941,36,0.7630754442549378
gnm_447,61.9559429275602,"[1.6923017398457147, 2.792402577537227, 1.8087401230081666, 1.379283051844917]",1.6923017398457147,1.8087401230081663,[1.72414847 2.24683366 0.9468185  0.8559005 ],1.7241484721289566,0.946818497059829,2,19,119,3.4004719257354736,1,233.0,0.0,0.0,447,gnm,19,119,12.5263,1.8171,0.7112,-0.1398,0.1579,73,0.8487115469528794
watts_448,8.838822302881454,"[1.3457730827927443, 2.0769669747371213, 1.7999587443695857, 1.3088578348832882]",1.3457730827927443,1.7999587443695857,[1.72414847 2.24683366 0.9468185  0.8559005 ],1.7241484721289566,0.946818497059829,2,7,14,0.3110196590423584,1,164.0,0.0,0.0,448,watts,7,14,4.0,0.5345,0.5381,-0.0182,0.2857,10,0.8838822302881454
watts_449,15.008117414199836,"[2.89893072679242, 2.014347034498814, 1.9018512795954734, 1.5969541169315358]",2.89893072679242,1.9018512795954732,[1.72414847 2.24683366 0.9468185  0.8559005 ],1.7241484721289566,0.946818497059829,2,12,24,0.4851002693176269,1,202.0,0.0,0.0,449,watts,12,24,4.0,0.7071,0.3889,-0.2043,0.3333,20,0.7504058707099918
regular_450,17.939581166145224,"[1.995433469316221, -0.18886028182044748, 1.22503807231169, 2.3044165877773843]",1.995433469316221,1.22503807231169,[1.72414847 2.24683366 0.9468185  0.8559005 ],1.7241484721289566,0.946818497059829,2,16,24,1.149731159210205,1,411.0,0.0,0.0,450,regular,16,24,3.0,0.0,0.0625,0.0,0.4375,22,0.8154355075520556
gnm_451,97.3677477618922,"[2.245847255467157, 1.710049872346103, 1.6476230131706007, 1.3622503450266024]",2.245847255467157,1.647623013170601,[1.72414847 2.24683366 0.9468185  0.8559005 ],1.7241484721289566,0.946818497059829,2,20,189,6.764031887054443,1,231.0,0.0,0.0,451,gnm,20,189,18.9,0.3,0.9947,-0.1053,0.1,100,0.9736774776189221
gnm_452,12.28840960017589,"[1.602989075641361, 1.8807362083627872, 2.2353277910398837, 2.7590563160879054]",1.602989075641361,2.235327791039884,[1.72414847 2.24683366 0.9468185  0.8559005 ],1.7241484721289566,0.946818497059829,2,13,18,0.5640273094177246,1,281.0,0.0,0.0,452,gnm,13,18,2.7692,1.12,0.059,-0.1934,0.4615,17,0.7228476235397582
gnm_453,61.34734775495387,"[1.6791246677108265, 3.141592653589793, 2.254025196128148, 2.732648309857148]",1.6791246677108265,2.254025196128148,[1.72414847 2.24683366 0.9468185  0.8559005 ],1.7241484721289566,0.946818497059829,2,16,117,1.9243781566619875,1,181.0,0.0,0.0,453,gnm,16,117,14.625,0.5995,0.9754,-0.1354,0.125,64,0.9585523086711543
barabasi_454,6.719700886001832,"[1.680959307861908, 1.9510889355429653, 0.9936203958513592, 2.765782348507533]",1.680959307861908,0.9936203958513592,[1.72414847 2.24683366 0.9468185  0.8559005 ],1.7241484721289566,0.946818497059829,2,10,9,0.1758766174316406,1,146.0,0.0,0.0,454,barabasi,10,9,1.8,1.1662,0.0,-0.4178,0.5,9,0.7466334317779814
barabasi_455,5.135957990634779,"[1.6604168490245148, 2.155080875359677, 1.0049099311160727, 2.7537573410310627]",1.6604168490245148,1.0049099311160727,[1.72414847 2.24683366 0.9468185  0.8559005 ],1.7241484721289566,0.946818497059829,2,8,7,-2.579777717590332,1,107.0,0.0,0.0,455,barabasi,8,7,1.75,1.6394,0.0,-0.8007,0.75,7,0.733708284376397
barabasi_456,3.954072926804656,"[0.48284268403908115, 2.954069272163903, 1.9255741950415444, 2.389475769350691]",0.4828426840390811,1.9255741950415444,[1.72414847 2.24683366 0.9468185  0.8559005 ],1.7241484721289566,0.946818497059829,2,6,5,0.1995377540588379,1,240.0,0.0,0.0,456,barabasi,6,5,1.6667,0.9428,0.0,-0.6667,0.5,5,0.7908145853609312
barabasi_457,12.087963710301464,"[1.3771110849949815, 2.2590491398142847, 1.1577379916358301, 1.233619272305755]",1.3771110849949817,1.15773799163583,[1.72414847 2.24683366 0.9468185  0.8559005 ],1.7241484721289566,0.946818497059829,2,17,16,0.6512274742126465,1,280.0,0.0,0.0,457,barabasi,17,16,1.8824,2.0258,0.0,-0.542,0.6471,16,0.7554977318938415
regular_458,22.62199762721945,"[1.2175236747676088, 1.7163992323005792, 2.794683219732031, 2.31473771727819]",1.2175236747676088,2.794683219732031,[1.72414847 2.24683366 0.9468185  0.8559005 ],1.7241484721289566,0.946818497059829,2,16,32,0.618786096572876,1,157.0,0.0,0.0,458,regular,16,32,4.0,0.0,0.0938,0.0,0.375,26,0.8700768318161327
barabasi_459,19.320042257415604,"[1.808497735388975, 2.540540408327351, 0.8726483624790669, 1.930467483404835]",1.808497735388975,0.8726483624790669,[1.72414847 2.24683366 0.9468185  0.8559005 ],1.7241484721289566,0.946818497059829,2,20,36,1.6903157234191897,1,258.0,0.0,0.0,459,barabasi,20,36,3.6,2.3324,0.3126,-0.234,0.45,29,0.6662083537039863
watts_460,11.245200601125134,"[1.1734308220326422, 1.7248666845418734, 3.0770728888820997, 1.9118421458348442]",1.1734308220326422,3.0770728888821,[1.72414847 2.24683366 0.9468185  0.8559005 ],1.7241484721289566,0.946818497059829,2,9,18,0.3717036247253418,1,211.0,0.0,0.0,460,watts,9,18,4.0,0.9428,0.4519,-0.2699,0.3333,14,0.8032286143660811
regular_461,7.500002015308927,"[2.496478735316516, 1.8932227842724132, 1.2488110496422666, 2.2150601104025274]",2.496478735316516,1.2488110496422666,[1.72414847 2.24683366 0.9468185  0.8559005 ],1.7241484721289566,0.946818497059829,2,9,9,0.2565648555755615,1,255.0,0.0,0.0,461,regular,9,9,2.0,0.0,0.0,0.0,0.4444,8,0.9375002519136159
regular_462,20.02583781713255,"[1.7676526386720317, 1.921682377334297, 1.0563273522538608, 1.2765179265320443]",1.7676526386720317,1.0563273522538608,[1.72414847 2.24683366 0.9468185  0.8559005 ],1.7241484721289566,0.946818497059829,2,14,28,0.7614197731018066,1,290.0,0.0,0.0,462,regular,14,28,4.0,0.0,0.1071,0.0,0.3571,22,0.9102653553242068
gnm_463,11.122118571596276,"[1.8013440430735197, 2.726417189668394, 1.2369162706908756, 1.8336072327514457]",1.8013440430735197,1.2369162706908756,[1.72414847 2.24683366 0.9468185  0.8559005 ],1.7241484721289566,0.946818497059829,2,10,20,0.433523416519165,1,209.0,0.0,0.0,463,gnm,10,20,4.0,1.0954,0.39,-0.3964,0.3,15,0.7414745714397518
gnm_464,15.803892572481374,"[1.7795176294120774, 2.66419375003026, 0.24281018760192763, 2.9215248633613844]",1.7795176294120774,0.2428101876019276,[1.72414847 2.24683366 0.9468185  0.8559005 ],1.7241484721289566,0.946818497059829,2,10,27,0.9205422401428224,1,396.0,0.0,0.0,464,gnm,10,27,5.4,1.1136,0.5929,-0.2288,0.3,19,0.8317838196042828
gnm_465,7.514547112850892,"[2.858195998907437, 2.6153490120296286, 1.981363093985896, 1.8142261469950638]",2.858195998907437,1.981363093985896,[1.72414847 2.24683366 0.9468185  0.8559005 ],1.7241484721289566,0.946818497059829,2,9,10,0.1875159740447998,1,158.0,0.0,0.0,465,gnm,9,10,2.2222,1.0304,0.2963,-0.4286,0.5556,9,0.8349496792056547
regular_466,15.00002846648072,"[0.926630614007312, 1.89301643602926, 2.8190353360893825, 2.2159201524608614]",0.926630614007312,2.8190353360893825,[1.72414847 2.24683366 0.9468185  0.8559005 ],1.7241484721289566,0.946818497059829,2,18,18,0.6700060367584229,1,259.0,0.0,0.0,466,regular,18,18,2.0,0.0,0.0,0.0,0.4444,18,0.8333349148044844
watts_467,13.914075413743284,"[2.9255724202315587, 2.106699554070492, 1.8377806523208986, 1.4153463696727444]",2.9255724202315587,1.8377806523208984,[1.72414847 2.24683366 0.9468185  0.8559005 ],1.7241484721289566,0.946818497059829,2,11,22,0.3936357498168945,1,186.0,0.0,0.0,467,watts,11,22,4.0,0.4264,0.4667,-0.0115,0.2727,16,0.8696297133589552
regular_468,10.6280136207708,"[2.8171049281348175, 2.2935677921766535, 1.8032939547069295, 1.8166526949764332]",2.817104928134817,1.803293954706929,[1.72414847 2.24683366 0.9468185  0.8559005 ],1.7241484721289566,0.946818497059829,2,10,15,0.3142507076263428,1,192.0,0.0,0.0,468,regular,10,15,3.0,0.0,0.3,0.0,0.4,13,0.8175395092900615
barabasi_469,12.657978094133204,"[2.885508593430323, 2.0845811550893867, 1.9137591099241449, 1.4700899619998755]",2.885508593430323,1.9137591099241449,[1.72414847 2.24683366 0.9468185  0.8559005 ],1.7241484721289566,0.946818497059829,2,12,20,0.3698489665985107,1,175.0,0.0,0.0,469,barabasi,12,20,3.3333,2.357,0.5731,-0.5026,0.5,16,0.7911236308833253
barabasi_470,10.30695677739995,"[0.30550666743236954, 2.419276336337501, 2.810720231312498, 1.8170428805024252]",0.3055066674323695,2.810720231312498,[1.72414847 2.24683366 0.9468185  0.8559005 ],1.7241484721289566,0.946818497059829,2,14,13,0.2702376842498779,1,159.0,0.0,0.0,470,barabasi,14,13,1.8571,1.4569,0.0,-0.4082,0.5714,13,0.7928428290307654
watts_471,12.132426581529998,"[2.9493719505950438, 2.7734301065012628, 2.0160300499508086, 1.8381997131711234]",2.949371950595044,2.0160300499508086,[1.72414847 2.24683366 0.9468185  0.8559005 ],1.7241484721289566,0.946818497059829,2,9,18,0.7287182807922363,1,414.0,0.0,0.0,471,watts,9,18,4.0,1.0541,0.4667,-0.3419,0.3333,14,0.8666018986807141
barabasi_472,7.178718459714343,"[2.3724411990573726, 1.5478483674482442, 1.881066168631429, 1.260518275930018]",2.3724411990573726,1.881066168631429,[1.72414847 2.24683366 0.9468185  0.8559005 ],1.7241484721289566,0.946818497059829,2,10,9,0.2810127735137939,1,208.0,0.0,0.0,472,barabasi,10,9,1.8,1.5362,0.0,-0.5995,0.6,9,0.7976353844127048
watts_473,5.269659318819777,"[1.875132995983448, 2.9500984867655378, 1.116227151555007, 2.455628944718811]",1.875132995983448,1.116227151555007,[1.72414847 2.24683366 0.9468185  0.8559005 ],1.7241484721289566,0.946818497059829,2,9,9,0.2023417949676513,1,176.0,0.0,0.0,473,watts,9,9,2.0,1.2472,0.1593,-0.4595,0.6667,8,0.6587074148524721
regular_474,5.833331344765611,"[0.9254719896820817, 1.8935618976420174, 2.81916372348132, 2.2153399264156954]",0.9254719896820816,2.81916372348132,[1.72414847 2.24683366 0.9468185  0.8559005 ],1.7241484721289566,0.946818497059829,2,7,7,0.1429667472839355,1,143.0,0.0,0.0,474,regular,7,7,2.0,0.0,0.0,0.0,0.4286,6,0.9722218907942685
gnm_475,40.73165540375471,"[1.2190029208306403, 1.7535562274652432, 3.1191228615225497, 1.8696015851181857]",1.2190029208306403,3.1191228615225497,[1.72414847 2.24683366 0.9468185  0.8559005 ],1.7241484721289566,0.946818497059829,2,18,71,1.994065523147583,1,231.0,0.0,0.0,475,gnm,18,71,7.8889,1.8224,0.4727,-0.0978,0.2778,48,0.8485761542448897
gnm_476,27.719496319248048,"[1.7900460598528416, 3.029892981879658, 1.1665657031590346, 2.4129100436092576]",1.7900460598528416,1.1665657031590346,[1.72414847 2.24683366 0.9468185  0.8559005 ],1.7241484721289566,0.946818497059829,2,15,54,1.359806776046753,1,277.0,0.0,0.0,476,gnm,15,54,7.2,1.833,0.5493,-0.2237,0.3333,37,0.7491755761958931
gnm_477,25.75260588810488,"[1.4649501132192773, 2.832376314643097, 2.129713616165998, 2.5200122134210563]",1.4649501132192773,2.129713616165998,[1.72414847 2.24683366 0.9468185  0.8559005 ],1.7241484721289566,0.946818497059829,2,11,49,0.9473607540130616,1,230.0,0.0,0.0,477,gnm,11,49,8.9091,0.668,0.8776,-0.1406,0.1818,30,0.8584201962701627
regular_478,27.412307740380367,"[1.3248030945486438, 2.1010267531690854, 1.7843100531323013, 1.3124801512259543]",1.3248030945486438,1.7843100531323013,[1.72414847 2.24683366 0.9468185  0.8559005 ],1.7241484721289566,0.946818497059829,2,20,40,1.9718589782714844,1,268.0,0.0,0.0,478,regular,20,40,4.0,0.0,0.125,0.0,0.3,32,0.8566346168868865
watts_479,6.264423450157892,"[0.8595904355461905, 1.8819919983915634, 2.9385313513099636, 2.0608542770770244]",0.8595904355461905,2.938531351309964,[1.72414847 2.24683366 0.9468185  0.8559005 ],1.7241484721289566,0.946818497059829,2,8,8,0.1765456199645996,1,160.0,0.0,0.0,479,watts,8,8,2.0,0.866,0.0,-0.3968,0.625,8,0.7830529312697365
barabasi_480,7.261930653889749,"[2.8411074112281236, 0.7053087602501278, 1.9291207753833586, 1.3176665436241173]",2.841107411228124,1.9291207753833584,[1.72414847 2.24683366 0.9468185  0.8559005 ],1.7241484721289566,0.946818497059829,2,10,9,0.2217993736267089,1,200.0,0.0,0.0,480,barabasi,10,9,1.8,1.4,0.0,-0.5992,0.7,9,0.8068811837655276
watts_481,7.256240685885132,"[2.8755732608999356, 1.7584007362069507, 1.9290587175245215, 1.011671728129881]",2.875573260899936,1.9290587175245213,[1.72414847 2.24683366 0.9468185  0.8559005 ],1.7241484721289566,0.946818497059829,2,6,12,0.2755961418151855,1,233.0,0.0,0.0,481,watts,6,12,4.0,1.0,0.9,-0.4545,0.3333,8,0.9070300857356415
watts_482,8.831940254463241,"[0.5272189404589497, 2.200579522032757, 2.9753995598297354, 1.9315460850885962]",0.5272189404589497,2.975399559829736,[1.72414847 2.24683366 0.9468185  0.8559005 ],1.7241484721289566,0.946818497059829,2,11,11,0.1920154094696045,1,144.0,0.0,0.0,482,watts,11,11,2.0,0.4264,0.0,-0.0476,0.5455,11,0.8029036594966583
watts_483,15.330174439616837,"[0.5568141624964392, 2.879894187769444, 0.3317377246181108, 0.8726990642887693]",0.5568141624964392,0.3317377246181108,[1.72414847 2.24683366 0.9468185  0.8559005 ],1.7241484721289566,0.946818497059829,2,19,19,0.9905829429626464,1,375.0,0.0,0.0,483,watts,19,19,2.0,0.562,0.0,-0.0857,0.5263,19,0.806851286295623
barabasi_484,6.734353891493939,"[0.41459645049465343, 3.012320885835378, 1.9219762834817447, 2.3881075527826456]",0.4145964504946534,1.9219762834817449,[1.72414847 2.24683366 0.9468185  0.8559005 ],1.7241484721289566,0.946818497059829,2,10,9,0.2554380893707275,1,198.0,0.0,0.0,484,barabasi,10,9,1.8,1.3266,0.0,-0.6981,0.6,9,0.7482615434993265
gnm_485,59.67911342366441,"[2.8387971301952257, 1.7226525095357665, 3.141592653589793, 2.671852458541486]",2.8387971301952257,3.141592653589793,[1.72414847 2.24683366 0.9468185  0.8559005 ],1.7241484721289566,0.946818497059829,2,17,115,1.688267469406128,1,153.0,0.0,0.0,485,gnm,17,115,13.5294,1.719,0.8616,-0.0902,0.1765,67,0.8907330361740957
gnm_486,22.6928793426694,"[1.882087451949129, 3.0377243587550993, 2.8444915282823735, 2.296043717819183]",1.882087451949129,2.844491528282373,[1.72414847 2.24683366 0.9468185  0.8559005 ],1.7241484721289566,0.946818497059829,2,14,43,0.878143310546875,1,211.0,0.0,0.0,486,gnm,14,43,6.1429,1.767,0.5202,-0.1091,0.2857,32,0.7091524794584187
gnm_487,16.257488121729125,"[2.966418050809268, 2.0133250794694098, 1.8268441577026682, 1.724100869936093]",2.966418050809268,1.826844157702668,[1.72414847 2.24683366 0.9468185  0.8559005 ],1.7241484721289566,0.946818497059829,2,10,27,0.3580446243286133,1,154.0,0.0,0.0,487,gnm,10,27,5.4,0.9165,0.5014,-0.0946,0.3,20,0.8128744060864562
barabasi_488,6.757823501044191,"[1.3438502166975272, 2.2109950495180746, 1.3116420717798518, 1.2359121902274532]",1.3438502166975272,1.3116420717798518,[1.72414847 2.24683366 0.9468185  0.8559005 ],1.7241484721289566,0.946818497059829,2,10,9,0.2448542118072509,1,177.0,0.0,0.0,488,barabasi,10,9,1.8,1.249,0.0,-0.5217,0.6,9,0.750869277893799
watts_489,18.780593668101893,"[2.8995565796093423, 2.251540762051732, 1.9034907504167815, 1.563088410360581]",2.8995565796093423,1.9034907504167813,[1.72414847 2.24683366 0.9468185  0.8559005 ],1.7241484721289566,0.946818497059829,2,15,30,0.5953052043914795,1,197.0,0.0,0.0,489,watts,15,30,4.0,0.6325,0.3933,-0.1966,0.4,23,0.8165475507870389
gnm_490,6.67866946477443,"[2.8587574598502554, 2.7183635954471788, 2.073716696089609, 1.9153509462553755]",2.8587574598502554,2.073716696089609,[1.72414847 2.24683366 0.9468185  0.8559005 ],1.7241484721289566,0.946818497059829,2,6,10,0.2215442657470703,1,180.0,0.0,0.0,490,gnm,6,10,3.3333,1.2472,0.8333,-0.6667,0.5,8,0.8348336830968037
watts_491,21.507926804217536,"[0.984515640524392, 1.9102654629881703, 3.141592653589793, 1.9211134398661796]",0.984515640524392,3.141592653589793,[1.72414847 2.24683366 0.9468185  0.8559005 ],1.7241484721289566,0.946818497059829,2,17,34,0.9039294719696044,1,220.0,0.0,0.0,491,watts,17,34,4.0,1.1376,0.2672,-0.1197,0.4118,27,0.7965898816376865
barabasi_492,4.538727884017135,"[1.3257704767601426, 2.2325680377884596, 1.7451150474351542, 1.1851002396353834]",1.3257704767601426,1.7451150474351542,[1.72414847 2.24683366 0.9468185  0.8559005 ],1.7241484721289566,0.946818497059829,2,7,6,0.1266610622406005,1,117.0,0.0,0.0,492,barabasi,7,6,1.7143,1.0302,0.0,-0.5,0.5714,6,0.7564546473361892
regular_493,17.41316463668056,"[1.760533510993405, 1.9592238141533, 1.1331395872227938, 1.3329445054289049]",1.760533510993405,1.1331395872227938,[1.72414847 2.24683366 0.9468185  0.8559005 ],1.7241484721289566,0.946818497059829,2,13,26,0.4107701778411865,1,155.0,0.0,0.0,493,regular,13,26,4.0,0.0,0.3846,0.0,0.3077,20,0.8706582318340279
barabasi_494,3.954072926804656,"[0.48284268403908115, 2.954069272163903, 1.9255741950415444, 2.389475769350691]",0.4828426840390811,1.9255741950415444,[1.72414847 2.24683366 0.9468185  0.8559005 ],1.7241484721289566,0.946818497059829,2,6,5,0.1936602592468261,1,240.0,0.0,0.0,494,barabasi,6,5,1.6667,0.9428,0.0,-0.6667,0.5,5,0.7908145853609312
watts_495,9.635178721377278,"[0.8493316325598296, 1.9068302613789658, 3.141592653589793, 1.9639503850244713]",0.8493316325598296,3.141592653589793,[1.72414847 2.24683366 0.9468185  0.8559005 ],1.7241484721289566,0.946818497059829,2,13,13,0.1564748287200927,1,105.0,0.0,0.0,495,watts,13,13,2.0,0.5547,0.0,-0.0833,0.5385,13,0.7411675939520983
gnm_496,7.942513903137296,"[2.9561914846530213, 2.618569843284842, 1.8871944699585737, 1.720504591181847]",2.9561914846530213,1.8871944699585737,[1.72414847 2.24683366 0.9468185  0.8559005 ],1.7241484721289566,0.946818497059829,2,6,13,0.2890219688415527,1,220.0,0.0,0.0,496,gnm,6,13,4.3333,0.7454,0.9,-0.4444,0.3333,9,0.8825015447930329
gnm_497,9.16048189600872,"[1.7845742140614897, 2.776591406888184, 0.422901908703792, 2.892914996230184]",1.7845742140614895,0.422901908703792,[1.72414847 2.24683366 0.9468185  0.8559005 ],1.7241484721289566,0.946818497059829,2,12,16,0.3995282649993896,1,207.0,0.0,0.0,497,gnm,12,16,2.6667,1.4907,0.1917,-0.4333,0.5833,13,0.7046524535391323
barabasi_498,7.961222088944169,"[0.3482098306701222, 2.2960120391648497, 2.826320821439486, 1.8178052085043959]",0.3482098306701222,2.826320821439486,[1.72414847 2.24683366 0.9468185  0.8559005 ],1.7241484721289566,0.946818497059829,2,11,10,0.2364354133605957,1,151.0,0.0,0.0,498,barabasi,11,10,1.8182,1.4659,0.0,-0.4651,0.6364,10,0.7961222088944169
watts_499,3.661142953729722,"[2.0361379595148157, 2.2300665357892715, -0.2863690687415287, 1.775029217223424]",2.036137959514816,-0.2863690687415287,[1.72414847 2.24683366 0.9468185  0.8559005 ],1.7241484721289566,0.946818497059829,2,6,6,0.1898910999298095,1,194.0,0.0,0.0,499,watts,6,6,2.0,0.5774,0.0,-0.0909,0.5,6,0.610190492288287
barabasi_500,11.050240593051022,"[0.3090784549749076, 2.375952922203133, 2.812221701726626, 1.8236074998883125]",0.3090784549749076,2.812221701726626,[1.72414847 2.24683366 0.9468185  0.8559005 ],1.7241484721289566,0.946818497059829,2,15,14,0.6661379337310791,1,284.0,0.0,0.0,500,barabasi,15,14,1.8667,1.6275,0.0,-0.4837,0.6667,14,0.7893028995036444
gnm_501,82.22318470238665,"[1.69973001795025, 2.9565581662225835, 1.294410089818948, 2.2082513577645706]",1.69973001795025,1.294410089818948,[1.72414847 2.24683366 0.9468185  0.8559005 ],1.7241484721289566,0.946818497059829,2,19,160,4.043452024459839,1,206.0,0.0,0.0,501,gnm,19,160,16.8421,0.9326,0.9349,-0.0991,0.1053,90,0.9135909411376294
regular_502,5.833330010520513,"[2.496156354601446, 1.893227029377789, 1.2487548306479237, 2.214726101030859]",2.496156354601446,1.2487548306479237,[1.72414847 2.24683366 0.9468185  0.8559005 ],1.7241484721289566,0.946818497059829,2,7,7,0.2484200000762939,1,251.0,0.0,0.0,502,regular,7,7,2.0,0.0,0.0,0.0,0.4286,6,0.9722216684200854
barabasi_503,4.51313103006396,"[1.3659512676398422, 2.189454042266177, 1.7169010956024402, 1.188625751617045]",1.3659512676398422,1.7169010956024402,[1.72414847 2.24683366 0.9468185  0.8559005 ],1.7241484721289566,0.946818497059829,2,7,6,0.1854662895202636,1,214.0,0.0,0.0,503,barabasi,7,6,1.7143,1.0302,0.0,-0.7143,0.5714,6,0.7521885050106599
gnm_504,13.68371177649091,"[1.166661680040665, 1.7007924025697525, 3.038288483076448, 1.9672108263183026]",1.166661680040665,3.038288483076448,[1.72414847 2.24683366 0.9468185  0.8559005 ],1.7241484721289566,0.946818497059829,2,12,21,0.5279128551483154,1,259.0,0.0,0.0,504,gnm,12,21,3.5,1.0408,0.2944,-0.2679,0.3333,17,0.804924222146524
watts_505,11.884918154239848,"[0.8459341533310645, 1.9085199798804082, 3.141592653589793, 1.9637031518052988]",0.8459341533310645,3.141592653589793,[1.72414847 2.24683366 0.9468185  0.8559005 ],1.7241484721289566,0.946818497059829,2,16,16,0.2030360698699951,1,101.0,0.0,0.0,505,watts,16,16,2.0,0.5,0.0,-0.0667,0.4375,15,0.7923278769493233
barabasi_506,6.296613694553344,"[1.3530805515584359, 2.3135968250045913, 1.1671150832541222, 1.2467285571708309]",1.353080551558436,1.1671150832541222,[1.72414847 2.24683366 0.9468185  0.8559005 ],1.7241484721289566,0.946818497059829,2,9,8,0.1661443710327148,1,160.0,0.0,0.0,506,barabasi,9,8,1.7778,1.8725,0.0,-0.8195,0.7778,8,0.787076711819168
barabasi_507,5.494495975036443,"[1.8581457267317238, 3.0029140137973203, 1.1487067934760944, 2.4188229815388635]",1.858145726731724,1.1487067934760944,[1.72414847 2.24683366 0.9468185  0.8559005 ],1.7241484721289566,0.946818497059829,2,10,9,0.1298930644989013,1,123.0,0.0,0.0,507,barabasi,10,9,1.8,1.7776,0.0,-0.6758,0.7,9,0.610499552781827
watts_508,8.877966401632875,"[2.716055657845172, 2.1621937368283515, 2.5436769841341853, 2.290575690552221]",2.716055657845172,2.5436769841341853,[1.72414847 2.24683366 0.9468185  0.8559005 ],1.7241484721289566,0.946818497059829,2,7,14,0.16143798828125,1,118.0,0.0,0.0,508,watts,7,14,4.0,0.0,0.5,0.0,0.2857,10,0.8877966401632875
regular_509,15.000048713574534,"[0.9265045519359023, 1.8933170725429727, 2.819184605617873, 2.2156906461497776]",0.9265045519359024,2.819184605617873,[1.72414847 2.24683366 0.9468185  0.8559005 ],1.7241484721289566,0.946818497059829,2,18,18,0.5578427314758301,1,257.0,0.0,0.0,509,regular,18,18,2.0,0.0,0.0,0.0,0.4444,18,0.8333360396430297
barabasi_510,8.603231960351014,"[-0.44615484555989193, 3.141592653589793, 3.0825289827957754, 2.022407109026675]",-0.4461548455598919,3.082528982795776,[1.72414847 2.24683366 0.9468185  0.8559005 ],1.7241484721289566,0.946818497059829,2,13,12,0.2068085670471191,1,133.0,0.0,0.0,510,barabasi,13,12,1.8462,1.6099,0.0,-0.5354,0.6154,12,0.7169359966959178
barabasi_511,33.678661348377865,"[1.77160950622693, 2.991987436015268, 2.595113928727281, 1.7155245621229591]",1.77160950622693,2.595113928727281,[1.72414847 2.24683366 0.9468185  0.8559005 ],1.7241484721289566,0.946818497059829,2,20,64,-0.4000840187072754,1,239.0,0.0,0.0,511,barabasi,20,64,6.4,2.7641,0.4965,-0.1275,0.35,46,0.7321448119212579
watts_512,12.521901344194548,"[1.1248662949786894, 1.6349249497122764, 3.141592653589793, 1.9635562438573069]",1.1248662949786894,3.141592653589793,[1.72414847 2.24683366 0.9468185  0.8559005 ],1.7241484721289566,0.946818497059829,2,17,17,0.4162962436676025,1,190.0,0.0,0.0,512,watts,17,17,2.0,0.686,0.0,0.15,0.4706,16,0.7826188340121593
gnm_513,19.39356120430421,"[3.0299519897727, 2.010053842912688, 1.7786681510894438, 1.4768901736234317]",3.0299519897727,1.7786681510894438,[1.72414847 2.24683366 0.9468185  0.8559005 ],1.7241484721289566,0.946818497059829,2,9,35,0.4060931205749511,1,154.0,0.0,0.0,513,gnm,9,35,7.7778,0.4157,0.9722,-0.25,0.2222,20,0.9696780602152104
regular_514,14.166677235320984,"[2.4971062213207618, 1.8929800845219467, 1.2482103490586238, 2.2156528796495594]",2.4971062213207618,1.2482103490586238,[1.72414847 2.24683366 0.9468185  0.8559005 ],1.7241484721289566,0.946818497059829,2,17,17,0.5356869697570801,1,266.0,0.0,0.0,514,regular,17,17,2.0,0.0,0.0,0.0,0.4118,16,0.8854173272075615
barabasi_515,15.603293427021534,"[2.9041101721588705, 1.905476247704021, 1.9740550737059843, 1.3617477463028322]",2.9041101721588705,1.9740550737059843,[1.72414847 2.24683366 0.9468185  0.8559005 ],1.7241484721289566,0.946818497059829,2,14,24,0.5825614929199219,1,252.0,0.0,0.0,515,barabasi,14,24,3.4286,2.1285,0.5384,-0.5195,0.5714,19,0.8212259698432386
barabasi_516,12.911850073572952,"[1.0943813630601007, 1.7750127113634528, 3.0843642024435516, 1.9528042297281563]",1.0943813630601007,3.084364202443552,[1.72414847 2.24683366 0.9468185  0.8559005 ],1.7241484721289566,0.946818497059829,2,12,20,0.3283407688140869,1,167.0,0.0,0.0,516,barabasi,12,20,3.3333,1.7951,0.3093,-0.3492,0.5,16,0.8069906295983095
regular_517,14.47518973714783,"[1.795774343466594, 1.023653505347636, 2.9350611612806037, 1.7956468952039044]",1.795774343466594,2.935061161280604,[1.72414847 2.24683366 0.9468185  0.8559005 ],1.7241484721289566,0.946818497059829,2,11,22,0.2636406421661377,1,115.0,0.0,0.0,517,regular,11,22,4.0,0.0,0.3636,0.0,0.2727,16,0.9046993585717393
barabasi_518,22.987151071334083,"[1.397001634745304, 2.807144381773945, 2.658315087554056, 2.881016725757153]",1.397001634745304,2.658315087554056,[1.72414847 2.24683366 0.9468185  0.8559005 ],1.7241484721289566,0.946818497059829,2,16,39,1.19220232963562,1,276.0,0.0,0.0,518,barabasi,16,39,4.875,1.6536,0.2884,-0.0351,0.4375,32,0.7183484709791901
barabasi_519,7.17170994188997,"[2.356300056741863, 1.5703284575830458, 1.8826754907461103, 1.2589916268004426]",2.356300056741863,1.8826754907461103,[1.72414847 2.24683366 0.9468185  0.8559005 ],1.7241484721289566,0.946818497059829,2,10,9,0.2423491477966308,1,202.0,0.0,0.0,519,barabasi,10,9,1.8,1.249,0.0,-0.5882,0.4,9,0.7968566602099967
barabasi_520,9.941118170647965,"[1.2932040225203965, 2.322757185979083, 1.2213048480704582, 1.2644546769012297]",1.2932040225203965,1.2213048480704582,[1.72414847 2.24683366 0.9468185  0.8559005 ],1.7241484721289566,0.946818497059829,2,14,13,0.2534487247467041,1,135.0,0.0,0.0,520,barabasi,14,13,1.8571,1.5972,0.0,-0.4341,0.5714,13,0.7647013977421511
barabasi_521,15.657237012270224,"[1.8438354505531018, 2.576299103158482, -0.3408401639863714, 1.819704855811588]",1.8438354505531016,-0.3408401639863714,[1.72414847 2.24683366 0.9468185  0.8559005 ],1.7241484721289566,0.946818497059829,2,15,26,0.6008384227752686,1,216.0,0.0,0.0,521,barabasi,15,26,3.4667,2.5263,0.5966,-0.4471,0.6,22,0.7116925914668284
regular_522,10.773137120984485,"[2.799776482633507, 2.3003027772876767, 1.8051003920688777, 1.83011556854854]",2.799776482633507,1.8051003920688775,[1.72414847 2.24683366 0.9468185  0.8559005 ],1.7241484721289566,0.946818497059829,2,10,15,0.3861587047576904,1,242.0,0.0,0.0,522,regular,10,15,3.0,0.0,0.2,0.0,0.4,13,0.828702855460345
watts_523,9.166661286626155,"[0.925642479407645, 1.892883435830847, 2.8192231022647465, 2.215409788005622]",0.925642479407645,2.8192231022647465,[1.72414847 2.24683366 0.9468185  0.8559005 ],1.7241484721289566,0.946818497059829,2,11,11,0.1877117156982422,1,137.0,0.0,0.0,523,watts,11,11,2.0,0.0,0.0,0.0,0.4545,10,0.9166661286626155
regular_524,16.456133726113954,"[3.0168061711867944, 1.9990097403231655, 3.141592653589793, 1.9544986418613008]",3.0168061711867944,3.141592653589793,[1.72414847 2.24683366 0.9468185  0.8559005 ],1.7241484721289566,0.946818497059829,2,16,24,0.3839607238769531,1,131.0,0.0,0.0,524,regular,16,24,3.0,0.0,0.0625,0.0,0.375,22,0.7480060784597252
watts_525,9.30252575543136,"[1.740897029045244, 2.38218949267044, 1.2548067833694323, 1.8221265728319302]",1.740897029045244,1.2548067833694323,[1.72414847 2.24683366 0.9468185  0.8559005 ],1.7241484721289566,0.946818497059829,2,9,18,0.3429148197174072,1,199.0,0.0,0.0,525,watts,9,18,4.0,1.1547,0.4593,-0.0,0.3333,14,0.6644661253879542
gnm_526,34.998081555362134,"[1.7434204059328113, 2.3005636425388376, 2.7675590691920067, 1.566008031940831]",1.7434204059328111,2.7675590691920067,[1.72414847 2.24683366 0.9468185  0.8559005 ],1.7241484721289566,0.946818497059829,2,14,65,1.3855371475219729,1,201.0,0.0,0.0,526,gnm,14,65,9.2857,1.3325,0.706,-0.0691,0.2143,42,0.8332876560800508
watts_527,7.285792404974927,"[2.9357826292885014, 2.0259434293402445, 1.8522424407254894, 1.471502726506406]",2.9357826292885014,1.8522424407254892,[1.72414847 2.24683366 0.9468185  0.8559005 ],1.7241484721289566,0.946818497059829,2,6,12,0.3411734104156494,1,206.0,0.0,0.0,527,watts,6,12,4.0,0.5774,0.7278,-0.2766,0.3333,9,0.8095324894416586
gnm_528,62.465237693538114,"[1.7560324613218725, 2.9010519252529017, 1.8602584191818021, 2.5614251532897185]",1.7560324613218723,1.860258419181802,[1.72414847 2.24683366 0.9468185  0.8559005 ],1.7241484721289566,0.946818497059829,2,20,124,6.613025426864624,1,341.0,0.0,0.0,528,gnm,20,124,12.4,1.7146,0.6408,-0.0333,0.2,78,0.8008363806863861
watts_529,25.62516905958831,"[2.9045194409240565, 2.0433057298775235, 1.895740469925792, 1.464250073524352]",2.9045194409240565,1.895740469925792,[1.72414847 2.24683366 0.9468185  0.8559005 ],1.7241484721289566,0.946818497059829,2,20,40,1.7539210319519043,1,267.0,0.0,0.0,529,watts,20,40,4.0,0.7071,0.2733,0.1955,0.35,32,0.8007865331121347
watts_530,8.519932555694407,"[0.6224623670243524, 2.8522773010319495, 1.8778728899200243, 0.9336678682022291]",0.6224623670243524,1.8778728899200243,[1.72414847 2.24683366 0.9468185  0.8559005 ],1.7241484721289566,0.946818497059829,2,11,11,0.1979780197143554,1,145.0,0.0,0.0,530,watts,11,11,2.0,0.7385,0.197,-0.1,0.4545,10,0.8519932555694407
barabasi_531,6.296613587989896,"[1.3530805515584359, 2.3135968250045913, 1.1671150832541222, 1.2467285571708309]",1.353080551558436,1.1671150832541222,[1.72414847 2.24683366 0.9468185  0.8559005 ],1.7241484721289566,0.946818497059829,2,9,8,0.1670238971710205,1,160.0,0.0,0.0,531,barabasi,9,8,1.7778,1.8725,0.0,-0.8195,0.7778,8,0.787076698498737
watts_532,7.535993355209939,"[2.949477951186415, 2.6354840362380783, 1.9100716750806672, 1.7505325008505392]",2.949477951186415,1.9100716750806672,[1.72414847 2.24683366 0.9468185  0.8559005 ],1.7241484721289566,0.946818497059829,2,6,12,0.2334258556365966,1,207.0,0.0,0.0,532,watts,6,12,4.0,0.8165,0.8444,-0.4348,0.3333,8,0.9419991694012424
watts_533,13.224051247708788,"[2.177034243581697, 2.1126075800876167, 1.3982083990341485, 1.943291156133335]",2.177034243581697,1.3982083990341485,[1.72414847 2.24683366 0.9468185  0.8559005 ],1.7241484721289566,0.946818497059829,2,18,18,0.5309407711029053,1,222.0,0.0,0.0,533,watts,18,18,2.0,0.3333,0.0,-0.0286,0.5,18,0.7346695137615993
watts_534,6.560410609602343,"[2.762974229948021, 1.5983457523684563, 0.40445630590553916, 1.5328463540848447]",2.762974229948021,0.4044563059055391,[1.72414847 2.24683366 0.9468185  0.8559005 ],1.7241484721289566,0.946818497059829,2,9,9,0.3929307460784912,1,359.0,0.0,0.0,534,watts,9,9,2.0,0.9428,0.0,-0.3012,0.5556,9,0.7289345121780381
regular_535,22.022712564140093,"[0.7507002729156753, 2.1364290640775283, 3.141592653589793, 1.9399575139506373]",0.7507002729156753,3.141592653589793,[1.72414847 2.24683366 0.9468185  0.8559005 ],1.7241484721289566,0.946818497059829,2,17,34,0.8329827785491943,1,221.0,0.0,0.0,535,regular,17,34,4.0,0.0,0.1471,0.0,0.3529,28,0.7865254487192891
watts_536,24.0481177491366,"[2.8936859874408247, 2.0848283718312652, 1.9183351568130007, 1.589696317563624]",2.8936859874408247,1.9183351568130007,[1.72414847 2.24683366 0.9468185  0.8559005 ],1.7241484721289566,0.946818497059829,2,19,38,1.008338212966919,1,201.0,0.0,0.0,536,watts,19,38,4.0,0.8584,0.293,0.0576,0.3158,30,0.80160392497122
gnm_537,7.0966283012821805,"[1.0307180083187681, 1.8347291266695414, 3.074290579346783, 1.9313972250201494]",1.030718008318768,3.074290579346783,[1.72414847 2.24683366 0.9468185  0.8559005 ],1.7241484721289566,0.946818497059829,2,7,11,0.2861926555633545,1,212.0,0.0,0.0,537,gnm,7,11,3.1429,0.833,0.381,0.0833,0.4286,9,0.78851425569802
barabasi_538,8.882608734377051,"[1.6831321339384226, 1.9393470033368008, 0.9773693800732113, 2.7659219095991294]",1.6831321339384226,0.9773693800732112,[1.72414847 2.24683366 0.9468185  0.8559005 ],1.7241484721289566,0.946818497059829,2,13,12,0.3647940158843994,1,260.0,0.0,0.0,538,barabasi,13,12,1.8462,1.2308,0.0,-0.4118,0.6923,12,0.7402173945314209
regular_539,20.40075156774199,"[2.790755122833544, 1.7007914625180538, 1.22665712444972, 2.287792512620814]",2.790755122833544,1.22665712444972,[1.72414847 2.24683366 0.9468185  0.8559005 ],1.7241484721289566,0.946818497059829,2,15,30,0.8331830501556396,1,263.0,0.0,0.0,539,regular,15,30,4.0,0.0,0.2333,0.0,0.3333,22,0.9273068894428178
barabasi_540,29.41497864268453,"[0.9209003909665757, 2.000113250743578, 3.141390292914018, 1.9204367677774725]",0.9209003909665756,3.141390292914018,[1.72414847 2.24683366 0.9468185  0.8559005 ],1.7241484721289566,0.946818497059829,2,19,48,1.5234553813934326,1,257.0,0.0,0.0,540,barabasi,19,48,5.0526,1.9594,0.2753,-0.2128,0.3684,36,0.8170827400745703
barabasi_541,4.906228875726356,"[0.5674852978782556, 2.884093738216439, 1.9044452526761342, 0.8603003362637056]",0.5674852978782556,1.9044452526761344,[1.72414847 2.24683366 0.9468185  0.8559005 ],1.7241484721289566,0.946818497059829,2,7,6,0.1367876529693603,1,136.0,0.0,0.0,541,barabasi,7,6,1.7143,0.6999,0.0,-0.3333,0.4286,6,0.8177048126210593
regular_542,10.073808752717014,"[2.925025022694787, 2.797991964960225, 2.102716106628894, 1.9338918638072249]",2.925025022694787,2.102716106628894,[1.72414847 2.24683366 0.9468185  0.8559005 ],1.7241484721289566,0.946818497059829,2,7,14,0.3448758125305176,1,259.0,0.0,0.0,542,regular,7,14,4.0,0.0,0.4286,0.0,0.4286,12,0.8394840627264178
gnm_543,32.93216062066502,"[1.2410674919896825, 1.7021436201214564, 3.1170879432111667, 1.9074825435170726]",1.2410674919896825,3.1170879432111667,[1.72414847 2.24683366 0.9468185  0.8559005 ],1.7241484721289566,0.946818497059829,2,18,55,1.6797678470611572,1,285.0,0.0,0.0,543,gnm,18,55,6.1111,1.4866,0.3185,-0.0496,0.2778,41,0.8032234297723176
watts_544,13.02466955262593,"[2.9582168723270112, 2.7389568006521623, 1.9752679129864807, 1.7761713307504607]",2.9582168723270112,1.9752679129864807,[1.72414847 2.24683366 0.9468185  0.8559005 ],1.7241484721289566,0.946818497059829,2,10,20,0.6752958297729492,1,364.0,0.0,0.0,544,watts,10,20,4.0,0.6325,0.5133,-0.1538,0.3,14,0.9303335394732807
watts_545,10.006534065948792,"[0.7729873483851973, 1.944669327033127, 2.936383254010443, 2.0061115032037415]",0.7729873483851973,2.936383254010443,[1.72414847 2.24683366 0.9468185  0.8559005 ],1.7241484721289566,0.946818497059829,2,13,13,0.2766971588134765,1,177.0,0.0,0.0,545,watts,13,13,2.0,0.6794,0.1667,-0.3241,0.4615,12,0.833877838829066
watts_546,10.55395807338482,"[2.95297315139914, 2.754019096408801, 2.0000855530134225, 1.820634660634255]",2.95297315139914,2.0000855530134225,[1.72414847 2.24683366 0.9468185  0.8559005 ],1.7241484721289566,0.946818497059829,2,8,16,0.3382320404052734,1,221.0,0.0,0.0,546,watts,8,16,4.0,1.0,0.5583,-0.2222,0.375,12,0.8794965061154016
regular_547,12.151623342569202,"[3.141592653589793, 1.867806083972126, 3.1118197617010463, 1.9407717302430902]",3.141592653589793,3.1118197617010463,[1.72414847 2.24683366 0.9468185  0.8559005 ],1.7241484721289566,0.946818497059829,2,12,18,0.2355012893676757,1,105.0,0.0,0.0,547,regular,12,18,3.0,0.0,0.1667,0.0,0.3333,16,0.7594764589105751
barabasi_548,6.606309120500441,"[2.8352019666182957, 2.6094864812615137, 2.047535382204778, 1.8325695949215137]",2.835201966618296,2.047535382204778,[1.72414847 2.24683366 0.9468185  0.8559005 ],1.7241484721289566,0.946818497059829,2,9,8,0.303035020828247,1,250.0,0.0,0.0,548,barabasi,9,8,1.7778,0.9162,0.0,-0.4737,0.4444,8,0.8257886400625551
gnm_549,26.66295403013893,"[1.7656770144263088, 2.988826290591199, 1.0849063164351143, 3.141550621144173]",1.7656770144263088,1.0849063164351145,[1.72414847 2.24683366 0.9468185  0.8559005 ],1.7241484721289566,0.946818497059829,2,14,51,1.0865049362182615,1,233.0,0.0,0.0,549,gnm,14,51,7.2857,1.5779,0.5372,-0.0458,0.2857,35,0.7617986865753981
gnm_550,10.2767214321575,"[1.0260007071858404, 1.8905696471577544, 3.141592653589793, 1.8758635149447414]",1.0260007071858404,3.141592653589793,[1.72414847 2.24683366 0.9468185  0.8559005 ],1.7241484721289566,0.946818497059829,2,8,17,0.1726329326629638,1,97.0,0.0,0.0,550,gnm,8,17,4.25,1.299,0.5542,-0.3262,0.5,13,0.7905170332428846
barabasi_551,5.240379878834119,"[-0.4096827813498292, 3.141581616053805, 2.985446612625867, 2.1194774550777122]",-0.4096827813498292,2.985446612625867,[1.72414847 2.24683366 0.9468185  0.8559005 ],1.7241484721289566,0.946818497059829,2,8,7,0.1345691680908203,1,122.0,0.0,0.0,551,barabasi,8,7,1.75,0.8292,0.0,-0.2353,0.5,7,0.7486256969763028
barabasi_552,25.24184317993221,"[1.4051862849236598, 2.838233731870571, 2.6504164685053038, 2.875935828601369]",1.4051862849236598,2.650416468505304,[1.72414847 2.24683366 0.9468185  0.8559005 ],1.7241484721289566,0.946818497059829,2,18,45,1.4449946880340576,1,252.0,0.0,0.0,552,barabasi,18,45,5.0,2.4267,0.2972,-0.3361,0.3889,37,0.6822119778360057
watts_553,8.412515670883295,"[2.5083202891913965, 0.8558992258640853, 3.141592653589793, 2.8494922612201394]",2.5083202891913965,3.141592653589793,[1.72414847 2.24683366 0.9468185  0.8559005 ],1.7241484721289566,0.946818497059829,2,7,14,0.1576385498046875,1,101.0,0.0,0.0,553,watts,7,14,4.0,1.3093,0.8095,-0.4933,0.4286,10,0.8412515670883295
barabasi_554,8.524878131012976,"[1.844834386006913, 3.001003393030059, 1.1384861232085304, 2.437103362221631]",1.844834386006913,1.1384861232085304,[1.72414847 2.24683366 0.9468185  0.8559005 ],1.7241484721289566,0.946818497059829,2,15,14,0.1907427310943603,1,114.0,0.0,0.0,554,barabasi,15,14,1.8667,1.9956,0.0,-0.5029,0.6,14,0.6089198665009269
barabasi_555,9.13092035690096,"[2.3560193019707265, 1.5706117562092765, 1.8997931092675817, 1.2415625536188837]",2.3560193019707265,1.8997931092675815,[1.72414847 2.24683366 0.9468185  0.8559005 ],1.7241484721289566,0.946818497059829,2,12,11,-2.476282358169556,1,196.0,0.0,0.0,555,barabasi,12,11,1.8333,1.5723,0.0,-0.5867,0.5,11,0.8300836688091782
barabasi_556,15.56380198087823,"[2.0299189729113305, 0.8433337229109172, 3.141592653589793, 1.9314796917296189]",2.0299189729113305,3.141592653589793,[1.72414847 2.24683366 0.9468185  0.8559005 ],1.7241484721289566,0.946818497059829,2,14,24,0.5661180019378662,1,213.0,0.0,0.0,556,barabasi,14,24,3.4286,1.178,0.2905,-0.2447,0.2857,19,0.8191474726778015
watts_557,12.453096557611218,"[2.0187988488690314, 0.8819053369644594, 3.141592653589793, 1.8983643004328055]",2.0187988488690314,3.141592653589793,[1.72414847 2.24683366 0.9468185  0.8559005 ],1.7241484721289566,0.946818497059829,2,10,20,0.1803207397460937,1,101.0,0.0,0.0,557,watts,10,20,4.0,0.6325,0.44,-0.0256,0.3,15,0.8302064371740812
regular_558,27.588299128245115,"[1.217459407416576, 1.70819885329111, 2.7905752801040444, 2.3008744339898763]",1.217459407416576,2.7905752801040444,[1.72414847 2.24683366 0.9468185  0.8559005 ],1.7241484721289566,0.946818497059829,2,20,40,1.8763675689697263,1,262.0,0.0,0.0,558,regular,20,40,4.0,0.0,0.175,0.0,0.35,32,0.8621343477576598
barabasi_559,4.626401170622557,"[2.0175621310142002, 2.2436219499627907, 1.9566574852277454, 1.299390526108441]",2.0175621310142,1.9566574852277452,[1.72414847 2.24683366 0.9468185  0.8559005 ],1.7241484721289566,0.946818497059829,2,7,6,0.1240983009338378,1,123.0,0.0,0.0,559,barabasi,7,6,1.7143,1.1606,0.0,-0.7143,0.7143,6,0.7710668617704263
regular_560,7.697140707983635,"[2.796950073551522, 1.6645687506933242, 1.204567388883842, 2.2718821146402695]",2.796950073551522,1.204567388883842,[1.72414847 2.24683366 0.9468185  0.8559005 ],1.7241484721289566,0.946818497059829,2,6,12,0.210977554321289,1,184.0,0.0,0.0,560,regular,6,12,4.0,0.0,0.6667,0.0,0.3333,8,0.9621425884979544
watts_561,12.41754403332532,"[2.872506910392671, 2.6258494814370303, 0.48490451212034247, 1.823601760085861]",2.872506910392671,0.4849045121203424,[1.72414847 2.24683366 0.9468185  0.8559005 ],1.7241484721289566,0.946818497059829,2,16,16,0.4159295558929443,1,238.0,0.0,0.0,561,watts,16,16,2.0,0.9354,0.1354,-0.1808,0.5,15,0.8278362688883547
barabasi_562,21.165001578421027,"[1.397566495759041, 2.777560914942102, 2.662238542296225, 2.8983895052973185]",1.397566495759041,2.662238542296225,[1.72414847 2.24683366 0.9468185  0.8559005 ],1.7241484721289566,0.946818497059829,2,16,39,0.9597647190093994,1,253.0,0.0,0.0,562,barabasi,16,39,4.875,1.9645,0.3328,-0.1648,0.3125,31,0.6827419864006783
gnm_563,25.18406861961952,"[2.038791698863079, 3.018563511072104, 2.8533071921784794, 0.6325262706036905]",2.038791698863079,2.8533071921784794,[1.72414847 2.24683366 0.9468185  0.8559005 ],1.7241484721289566,0.946818497059829,2,20,48,2.268716096878052,1,295.0,0.0,0.0,563,gnm,20,48,4.8,1.9391,0.2165,-0.1357,0.4,37,0.68065050323296
barabasi_564,6.579198420646549,"[1.4127721190413975, 2.171854471584735, 1.7410962050659076, 1.1904940766986551]",1.4127721190413975,1.7410962050659076,[1.72414847 2.24683366 0.9468185  0.8559005 ],1.7241484721289566,0.946818497059829,2,10,9,0.1527955532073974,1,116.0,0.0,0.0,564,barabasi,10,9,1.8,1.4697,0.0,-0.5952,0.7,9,0.7310220467385053
watts_565,5.6690034921812185,"[-0.3652736428565398, 3.141466497390679, 3.136988535440958, 1.937477600068086]",-0.3652736428565398,3.136988535440958,[1.72414847 2.24683366 0.9468185  0.8559005 ],1.7241484721289566,0.946818497059829,2,8,8,0.1631889343261718,1,166.0,0.0,0.0,565,watts,8,8,2.0,0.7071,0.2083,-0.1429,0.5,7,0.809857641740174
watts_566,8.490818913429393,"[2.906368568009257, 2.008947226972979, 1.8723911767795622, 1.529377902763382]",2.906368568009257,1.8723911767795625,[1.72414847 2.24683366 0.9468185  0.8559005 ],1.7241484721289566,0.946818497059829,2,7,14,0.2463769912719726,1,183.0,0.0,0.0,566,watts,7,14,4.0,1.069,0.6048,-0.2651,0.4286,10,0.8490818913429393
gnm_567,74.50126396951146,"[3.079344965847235, 1.5697957916574832, 3.141592653589793, 3.141592653589793]",3.079344965847235,3.141592653589793,[1.72414847 2.24683366 0.9468185  0.8559005 ],1.7241484721289566,0.946818497059829,2,18,149,2.694129705429077,1,178.0,0.0,0.0,567,gnm,18,149,16.5556,0.5984,0.9736,-0.1098,0.1111,81,0.919768690981623
barabasi_568,27.649005963561592,"[2.927510298916566, 2.024090005029472, 1.9039007835197528, 1.6632766834577999]",2.927510298916566,1.9039007835197528,[1.72414847 2.24683366 0.9468185  0.8559005 ],1.7241484721289566,0.946818497059829,2,18,45,1.7347424030303955,1,313.0,0.0,0.0,568,barabasi,18,45,5.0,2.1344,0.3319,-0.1333,0.2778,35,0.7899715989589027
regular_569,9.24203966280038,"[2.79759124427324, 1.6788800006154851, 1.2044625486148597, 2.2933116932014044]",2.79759124427324,1.2044625486148597,[1.72414847 2.24683366 0.9468185  0.8559005 ],1.7241484721289566,0.946818497059829,2,7,14,0.2661678791046142,1,195.0,0.0,0.0,569,regular,7,14,4.0,0.0,0.5,0.0,0.2857,10,0.924203966280038
barabasi_570,15.4463125273396,"[2.883208777826842, 2.1204109476525206, 1.9343105665664115, 1.5349198989783244]",2.883208777826842,1.9343105665664115,[1.72414847 2.24683366 0.9468185  0.8559005 ],1.7241484721289566,0.946818497059829,2,14,24,0.5535385608673096,1,217.0,0.0,0.0,570,barabasi,14,24,3.4286,1.6351,0.3912,-0.356,0.3571,19,0.8129638172284
gnm_571,84.37202906010357,"[2.505498789240434, 1.7785983451557832, 1.7344255953061725, 1.8756590691068804]",2.505498789240434,1.7344255953061725,[1.72414847 2.24683366 0.9468185  0.8559005 ],1.7241484721289566,0.946818497059829,2,19,166,6.924096822738648,1,275.0,0.0,0.0,571,gnm,19,166,17.4737,0.6781,0.9708,-0.1156,0.1053,90,0.9374669895567064
regular_572,16.153902199974404,"[3.141576228817981, 1.8657773285151906, 3.120101697928133, 1.9377564638189035]",3.141576228817981,3.120101697928133,[1.72414847 2.24683366 0.9468185  0.8559005 ],1.7241484721289566,0.946818497059829,2,16,24,0.9847276210784912,1,216.0,0.0,0.0,572,regular,16,24,3.0,0.0,0.1875,0.0,0.375,20,0.8076951099987202
regular_573,13.485039325417834,"[2.9039978760249596, 1.1315990628080814, 2.111593801120871, 2.8495049703947783]",2.90399787602496,2.111593801120871,[1.72414847 2.24683366 0.9468185  0.8559005 ],1.7241484721289566,0.946818497059829,2,12,18,0.8450777530670166,1,276.0,0.0,0.0,573,regular,12,18,3.0,0.0,0.0833,0.0,0.4167,16,0.8428149578386146
gnm_574,16.228986779757605,"[2.393065574720115, 0.9612815623859389, 3.141592653589793, 2.825931402471178]",2.393065574720115,3.141592653589793,[1.72414847 2.24683366 0.9468185  0.8559005 ],1.7241484721289566,0.946818497059829,2,11,27,0.5092644691467285,1,207.0,0.0,0.0,574,gnm,11,27,4.9091,1.4431,0.5359,-0.3556,0.3636,20,0.8114493389878803
watts_575,4.907436241497635,"[-0.35715659587785165, 3.1355806752303614, 3.141592653589793, 1.9341690643135567]",-0.3571565958778516,3.141592653589793,[1.72414847 2.24683366 0.9468185  0.8559005 ],1.7241484721289566,0.946818497059829,2,7,7,0.181312084197998,1,139.0,0.0,0.0,575,watts,7,7,2.0,0.9258,0.1429,-0.0606,0.5714,6,0.8179060402496058
gnm_576,33.15199404436419,"[1.690052817393099, 2.8275640421811508, 1.8268646554570316, 1.3855916188119815]",1.690052817393099,1.826864655457032,[1.72414847 2.24683366 0.9468185  0.8559005 ],1.7241484721289566,0.946818497059829,2,12,62,1.2342779636383057,1,240.0,0.0,0.0,576,gnm,12,62,10.3333,0.7454,0.9405,-0.1923,0.1667,36,0.9208887234545607
gnm_577,12.73032525866451,"[0.2811014123109677, 2.5039470567386743, 2.8765902001190193, 1.8141008776433551]",0.2811014123109677,2.87659020011902,[1.72414847 2.24683366 0.9468185  0.8559005 ],1.7241484721289566,0.946818497059829,2,15,17,0.6663942337036133,1,311.0,0.0,0.0,577,gnm,15,17,2.2667,1.2893,0.0556,-0.1818,0.4667,16,0.7956453286665319
watts_578,16.455853434800336,"[-0.05043360617676255, 2.9446534372879754, 3.141592653589793, 1.919615920623555]",-0.0504336061767625,3.141592653589793,[1.72414847 2.24683366 0.9468185  0.8559005 ],1.7241484721289566,0.946818497059829,2,13,26,0.3354825973510742,1,126.0,0.0,0.0,578,watts,13,26,4.0,0.8771,0.2718,0.2518,0.3077,20,0.8227926717400168
watts_579,6.510614680199637,"[1.7173737867010075, 1.8724610876373715, 1.2555302429555557, 2.846826763645163]",1.7173737867010077,1.2555302429555557,[1.72414847 2.24683366 0.9468185  0.8559005 ],1.7241484721289566,0.946818497059829,2,9,9,0.2746961116790771,1,226.0,0.0,0.0,579,watts,9,9,2.0,0.4714,0.2593,-0.0588,0.4444,8,0.8138268350249547
barabasi_580,15.578480988413178,"[2.08874809578609, 0.7734597888991432, 3.034806175210875, 1.9185065206170013]",2.08874809578609,3.034806175210875,[1.72414847 2.24683366 0.9468185  0.8559005 ],1.7241484721289566,0.946818497059829,2,14,24,0.6726365089416504,1,241.0,0.0,0.0,580,barabasi,14,24,3.4286,1.9898,0.4027,-0.5338,0.5,20,0.7789240494206588
watts_581,15.468142142081666,"[1.8144102195137914, 2.7187465552505463, 2.8063472328944026, 1.887992253685801]",1.8144102195137917,2.8063472328944026,[1.72414847 2.24683366 0.9468185  0.8559005 ],1.7241484721289566,0.946818497059829,2,14,28,1.2436754703521729,1,344.0,0.0,0.0,581,watts,14,28,4.0,0.6547,0.3619,-0.2844,0.3571,22,0.7030973700946211
regular_582,19.779374690507105,"[1.9097070509839948, -0.6723835949171049, 0.2118460445841467, 2.861494597642645]",1.9097070509839948,0.2118460445841467,[1.72414847 2.24683366 0.9468185  0.8559005 ],1.7241484721289566,0.946818497059829,2,18,27,1.8220081329345703,1,477.0,0.0,0.0,582,regular,18,27,3.0,0.0,0.0556,0.0,0.3889,23,0.8599728126307437
watts_583,23.000826169930544,"[1.588821333308787, 1.8118996691458418, 1.2117903486297625, 1.2147527808189729]",1.588821333308787,1.2117903486297623,[1.72414847 2.24683366 0.9468185  0.8559005 ],1.7241484721289566,0.946818497059829,2,18,36,0.7464799880981445,1,180.0,0.0,0.0,583,watts,18,36,4.0,0.8165,0.1944,0.2,0.3333,30,0.7666942056643514
barabasi_584,4.491092386568198,"[-0.4138886936266035, 3.1415914580002253, 2.978513215012053, 2.126048271479738]",-0.4138886936266035,2.978513215012053,[1.72414847 2.24683366 0.9468185  0.8559005 ],1.7241484721289566,0.946818497059829,2,7,6,0.1352965831756591,1,132.0,0.0,0.0,584,barabasi,7,6,1.7143,0.8806,0.0,-0.4483,0.5714,6,0.7485153977613663
barabasi_585,13.5331858290437,"[2.946572029228517, 2.7437761714848383, 1.9981640502933486, 1.8082880859746648]",2.946572029228517,1.9981640502933489,[1.72414847 2.24683366 0.9468185  0.8559005 ],1.7241484721289566,0.946818497059829,2,12,20,0.574439525604248,1,299.0,0.0,0.0,585,barabasi,12,20,3.3333,1.6499,0.521,-0.1461,0.3333,15,0.9022123886029134
barabasi_586,13.353100139662033,"[0.2819739931578993, 2.4908752118335746, 2.806395173819647, 1.8151834152239568]",0.2819739931578993,2.806395173819647,[1.72414847 2.24683366 0.9468185  0.8559005 ],1.7241484721289566,0.946818497059829,2,18,17,0.3194780349731445,1,114.0,0.0,0.0,586,barabasi,18,17,1.8889,1.4866,0.0,-0.4937,0.6111,17,0.785476478803649
watts_587,4.445245836910999,"[1.2809532602583678, 2.6247012239510847, 0.5912077193453514, 1.8747223959507717]",1.2809532602583678,0.5912077193453514,[1.72414847 2.24683366 0.9468185  0.8559005 ],1.7241484721289566,0.946818497059829,2,7,7,0.18955659866333,1,177.0,0.0,0.0,587,watts,7,7,2.0,0.5345,0.0,-0.0769,0.5714,7,0.6350351195587142
watts_588,6.666662571851703,"[0.9253890916615827, 1.8936883879417994, 2.8191514532070414, 2.2152653394197284]",0.9253890916615828,2.8191514532070414,[1.72414847 2.24683366 0.9468185  0.8559005 ],1.7241484721289566,0.946818497059829,2,8,8,0.1356501579284668,1,138.0,0.0,0.0,588,watts,8,8,2.0,0.0,0.0,0.0,0.5,8,0.8333328214814629
gnm_589,62.76521060876743,"[1.7314809297950704, 2.835802342075322, 2.9447332536781703, 2.430721126374805]",1.7314809297950704,2.9447332536781703,[1.72414847 2.24683366 0.9468185  0.8559005 ],1.7241484721289566,0.946818497059829,2,18,121,0.6444220542907715,1,243.0,0.0,0.0,589,gnm,18,121,13.4444,1.3426,0.7807,-0.1388,0.1667,75,0.8368694747835658
gnm_590,67.23828140544923,"[1.6941369635303785, 2.9152697644003602, 1.8624722167432806, 1.0785659151528835]",1.6941369635303785,1.8624722167432808,[1.72414847 2.24683366 0.9468185  0.8559005 ],1.7241484721289566,0.946818497059829,2,19,127,3.0834240913391118,1,208.0,0.0,0.0,590,gnm,19,127,13.3684,2.0828,0.767,-0.1136,0.1579,76,0.8847142290190688
gnm_591,59.15791260029874,"[1.733988558919112, 3.064427079515921, 1.128554287537237, 2.414963870227571]",1.733988558919112,1.128554287537237,[1.72414847 2.24683366 0.9468185  0.8559005 ],1.7241484721289566,0.946818497059829,2,17,114,2.8488223552703857,1,263.0,0.0,0.0,591,gnm,17,114,13.4118,1.3745,0.8398,-0.0938,0.1176,68,0.8699693029455696
barabasi_592,15.282951757558296,"[2.897249774462029, 2.0987603707699622, 1.9162944808236455, 1.4486769554918713]",2.897249774462029,1.9162944808236453,[1.72414847 2.24683366 0.9468185  0.8559005 ],1.7241484721289566,0.946818497059829,2,14,24,0.4777388572692871,1,177.0,0.0,0.0,592,barabasi,14,24,3.4286,2.4411,0.6186,-0.4983,0.4286,18,0.8490528754199054
watts_593,7.256249561934965,"[2.87652424066788, 1.758475989312828, 1.930036406427472, 1.0122100012674693]",2.87652424066788,1.930036406427472,[1.72414847 2.24683366 0.9468185  0.8559005 ],1.7241484721289566,0.946818497059829,2,6,12,0.2674942016601562,1,240.0,0.0,0.0,593,watts,6,12,4.0,1.0,0.9,-0.4545,0.3333,8,0.9070311952418706
barabasi_594,4.522553685097591,"[1.6593771772126926, 1.990056448347226, 1.0266599402850887, 2.765319563592156]",1.6593771772126926,1.026659940285089,[1.72414847 2.24683366 0.9468185  0.8559005 ],1.7241484721289566,0.946818497059829,2,7,6,0.1550734043121338,1,151.0,0.0,0.0,594,barabasi,7,6,1.7143,1.0302,0.0,-0.7143,0.7143,6,0.7537589475162653
gnm_595,73.37974267937419,"[2.9935909253667106, 1.5609368060680688, 3.141592653589793, 2.3464620029412027]",2.9935909253667106,3.141592653589793,[1.72414847 2.24683366 0.9468185  0.8559005 ],1.7241484721289566,0.946818497059829,2,20,144,4.314450740814209,1,196.0,0.0,0.0,595,gnm,20,144,14.4,1.9849,0.761,-0.0553,0.2,88,0.8338607122656158
gnm_596,16.218772829624868,"[2.9939290872673348, 2.0322106396086994, 1.790793141993213, 1.4123547516665877]",2.9939290872673348,1.790793141993213,[1.72414847 2.24683366 0.9468185  0.8559005 ],1.7241484721289566,0.946818497059829,2,9,28,0.6550736427307129,1,274.0,0.0,0.0,596,gnm,9,28,6.2222,0.7857,0.7513,-0.2037,0.2222,19,0.8536196226118351
gnm_597,38.35425182051301,"[1.659107119290176, 1.7659633742648215, 1.1431479023830704, 1.3492267779023819]",1.659107119290176,1.1431479023830704,[1.72414847 2.24683366 0.9468185  0.8559005 ],1.7241484721289566,0.946818497059829,2,15,68,1.4633991718292236,1,261.0,0.0,0.0,597,gnm,15,68,9.0667,1.6918,0.6615,-0.2089,0.2667,43,0.8919593446630931
barabasi_598,3.755990091332933,"[1.6526152999072448, 1.9723714354846273, 0.9628398047372371, 2.756160790678389]",1.6526152999072448,0.9628398047372372,[1.72414847 2.24683366 0.9468185  0.8559005 ],1.7241484721289566,0.946818497059829,2,6,5,0.1419174671173095,1,145.0,0.0,0.0,598,barabasi,6,5,1.6667,1.1055,0.0,-0.7391,0.6667,5,0.7511980182665866
barabasi_599,21.854150697802915,"[2.8928679187472275, 2.0085348758015593, 1.9385420774162117, 1.4533821075858941]",2.8928679187472275,1.938542077416212,[1.72414847 2.24683366 0.9468185  0.8559005 ],1.7241484721289566,0.946818497059829,2,19,34,1.1985421180725098,1,243.0,0.0,0.0,599,barabasi,19,34,3.5789,2.1353,0.3336,-0.2896,0.4737,27,0.8094129888075153
regular_600,7.697156118985731,"[2.795466842712844, 1.665180723442708, 1.208074186453291, 2.2673507629700667]",2.795466842712844,1.208074186453291,[1.72414847 2.24683366 0.9468185  0.8559005 ],1.7241484721289566,0.946818497059829,2,6,12,0.2754709720611572,1,193.0,0.0,0.0,600,regular,6,12,4.0,0.0,0.6667,0.0,0.3333,8,0.9621445148732164
watts_601,19.18739233076873,"[1.6269956932612968, 1.799241772517521, 1.1126684026723246, 2.7956789172323564]",1.6269956932612968,1.1126684026723246,[1.72414847 2.24683366 0.9468185  0.8559005 ],1.7241484721289566,0.946818497059829,2,15,30,0.7145736217498779,1,248.0,0.0,0.0,601,watts,15,30,4.0,0.6325,0.2689,-0.1111,0.3333,24,0.7994746804486971
gnm_602,47.69124165897267,"[1.619219042849796, 3.0269437912432693, 2.3547851177729235, 0.455402474273907]",1.619219042849796,2.3547851177729235,[1.72414847 2.24683366 0.9468185  0.8559005 ],1.7241484721289566,0.946818497059829,2,15,91,1.9211301803588867,1,229.0,0.0,0.0,602,gnm,15,91,12.1333,0.8055,0.8522,-0.118,0.1333,55,0.8671134847085941
barabasi_603,11.100078786010489,"[0.29352846870180516, 2.444455830210963, 2.793615179326877, 1.8195868939284268]",0.2935284687018051,2.793615179326877,[1.72414847 2.24683366 0.9468185  0.8559005 ],1.7241484721289566,0.946818497059829,2,15,14,0.3049807548522949,1,166.0,0.0,0.0,603,barabasi,15,14,1.8667,1.4996,0.0,-0.3792,0.5333,14,0.7928627704293206
regular_604,21.53721398185823,"[1.2177696154748396, 1.7223346329416307, 2.7983398804386743, 2.3214276968562535]",1.2177696154748396,2.7983398804386743,[1.72414847 2.24683366 0.9468185  0.8559005 ],1.7241484721289566,0.946818497059829,2,15,30,0.9518640041351318,1,273.0,0.0,0.0,604,regular,15,30,4.0,0.0,0.0333,0.0,0.4,26,0.8283543839176242
watts_605,16.149817508935175,"[0.5625499794173139, 2.8766194977683144, 1.8980786783305783, 0.8797411837891875]",0.5625499794173139,1.8980786783305783,[1.72414847 2.24683366 0.9468185  0.8559005 ],1.7241484721289566,0.946818497059829,2,20,20,1.8879432678222656,1,447.0,0.0,0.0,605,watts,20,20,2.0,0.5477,0.0,-0.2613,0.55,20,0.8074908754467588
barabasi_606,19.0478628992288,"[1.8926245433777018, 2.468392190556936, 1.2974046346543764, 1.8306178809531246]",1.8926245433777016,1.2974046346543764,[1.72414847 2.24683366 0.9468185  0.8559005 ],1.7241484721289566,0.946818497059829,2,18,32,0.9186499118804932,1,256.0,0.0,0.0,606,barabasi,18,32,3.5556,2.4088,0.339,-0.5105,0.5,26,0.7326101115088
barabasi_607,16.667443717203877,"[1.8515539611097331, 2.58338391389026, 1.2007248725366382, 1.8629807823234967]",1.8515539611097327,1.2007248725366382,[1.72414847 2.24683366 0.9468185  0.8559005 ],1.7241484721289566,0.946818497059829,2,17,30,0.8380112648010254,1,254.0,0.0,0.0,607,barabasi,17,30,3.5294,1.9739,0.2451,-0.2935,0.4706,26,0.6410555275847645
watts_608,10.40261763815124,"[1.8504160514678438, -0.16521043875392744, 2.704931882805762, 2.4052173945010082]",1.850416051467844,2.704931882805762,[1.72414847 2.24683366 0.9468185  0.8559005 ],1.7241484721289566,0.946818497059829,2,9,18,0.3659656047821045,1,169.0,0.0,0.0,608,watts,9,18,4.0,0.8165,0.5889,-0.3043,0.3333,13,0.8002013567808646
barabasi_609,5.307885961899501,"[1.3079201062547812, 2.2461362357509658, 1.7231245440034253, 1.1928734257378242]",1.3079201062547812,1.7231245440034253,[1.72414847 2.24683366 0.9468185  0.8559005 ],1.7241484721289566,0.946818497059829,2,8,7,0.1500775814056396,1,139.0,0.0,0.0,609,barabasi,8,7,1.75,0.9682,0.0,-0.4848,0.625,7,0.7582694231285002
watts_610,5.223469907374238,"[1.5159115386633295, 1.9904667490488368, 0.351878203404, 1.1959789441444277]",1.5159115386633295,0.351878203404,[1.72414847 2.24683366 0.9468185  0.8559005 ],1.7241484721289566,0.946818497059829,2,7,7,0.2007513046264648,1,169.0,0.0,0.0,610,watts,7,7,2.0,0.5345,0.0,-0.0769,0.4286,6,0.8705783178957063
gnm_611,14.612032258117534,"[0.2750563253341234, 2.5577993305457354, 2.9108159539732874, 1.850125626683044]",0.2750563253341234,2.9108159539732874,[1.72414847 2.24683366 0.9468185  0.8559005 ],1.7241484721289566,0.946818497059829,2,14,20,0.7589583396911621,1,304.0,0.0,0.0,611,gnm,14,20,2.8571,1.1867,0.0476,-0.2314,0.4286,19,0.769054329374607
gnm_612,28.41244072688649,"[2.0149314524393014, 2.320383660708247, 1.8212008763444067, 1.2673655712040004]",2.0149314524393014,1.8212008763444067,[1.72414847 2.24683366 0.9468185  0.8559005 ],1.7241484721289566,0.946818497059829,2,18,55,1.6673619747161863,1,255.0,0.0,0.0,612,gnm,18,55,6.1111,1.8526,0.3383,-0.0977,0.2778,41,0.6929863591923534
barabasi_613,7.24999491519884,"[2.3563392775761676, 3.1386798896978814, 0.3951869422805914, 3.138740841375894]",2.356339277576168,0.3951869422805914,[1.72414847 2.24683366 0.9468185  0.8559005 ],1.7241484721289566,0.946818497059829,2,11,10,0.1873507499694824,1,141.0,0.0,0.0,613,barabasi,11,10,1.8182,1.8497,0.0,-0.7722,0.6364,10,0.7249994915198841
gnm_614,36.25457250817523,"[2.345247331832586, 2.2164653347188565, 1.5688747580388036, 2.093406365667083]",2.345247331832586,1.5688747580388036,[1.72414847 2.24683366 0.9468185  0.8559005 ],1.7241484721289566,0.946818497059829,2,13,70,1.2497382164001465,1,217.0,0.0,0.0,614,gnm,13,70,10.7692,1.1867,0.9122,-0.2111,0.1538,41,0.8842578660530543
gnm_615,50.18804721048555,"[2.0703877176046546, 1.9198132723326053, 2.9317121767815735, 1.9878526995464147]",2.0703877176046546,2.931712176781573,[1.72414847 2.24683366 0.9468185  0.8559005 ],1.7241484721289566,0.946818497059829,2,17,100,3.2048232555389404,1,278.0,0.0,0.0,615,gnm,17,100,11.7647,2.1012,0.7593,-0.1391,0.1765,62,0.8094846324271863
regular_616,8.928646972155548,"[2.814405348117175, 2.214708045663918, 1.7463174367848735, 1.8906347102250998]",2.814405348117175,1.7463174367848735,[1.72414847 2.24683366 0.9468185  0.8559005 ],1.7241484721289566,0.946818497059829,2,8,12,0.2649457454681396,1,179.0,0.0,0.0,616,regular,8,12,3.0,0.0,0.0,0.0,0.375,10,0.8928646972155547
regular_617,10.833338860661389,"[2.4971062213207618, 1.8929800845219467, 1.2482103490586238, 2.2156528796495594]",2.4971062213207618,1.2482103490586238,[1.72414847 2.24683366 0.9468185  0.8559005 ],1.7241484721289566,0.946818497059829,2,13,13,-2.3651275634765625,1,266.0,0.0,0.0,617,regular,13,13,2.0,0.0,0.0,0.0,0.4615,12,0.9027782383884491
gnm_618,12.402961041255937,"[1.1872682253620348, 1.7113624994325214, 3.0790504808704764, 1.9110722732152912]",1.1872682253620348,3.0790504808704764,[1.72414847 2.24683366 0.9468185  0.8559005 ],1.7241484721289566,0.946818497059829,2,10,20,0.3606641292572021,1,172.0,0.0,0.0,618,gnm,10,20,4.0,1.2649,0.54,-0.2893,0.4,14,0.8859257886611384
watts_619,8.896715418834901,"[1.8747921504141956, 0.9918334255847636, 2.9173993089315786, 1.8526984127926944]",1.874792150414196,2.9173993089315786,[1.72414847 2.24683366 0.9468185  0.8559005 ],1.7241484721289566,0.946818497059829,2,7,14,0.1810119152069091,1,106.0,0.0,0.0,619,watts,7,14,4.0,0.9258,0.5286,-0.1966,0.4286,11,0.8087923108031728
barabasi_620,4.369752313665231,"[-0.4708420346954353, 3.1392456768537347, 3.141592653589793, 1.9631896121058778]",-0.4708420346954353,3.141592653589793,[1.72414847 2.24683366 0.9468185  0.8559005 ],1.7241484721289566,0.946818497059829,2,7,6,0.1808760166168213,1,149.0,0.0,0.0,620,barabasi,7,6,1.7143,1.3851,0.0,-0.776,0.7143,6,0.7282920522775385
gnm_621,62.0501215168337,"[3.0417957778028635, 2.925590679562326, 1.919186087864589, 1.782737065393634]",3.0417957778028635,1.919186087864589,[1.72414847 2.24683366 0.9468185  0.8559005 ],1.7241484721289566,0.946818497059829,2,17,113,4.305460214614868,1,308.0,0.0,0.0,621,gnm,17,113,13.2941,1.7069,0.8476,-0.0955,0.1765,67,0.9261212166691597
barabasi_622,13.28886326956864,"[1.8092369544311202, 2.5595021382628627, 1.359675629121281, 1.8005738946293917]",1.80923695443112,1.359675629121281,[1.72414847 2.24683366 0.9468185  0.8559005 ],1.7241484721289566,0.946818497059829,2,12,20,0.6621866226196289,1,288.0,0.0,0.0,622,barabasi,12,20,3.3333,1.6997,0.6845,-0.3761,0.4167,16,0.83055395434804
barabasi_623,6.296612275689768,"[1.3529762969252952, 2.313969835725799, 1.1678773250031502, 1.2468871132883401]",1.3529762969252952,1.1678773250031502,[1.72414847 2.24683366 0.9468185  0.8559005 ],1.7241484721289566,0.946818497059829,2,9,8,0.2409446239471435,1,159.0,0.0,0.0,623,barabasi,9,8,1.7778,1.8725,0.0,-0.8195,0.7778,8,0.787076534461221
gnm_624,7.273066790046869,"[-0.29139966981912285, 3.141592653589793, 3.108780571106746, 1.963669536646734]",-0.2913996698191228,3.108780571106746,[1.72414847 2.24683366 0.9468185  0.8559005 ],1.7241484721289566,0.946818497059829,2,8,11,0.2247354984283447,1,127.0,0.0,0.0,624,gnm,8,11,2.75,1.299,0.2,-0.5439,0.5,10,0.7273066790046869
barabasi_625,7.260788983797731,"[1.4503887857222424, 2.076081061270585, 1.659465196295417, 1.1750168736751996]",1.4503887857222424,1.659465196295417,[1.72414847 2.24683366 0.9468185  0.8559005 ],1.7241484721289566,0.946818497059829,2,11,10,0.2306063175201416,1,125.0,0.0,0.0,625,barabasi,11,10,1.8182,1.1923,0.0,-0.7816,0.5455,10,0.7260788983797731
regular_626,11.99921713994263,"[1.218548181941809, 1.6886823643991808, 2.784492273181556, 2.284873250573533]",1.218548181941809,2.784492273181556,[1.72414847 2.24683366 0.9468185  0.8559005 ],1.7241484721289566,0.946818497059829,2,9,18,0.3554275035858154,1,156.0,0.0,0.0,626,regular,9,18,4.0,0.0,0.3889,0.0,0.3333,14,0.8570869385673306
gnm_627,11.390736626760145,"[2.901040880612232, 1.8784298348490283, 1.9114958969548987, 1.492977811140113]",2.901040880612232,1.9114958969548987,[1.72414847 2.24683366 0.9468185  0.8559005 ],1.7241484721289566,0.946818497059829,2,10,18,0.6385188102722168,1,294.0,0.0,0.0,627,gnm,10,18,3.6,1.3565,0.33,-0.2026,0.4,15,0.7593824417840096
gnm_628,7.539779337581422,"[2.8887521860073235, 2.0194412528969092, 1.887762278450231, 1.6595213346687556]",2.8887521860073235,1.887762278450231,[1.72414847 2.24683366 0.9468185  0.8559005 ],1.7241484721289566,0.946818497059829,2,7,12,0.3627524375915527,1,131.0,0.0,0.0,628,gnm,7,12,3.4286,1.178,0.4381,-0.3448,0.4286,10,0.7539779337581421
regular_629,10.078319471337636,"[3.140599190122007, 1.8655858634234876, 3.141544927915117, 1.93554464585623]",3.140599190122007,3.141544927915117,[1.72414847 2.24683366 0.9468185  0.8559005 ],1.7241484721289566,0.946818497059829,2,10,15,0.203972578048706,1,114.0,0.0,0.0,629,regular,10,15,3.0,0.0,0.2,0.0,0.4,13,0.7752553439490489
watts_630,11.26416848209132,"[1.6491230624204078, 1.8395526673135887, 1.1305406390674873, 1.2783631154570587]",1.6491230624204078,1.1305406390674873,[1.72414847 2.24683366 0.9468185  0.8559005 ],1.7241484721289566,0.946818497059829,2,9,18,0.571835994720459,1,282.0,0.0,0.0,630,watts,9,18,4.0,1.0541,0.4185,-0.1284,0.3333,13,0.8664744986224092
watts_631,16.496232666058035,"[1.1644240223422835, 1.7316599676362188, 3.141580785793923, 1.9220890626794107]",1.1644240223422837,3.141580785793923,[1.72414847 2.24683366 0.9468185  0.8559005 ],1.7241484721289566,0.946818497059829,2,13,26,0.8666248321533203,1,270.0,0.0,0.0,631,watts,13,26,4.0,0.8771,0.2846,-0.3094,0.3077,21,0.7855348888599064
barabasi_632,29.034293713354096,"[1.8910097776500971, 2.5253752021532896, 1.8623041405845902, 1.309563050143113]",1.8910097776500967,1.8623041405845904,[1.72414847 2.24683366 0.9468185  0.8559005 ],1.7241484721289566,0.946818497059829,2,20,51,2.050729751586914,1,230.0,0.0,0.0,632,barabasi,20,51,5.1,2.119,0.2343,-0.2869,0.35,42,0.6912927074608118
regular_633,25.851891943589692,"[1.326767697189979, 2.107487497881509, 1.7804753527322599, 1.3122806071270665]",1.326767697189979,1.78047535273226,[1.72414847 2.24683366 0.9468185  0.8559005 ],1.7241484721289566,0.946818497059829,2,19,38,1.42962646484375,1,288.0,0.0,0.0,633,regular,19,38,4.0,0.0,0.1842,0.0,0.3684,32,0.8078716232371779
barabasi_634,19.239820762895583,"[1.1621549703026797, 1.7107264089402603, 3.0623119650571837, 1.9780149923209784]",1.1621549703026797,3.062311965057184,[1.72414847 2.24683366 0.9468185  0.8559005 ],1.7241484721289566,0.946818497059829,2,17,30,0.634880542755127,1,185.0,0.0,0.0,634,barabasi,17,30,3.5294,2.1176,0.298,-0.2958,0.4118,25,0.7695928305158233
watts_635,5.154960452040541,"[1.5112238904607291, 1.9320942549482965, 0.8850599957760106, 2.7508109047533855]",1.5112238904607291,0.8850599957760106,[1.72414847 2.24683366 0.9468185  0.8559005 ],1.7241484721289566,0.946818497059829,2,7,7,0.1605148315429687,1,171.0,0.0,0.0,635,watts,7,7,2.0,0.7559,0.0,-0.4583,0.5714,6,0.8591600753400902
barabasi_636,7.042069957071874,"[1.811363252272797, 3.006828508228706, 1.146190358443842, 2.434680758615153]",1.811363252272797,1.146190358443842,[1.72414847 2.24683366 0.9468185  0.8559005 ],1.7241484721289566,0.946818497059829,2,13,12,0.2109999656677246,1,143.0,0.0,0.0,636,barabasi,13,12,1.8462,2.1066,0.0,-0.6256,0.6923,12,0.5868391630893228
regular_637,13.69473700134212,"[3.138185658913433, 1.852836186888322, 3.1409032473628637, 1.9079532647628894]",3.138185658913433,3.140903247362864,[1.72414847 2.24683366 0.9468185  0.8559005 ],1.7241484721289566,0.946818497059829,2,14,21,0.3231024742126465,1,153.0,0.0,0.0,637,regular,14,21,3.0,0.0,0.4286,0.0,0.3571,17,0.8055727647848305
gnm_638,16.652272331387394,"[1.7846887410636276, 2.775001515716981, 1.3655835825999472, 2.5548133581461494]",1.7846887410636276,1.3655835825999472,[1.72414847 2.24683366 0.9468185  0.8559005 ],1.7241484721289566,0.946818497059829,2,9,30,0.6967597007751465,1,291.0,0.0,0.0,638,gnm,9,30,6.6667,0.4714,0.7926,-0.2698,0.2222,20,0.8326136165693697
regular_639,25.096956961025167,"[1.215292130395667, 1.712722736176349, 2.7996861312557506, 2.298896106009053]",1.215292130395667,2.7996861312557506,[1.72414847 2.24683366 0.9468185  0.8559005 ],1.7241484721289566,0.946818497059829,2,18,36,0.7876975536346436,1,166.0,0.0,0.0,639,regular,18,36,4.0,0.0,0.1111,0.0,0.3333,28,0.8963198914651845
gnm_640,79.0114643204926,"[1.7505840479970027, 2.801606381639866, 2.9505913763686484, 2.3667229435877193]",1.7505840479970027,2.9505913763686484,[1.72414847 2.24683366 0.9468185  0.8559005 ],1.7241484721289566,0.946818497059829,2,19,154,5.265801191329956,1,294.0,0.0,0.0,640,gnm,19,154,16.2105,1.1507,0.9001,-0.0899,0.1053,88,0.897857549096507
gnm_641,12.395013736432702,"[1.369420932896225, 2.782694251637749, 2.5967107539501564, 2.848068588661448]",1.369420932896225,2.5967107539501564,[1.72414847 2.24683366 0.9468185  0.8559005 ],1.7241484721289566,0.946818497059829,2,10,23,0.5066556930541992,1,248.0,0.0,0.0,641,gnm,10,23,4.6,1.3565,0.5026,-0.1852,0.3,17,0.7291184550842766
regular_642,10.781898490929052,"[2.8549397627289794, 2.5907614169408406, 1.9841379534601682, 1.7991016641716562]",2.8549397627289794,1.984137953460168,[1.72414847 2.24683366 0.9468185  0.8559005 ],1.7241484721289566,0.946818497059829,2,10,15,0.5700592994689941,1,379.0,0.0,0.0,642,regular,10,15,3.0,0.0,0.3,0.0,0.4,12,0.8984915409107543
barabasi_643,23.82298712621434,"[2.8393441999642386, 0.09237118690952117, 2.7776663562410553, 2.3144458497989584]",2.8393441999642386,2.7776663562410557,[1.72414847 2.24683366 0.9468185  0.8559005 ],1.7241484721289566,0.946818497059829,2,20,36,2.2284626960754395,1,360.0,0.0,0.0,643,barabasi,20,36,3.6,2.4166,0.4038,-0.4105,0.5,31,0.7684834556843335
watts_644,10.198343409966864,"[1.28442182018452, 2.229555552802403, 1.4630235066066817, 1.2000778025686132]",1.28442182018452,1.4630235066066817,[1.72414847 2.24683366 0.9468185  0.8559005 ],1.7241484721289566,0.946818497059829,2,14,14,0.3658399581909179,1,204.0,0.0,0.0,644,watts,14,14,2.0,1.0,0.0,-0.5556,0.6429,13,0.7844879546128356
watts_645,5.779778644510884,"[1.724319945591751, 2.017900916740925, 2.1060300731472035, 1.224454022230137]",1.724319945591751,2.1060300731472035,[1.72414847 2.24683366 0.9468185  0.8559005 ],1.7241484721289566,0.946818497059829,2,8,8,0.1312370300292968,1,119.0,0.0,0.0,645,watts,8,8,2.0,0.866,0.125,-0.0256,0.5,7,0.8256826635015548
gnm_646,28.423352838438632,"[2.2660804768847997, 1.6745393423352508, 2.16742303544501, 1.8204084143286163]",2.2660804768848,2.16742303544501,[1.72414847 2.24683366 0.9468185  0.8559005 ],1.7241484721289566,0.946818497059829,2,12,56,1.0354673862457275,1,234.0,0.0,0.0,646,gnm,12,56,9.3333,1.1785,0.8624,-0.2058,0.1667,34,0.8359809658364303
watts_647,9.34754901176948,"[2.061020374634059, 2.2234595741672605, -0.1515343270452142, 1.8829320378964765]",2.061020374634059,-0.1515343270452142,[1.72414847 2.24683366 0.9468185  0.8559005 ],1.7241484721289566,0.946818497059829,2,16,16,0.5012936592102051,1,279.0,0.0,0.0,647,watts,16,16,2.0,0.6124,0.0,-0.1034,0.5625,16,0.5842218132355925
regular_648,22.5216508767479,"[0.20107397157205617, 1.9379789624669441, 2.6430862575036356, 1.2915299156784963]",0.2010739715720561,2.643086257503636,[1.72414847 2.24683366 0.9468185  0.8559005 ],1.7241484721289566,0.946818497059829,2,16,32,0.95819091796875,1,276.0,0.0,0.0,648,regular,16,32,4.0,0.0,0.1562,0.0,0.3125,26,0.8662173414133807
regular_649,7.499995508356715,"[2.496156354601446, 1.893227029377789, 1.2487548306479237, 2.214726101030859]",2.496156354601446,1.2487548306479237,[1.72414847 2.24683366 0.9468185  0.8559005 ],1.7241484721289566,0.946818497059829,2,9,9,0.3194186687469482,1,252.0,0.0,0.0,649,regular,9,9,2.0,0.0,0.0,0.0,0.4444,8,0.9374994385445894
watts_650,16.785693905861482,"[0.6190288085828217, 2.8331130916718616, 1.9022356070401747, 0.8928710743445553]",0.6190288085828217,1.9022356070401747,[1.72414847 2.24683366 0.9468185  0.8559005 ],1.7241484721289566,0.946818497059829,2,20,20,1.028613567352295,1,255.0,0.0,0.0,650,watts,20,20,2.0,0.3162,0.0,-0.0256,0.5,20,0.8392846952930741
watts_651,8.79827562701896,"[0.8249880810641343, 1.9356963470545705, 3.141592653589793, 1.9637414422904842]",0.8249880810641343,3.141592653589793,[1.72414847 2.24683366 0.9468185  0.8559005 ],1.7241484721289566,0.946818497059829,2,12,12,0.1796693801879882,1,115.0,0.0,0.0,651,watts,12,12,2.0,0.8165,0.0,-0.3448,0.5,12,0.7331896355849133
watts_652,12.440143011046183,"[1.600860485411804, 1.9218678705414383, 1.4179327822780405, 2.751328274639914]",1.600860485411804,1.4179327822780403,[1.72414847 2.24683366 0.9468185  0.8559005 ],1.7241484721289566,0.946818497059829,2,17,17,0.6633894443511963,1,333.0,0.0,0.0,652,watts,17,17,2.0,0.8402,0.0,-0.4749,0.5294,16,0.7775089381903865
watts_653,7.177846703567639,"[0.5293087064816321, 2.9013845065321857, 1.9032023125690052, 2.433178540532996]",0.5293087064816321,1.9032023125690047,[1.72414847 2.24683366 0.9468185  0.8559005 ],1.7241484721289566,0.946818497059829,2,9,9,0.3047704696655273,1,267.0,0.0,0.0,653,watts,9,9,2.0,0.6667,0.0,-0.4063,0.4444,9,0.7975385226186266
regular_654,20.794135164643915,"[0.7921192441201879, 2.0936305715384336, 3.141592653589793, 1.9440797607493425]",0.7921192441201879,3.141592653589793,[1.72414847 2.24683366 0.9468185  0.8559005 ],1.7241484721289566,0.946818497059829,2,16,32,0.5586955547332764,1,168.0,0.0,0.0,654,regular,16,32,4.0,0.0,0.125,0.0,0.4375,28,0.7426476844515684
barabasi_655,5.864968988335988,"[2.807941844796525, 2.522291005420056, 0.5320863090629613, 1.8495901144326112]",2.807941844796525,0.5320863090629613,[1.72414847 2.24683366 0.9468185  0.8559005 ],1.7241484721289566,0.946818497059829,2,8,7,0.1763710975646972,1,175.0,0.0,0.0,655,barabasi,8,7,1.75,0.6614,0.0,0.0,0.5,7,0.837852712619427
gnm_656,31.00736360057734,"[1.8220880955740706, 3.141592653589793, 1.5916489552931536, 1.9434130183097578]",1.8220880955740704,1.5916489552931536,[1.72414847 2.24683366 0.9468185  0.8559005 ],1.7241484721289566,0.946818497059829,2,17,60,1.4230408668518066,1,229.0,0.0,0.0,656,gnm,17,60,7.0588,1.9242,0.4531,-0.2283,0.3529,42,0.738270561918508
gnm_657,6.772537252424627,"[1.92336961470272, 2.406042726873418, 1.9101002069885396, 1.330101682461053]",1.92336961470272,1.91010020698854,[1.72414847 2.24683366 0.9468185  0.8559005 ],1.7241484721289566,0.946818497059829,2,8,11,-2.574023962020874,1,153.0,0.0,0.0,657,gnm,8,11,2.75,1.299,0.4333,-0.2865,0.375,9,0.7525041391582918
barabasi_658,8.745243396656466,"[0.30227336481686373, 2.459401119195312, 2.820743408884911, 1.8116621545557952]",0.3022733648168637,2.820743408884911,[1.72414847 2.24683366 0.9468185  0.8559005 ],1.7241484721289566,0.946818497059829,2,12,11,0.1757152080535888,1,117.0,0.0,0.0,658,barabasi,12,11,1.8333,1.2802,0.0,-0.4194,0.6667,11,0.7950221269687696
watts_659,24.16932692025108,"[2.91032914398962, 0.5245411298018505, 1.7810079092509508, 2.8942021123264983]",2.91032914398962,1.7810079092509508,[1.72414847 2.24683366 0.9468185  0.8559005 ],1.7241484721289566,0.946818497059829,2,18,36,1.3971569538116455,1,310.0,0.0,0.0,659,watts,18,36,4.0,0.6667,0.2722,-0.1571,0.3889,30,0.805644230675036
gnm_660,50.808234087269895,"[2.485276209329956, 0.8169635442736698, 3.141592653589793, 2.8417440575485484]",2.485276209329956,3.141592653589793,[1.72414847 2.24683366 0.9468185  0.8559005 ],1.7241484721289566,0.946818497059829,2,20,89,3.163440465927124,1,226.0,0.0,0.0,660,gnm,20,89,8.9,1.5133,0.4106,-0.0534,0.2,60,0.8468039014544982
gnm_661,32.96553202396581,"[2.8775524008676268, 1.9717278058722512, 1.5115127675155364, 2.6415814491710883]",2.8775524008676268,1.5115127675155364,[1.72414847 2.24683366 0.9468185  0.8559005 ],1.7241484721289566,0.946818497059829,2,12,61,0.9348371028900146,1,194.0,0.0,0.0,661,gnm,12,61,10.1667,0.7993,0.923,-0.1499,0.1667,36,0.9157092228879391
regular_662,11.999224429606327,"[1.2187549635809707, 1.6886639786224185, 2.783908167989734, 2.285517075788003]",1.218754963580971,2.783908167989734,[1.72414847 2.24683366 0.9468185  0.8559005 ],1.7241484721289566,0.946818497059829,2,9,18,0.3028149604797363,1,188.0,0.0,0.0,662,regular,9,18,4.0,0.0,0.3889,0.0,0.3333,14,0.8570874592575948
regular_663,14.166680063170713,"[2.4971189221698085, 1.8930436935813661, 1.248030450315939, 2.2156605207077282]",2.4971189221698085,1.248030450315939,[1.72414847 2.24683366 0.9468185  0.8559005 ],1.7241484721289566,0.946818497059829,2,17,17,0.5031888484954834,1,268.0,0.0,0.0,663,regular,17,17,2.0,0.0,0.0,0.0,0.4118,16,0.8854175039481695
gnm_664,15.78736398697004,"[1.4073684336452186, 1.9838691551473016, 0.15366193770230632, 2.8062872232040377]",1.4073684336452186,0.1536619377023063,[1.72414847 2.24683366 0.9468185  0.8559005 ],1.7241484721289566,0.946818497059829,2,13,25,0.5969293117523193,1,260.0,0.0,0.0,664,gnm,13,25,3.8462,1.7028,0.3154,-0.2917,0.4615,20,0.789368199348502
barabasi_665,5.370036134124803,"[1.2798577052147133, 2.275163400373172, 1.3099826175056233, 1.237517597568148]",1.279857705214713,1.3099826175056233,[1.72414847 2.24683366 0.9468185  0.8559005 ],1.7241484721289566,0.946818497059829,2,8,7,0.1799805164337158,1,151.0,0.0,0.0,665,barabasi,8,7,1.75,0.8292,0.0,-0.2353,0.5,7,0.7671480191606861
barabasi_666,6.299884446293504,"[1.2319518304745227, 2.449172701108929, 1.2088441440352022, 1.2797825172989192]",1.2319518304745227,1.2088441440352022,[1.72414847 2.24683366 0.9468185  0.8559005 ],1.7241484721289566,0.946818497059829,2,9,8,0.170703649520874,1,140.0,0.0,0.0,666,barabasi,9,8,1.7778,1.3147,0.0,-0.5556,0.5556,8,0.787485555786688
gnm_667,64.9839377688537,"[2.8757055191634215, 1.7181329419990887, 1.6901156569177531, 2.297540592375235]",2.875705519163421,1.6901156569177531,[1.72414847 2.24683366 0.9468185  0.8559005 ],1.7241484721289566,0.946818497059829,2,17,124,4.085180282592773,1,289.0,0.0,0.0,667,gnm,17,124,14.5882,1.2395,0.9176,-0.1348,0.1176,71,0.9152667291387846
watts_668,14.151771896127784,"[0.3860807394158118, 2.3581134074862358, 2.922997482520929, 1.8370658018205908]",0.3860807394158118,2.922997482520929,[1.72414847 2.24683366 0.9468185  0.8559005 ],1.7241484721289566,0.946818497059829,2,18,18,0.7016263008117676,1,244.0,0.0,0.0,668,watts,18,18,2.0,0.6667,0.0,0.0156,0.4444,18,0.7862095497848769
barabasi_669,5.930049138771665,"[-0.40051865346891535, 3.141592653589793, 2.917583536429766, 2.187334403941484]",-0.4005186534689153,2.917583536429766,[1.72414847 2.24683366 0.9468185  0.8559005 ],1.7241484721289566,0.946818497059829,2,9,8,0.1226334571838378,1,107.0,0.0,0.0,669,barabasi,9,8,1.7778,0.9162,0.0,-0.3846,0.6667,8,0.7412561423464581
regular_670,5.939223687397316,"[3.141592653589793, 1.8561380894361341, 3.1013157545102144, 1.9193927757633844]",3.141592653589793,3.1013157545102144,[1.72414847 2.24683366 0.9468185  0.8559005 ],1.7241484721289566,0.946818497059829,2,6,9,0.1204802989959716,1,112.0,0.0,0.0,670,regular,6,9,3.0,0.0,0.3333,0.0,0.3333,7,0.8484605267710451
gnm_671,47.6261264880256,"[0.2176239411008235, 3.0848115348024137, 1.976886017888901, 0.8105792827350229]",0.2176239411008235,1.976886017888901,[1.72414847 2.24683366 0.9468185  0.8559005 ],1.7241484721289566,0.946818497059829,2,19,79,2.784665584564209,1,277.0,0.0,0.0,671,gnm,19,79,8.3158,1.8368,0.426,-0.1553,0.2632,55,0.8659295725095564
barabasi_672,10.072464755132934,"[1.4857631492140726, 2.0700005488620623, 1.180909937008983, 2.756597698483384]",1.4857631492140726,1.180909937008983,[1.72414847 2.24683366 0.9468185  0.8559005 ],1.7241484721289566,0.946818497059829,2,15,14,0.3039882183074951,1,175.0,0.0,0.0,672,barabasi,15,14,1.8667,1.5861,0.0,-0.3987,0.5333,14,0.719461768223781
gnm_673,9.942866136449538,"[0.19638680276946957, 3.141592653589793, 3.113530910111032, -0.24504924658010477]",0.1963868027694695,3.113530910111032,[1.72414847 2.24683366 0.9468185  0.8559005 ],1.7241484721289566,0.946818497059829,2,7,17,0.1882555484771728,1,130.0,0.0,0.0,673,gnm,7,17,4.8571,0.833,0.819,-0.3333,0.2857,11,0.9038969214954126
regular_674,10.000002975684684,"[2.496201665095457, 1.89370726736739, 1.2482730121298253, 2.214884037924414]",2.496201665095457,1.248273012129825,[1.72414847 2.24683366 0.9468185  0.8559005 ],1.7241484721289566,0.946818497059829,2,12,12,0.3797450065612793,1,257.0,0.0,0.0,674,regular,12,12,2.0,0.0,0.0,0.0,0.4167,12,0.8333335813070569
gnm_675,68.15867426340536,"[2.8205595064573323, 1.7402370194142633, 3.141592653589793, 2.5925515328632027]",2.8205595064573323,3.141592653589793,[1.72414847 2.24683366 0.9468185  0.8559005 ],1.7241484721289566,0.946818497059829,2,18,132,2.96934175491333,1,215.0,0.0,0.0,675,gnm,18,132,14.6667,1.5986,0.8695,-0.1198,0.1667,79,0.8627680286507008
watts_676,6.313952777600036,"[2.7820253091816127, 3.141592653589793, 1.3161088496500892, 2.193804971191056]",2.7820253091816127,1.3161088496500892,[1.72414847 2.24683366 0.9468185  0.8559005 ],1.7241484721289566,0.946818497059829,2,9,9,0.1637961864471435,1,115.0,0.0,0.0,676,watts,9,9,2.0,1.0541,0.1667,-0.2717,0.5556,8,0.7892440972000045
gnm_677,17.802975444620188,"[2.9641051164230654, 1.833638628699536, 1.8434992788263158, 3.141592653589793]",2.9641051164230654,1.843499278826316,[1.72414847 2.24683366 0.9468185  0.8559005 ],1.7241484721289566,0.946818497059829,2,10,31,0.6184208393096924,1,235.0,0.0,0.0,677,gnm,10,31,6.2,1.3266,0.704,-0.2022,0.3,21,0.8477607354581042
watts_678,12.493740342052732,"[1.4440193908270156, 2.072843317533663, 1.4780658888356286, 1.1821961559479177]",1.4440193908270156,1.4780658888356286,[1.72414847 2.24683366 0.9468185  0.8559005 ],1.7241484721289566,0.946818497059829,2,17,17,0.6789848804473877,1,315.0,0.0,0.0,678,watts,17,17,2.0,0.767,0.0,-0.2897,0.5294,17,0.73492590247369
gnm_679,74.85194978948704,"[1.726255532893278, 2.839022601131834, 1.8104683994231685, 1.244071816928945]",1.726255532893278,1.8104683994231685,[1.72414847 2.24683366 0.9468185  0.8559005 ],1.7241484721289566,0.946818497059829,2,20,143,5.547278165817261,1,250.0,0.0,0.0,679,gnm,20,143,14.3,2.1703,0.7653,-0.0831,0.15,88,0.8505903385168981
gnm_680,31.08116584911238,"[2.8321026429914333, 2.0109431661247115, 3.032598770463932, 2.364230709226519]",2.8321026429914333,3.032598770463932,[1.72414847 2.24683366 0.9468185  0.8559005 ],1.7241484721289566,0.946818497059829,2,12,59,1.4918863773345947,1,318.0,0.0,0.0,680,gnm,12,59,9.8333,1.2134,0.9092,-0.1624,0.1667,35,0.8880333099746395
regular_681,17.471308949115034,"[2.7891302163524334, 1.696168665798875, 1.2211123265938824, 2.2810040898644512]",2.7891302163524334,1.2211123265938824,[1.72414847 2.24683366 0.9468185  0.8559005 ],1.7241484721289566,0.946818497059829,2,13,26,0.473917007446289,1,197.0,0.0,0.0,681,regular,13,26,4.0,0.0,0.3077,0.0,0.3077,20,0.8735654474557517
gnm_682,61.03098841093602,"[2.8667458598869575, 1.963596894135497, 3.0641523317741806, 2.2109279530003243]",2.866745859886957,3.064152331774181,[1.72414847 2.24683366 0.9468185  0.8559005 ],1.7241484721289566,0.946818497059829,2,18,118,3.5425736904144287,1,267.0,0.0,0.0,682,gnm,18,118,13.1111,1.4098,0.758,-0.0243,0.1667,72,0.8476526168185559
barabasi_683,6.6843932949171645,"[1.6338104411100272, 1.948199529274372, 1.0106508035834176, 2.751607590162001]",1.6338104411100272,1.0106508035834176,[1.72414847 2.24683366 0.9468185  0.8559005 ],1.7241484721289566,0.946818497059829,2,10,9,0.2023098468780517,1,148.0,0.0,0.0,683,barabasi,10,9,1.8,0.9798,0.0,-0.1818,0.5,9,0.7427103661019072
gnm_684,41.41996275265903,"[2.014726645235861, 0.9474610216911927, 3.141587274330652, 1.8875112101772362]",2.014726645235861,3.141587274330652,[1.72414847 2.24683366 0.9468185  0.8559005 ],1.7241484721289566,0.946818497059829,2,20,71,0.2318775653839111,1,265.0,0.0,0.0,684,gnm,20,71,7.1,2.1656,0.4052,-0.1548,0.3,51,0.8121561324050791
watts_685,21.58653259743972,"[0.19226677796060807, 1.9108140224740313, 2.6824449956191465, 1.3023477783085107]",0.192266777960608,2.6824449956191465,[1.72414847 2.24683366 0.9468185  0.8559005 ],1.7241484721289566,0.946818497059829,2,16,32,0.8418147563934326,1,269.0,0.0,0.0,685,watts,16,32,4.0,0.7906,0.2312,-0.0407,0.3125,26,0.8302512537476816
regular_686,25.49053084099383,"[1.7701469248023574, 1.9292109044237455, 1.0527916359549128, 1.2785949212554852]",1.7701469248023574,1.0527916359549128,[1.72414847 2.24683366 0.9468185  0.8559005 ],1.7241484721289566,0.946818497059829,2,18,36,1.159980535507202,1,294.0,0.0,0.0,686,regular,18,36,4.0,0.0,0.1389,0.0,0.3333,30,0.849684361366461
gnm_687,56.53433479979415,"[1.7715617794869363, 3.0718035763602143, 1.2895985603933204, 2.299662451367895]",1.7715617794869365,1.2895985603933204,[1.72414847 2.24683366 0.9468185  0.8559005 ],1.7241484721289566,0.946818497059829,2,17,108,2.98886513710022,1,278.0,0.0,0.0,687,gnm,17,108,12.7059,0.8921,0.7751,-0.1176,0.1176,66,0.8565808302999114
watts_688,7.852461744065799,"[0.38633645084872303, 2.359142783060026, 2.9309817600497396, 1.8393621364731962]",0.386336450848723,2.93098176004974,[1.72414847 2.24683366 0.9468185  0.8559005 ],1.7241484721289566,0.946818497059829,2,10,10,0.2325284481048584,1,173.0,0.0,0.0,688,watts,10,10,2.0,0.6325,0.0,0.1667,0.5,10,0.78524617440658
gnm_689,72.89320950521233,"[1.7036568919531283, 2.2174588694115984, 2.7875879472644596, 1.576495208337016]",1.7036568919531283,2.78758794726446,[1.72414847 2.24683366 0.9468185  0.8559005 ],1.7241484721289566,0.946818497059829,2,20,142,4.643821477890015,1,212.0,0.0,0.0,689,gnm,20,142,14.2,1.7776,0.7406,-0.0905,0.15,86,0.847595459362934
gnm_690,84.00140848664853,"[2.4599279610145186, 1.77686785132367, 1.571259963694523, 1.5699835927925219]",2.4599279610145186,1.571259963694523,[1.72414847 2.24683366 0.9468185  0.8559005 ],1.7241484721289566,0.946818497059829,2,19,168,3.841383695602417,1,205.0,0.0,0.0,690,gnm,19,168,17.6842,0.5669,0.9828,-0.115,0.1053,90,0.9333489831849836
barabasi_691,8.000639389729457,"[0.2811266062986142, 2.43739721696131, 2.7814749030999857, 1.831789979407663]",0.2811266062986142,2.7814749030999857,[1.72414847 2.24683366 0.9468185  0.8559005 ],1.7241484721289566,0.946818497059829,2,11,10,0.1929078102111816,1,136.0,0.0,0.0,691,barabasi,11,10,1.8182,1.5851,0.0,-0.6667,0.6364,10,0.8000639389729457
barabasi_692,10.949323272939244,"[1.2873081459156364, 2.4084835190047333, 1.207917994694693, 1.2800121931818857]",1.2873081459156364,1.207917994694693,[1.72414847 2.24683366 0.9468185  0.8559005 ],1.7241484721289566,0.946818497059829,2,15,14,0.2228777408599853,1,131.0,0.0,0.0,692,barabasi,15,14,1.8667,1.7461,0.0,-0.5322,0.5333,14,0.7820945194956603
gnm_693,12.68583220972232,"[1.4377123970494998, 2.8472391857008645, 2.060667335274894, 0.3259621403576077]",1.4377123970494998,2.060667335274894,[1.72414847 2.24683366 0.9468185  0.8559005 ],1.7241484721289566,0.946818497059829,2,9,24,0.3689048290252685,1,189.0,0.0,0.0,693,gnm,9,24,5.3333,0.6667,0.6407,-0.2203,0.2222,17,0.746225424101313
regular_694,12.499998603124682,"[0.9259451974994721, 1.8933638800217802, 2.819174059070156, 2.2157678705884942]",0.925945197499472,2.819174059070156,[1.72414847 2.24683366 0.9468185  0.8559005 ],1.7241484721289566,0.946818497059829,2,15,15,0.2725138664245605,1,152.0,0.0,0.0,694,regular,15,15,2.0,0.0,0.0,0.0,0.4,14,0.8928570430803344
watts_695,11.66131026350915,"[1.8869703100036355, 2.964883416641033, 1.2157112379100177, 2.321324474375893]",1.8869703100036357,1.2157112379100177,[1.72414847 2.24683366 0.9468185  0.8559005 ],1.7241484721289566,0.946818497059829,2,11,22,0.297116756439209,1,127.0,0.0,0.0,695,watts,11,22,4.0,1.2792,0.3212,-0.0574,0.3636,17,0.6859594272652442
gnm_696,20.3129519257914,"[2.98856830947944, 1.98511114548914, 1.8199484490898148, 1.4889595494184047]",2.98856830947944,1.8199484490898148,[1.72414847 2.24683366 0.9468185  0.8559005 ],1.7241484721289566,0.946818497059829,2,10,36,0.8008987903594971,1,289.0,0.0,0.0,696,gnm,10,36,7.2,0.9798,0.7836,-0.2286,0.3,24,0.846372996907975
gnm_697,19.77642498897333,"[1.8011135943428271, 2.7672501423759095, 1.8560008671656476, 1.108734211196842]",1.8011135943428271,1.856000867165648,[1.72414847 2.24683366 0.9468185  0.8559005 ],1.7241484721289566,0.946818497059829,2,11,37,0.5120213031768799,1,165.0,0.0,0.0,697,gnm,11,37,6.7273,1.4827,0.6739,-0.1575,0.2727,25,0.7910569995589332
regular_698,21.02554250845581,"[1.7661117666041313, 1.9318949071289273, 1.0705224889078675, 1.2930352032096164]",1.7661117666041313,1.0705224889078675,[1.72414847 2.24683366 0.9468185  0.8559005 ],1.7241484721289566,0.946818497059829,2,15,30,1.0173113346099854,1,302.0,0.0,0.0,698,regular,15,30,4.0,0.0,0.1667,0.0,0.3333,24,0.8760642711856588
barabasi_699,3.954072926804656,"[0.48284268403908115, 2.954069272163903, 1.9255741950415444, 2.389475769350691]",0.4828426840390811,1.9255741950415444,[1.72414847 2.24683366 0.9468185  0.8559005 ],1.7241484721289566,0.946818497059829,2,6,5,0.2121624946594238,1,240.0,0.0,0.0,699,barabasi,6,5,1.6667,0.9428,0.0,-0.6667,0.5,5,0.7908145853609312
watts_700,14.958908047914171,"[0.42483852694437835, 2.3104059881535175, 2.9471419828073513, 1.8589806087410998]",0.4248385269443783,2.9471419828073517,[1.72414847 2.24683366 0.9468185  0.8559005 ],1.7241484721289566,0.946818497059829,2,19,19,1.2470996379852295,1,424.0,0.0,0.0,700,watts,19,19,2.0,0.562,0.0,-0.2667,0.5263,18,0.8310504471063429
gnm_701,24.052064710519534,"[2.956724842320637, 1.9693042430911953, 1.865510358546239, 1.6800082305950388]",2.956724842320637,1.865510358546239,[1.72414847 2.24683366 0.9468185  0.8559005 ],1.7241484721289566,0.946818497059829,2,13,41,1.051865816116333,1,292.0,0.0,0.0,701,gnm,13,41,6.3077,1.5385,0.4976,0.0365,0.3077,29,0.8293815417420529
regular_702,24.63313805063088,"[2.7869147666106064, 1.7049741342863667, 1.2237653850218702, 2.290806773532392]",2.7869147666106064,1.2237653850218702,[1.72414847 2.24683366 0.9468185  0.8559005 ],1.7241484721289566,0.946818497059829,2,18,36,1.1083588600158691,1,271.0,0.0,0.0,702,regular,18,36,4.0,0.0,0.1944,0.0,0.3333,28,0.8797549303796742
barabasi_703,20.024852777395413,"[1.886563173734623, 0.9892570918353172, 3.1414200704248167, 1.9249181672382658]",1.886563173734623,3.1414200704248167,[1.72414847 2.24683366 0.9468185  0.8559005 ],1.7241484721289566,0.946818497059829,2,18,32,1.0399434566497805,1,280.0,0.0,0.0,703,barabasi,18,32,3.5556,2.6713,0.4798,-0.3638,0.4444,25,0.8009941110958165
gnm_704,38.58747058282663,"[1.7563328382545855, 2.7467064806011012, 1.8309626640925911, 1.305734797426033]",1.7563328382545855,1.8309626640925911,[1.72414847 2.24683366 0.9468185  0.8559005 ],1.7241484721289566,0.946818497059829,2,19,73,2.17785120010376,1,240.0,0.0,0.0,704,gnm,19,73,7.6842,2.4506,0.5143,-0.0986,0.2632,52,0.7420667419774353
barabasi_705,15.256301708508996,"[2.866557222820206, 2.092858953167291, 1.9268023471018956, 1.5668557436177353]",2.866557222820206,1.926802347101896,[1.72414847 2.24683366 0.9468185  0.8559005 ],1.7241484721289566,0.946818497059829,2,14,24,0.4761595726013183,1,199.0,0.0,0.0,705,barabasi,14,24,3.4286,2.0603,0.4095,-0.3267,0.4286,19,0.8029632478162629
watts_706,11.242825342630796,"[1.6898872876899547, 1.8163002347483324, 1.1772360300019493, 1.3217402805490905]",1.6898872876899549,1.177236030001949,[1.72414847 2.24683366 0.9468185  0.8559005 ],1.7241484721289566,0.946818497059829,2,9,18,0.4799180030822754,1,286.0,0.0,0.0,706,watts,9,18,4.0,1.0541,0.5704,-0.0746,0.3333,13,0.8648327186639074
watts_707,11.482405249773874,"[0.6041690961053763, 2.8459513807164782, 1.8957494123280862, 0.90080610622051]",0.6041690961053763,1.8957494123280865,[1.72414847 2.24683366 0.9468185  0.8559005 ],1.7241484721289566,0.946818497059829,2,14,14,0.6093482971191406,1,426.0,0.0,0.0,707,watts,14,14,2.0,0.378,0.0,-0.037,0.5,13,0.8832619422902981
gnm_708,36.93139529348012,"[1.7900693620445598, 1.521786098749292, 1.6118875176735687, 1.2653339282963183]",1.7900693620445598,1.6118875176735687,[1.72414847 2.24683366 0.9468185  0.8559005 ],1.7241484721289566,0.946818497059829,2,17,64,2.008375883102417,1,290.0,0.0,0.0,708,gnm,17,64,7.5294,1.46,0.4758,-0.164,0.2353,45,0.8206976731884471
gnm_709,42.17321156948268,"[1.7109940645461634, 2.199828611401731, 2.802428530569442, 1.5508417386228546]",1.7109940645461634,2.802428530569442,[1.72414847 2.24683366 0.9468185  0.8559005 ],1.7241484721289566,0.946818497059829,2,16,81,-0.960198163986206,1,211.0,0.0,0.0,709,gnm,16,81,10.125,1.3636,0.652,-0.0651,0.1875,52,0.8110232994131285
barabasi_710,5.029539361050411,"[0.34397941940202237, 2.337600620091407, 2.7683369234976345, 1.8254264139114238]",0.3439794194020223,2.7683369234976345,[1.72414847 2.24683366 0.9468185  0.8559005 ],1.7241484721289566,0.946818497059829,2,7,6,0.1545770168304443,1,148.0,0.0,0.0,710,barabasi,7,6,1.7143,1.1606,0.0,-0.7143,0.5714,6,0.8382565601750684
gnm_711,25.94806673369267,"[1.5727022991793465, 1.4115287123194344, 2.316691876948423, 1.8335967583203585]",1.5727022991793465,2.316691876948423,[1.72414847 2.24683366 0.9468185  0.8559005 ],1.7241484721289566,0.946818497059829,2,12,46,0.9827091693878174,1,242.0,0.0,0.0,711,gnm,12,46,7.6667,1.1785,0.6766,-0.1012,0.25,31,0.8370344107642796
gnm_712,17.13180558904787,"[1.427592367807982, 2.766193810159869, 1.0134201736712178, 2.1085233452554295]",1.427592367807982,1.0134201736712178,[1.72414847 2.24683366 0.9468185  0.8559005 ],1.7241484721289566,0.946818497059829,2,9,32,1.027829885482788,1,329.0,0.0,0.0,712,gnm,9,32,7.1111,0.737,0.8847,-0.2444,0.2222,20,0.8565902794523936
gnm_713,33.57115753219353,"[1.721447625113495, 2.869002058017533, 2.831746585850934, 1.8692271315943116]",1.721447625113495,2.831746585850934,[1.72414847 2.24683366 0.9468185  0.8559005 ],1.7241484721289566,0.946818497059829,2,18,64,2.436518907546997,1,332.0,0.0,0.0,713,gnm,18,64,7.1111,1.7916,0.3571,-0.1156,0.2778,48,0.6993991152540319
gnm_714,12.790246503483454,"[1.6690765125588114, 2.565495521142326, 1.268289280454872, 1.1772189356269847]",1.6690765125588114,1.268289280454872,[1.72414847 2.24683366 0.9468185  0.8559005 ],1.7241484721289566,0.946818497059829,2,14,24,0.5583546161651611,1,231.0,0.0,0.0,714,gnm,14,24,3.4286,1.4983,0.2429,-0.089,0.3571,19,0.6731708686043923
gnm_715,91.74217353461503,"[2.8990302220109725, 1.7085704586317862, 1.6878799309941468, 2.3683382726425246]",2.8990302220109725,1.6878799309941468,[1.72414847 2.24683366 0.9468185  0.8559005 ],1.7241484721289566,0.946818497059829,2,20,173,6.505456924438477,1,253.0,0.0,0.0,715,gnm,20,173,17.3,1.1874,0.9115,-0.1041,0.1,98,0.936144627904235
regular_716,15.833339056248878,"[0.9269371549663905, 1.8923737528245845, 2.8194395240656975, 2.2159550256617404]",0.9269371549663904,2.819439524065697,[1.72414847 2.24683366 0.9468185  0.8559005 ],1.7241484721289566,0.946818497059829,2,19,19,0.4232807159423828,1,158.0,0.0,0.0,716,regular,19,19,2.0,0.0,0.0,0.0,0.4211,18,0.8796299475693821
barabasi_717,5.734143236822092,"[0.34694403127034745, 2.3611661950918226, 2.813423043802234, 1.8114337323796812]",0.3469440312703474,2.813423043802234,[1.72414847 2.24683366 0.9468185  0.8559005 ],1.7241484721289566,0.946818497059829,2,8,7,0.1551461219787597,1,148.0,0.0,0.0,717,barabasi,8,7,1.75,1.0897,0.0,-0.4933,0.5,7,0.8191633195460132
gnm_718,5.369402310256646,"[1.2120019741905317, 2.2546537446277055, -0.002776740912952245, 2.797867361583748]",1.2120019741905317,-0.0027767409129522,[1.72414847 2.24683366 0.9468185  0.8559005 ],1.7241484721289566,0.946818497059829,2,7,8,0.1438403129577636,1,143.0,0.0,0.0,718,gnm,7,8,2.2857,1.0302,0.3333,-0.0667,0.4286,7,0.7670574728938065
regular_719,17.856943696734238,"[2.7877253484714712, 1.7041590152416224, 1.2162431435967336, 2.3045507135341294]",2.7877253484714712,1.2162431435967336,[1.72414847 2.24683366 0.9468185  0.8559005 ],1.7241484721289566,0.946818497059829,2,13,26,0.647367000579834,1,254.0,0.0,0.0,719,regular,13,26,4.0,0.0,0.2692,0.0,0.3846,20,0.8928471848367119
regular_720,5.833331173496845,"[0.9254719896820817, 1.8935618976420174, 2.81916372348132, 2.2153399264156954]",0.9254719896820816,2.81916372348132,[1.72414847 2.24683366 0.9468185  0.8559005 ],1.7241484721289566,0.946818497059829,2,7,7,0.1571114063262939,1,143.0,0.0,0.0,720,regular,7,7,2.0,0.0,0.0,0.0,0.4286,6,0.9722218622494742
watts_721,13.69560034656963,"[1.8966471516168983, 3.0006714342311915, 1.2070885681640933, 2.347603329865616]",1.8966471516168983,1.2070885681640933,[1.72414847 2.24683366 0.9468185  0.8559005 ],1.7241484721289566,0.946818497059829,2,12,24,0.5327980518341064,1,235.0,0.0,0.0,721,watts,12,24,4.0,0.8165,0.2722,0.087,0.3333,19,0.7208210708720858
barabasi_722,10.676499584621991,"[1.4572072879866247, 2.059377292162388, 1.710692555890444, 1.1756759867095157]",1.457207287986625,1.710692555890444,[1.72414847 2.24683366 0.9468185  0.8559005 ],1.7241484721289566,0.946818497059829,2,16,15,0.2691528797149658,1,139.0,0.0,0.0,722,barabasi,16,15,1.875,1.4948,0.0,-0.576,0.6875,15,0.7117666389747994
gnm_723,8.10925485883854,"[2.9115145784310643, 2.6870915060731964, 1.9971948088640443, 1.8317766746348068]",2.9115145784310643,1.9971948088640443,[1.72414847 2.24683366 0.9468185  0.8559005 ],1.7241484721289566,0.946818497059829,2,7,12,0.3061535358428955,1,239.0,0.0,0.0,723,gnm,7,12,3.4286,1.0498,0.6524,-0.3333,0.4286,9,0.9010283176487266
barabasi_724,17.617124284278916,"[1.8470022944870923, 2.507949157749289, 1.3183157464008426, 1.854669281742471]",1.8470022944870923,1.3183157464008426,[1.72414847 2.24683366 0.9468185  0.8559005 ],1.7241484721289566,0.946818497059829,2,17,30,0.9988751411437988,1,281.0,0.0,0.0,724,barabasi,17,30,3.5294,2.4762,0.3895,-0.4112,0.5294,25,0.7046849713711566
gnm_725,59.225141948301165,"[1.6717372455852417, 2.861393009926854, 1.828017344488552, 1.4048203979757352]",1.6717372455852415,1.828017344488552,[1.72414847 2.24683366 0.9468185  0.8559005 ],1.7241484721289566,0.946818497059829,2,17,111,3.244290590286255,1,256.0,0.0,0.0,725,gnm,17,111,13.0588,1.1099,0.803,-0.0826,0.1765,67,0.8839573425119577
barabasi_726,24.17424699707045,"[1.671450229334089, 1.8087442401499745, 1.0973971924676966, 1.2619078355323239]",1.671450229334089,1.0973971924676966,[1.72414847 2.24683366 0.9468185  0.8559005 ],1.7241484721289566,0.946818497059829,2,16,39,1.0974397659301758,1,248.0,0.0,0.0,726,barabasi,16,39,4.875,2.1469,0.4006,-0.1825,0.375,29,0.8335947240369121
regular_727,20.4263955518682,"[2.7871122249860285, 1.7019618285587546, 1.2211807658506872, 2.2912266092871336]",2.7871122249860285,1.2211807658506872,[1.72414847 2.24683366 0.9468185  0.8559005 ],1.7241484721289566,0.946818497059829,2,15,30,0.9953935146331788,1,285.0,0.0,0.0,727,regular,15,30,4.0,0.0,0.2333,0.0,0.3333,22,0.9284725250849182
regular_728,15.833338996870312,"[0.9266972079894943, 1.8926462191159183, 2.819299788183291, 2.2155147008321325]",0.9266972079894944,2.819299788183291,[1.72414847 2.24683366 0.9468185  0.8559005 ],1.7241484721289566,0.946818497059829,2,19,19,0.7239413261413574,1,156.0,0.0,0.0,728,regular,19,19,2.0,0.0,0.0,0.0,0.4211,18,0.8796299442705728
gnm_729,36.513535909689885,"[1.7221339078204794, 2.7914560212615545, 1.8154805757240458, 1.3479702145719292]",1.7221339078204794,1.8154805757240455,[1.72414847 2.24683366 0.9468185  0.8559005 ],1.7241484721289566,0.946818497059829,2,17,70,1.8450932502746584,1,278.0,0.0,0.0,729,gnm,17,70,8.2353,1.6988,0.4958,-0.058,0.2353,48,0.760698664785206
regular_730,12.50000767175102,"[2.4971062213207618, 1.8929800845219467, 1.2482103490586238, 2.2156528796495594]",2.4971062213207618,1.2482103490586238,[1.72414847 2.24683366 0.9468185  0.8559005 ],1.7241484721289566,0.946818497059829,2,15,15,0.475365400314331,1,266.0,0.0,0.0,730,regular,15,15,2.0,0.0,0.0,0.0,0.4667,14,0.8928576908393585
watts_731,15.697025670502676,"[0.4000799683588777, 2.34235173419563, 2.9665412965555453, 1.8714203520739447]",0.4000799683588777,2.9665412965555453,[1.72414847 2.24683366 0.9468185  0.8559005 ],1.7241484721289566,0.946818497059829,2,20,20,0.8699054718017578,1,217.0,0.0,0.0,731,watts,20,20,2.0,0.6325,0.0,-0.0784,0.5,20,0.7848512835251338
watts_732,7.52403501824951,"[0.3723048321977856, 2.3521214846312466, 2.9210202863047856, 1.8070719192465685]",0.3723048321977856,2.9210202863047856,[1.72414847 2.24683366 0.9468185  0.8559005 ],1.7241484721289566,0.946818497059829,2,10,10,0.3692865371704101,1,286.0,0.0,0.0,732,watts,10,10,2.0,0.8944,0.2167,-0.2766,0.5,9,0.8360038909166122
gnm_733,39.60766490732114,"[2.007377015919433, 0.9557148094503174, 3.141522679431046, 1.8829101233088146]",2.007377015919433,3.141522679431046,[1.72414847 2.24683366 0.9468185  0.8559005 ],1.7241484721289566,0.946818497059829,2,19,68,2.69048285484314,1,253.0,0.0,0.0,733,gnm,19,68,7.1579,1.8141,0.4283,-0.1425,0.2105,49,0.8083196919861456
watts_734,18.7089324892918,"[2.9295511010584336, 2.0678079306177013, 1.8563969438694956, 1.4389715348481367]",2.9295511010584336,1.856396943869496,[1.72414847 2.24683366 0.9468185  0.8559005 ],1.7241484721289566,0.946818497059829,2,15,30,1.9632115364074707,1,451.0,0.0,0.0,734,watts,15,30,4.0,0.5164,0.5222,-0.1441,0.3333,23,0.8134318473605131
barabasi_735,12.020526690443267,"[0.850820709447129, 2.7811155216207446, 1.2363371530255107, 1.3346460160409384]",0.850820709447129,1.2363371530255107,[1.72414847 2.24683366 0.9468185  0.8559005 ],1.7241484721289566,0.946818497059829,2,17,16,0.8952231407165527,1,203.0,0.0,0.0,735,barabasi,17,16,1.8824,1.7109,0.0,-0.5175,0.5882,16,0.7512829181527042
gnm_736,35.03487175883765,"[1.474653830320741, 2.8308568964472, 1.2692738300258744, 1.481577286984985]",1.474653830320741,1.2692738300258744,[1.72414847 2.24683366 0.9468185  0.8559005 ],1.7241484721289566,0.946818497059829,2,12,65,1.56439471244812,1,273.0,0.0,0.0,736,gnm,12,65,10.8333,0.3727,0.9848,-0.1818,0.1667,36,0.9731908821899348
barabasi_737,6.679945986396973,"[-0.3990029482764546, 3.1415917270501783, 2.8217493288191253, 2.283801928665919]",-0.3990029482764546,2.8217493288191253,[1.72414847 2.24683366 0.9468185  0.8559005 ],1.7241484721289566,0.946818497059829,2,10,9,-2.58756422996521,1,164.0,0.0,0.0,737,barabasi,10,9,1.8,0.8718,0.0,-0.2203,0.5,9,0.7422162207107748
regular_738,14.16669724065912,"[0.9265067504709832, 1.8933126186533458, 2.81918459962613, 2.2156929812167636]",0.9265067504709832,2.81918459962613,[1.72414847 2.24683366 0.9468185  0.8559005 ],1.7241484721289566,0.946818497059829,2,17,17,0.5534489154815674,1,258.0,0.0,0.0,738,regular,17,17,2.0,0.0,0.0,0.0,0.4706,16,0.885418577541195
barabasi_739,20.61028573166205,"[1.7355148208811606, 1.1156289890111637, 2.9181219751921685, 1.8662478217978338]",1.7355148208811606,2.9181219751921685,[1.72414847 2.24683366 0.9468185  0.8559005 ],1.7241484721289566,0.946818497059829,2,18,32,0.7557132244110107,1,163.0,0.0,0.0,739,barabasi,18,32,3.5556,2.6713,0.4882,-0.3219,0.4444,24,0.8587619054859187
barabasi_740,9.500546345740709,"[1.6637780349565943, 2.094921244663614, 1.0377341028982685, 2.7574789813247707]",1.6637780349565945,1.0377341028982685,[1.72414847 2.24683366 0.9468185  0.8559005 ],1.7241484721289566,0.946818497059829,2,14,13,0.2314176559448242,1,134.0,0.0,0.0,740,barabasi,14,13,1.8571,2.2946,0.0,-0.651,0.7143,13,0.7308112573646699
regular_741,22.710380809833865,"[1.2163344621754026, 1.718790884081419, 2.799369810163297, 2.3130401599131662]",1.2163344621754026,2.799369810163297,[1.72414847 2.24683366 0.9468185  0.8559005 ],1.7241484721289566,0.946818497059829,2,16,32,0.936232566833496,1,263.0,0.0,0.0,741,regular,16,32,4.0,0.0,0.0625,0.0,0.375,26,0.8734761849936101
watts_742,25.43302306918454,"[1.4900177873646772, 1.9014287016691926, -0.09693590448056841, 1.2188621463076235]",1.4900177873646772,-0.0969359044805684,[1.72414847 2.24683366 0.9468185  0.8559005 ],1.7241484721289566,0.946818497059829,2,20,40,2.099053144454956,1,297.0,0.0,0.0,742,watts,20,40,4.0,0.9487,0.2317,0.1063,0.35,32,0.7947819709120169
gnm_743,7.890618282663127,"[2.94304960243094, 2.7026605612603447, 1.9761044600887991, 1.7945696489002614]",2.94304960243094,1.9761044600887991,[1.72414847 2.24683366 0.9468185  0.8559005 ],1.7241484721289566,0.946818497059829,2,7,12,0.3364369869232178,1,279.0,0.0,0.0,743,gnm,7,12,3.4286,1.3997,0.7952,-0.5185,0.4286,9,0.8767353647403474
barabasi_744,18.94210976562307,"[1.3513983217299952, 2.0629961966306296, 1.796509531022823, 1.2628534505836488]",1.3513983217299952,1.796509531022823,[1.72414847 2.24683366 0.9468185  0.8559005 ],1.7241484721289566,0.946818497059829,2,16,28,0.7648894786834717,1,231.0,0.0,0.0,744,barabasi,16,28,3.5,2.3184,0.2536,-0.4176,0.4375,24,0.7892545735676278
barabasi_745,7.298395724146211,"[-0.4047562141659733, 3.1415913212586024, 2.9120192589146825, 2.1928674321876045]",-0.4047562141659733,2.9120192589146825,[1.72414847 2.24683366 0.9468185  0.8559005 ],1.7241484721289566,0.946818497059829,2,11,10,0.2219548225402832,1,144.0,0.0,0.0,745,barabasi,11,10,1.8182,1.1923,0.0,-0.3248,0.5455,10,0.729839572414621
regular_746,17.718556253246373,"[1.2162203856163316, 1.7025076528886571, 2.7845164761885304, 2.2974031089677993]",1.2162203856163316,2.7845164761885304,[1.72414847 2.24683366 0.9468185  0.8559005 ],1.7241484721289566,0.946818497059829,2,13,26,0.5229470729827881,1,186.0,0.0,0.0,746,regular,13,26,4.0,0.0,0.2692,0.0,0.3077,22,0.8053889206021079
watts_747,9.495715901819349,"[0.5449424664920026, 2.1799487540719715, 2.9706245112795946, 1.9132120707959444]",0.5449424664920026,2.9706245112795946,[1.72414847 2.24683366 0.9468185  0.8559005 ],1.7241484721289566,0.946818497059829,2,12,12,0.3209922313690185,1,189.0,0.0,0.0,747,watts,12,12,2.0,0.4082,0.0,-0.5652,0.5,11,0.8632469001653953
watts_748,5.136458830344054,"[-0.37588356679523216, 3.139452352254052, 3.141592653589793, 1.9633582023062206]",-0.3758835667952321,3.141592653589793,[1.72414847 2.24683366 0.9468185  0.8559005 ],1.7241484721289566,0.946818497059829,2,7,7,0.118898868560791,1,110.0,0.0,0.0,748,watts,7,7,2.0,0.7559,0.0,-0.1667,0.4286,7,0.7337798329062934
watts_749,21.403971048151124,"[2.896896590259117, 2.2588814498488117, 1.9115585254353706, 1.5755594287088481]",2.896896590259117,1.9115585254353704,[1.72414847 2.24683366 0.9468185  0.8559005 ],1.7241484721289566,0.946818497059829,2,17,34,0.9177193641662598,1,208.0,0.0,0.0,749,watts,17,34,4.0,0.686,0.3451,-0.0303,0.3529,27,0.7927396684500416
gnm_750,26.110628970602345,"[1.363036532278935, 1.9848679772558926, 1.7464775579575385, 1.2440123879598768]",1.363036532278935,1.7464775579575385,[1.72414847 2.24683366 0.9468185  0.8559005 ],1.7241484721289566,0.946818497059829,2,15,43,1.714573621749878,1,350.0,0.0,0.0,750,gnm,15,43,5.7333,1.7308,0.3839,-0.1794,0.3333,33,0.7912311809273438
barabasi_751,11.029141711602689,"[0.44458351551334635, 2.160116074960738, 2.8536144126481044, 1.8331127981118165]",0.4445835155133463,2.8536144126481044,[1.72414847 2.24683366 0.9468185  0.8559005 ],1.7241484721289566,0.946818497059829,2,15,14,0.5769178867340088,1,285.0,0.0,0.0,751,barabasi,15,14,1.8667,1.9956,0.0,-0.614,0.6667,14,0.7877958365430492
gnm_752,26.98289052181036,"[2.9861973549949115, 0.4424438917940873, 0.24057151119517256, 2.9276749688820827]",2.9861973549949115,0.2405715111951725,[1.72414847 2.24683366 0.9468185  0.8559005 ],1.7241484721289566,0.946818497059829,2,17,43,2.258884191513061,1,411.0,0.0,0.0,752,gnm,17,43,5.0588,1.5135,0.4363,-0.1643,0.2941,31,0.8704158232842052
regular_753,8.006918286239852,"[3.141592653589793, 1.8613621705727885, 3.1224638709718175, 1.9288669751826089]",3.141592653589793,3.122463870971817,[1.72414847 2.24683366 0.9468185  0.8559005 ],1.7241484721289566,0.946818497059829,2,8,12,0.1726818084716797,1,105.0,0.0,0.0,753,regular,8,12,3.0,0.0,0.25,0.0,0.375,10,0.8006918286239852
regular_754,15.400317317626872,"[1.7584872503496527, 1.9172483491018686, 1.0902436684035821, 1.3010931131734096]",1.7584872503496527,1.090243668403582,[1.72414847 2.24683366 0.9468185  0.8559005 ],1.7241484721289566,0.946818497059829,2,11,22,0.2964308261871338,1,145.0,0.0,0.0,754,regular,11,22,4.0,0.0,0.1818,0.0,0.3636,16,0.9625198323516795
barabasi_755,17.835220513726608,"[-0.06202170136613909, 2.9430339451574277, 3.141575848501248, 1.9244326781736016]",-0.062021701366139,3.141575848501248,[1.72414847 2.24683366 0.9468185  0.8559005 ],1.7241484721289566,0.946818497059829,2,16,28,0.465688943862915,1,117.0,0.0,0.0,755,barabasi,16,28,3.5,1.6956,0.403,-0.2798,0.4375,23,0.7754443701620264
barabasi_756,18.45418179026578,"[1.3736659656885628, 2.0357582691238623, 0.2138640155308254, 2.8239873000238918]",1.3736659656885628,0.2138640155308254,[1.72414847 2.24683366 0.9468185  0.8559005 ],1.7241484721289566,0.946818497059829,2,16,28,1.4688637256622314,1,361.0,0.0,0.0,756,barabasi,16,28,3.5,1.5811,0.2507,-0.2142,0.375,23,0.8023557300115556
watts_757,4.922859170455922,"[-0.3595024946076394, 3.1413641996746997, 3.1352902497851347, 1.9357960856949294]",-0.3595024946076394,3.1352902497851347,[1.72414847 2.24683366 0.9468185  0.8559005 ],1.7241484721289566,0.946818497059829,2,7,7,0.1441998481750488,1,134.0,0.0,0.0,757,watts,7,7,2.0,0.7559,0.2381,-0.1667,0.5714,6,0.8204765284093204
regular_758,10.000018697330962,"[0.9263036418346445, 1.8931686828249474, 2.8192953955570736, 2.2157547556646713]",0.9263036418346444,2.8192953955570736,[1.72414847 2.24683366 0.9468185  0.8559005 ],1.7241484721289566,0.946818497059829,2,12,12,0.464991807937622,1,253.0,0.0,0.0,758,regular,12,12,2.0,0.0,0.0,0.0,0.4167,12,0.8333348914442468
watts_759,13.91407668282303,"[2.925678868334477, 2.1086676182093567, 1.8380203272418394, 1.4151721761480185]",2.925678868334477,1.8380203272418396,[1.72414847 2.24683366 0.9468185  0.8559005 ],1.7241484721289566,0.946818497059829,2,11,22,0.5822782516479492,1,179.0,0.0,0.0,759,watts,11,22,4.0,0.4264,0.4667,-0.0115,0.2727,16,0.8696297926764394
barabasi_760,14.398028716368096,"[0.4604397346761348, 2.975958834796518, 1.9060315866837325, 0.8383612354653498]",0.4604397346761348,1.9060315866837323,[1.72414847 2.24683366 0.9468185  0.8559005 ],1.7241484721289566,0.946818497059829,2,20,19,1.2759745121002195,1,295.0,0.0,0.0,760,barabasi,20,19,1.9,1.261,0.0,-0.248,0.5,19,0.757790985072005
regular_761,16.717963092743727,"[1.32380261066496, 2.089657323692512, 1.7527545397068274, 1.2677905023601308]",1.32380261066496,1.7527545397068274,[1.72414847 2.24683366 0.9468185  0.8559005 ],1.7241484721289566,0.946818497059829,2,12,24,0.6594538688659668,1,268.0,0.0,0.0,761,regular,12,24,4.0,0.0,0.0833,0.0,0.3333,20,0.8358981546371863
regular_762,18.99894160440345,"[1.7636868953019516, 1.9471297734744848, 2.673228091659209, 1.2984909092438568]",1.7636868953019516,2.673228091659209,[1.72414847 2.24683366 0.9468185  0.8559005 ],1.7241484721289566,0.946818497059829,2,14,28,0.7691564559936523,1,269.0,0.0,0.0,762,regular,14,28,4.0,0.0,0.3929,0.0,0.2857,22,0.8635882547456113
barabasi_763,4.556658491957933,"[0.9234202190929988, 2.7877501429582505, 1.075683792725386, 1.2282049104910162]",0.9234202190929988,1.075683792725386,[1.72414847 2.24683366 0.9468185  0.8559005 ],1.7241484721289566,0.946818497059829,2,6,5,0.1596920490264892,1,195.0,0.0,0.0,763,barabasi,6,5,1.6667,1.4907,0.0,-1.0,0.8333,5,0.9113316983915866
gnm_764,29.387311540546243,"[1.7338144230621926, 2.831151568343097, 1.8498800164868414, 1.2976626378842684]",1.7338144230621926,1.8498800164868412,[1.72414847 2.24683366 0.9468185  0.8559005 ],1.7241484721289566,0.946818497059829,2,14,56,1.1867940425872805,1,234.0,0.0,0.0,764,gnm,14,56,8.0,1.3093,0.6032,-0.0439,0.2857,38,0.7733503036985854
watts_765,16.82088717819362,"[1.7619058039750926, 1.1338827181894082, 2.9867083263655125, 1.9316740505990015]",1.7619058039750926,2.9867083263655125,[1.72414847 2.24683366 0.9468185  0.8559005 ],1.7241484721289566,0.946818497059829,2,13,26,0.7613837718963623,1,295.0,0.0,0.0,765,watts,13,26,4.0,0.8771,0.2333,-0.2251,0.3846,22,0.7645857808269827
barabasi_766,13.584493458632249,"[2.7905440459194497, 0.12235432844867924, 2.799470695055156, 2.2872460984150607]",2.7905440459194497,2.799470695055156,[1.72414847 2.24683366 0.9468185  0.8559005 ],1.7241484721289566,0.946818497059829,2,12,20,0.801077127456665,1,381.0,0.0,0.0,766,barabasi,12,20,3.3333,1.7951,0.4369,-0.4671,0.4167,17,0.7990878505077793
gnm_767,23.58240807729777,"[1.6888266840871404, 1.836875500745347, 1.1376316712533954, 1.3145303203499792]",1.6888266840871404,1.1376316712533954,[1.72414847 2.24683366 0.9468185  0.8559005 ],1.7241484721289566,0.946818497059829,2,12,40,1.2485597133636477,1,348.0,0.0,0.0,767,gnm,12,40,6.6667,1.5456,0.6294,-0.2767,0.25,28,0.8422288599034918
barabasi_768,14.916608907037304,"[0.44602813426612886, 2.1669738769014106, 2.8466448701365907, 1.82689769490527]",0.4460281342661288,2.8466448701365907,[1.72414847 2.24683366 0.9468185  0.8559005 ],1.7241484721289566,0.946818497059829,2,20,19,0.8397731781005859,1,174.0,0.0,0.0,768,barabasi,20,19,1.9,2.1886,0.0,-0.4871,0.7,19,0.7850846793177528
regular_769,9.2420447501936,"[2.79766839967063, 1.6790568857397634, 1.2044930287055446, 2.2937491223794884]",2.79766839967063,1.2044930287055446,[1.72414847 2.24683366 0.9468185  0.8559005 ],1.7241484721289566,0.946818497059829,2,7,14,0.2663311958312988,1,206.0,0.0,0.0,769,regular,7,14,4.0,0.0,0.5,0.0,0.2857,10,0.92420447501936
gnm_770,14.887936419596372,"[1.7556856089633572, 3.1051580070680873, 2.657928663828007, 0.8337865818929235]",1.7556856089633572,2.657928663828007,[1.72414847 2.24683366 0.9468185  0.8559005 ],1.7241484721289566,0.946818497059829,2,8,27,0.558678388595581,1,272.0,0.0,0.0,770,gnm,8,27,6.75,0.433,0.9643,-0.2857,0.25,16,0.9304960262247732
gnm_771,6.109577431603611,"[2.8238209851477487, 1.9463483537160378, 1.9483488896858687, 3.1086186498878403]",2.8238209851477487,1.9483488896858687,[1.72414847 2.24683366 0.9468185  0.8559005 ],1.7241484721289566,0.946818497059829,2,7,9,0.2553803920745849,1,233.0,0.0,0.0,771,gnm,7,9,2.5714,1.178,0.2048,-0.6791,0.5714,8,0.7636971789504514
barabasi_772,28.724126431567097,"[1.0310517923523608, 2.3316559088529973, 1.579042498774577, 1.2389994925019105]",1.0310517923523608,1.579042498774577,[1.72414847 2.24683366 0.9468185  0.8559005 ],1.7241484721289566,0.946818497059829,2,19,48,1.4617033004760742,1,240.0,0.0,0.0,772,barabasi,19,48,5.0526,3.0689,0.4772,-0.3375,0.4211,36,0.7978924008768637
gnm_773,8.152621234301478,"[1.7930233277456589, 2.717970427869613, 2.8349097490704125, 2.451792491877894]",1.7930233277456589,2.8349097490704125,[1.72414847 2.24683366 0.9468185  0.8559005 ],1.7241484721289566,0.946818497059829,2,6,14,0.1835155487060547,1,142.0,0.0,0.0,773,gnm,6,14,4.6667,0.4714,0.9333,-0.4,0.3333,9,0.9058468038112752
gnm_774,8.544299042769126,"[2.959499691572948, 2.7508903474980437, 2.01892541005582, 1.8105816964521118]",2.959499691572948,2.01892541005582,[1.72414847 2.24683366 0.9468185  0.8559005 ],1.7241484721289566,0.946818497059829,2,7,13,0.184913158416748,1,137.0,0.0,0.0,774,gnm,7,13,3.7143,0.6999,0.619,-0.0833,0.2857,10,0.8544299042769126
barabasi_775,5.904735066890794,"[1.598036904986858, 1.9602831001711527, 0.9608358467400535, 2.7487322153923746]",1.598036904986858,0.9608358467400536,[1.72414847 2.24683366 0.9468185  0.8559005 ],1.7241484721289566,0.946818497059829,2,9,8,0.2086412906646728,1,162.0,0.0,0.0,775,barabasi,9,8,1.7778,1.0304,0.0,-0.7471,0.6667,8,0.7380918833613492
barabasi_776,8.663335157258164,"[0.510949464959696, 2.9323542258280706, 0.3267867868115861, 2.4275519424553025]",0.510949464959696,0.3267867868115861,[1.72414847 2.24683366 0.9468185  0.8559005 ],1.7241484721289566,0.946818497059829,2,12,11,0.5844607353210449,1,430.0,0.0,0.0,776,barabasi,12,11,1.8333,0.8975,0.0,-0.5203,0.5,11,0.7875759233871058
watts_777,22.58365831981117,"[2.9062218587952002, 2.1540469137517553, 1.8932364403428332, 1.5221728200576405]",2.9062218587952,1.8932364403428328,[1.72414847 2.24683366 0.9468185  0.8559005 ],1.7241484721289566,0.946818497059829,2,18,36,0.9773445129394532,1,258.0,0.0,0.0,777,watts,18,36,4.0,0.5774,0.4037,0.1489,0.3333,27,0.836431789622636
watts_778,10.06817767305256,"[2.920245256438041, 2.080392515028578, 1.8555027927042222, 1.748619437194436]",2.920245256438041,1.8555027927042225,[1.72414847 2.24683366 0.9468185  0.8559005 ],1.7241484721289566,0.946818497059829,2,8,16,0.1834144592285156,1,115.0,0.0,0.0,778,watts,8,16,4.0,1.118,0.5375,-0.3061,0.375,12,0.8390148060877133
gnm_779,42.431823005246514,"[1.7259006395690268, 2.208998411560348, 2.7849809956996037, 1.5482145018380207]",1.7259006395690268,2.784980995699604,[1.72414847 2.24683366 0.9468185  0.8559005 ],1.7241484721289566,0.946818497059829,2,15,79,1.5862677097320557,1,211.0,0.0,0.0,779,gnm,15,79,10.5333,1.4545,0.759,-0.1261,0.2,48,0.8839963126093023
regular_780,19.24952017240655,"[1.2135386118859264, 1.7083935239598689, 2.7898083710126076, 2.2974573289234677]",1.2135386118859264,2.789808371012608,[1.72414847 2.24683366 0.9468185  0.8559005 ],1.7241484721289566,0.946818497059829,2,14,28,0.5331113338470459,1,161.0,0.0,0.0,780,regular,14,28,4.0,0.0,0.2143,0.0,0.3571,22,0.8749781896548433
watts_781,10.216442530337796,"[0.42740178736311374, 2.3060179224859234, 2.9505068948440107, 1.8574647240742115]",0.4274017873631137,2.9505068948440107,[1.72414847 2.24683366 0.9468185  0.8559005 ],1.7241484721289566,0.946818497059829,2,13,13,0.3001682758331299,1,138.0,0.0,0.0,781,watts,13,13,2.0,0.5547,0.0,-0.625,0.5385,12,0.851370210861483
watts_782,8.676115588000158,"[0.513790478762815, 2.919952137538229, 1.9005264493457803, 0.859483362942392]",0.513790478762815,1.9005264493457803,[1.72414847 2.24683366 0.9468185  0.8559005 ],1.7241484721289566,0.946818497059829,2,11,11,0.592850923538208,1,326.0,0.0,0.0,782,watts,11,11,2.0,0.7385,0.0,-0.3509,0.4545,10,0.8676115588000158
barabasi_783,7.99104760768094,"[0.299476474410142, 2.4550810896383055, 2.8044363934233516, 1.8147247773213628]",0.299476474410142,2.804436393423352,[1.72414847 2.24683366 0.9468185  0.8559005 ],1.7241484721289566,0.946818497059829,2,11,10,0.2486879825592041,1,142.0,0.0,0.0,783,barabasi,11,10,1.8182,1.3361,0.0,-0.4855,0.6364,10,0.799104760768094
gnm_784,12.793229080497529,"[1.8233661062790736, 2.7756728013582004, 1.9619174349244013, 2.744943986487048]",1.8233661062790736,1.9619174349244013,[1.72414847 2.24683366 0.9468185  0.8559005 ],1.7241484721289566,0.946818497059829,2,11,24,-2.078924655914306,1,254.0,0.0,0.0,784,gnm,11,24,4.3636,1.0679,0.3727,0.1362,0.2727,18,0.7107349489165293
watts_785,7.568855881035201,"[1.8203552033028905, 2.906885677175964, 1.0225438869652588, 2.5284778838989395]",1.8203552033028905,1.0225438869652588,[1.72414847 2.24683366 0.9468185  0.8559005 ],1.7241484721289566,0.946818497059829,2,14,14,0.3969700336456299,1,165.0,0.0,0.0,785,watts,14,14,2.0,0.7559,0.1667,-0.1667,0.4286,13,0.5822196831565539
regular_786,10.833348052712596,"[0.9259402008397424, 1.8934148632827146, 2.8192470789611255, 2.2155830680059108]",0.9259402008397424,2.819247078961125,[1.72414847 2.24683366 0.9468185  0.8559005 ],1.7241484721289566,0.946818497059829,2,13,13,0.5773813724517822,1,234.0,0.0,0.0,786,regular,13,13,2.0,0.0,0.0,0.0,0.3846,12,0.9027790043927163
gnm_787,7.942517793562729,"[2.956424412519466, 2.6194891020870736, 1.887438596101289, 1.720672235785667]",2.956424412519466,1.887438596101289,[1.72414847 2.24683366 0.9468185  0.8559005 ],1.7241484721289566,0.946818497059829,2,6,13,0.3843300342559814,1,221.0,0.0,0.0,787,gnm,6,13,4.3333,0.7454,0.9,-0.4444,0.3333,9,0.8825019770625254
watts_788,19.90075619044475,"[2.955421581364866, 2.749659936487346, 2.0187466581893623, 1.8174503401882354]",2.955421581364866,2.0187466581893623,[1.72414847 2.24683366 0.9468185  0.8559005 ],1.7241484721289566,0.946818497059829,2,15,30,1.0482845306396484,1,275.0,0.0,0.0,788,watts,15,30,4.0,0.7303,0.4444,0.0253,0.3333,24,0.8291981746018645
gnm_789,49.14196336145416,"[1.4617179943593146, 2.930386872237716, 2.050993300340586, 1.8268179716153232]",1.4617179943593146,2.050993300340586,[1.72414847 2.24683366 0.9468185  0.8559005 ],1.7241484721289566,0.946818497059829,2,18,95,3.080899238586426,1,285.0,0.0,0.0,789,gnm,18,95,10.5556,1.8019,0.5986,-0.082,0.2222,61,0.8056059567451501
barabasi_790,5.30788611508342,"[1.3079201062547812, 2.2461362357509658, 1.7231245440034253, 1.1928734257378242]",1.3079201062547812,1.7231245440034253,[1.72414847 2.24683366 0.9468185  0.8559005 ],1.7241484721289566,0.946818497059829,2,8,7,0.1538043022155761,1,139.0,0.0,0.0,790,barabasi,8,7,1.75,0.9682,0.0,-0.4848,0.5,7,0.7582694450119172
gnm_791,14.085084080434171,"[2.9954750004214947, 2.70622413545642, 1.8780885027371166, 1.7267066707315117]",2.9954750004214947,1.8780885027371168,[1.72414847 2.24683366 0.9468185  0.8559005 ],1.7241484721289566,0.946818497059829,2,8,24,0.5230832099914551,1,260.0,0.0,0.0,791,gnm,8,24,6.0,0.866,0.8702,-0.305,0.25,15,0.9390056053622781
barabasi_792,14.087264707844374,"[0.26906247866912364, 2.464881685420796, 2.7903847746933255, 1.8275476835605904]",0.2690624786691236,2.790384774693325,[1.72414847 2.24683366 0.9468185  0.8559005 ],1.7241484721289566,0.946818497059829,2,19,18,0.4640011787414551,1,156.0,0.0,0.0,792,barabasi,19,18,1.8947,1.744,0.0,-0.4886,0.6316,18,0.7826258171024653
watts_793,12.614902906266762,"[1.8374321332061203, 2.5426775496984444, -0.22241581666003868, 1.826733083298699]",1.8374321332061203,-0.2224158166600386,[1.72414847 2.24683366 0.9468185  0.8559005 ],1.7241484721289566,0.946818497059829,2,20,20,1.0496785640716553,1,295.0,0.0,0.0,793,watts,20,20,2.0,0.7071,0.0,-0.0213,0.5,20,0.6307451453133381
gnm_794,88.68747141763649,"[1.7250110914077719, 2.9047116669415107, 0.7855892266351937, 1.5654429550433733]",1.725011091407772,0.7855892266351937,[1.72414847 2.24683366 0.9468185  0.8559005 ],1.7241484721289566,0.946818497059829,2,20,173,5.360520601272583,1,206.0,0.0,0.0,794,gnm,20,173,17.3,1.2689,0.9127,-0.0912,0.1,98,0.9049741981391478
gnm_795,59.92942792988453,"[1.7049790347971032, 2.884938829506397, 1.8886766397306642, 1.321474678880878]",1.7049790347971032,1.888676639730664,[1.72414847 2.24683366 0.9468185  0.8559005 ],1.7241484721289566,0.946818497059829,2,20,113,3.844175100326538,1,225.0,0.0,0.0,795,gnm,20,113,11.3,2.1237,0.6005,-0.1648,0.25,73,0.8209510675326648
gnm_796,10.482615578061086,"[1.413343296301599, 1.9988034180729777, 1.7893665108904033, 1.3769735492390702]",1.413343296301599,1.789366510890403,[1.72414847 2.24683366 0.9468185  0.8559005 ],1.7241484721289566,0.946818497059829,2,7,18,0.244520902633667,1,151.0,0.0,0.0,796,gnm,7,18,5.1429,0.833,0.8857,-0.378,0.2857,12,0.8735512981717571
barabasi_797,14.688292078899844,"[2.956138714432832, 2.7670967765901233, 1.976153776139721, 1.7964343760475154]",2.956138714432832,1.976153776139721,[1.72414847 2.24683366 0.9468185  0.8559005 ],1.7241484721289566,0.946818497059829,2,13,22,0.3047583103179931,1,153.0,0.0,0.0,797,barabasi,13,22,3.3846,2.1318,0.5458,-0.3965,0.4615,17,0.8640171811117555
gnm_798,30.676854189220403,"[1.5583214582607967, 1.7259546671252828, 2.0129150255030233, 1.3180436499093457]",1.5583214582607967,2.0129150255030237,[1.72414847 2.24683366 0.9468185  0.8559005 ],1.7241484721289566,0.946818497059829,2,13,55,1.1252024173736572,1,244.0,0.0,0.0,798,gnm,13,55,8.4615,1.6462,0.7115,-0.2053,0.2308,36,0.8521348385894556
gnm_799,44.331475530708055,"[1.9662951065378955, 1.805692825741839, 1.316636181270817, 1.948872422579997]",1.9662951065378955,1.316636181270817,[1.72414847 2.24683366 0.9468185  0.8559005 ],1.7241484721289566,0.946818497059829,2,16,88,2.108903408050537,1,245.0,0.0,0.0,799,gnm,16,88,11.0,1.4577,0.7263,-0.1973,0.1875,54,0.8209532505686676
regular_800,7.760196482791798,"[3.141582834470459, 1.8454610276638173, 3.1031184132109755, 1.8997385834175053]",3.141582834470459,3.1031184132109755,[1.72414847 2.24683366 0.9468185  0.8559005 ],1.7241484721289566,0.946818497059829,2,8,12,0.1687641143798828,1,114.0,0.0,0.0,800,regular,8,12,3.0,0.0,0.5,0.0,0.375,10,0.7760196482791798
watts_801,21.05565030200841,"[1.443273117569315, 1.3054305153376533, 1.1775899738070275, 1.8699480762760843]",1.443273117569315,1.1775899738070277,[1.72414847 2.24683366 0.9468185  0.8559005 ],1.7241484721289566,0.946818497059829,2,16,32,0.9116983413696288,1,243.0,0.0,0.0,801,watts,16,32,4.0,1.1726,0.1952,0.0616,0.375,25,0.8422260120803364
watts_802,5.833330113069678,"[2.496156354601446, 1.893227029377789, 1.2487548306479237, 2.214726101030859]",2.496156354601446,1.2487548306479237,[1.72414847 2.24683366 0.9468185  0.8559005 ],1.7241484721289566,0.946818497059829,2,7,7,0.2610564231872558,1,251.0,0.0,0.0,802,watts,7,7,2.0,0.0,0.0,0.0,0.4286,6,0.972221685511613
gnm_803,22.69440743557851,"[1.7305896483197216, 2.780881454539962, 1.2946594137979641, 1.7973099608024952]",1.7305896483197216,1.294659413797964,[1.72414847 2.24683366 0.9468185  0.8559005 ],1.7241484721289566,0.946818497059829,2,11,42,0.9238264560699464,1,267.0,0.0,0.0,803,gnm,11,42,7.6364,1.1499,0.7617,-0.1657,0.2727,27,0.8405336087251299
regular_804,14.081385001071656,"[3.141592653589793, 2.848827480398039, 3.141592653589793, 1.9338873706501263]",3.141592653589793,3.141592653589793,[1.72414847 2.24683366 0.9468185  0.8559005 ],1.7241484721289566,0.946818497059829,2,14,21,0.4620299339294433,1,162.0,0.0,0.0,804,regular,14,21,3.0,0.0,0.2143,0.0,0.3571,17,0.8283167647689209
gnm_805,11.36666170047829,"[2.9723997410094647, 3.141592653589793, 1.018223422104761, 2.3722647453264702]",2.9723997410094647,1.018223422104761,[1.72414847 2.24683366 0.9468185  0.8559005 ],1.7241484721289566,0.946818497059829,2,7,20,0.2707676887512207,1,150.0,0.0,0.0,805,gnm,7,20,5.7143,0.4518,0.9524,-0.3333,0.2857,12,0.9472218083731908
barabasi_806,10.78820894821976,"[2.2705330903741237, 1.763609632031705, 0.3241487283595426, 2.8570899191472314]",2.270533090374124,0.3241487283595426,[1.72414847 2.24683366 0.9468185  0.8559005 ],1.7241484721289566,0.946818497059829,2,15,14,0.5985488891601562,1,275.0,0.0,0.0,806,barabasi,15,14,1.8667,1.7075,0.0,-0.6163,0.6667,14,0.7705863534442685
gnm_807,47.55579137444819,"[0.13846552428302655, 1.5531826308145873, 2.887420758014657, 3.141414136238703]",0.1384655242830265,2.887420758014657,[1.72414847 2.24683366 0.9468185  0.8559005 ],1.7241484721289566,0.946818497059829,2,17,86,2.669032335281372,1,238.0,0.0,0.0,807,gnm,17,86,10.1176,1.875,0.6343,-0.076,0.2353,55,0.8646507522626944
regular_808,10.83331827413425,"[2.496381380026995, 1.8930241501398206, 1.2489654681929299, 2.21447678305368]",2.496381380026995,1.24896546819293,[1.72414847 2.24683366 0.9468185  0.8559005 ],1.7241484721289566,0.946818497059829,2,13,13,0.4984924793243408,1,249.0,0.0,0.0,808,regular,13,13,2.0,0.0,0.0,0.0,0.3846,12,0.9027765228445208
watts_809,7.6536173077329295,"[1.9188789522032366, 2.7096794368919523, 1.1736435783002315, 2.2090264313596535]",1.9188789522032368,1.1736435783002317,[1.72414847 2.24683366 0.9468185  0.8559005 ],1.7241484721289566,0.946818497059829,2,7,14,0.4930291175842285,1,168.0,0.0,0.0,809,watts,7,14,4.0,0.7559,0.6571,-0.2963,0.2857,10,0.765361730773293
gnm_810,25.331344398654387,"[1.746317707549251, 2.750887395675462, 1.8296344402053308, 1.3309276847788283]",1.746317707549251,1.8296344402053308,[1.72414847 2.24683366 0.9468185  0.8559005 ],1.7241484721289566,0.946818497059829,2,12,47,1.058495283126831,1,227.0,0.0,0.0,810,gnm,12,47,7.8333,1.724,0.7713,-0.2042,0.1667,30,0.8443781466218129
barabasi_811,13.03192180945828,"[2.0106953284181235, 1.990309210753435, 1.8898041918522166, 1.2753221243362662]",2.0106953284181235,1.8898041918522168,[1.72414847 2.24683366 0.9468185  0.8559005 ],1.7241484721289566,0.946818497059829,2,18,17,0.5492310523986816,1,171.0,0.0,0.0,811,barabasi,18,17,1.8889,2.0518,0.0,-0.6243,0.5556,17,0.766583635850487
barabasi_812,12.986362095130175,"[1.227660288208957, 1.6377820358754018, 3.141592653589793, 1.9350449930137035]",1.227660288208957,3.141592653589793,[1.72414847 2.24683366 0.9468185  0.8559005 ],1.7241484721289566,0.946818497059829,2,12,20,0.2389664649963379,1,110.0,0.0,0.0,812,barabasi,12,20,3.3333,1.5986,0.3175,-0.3753,0.5,16,0.811647630945636
barabasi_813,5.799834511966765,"[0.31389856760312285, 2.3989832031404283, 2.7480494048661397, 1.8319585360575257]",0.3138985676031228,2.74804940486614,[1.72414847 2.24683366 0.9468185  0.8559005 ],1.7241484721289566,0.946818497059829,2,8,7,0.1601910591125488,1,151.0,0.0,0.0,813,barabasi,8,7,1.75,1.299,0.0,-0.75,0.75,7,0.8285477874238235
gnm_814,26.794295172121537,"[2.8719623080074523, 1.7266096691586728, 1.7610011882241219, 2.4147068455378955]",2.8719623080074523,1.761001188224122,[1.72414847 2.24683366 0.9468185  0.8559005 ],1.7241484721289566,0.946818497059829,2,11,48,0.9650373458862304,1,253.0,0.0,0.0,814,gnm,11,48,8.7273,1.2129,0.9012,-0.2523,0.1818,29,0.9239412128317771
barabasi_815,13.805380791011274,"[1.9778848780376088, 0.8865934621437115, 3.141592653589793, 1.9175420872429396]",1.9778848780376088,3.141592653589793,[1.72414847 2.24683366 0.9468185  0.8559005 ],1.7241484721289566,0.946818497059829,2,13,22,0.2053253650665283,1,98.0,0.0,0.0,815,barabasi,13,22,3.3846,2.4663,0.6613,-0.458,0.4615,17,0.8120812230006632
regular_816,15.410767610992828,"[0.7170884042278174, 2.1728880533677364, 3.141592653589793, 1.9305386104911457]",0.7170884042278174,3.141592653589793,[1.72414847 2.24683366 0.9468185  0.8559005 ],1.7241484721289566,0.946818497059829,2,12,24,-2.182382345199585,1,236.0,0.0,0.0,816,regular,12,24,4.0,0.0,0.2083,0.0,0.3333,18,0.8561537561662682
watts_817,11.758604924892698,"[2.036240262650203, 2.2543028646446985, 1.3961721460800538, 1.8712549131012373]",2.036240262650203,1.3961721460800538,[1.72414847 2.24683366 0.9468185  0.8559005 ],1.7241484721289566,0.946818497059829,2,19,19,0.6468210220336914,1,169.0,0.0,0.0,817,watts,19,19,2.0,0.562,0.0,-0.2667,0.5263,19,0.6188739434154051
gnm_818,12.224263344760402,"[1.5720079872872912, 1.3794334531144918, 2.0351471409722546, 1.8452767401794745]",1.5720079872872912,2.0351471409722546,[1.72414847 2.24683366 0.9468185  0.8559005 ],1.7241484721289566,0.946818497059829,2,8,21,0.3319287300109863,1,196.0,0.0,0.0,818,gnm,8,21,5.25,0.9682,0.775,-0.2908,0.25,14,0.8731616674828858
watts_819,4.999998179235263,"[0.9254719896820817, 1.8935618976420174, 2.81916372348132, 2.2153399264156954]",0.9254719896820816,2.81916372348132,[1.72414847 2.24683366 0.9468185  0.8559005 ],1.7241484721289566,0.946818497059829,2,6,6,0.1260051727294922,1,142.0,0.0,0.0,819,watts,6,6,2.0,0.0,0.0,0.0,0.5,6,0.8333330298725438
watts_820,9.544223458755214,"[0.39345108096017006, 2.35082851445336, 2.9240334872814553, 1.8573335977299585]",0.39345108096017,2.9240334872814557,[1.72414847 2.24683366 0.9468185  0.8559005 ],1.7241484721289566,0.946818497059829,2,12,12,0.2464821338653564,1,149.0,0.0,0.0,820,watts,12,12,2.0,0.7071,0.0,-0.3333,0.5833,12,0.7953519548962679
barabasi_821,6.7578138089990745,"[1.3441192585215758, 2.2119630292540906, 1.312504090102102, 1.2363977190540587]",1.3441192585215758,1.312504090102102,[1.72414847 2.24683366 0.9468185  0.8559005 ],1.7241484721289566,0.946818497059829,2,10,9,0.1990752220153808,1,168.0,0.0,0.0,821,barabasi,10,9,1.8,1.249,0.0,-0.5217,0.7,9,0.7508682009998972
watts_822,11.551612403883556,"[2.772141804968628, 2.4731536620149708, -1.1966708469106968, 3.141591337238035]",2.772141804968628,-1.1966708469106968,[1.72414847 2.24683366 0.9468185  0.8559005 ],1.7241484721289566,0.946818497059829,2,16,16,0.8039491176605225,1,454.0,0.0,0.0,822,watts,16,16,2.0,0.6124,0.1458,0.0805,0.5,15,0.7701074935922371
gnm_823,33.79928176140253,"[1.4068614232050627, 3.1259049654412916, 3.141428771256903, 2.136551853450256]",1.406861423205063,3.141428771256903,[1.72414847 2.24683366 0.9468185  0.8559005 ],1.7241484721289566,0.946818497059829,2,17,65,1.482797145843506,1,207.0,0.0,0.0,823,gnm,17,65,7.6471,1.3258,0.459,-0.0802,0.2353,45,0.7510951502533896
gnm_824,18.63655140616464,"[2.9752480360436167, 2.803305516826727, 1.9810994246627416, 1.8273851689174447]",2.9752480360436167,1.9810994246627416,[1.72414847 2.24683366 0.9468185  0.8559005 ],1.7241484721289566,0.946818497059829,2,12,29,1.168769121170044,1,422.0,0.0,0.0,824,gnm,12,29,4.8333,1.993,0.5421,-0.3986,0.3333,22,0.8471159730074835
barabasi_825,6.67994587442945,"[-0.3997111682838458, 3.1415913542901555, 2.8249805820727603, 2.2803989492053574]",-0.3997111682838458,2.8249805820727603,[1.72414847 2.24683366 0.9468185  0.8559005 ],1.7241484721289566,0.946818497059829,2,10,9,0.2110402584075927,1,163.0,0.0,0.0,825,barabasi,10,9,1.8,0.8718,0.0,-0.2203,0.5,9,0.7422162082699388
gnm_826,37.25810944488719,"[1.4276512290764174, 2.8760598689025914, 1.0980051449177515, 2.917561931775743]",1.4276512290764174,1.0980051449177517,[1.72414847 2.24683366 0.9468185  0.8559005 ],1.7241484721289566,0.946818497059829,2,18,68,2.320174217224121,1,277.0,0.0,0.0,826,gnm,18,68,7.5556,1.7708,0.4232,-0.1799,0.2778,48,0.7762106134351497
gnm_827,27.453538086480066,"[1.677982994764197, 2.9398548288125292, 2.788465912840509, 2.474741378824183]",1.677982994764197,2.788465912840509,[1.72414847 2.24683366 0.9468185  0.8559005 ],1.7241484721289566,0.946818497059829,2,13,51,0.9523196220397948,1,216.0,0.0,0.0,827,gnm,13,51,7.8462,1.0987,0.5978,-0.0526,0.2308,35,0.784386802470859
watts_828,7.535989921481814,"[2.949309681892963, 2.635267629033953, 1.909166940354036, 1.7508787221066586]",2.949309681892963,1.909166940354036,[1.72414847 2.24683366 0.9468185  0.8559005 ],1.7241484721289566,0.946818497059829,2,6,12,0.2397859096527099,1,206.0,0.0,0.0,828,watts,6,12,4.0,0.8165,0.8444,-0.4348,0.3333,8,0.9419987401852268
watts_829,9.311666476732997,"[0.5484591866369408, 2.8953766352442316, 1.9109043986679592, 0.8764842866122544]",0.5484591866369408,1.9109043986679592,[1.72414847 2.24683366 0.9468185  0.8559005 ],1.7241484721289566,0.946818497059829,2,12,12,0.2836675643920898,1,176.0,0.0,0.0,829,watts,12,12,2.0,0.7071,0.1389,-0.1429,0.5,11,0.8465151342484543
barabasi_830,13.649051480782086,"[1.4672716914553416, 2.1055376424995322, 1.2693059290379611, 2.7639390840839333]",1.4672716914553416,1.2693059290379611,[1.72414847 2.24683366 0.9468185  0.8559005 ],1.7241484721289566,0.946818497059829,2,20,19,0.9977285861968994,1,240.0,0.0,0.0,830,barabasi,20,19,1.9,1.8138,0.0,-0.3429,0.55,19,0.7183711305674783
gnm_831,43.81675662453858,"[1.861065533518303, 2.722301403592051, 1.5137511952564797, 1.222571561267608]",1.861065533518303,1.5137511952564795,[1.72414847 2.24683366 0.9468185  0.8559005 ],1.7241484721289566,0.946818497059829,2,15,83,1.6156327724456787,1,228.0,0.0,0.0,831,gnm,15,83,11.0667,1.6519,0.8081,-0.131,0.2,51,0.859152090677227
regular_832,13.437556591739565,"[2.7891611185551235, 1.693328054236263, 1.209977089107282, 2.2930227331162243]",2.7891611185551235,1.209977089107282,[1.72414847 2.24683366 0.9468185  0.8559005 ],1.7241484721289566,0.946818497059829,2,10,20,0.536736249923706,1,276.0,0.0,0.0,832,regular,10,20,4.0,0.0,0.35,0.0,0.3,16,0.8398472869837228
barabasi_833,16.829545430063465,"[2.834783495340628, 0.0854069688434643, 2.7767801441906346, 2.294394699491531]",2.834783495340628,2.7767801441906346,[1.72414847 2.24683366 0.9468185  0.8559005 ],1.7241484721289566,0.946818497059829,2,15,26,1.0176422595977783,1,366.0,0.0,0.0,833,barabasi,15,26,3.4667,2.2764,0.6241,-0.43,0.4667,19,0.8857655489507087
watts_834,14.446639403538892,"[1.3331045073354626, 2.1753944006554295, 1.697074390691395, 1.1974696518911343]",1.3331045073354626,1.697074390691395,[1.72414847 2.24683366 0.9468185  0.8559005 ],1.7241484721289566,0.946818497059829,2,20,20,1.0734405517578125,1,255.0,0.0,0.0,834,watts,20,20,2.0,1.0488,0.0417,-0.002,0.5,19,0.7603494422915207
watts_835,11.48241483319541,"[0.6041690992643816, 2.8459513961803764, 1.8957493779115961, 0.9008061419459298]",0.6041690992643816,1.895749377911596,[1.72414847 2.24683366 0.9468185  0.8559005 ],1.7241484721289566,0.946818497059829,2,14,14,0.646604061126709,1,441.0,0.0,0.0,835,watts,14,14,2.0,0.378,0.0,-0.037,0.5,14,0.8201724880853865
gnm_836,30.417251763119797,"[3.141592653589793, 1.7708506674916804, 3.134437390970403, 2.3624694490391978]",3.141592653589793,3.134437390970403,[1.72414847 2.24683366 0.9468185  0.8559005 ],1.7241484721289566,0.946818497059829,2,12,57,0.9986846446990968,1,223.0,0.0,0.0,836,gnm,12,57,9.5,0.7638,0.8488,-0.12,0.1667,35,0.869064336089137
gnm_837,15.441553049151397,"[2.941286577546112, 2.042386921536295, 1.8641394829369196, 1.6437286764707437]",2.941286577546112,1.86413948293692,[1.72414847 2.24683366 0.9468185  0.8559005 ],1.7241484721289566,0.946818497059829,2,10,26,0.5973272323608398,1,268.0,0.0,0.0,837,gnm,10,26,5.2,1.4,0.5905,-0.3224,0.3,19,0.8127133183763893
barabasi_838,22.86605043120071,"[2.87705388605411, 2.093160250189194, 1.9322779933362377, 1.5217946821314268]",2.87705388605411,1.9322779933362375,[1.72414847 2.24683366 0.9468185  0.8559005 ],1.7241484721289566,0.946818497059829,2,20,36,1.8784494400024412,1,287.0,0.0,0.0,838,barabasi,20,36,3.6,2.2,0.393,-0.3246,0.45,30,0.7622016810400236
gnm_839,4.918111665843753,"[0.5653920599210951, 2.880727048751962, 1.913212490710317, 0.84901562257178]",0.5653920599210951,1.913212490710317,[1.72414847 2.24683366 0.9468185  0.8559005 ],1.7241484721289566,0.946818497059829,2,7,6,0.1416552066802978,1,144.0,0.0,0.0,839,gnm,7,6,1.7143,0.6999,0.0,0.0,0.4286,6,0.8196852776406255
gnm_840,11.862679933909778,"[1.0278078695993444, 1.7975723257759382, 3.0246063003698316, 2.006485803115793]",1.0278078695993444,3.024606300369832,[1.72414847 2.24683366 0.9468185  0.8559005 ],1.7241484721289566,0.946818497059829,2,13,17,0.44032883644104,1,221.0,0.0,0.0,840,gnm,13,17,2.6154,1.2114,0.0385,-0.3353,0.5385,15,0.7908453289273185
gnm_841,33.15200092060738,"[1.6896241812661423, 2.829067998781425, 1.826772312886159, 1.3860452966575267]",1.6896241812661423,1.826772312886159,[1.72414847 2.24683366 0.9468185  0.8559005 ],1.7241484721289566,0.946818497059829,2,12,62,1.0924088954925537,1,225.0,0.0,0.0,841,gnm,12,62,10.3333,0.7454,0.9405,-0.1923,0.1667,36,0.920888914461316
regular_842,17.4467981946339,"[2.7910429912752504, 1.6949430019768197, 1.2075215583578593, 2.2939509749495848]",2.7910429912752504,1.2075215583578591,[1.72414847 2.24683366 0.9468185  0.8559005 ],1.7241484721289566,0.946818497059829,2,13,26,0.5651249885559082,1,240.0,0.0,0.0,842,regular,13,26,4.0,0.0,0.3462,0.0,0.3077,20,0.872339909731695
barabasi_843,4.538727717786969,"[1.3257704767601426, 2.2325680377884596, 1.7451150474351542, 1.1851002396353834]",1.3257704767601426,1.7451150474351542,[1.72414847 2.24683366 0.9468185  0.8559005 ],1.7241484721289566,0.946818497059829,2,7,6,0.1208827495574951,1,116.0,0.0,0.0,843,barabasi,7,6,1.7143,1.0302,0.0,-0.5,0.5714,6,0.7564546196311616
regular_844,18.53307751929143,"[2.997674203381302, 2.018452225795351, 3.141592653589793, 1.9556855165728806]",2.997674203381302,3.141592653589793,[1.72414847 2.24683366 0.9468185  0.8559005 ],1.7241484721289566,0.946818497059829,2,18,27,0.8643927574157715,1,223.0,0.0,0.0,844,regular,18,27,3.0,0.0,0.0556,0.0,0.3889,25,0.7413231007716573
regular_845,18.42148895092205,"[1.7710730317236358, 1.9285571130788741, 1.0581458534250645, 1.2693145382046715]",1.7710730317236358,1.0581458534250645,[1.72414847 2.24683366 0.9468185  0.8559005 ],1.7241484721289566,0.946818497059829,2,13,26,0.483973741531372,1,184.0,0.0,0.0,845,regular,13,26,4.0,0.0,0.1923,0.0,0.3846,22,0.8373404068600933
watts_846,6.666662571851703,"[0.9253890916615827, 1.8936883879417994, 2.8191514532070414, 2.2152653394197284]",0.9253890916615828,2.8191514532070414,[1.72414847 2.24683366 0.9468185  0.8559005 ],1.7241484721289566,0.946818497059829,2,8,8,0.1433851718902588,1,138.0,0.0,0.0,846,watts,8,8,2.0,0.0,0.0,0.0,0.5,8,0.8333328214814629
watts_847,8.284493311276929,"[0.35882201165170635, 2.374924409544362, 2.9318013094837694, 1.8119731536470318]",0.3588220116517063,2.9318013094837694,[1.72414847 2.24683366 0.9468185  0.8559005 ],1.7241484721289566,0.946818497059829,2,11,11,0.3383891582489013,1,229.0,0.0,0.0,847,watts,11,11,2.0,0.8528,0.197,-0.1524,0.5455,10,0.8284493311276929
watts_848,8.73110822995659,"[1.8111647184946627, 2.737369292849908, 2.842450846557818, 2.2267621511455804]",1.8111647184946629,2.842450846557818,[1.72414847 2.24683366 0.9468185  0.8559005 ],1.7241484721289566,0.946818497059829,2,8,16,0.212897777557373,1,137.0,0.0,0.0,848,watts,8,16,4.0,1.0,0.6375,-0.0833,0.25,12,0.7275923524963824
barabasi_849,7.469543983803566,"[1.6939321337242552, 1.9970865480935458, 1.0560423964887073, 2.7743305413549346]",1.6939321337242552,1.0560423964887071,[1.72414847 2.24683366 0.9468185  0.8559005 ],1.7241484721289566,0.946818497059829,2,11,10,0.2028210163116455,1,150.0,0.0,0.0,849,barabasi,11,10,1.8182,1.4025,0.0,-0.4685,0.5455,10,0.7469543983803566
watts_850,8.170057736249206,"[0.5330546883530228, 2.8939443128723594, 1.9186302160495199, 0.8327767134814148]",0.5330546883530228,1.91863021604952,[1.72414847 2.24683366 0.9468185  0.8559005 ],1.7241484721289566,0.946818497059829,2,10,10,0.4108710289001465,1,340.0,0.0,0.0,850,watts,10,10,2.0,0.7746,0.0,-0.1765,0.6,10,0.8170057736249206
barabasi_851,12.775565670250028,"[1.6738670633483164, 1.8461724349300872, 1.1420564662866135, 2.811612107229689]",1.6738670633483164,1.1420564662866135,[1.72414847 2.24683366 0.9468185  0.8559005 ],1.7241484721289566,0.946818497059829,2,12,20,0.3350136280059814,1,162.0,0.0,0.0,851,barabasi,12,20,3.3333,2.4267,0.5481,-0.5411,0.5,17,0.751503862955884
barabasi_852,15.953242342754988,"[1.7352785275900615, 1.8972574733338932, 1.1273212671558157, 1.285017685331633]",1.7352785275900615,1.1273212671558157,[1.72414847 2.24683366 0.9468185  0.8559005 ],1.7241484721289566,0.946818497059829,2,14,24,0.5860989093780518,1,208.0,0.0,0.0,852,barabasi,14,24,3.4286,1.879,0.3629,-0.2652,0.4286,19,0.8396443338292099
gnm_853,70.22761697212718,"[1.708023402615847, 2.3839628790176537, 1.1515011758727867, 1.5622377705560906]",1.708023402615847,1.1515011758727869,[1.72414847 2.24683366 0.9468185  0.8559005 ],1.7241484721289566,0.946818497059829,2,20,135,4.655095338821411,1,217.0,0.0,0.0,853,gnm,20,135,13.5,1.6583,0.7002,-0.0613,0.2,85,0.8262072584956138
gnm_854,14.1152923324235,"[2.917771418525575, 2.1556298288941362, 1.883252412441306, 1.5150572343906499]",2.917771418525575,1.883252412441306,[1.72414847 2.24683366 0.9468185  0.8559005 ],1.7241484721289566,0.946818497059829,2,11,23,0.4753644466400146,1,228.0,0.0,0.0,854,gnm,11,23,4.1818,1.3361,0.503,-0.2008,0.4545,18,0.7841829073568611
watts_855,4.489302161878186,"[1.8525188871663074, 2.60328929547333, 0.790528020215326, 2.0158984756894562]",1.8525188871663076,0.790528020215326,[1.72414847 2.24683366 0.9468185  0.8559005 ],1.7241484721289566,0.946818497059829,2,8,8,0.1609976291656494,1,129.0,0.0,0.0,855,watts,8,8,2.0,0.7071,0.2083,0.1429,0.5,7,0.6413288802683123
barabasi_856,15.33552936000332,"[2.945181118424697, 2.7673950000568146, 2.0257123602479643, 1.8470487468637038]",2.945181118424697,2.0257123602479643,[1.72414847 2.24683366 0.9468185  0.8559005 ],1.7241484721289566,0.946818497059829,2,13,22,0.6872124671936035,1,320.0,0.0,0.0,856,barabasi,13,22,3.3846,1.903,0.4021,-0.3456,0.3846,18,0.8519738533335178
watts_857,8.638469996395315,"[2.9019166574463346, 2.2719362607025584, 1.8806164081881038, 1.669628051946363]",2.901916657446334,1.880616408188104,[1.72414847 2.24683366 0.9468185  0.8559005 ],1.7241484721289566,0.946818497059829,2,7,14,0.1895089149475097,1,121.0,0.0,0.0,857,watts,7,14,4.0,0.7559,0.5905,-0.5556,0.4286,10,0.8638469996395315
watts_858,8.593563631522592,"[-0.3676776367117158, 3.135423950252558, 3.139507021375132, 1.9490327755562997]",-0.3676776367117158,3.139507021375132,[1.72414847 2.24683366 0.9468185  0.8559005 ],1.7241484721289566,0.946818497059829,2,12,12,0.2430911064147949,1,160.0,0.0,0.0,858,watts,12,12,2.0,0.8165,0.0833,0.1,0.5,11,0.7812330574111447
barabasi_859,11.031013056915606,"[1.2249254504974085, 2.5559218686513807, 1.1927812317764324, 1.292949056241042]",1.2249254504974083,1.1927812317764324,[1.72414847 2.24683366 0.9468185  0.8559005 ],1.7241484721289566,0.946818497059829,2,15,14,0.2975325584411621,1,170.0,0.0,0.0,859,barabasi,15,14,1.8667,1.4079,0.0,-0.4904,0.4667,14,0.7879295040654004
gnm_860,76.59908043756108,"[1.6799846312726852, 2.8870865661237257, 1.8112283232629127, 1.3569373704095122]",1.6799846312726852,1.8112283232629127,[1.72414847 2.24683366 0.9468185  0.8559005 ],1.7241484721289566,0.946818497059829,2,20,148,3.6672534942626953,1,289.0,0.0,0.0,860,gnm,20,148,14.8,1.6,0.7731,-0.1103,0.15,90,0.8511008937506788
barabasi_861,7.407435141306303,"[1.4291207981278344, 2.158840112390974, 1.1802447467629955, 2.776931453669815]",1.4291207981278344,1.1802447467629955,[1.72414847 2.24683366 0.9468185  0.8559005 ],1.7241484721289566,0.946818497059829,2,11,10,0.2956793308258056,1,241.0,0.0,0.0,861,barabasi,11,10,1.8182,1.6959,0.0,-0.6246,0.7273,10,0.7407435141306303
barabasi_862,4.140254246143741,"[0.3278897224867253, 2.404326478638786, 2.8002835940767827, 1.8139591889296107]",0.3278897224867253,2.8002835940767827,[1.72414847 2.24683366 0.9468185  0.8559005 ],1.7241484721289566,0.946818497059829,2,6,5,0.1248922348022461,1,166.0,0.0,0.0,862,barabasi,6,5,1.6667,1.1055,0.0,-0.7391,0.6667,5,0.8280508492287482
gnm_863,22.23745455669632,"[2.93147286879494, 1.6279092471301988, 3.141592653589793, 2.850396887006081]",2.93147286879494,3.141592653589793,[1.72414847 2.24683366 0.9468185  0.8559005 ],1.7241484721289566,0.946818497059829,2,10,41,0.4157657623291015,1,131.0,0.0,0.0,863,gnm,10,41,8.2,0.8718,0.9206,-0.2548,0.2,25,0.8894981822678528
barabasi_864,12.567878316871791,"[1.8505056833098672, 2.528175255086601, 1.3114522024346782, 1.840771666946469]",1.8505056833098672,1.3114522024346782,[1.72414847 2.24683366 0.9468185  0.8559005 ],1.7241484721289566,0.946818497059829,2,12,20,0.3195009231567383,1,175.0,0.0,0.0,864,barabasi,12,20,3.3333,1.8409,0.5738,-0.3568,0.5,16,0.785492394804487
barabasi_865,5.787753854166112,"[1.8320635405875039, 2.9760639749778477, 1.1404996680576325, 2.452625450077849]",1.832063540587504,1.1404996680576325,[1.72414847 2.24683366 0.9468185  0.8559005 ],1.7241484721289566,0.946818497059829,2,11,10,0.241363525390625,1,176.0,0.0,0.0,865,barabasi,11,10,1.8182,1.6959,0.0,-0.5546,0.6364,10,0.5787753854166112
watts_866,5.833330113069678,"[2.496156354601446, 1.893227029377789, 1.2487548306479237, 2.214726101030859]",2.496156354601446,1.2487548306479237,[1.72414847 2.24683366 0.9468185  0.8559005 ],1.7241484721289566,0.946818497059829,2,7,7,0.2260379791259765,1,251.0,0.0,0.0,866,watts,7,7,2.0,0.0,0.0,0.0,0.4286,6,0.972221685511613
watts_867,18.79023426038801,"[1.875882978713945, 2.9626716683003895, 1.183048084321976, 2.391548712648451]",1.875882978713945,1.183048084321976,[1.72414847 2.24683366 0.9468185  0.8559005 ],1.7241484721289566,0.946818497059829,2,17,34,0.5178561210632324,1,137.0,0.0,0.0,867,watts,17,34,4.0,1.1376,0.1059,-0.0683,0.3529,27,0.695934602236593
barabasi_868,13.783108001885068,"[2.369153098158735, 1.5543737795112893, 1.8469920488718943, 1.294889124780753]",2.369153098158735,1.8469920488718945,[1.72414847 2.24683366 0.9468185  0.8559005 ],1.7241484721289566,0.946818497059829,2,19,18,0.8444199562072754,1,299.0,0.0,0.0,868,barabasi,19,18,1.8947,1.8323,0.0,-0.6165,0.7368,18,0.7657282223269483
regular_869,9.242040058146811,"[2.79759124427324, 1.6788800006154851, 1.2044625486148597, 2.2933116932014044]",2.79759124427324,1.2044625486148597,[1.72414847 2.24683366 0.9468185  0.8559005 ],1.7241484721289566,0.946818497059829,2,7,14,0.2558178901672363,1,195.0,0.0,0.0,869,regular,7,14,4.0,0.0,0.5,0.0,0.2857,10,0.9242040058146811
regular_870,10.833348664906524,"[0.9259416915905451, 1.8934156124022703, 2.819247061030646, 2.215584461566538]",0.9259416915905452,2.819247061030646,[1.72414847 2.24683366 0.9468185  0.8559005 ],1.7241484721289566,0.946818497059829,2,13,13,0.3414368629455566,1,220.0,0.0,0.0,870,regular,13,13,2.0,0.0,0.0,0.0,0.3846,12,0.9027790554088769
regular_871,8.877967897220515,"[2.716402980857897, 2.1621967888703573, 2.543955159223898, 2.2909710081502594]",2.716402980857897,2.543955159223898,[1.72414847 2.24683366 0.9468185  0.8559005 ],1.7241484721289566,0.946818497059829,2,7,14,0.1362640857696533,1,116.0,0.0,0.0,871,regular,7,14,4.0,0.0,0.5,0.0,0.2857,10,0.8877967897220514
barabasi_872,11.394091556285208,"[1.6259534762829158, 1.9727854209015472, 1.0377311966641996, 2.753676584842696]",1.6259534762829158,1.0377311966641996,[1.72414847 2.24683366 0.9468185  0.8559005 ],1.7241484721289566,0.946818497059829,2,17,16,0.3230848312377929,1,148.0,0.0,0.0,872,barabasi,17,16,1.8824,1.6045,0.0,-0.4872,0.5294,16,0.7121307222678255
gnm_873,39.7051571299032,"[3.061970923147602, 2.8327528946623435, 1.8333745098093521, 1.6643782851486533]",3.061970923147602,1.833374509809352,[1.72414847 2.24683366 0.9468185  0.8559005 ],1.7241484721289566,0.946818497059829,2,13,73,1.4402406215667725,1,247.0,0.0,0.0,873,gnm,13,73,11.2308,1.0491,0.9489,-0.231,0.1538,42,0.9453608840453143
watts_874,7.692962459892527,"[0.4674524910857201, 2.955501473848103, 1.9077609593321887, 0.8404821435646446]",0.4674524910857201,1.9077609593321887,[1.72414847 2.24683366 0.9468185  0.8559005 ],1.7241484721289566,0.946818497059829,2,10,10,0.385646104812622,1,305.0,0.0,0.0,874,watts,10,10,2.0,1.0,0.0,-0.4286,0.6,9,0.8547736066547252
regular_875,23.03118617557486,"[1.807883874335087, 1.042933943548153, 2.931706365489112, 1.8187121638295352]",1.807883874335087,2.931706365489112,[1.72414847 2.24683366 0.9468185  0.8559005 ],1.7241484721289566,0.946818497059829,2,17,34,1.1182312965393066,1,250.0,0.0,0.0,875,regular,17,34,4.0,0.0,0.1765,0.0,0.3529,26,0.8858148529067253
regular_876,5.833330010520513,"[2.496156354601446, 1.893227029377789, 1.2487548306479237, 2.214726101030859]",2.496156354601446,1.2487548306479237,[1.72414847 2.24683366 0.9468185  0.8559005 ],1.7241484721289566,0.946818497059829,2,7,7,0.2626538276672363,1,251.0,0.0,0.0,876,regular,7,7,2.0,0.0,0.0,0.0,0.4286,6,0.9722216684200854
barabasi_877,8.170448194429255,"[2.1231081274581634, 1.5442901804035458, 1.770097669946733, 1.2655076214450158]",2.123108127458164,1.770097669946733,[1.72414847 2.24683366 0.9468185  0.8559005 ],1.7241484721289566,0.946818497059829,2,12,11,0.3336844444274902,1,235.0,0.0,0.0,877,barabasi,12,11,1.8333,1.4625,0.0,-0.4318,0.5833,11,0.7427680176753868
regular_878,4.999998179235263,"[0.9254719896820817, 1.8935618976420174, 2.81916372348132, 2.2153399264156954]",0.9254719896820816,2.81916372348132,[1.72414847 2.24683366 0.9468185  0.8559005 ],1.7241484721289566,0.946818497059829,2,6,6,0.1457910537719726,1,142.0,0.0,0.0,878,regular,6,6,2.0,0.0,0.0,0.0,0.5,6,0.8333330298725438
regular_879,25.0143171162009,"[1.3231408363295762, 2.0890957404202615, 1.7807234944662624, 1.2964642632579662]",1.3231408363295762,1.7807234944662624,[1.72414847 2.24683366 0.9468185  0.8559005 ],1.7241484721289566,0.946818497059829,2,18,36,1.434183120727539,1,276.0,0.0,0.0,879,regular,18,36,4.0,0.0,0.0556,0.0,0.3333,30,0.8338105705400299
barabasi_880,25.618887661858498,"[1.393965564683108, 1.9670507328390952, 0.08649070115925893, 1.2381716060773424]",1.393965564683108,0.0864907011592589,[1.72414847 2.24683366 0.9468185  0.8559005 ],1.7241484721289566,0.946818497059829,2,17,42,2.101296901702881,1,438.0,0.0,0.0,880,barabasi,17,42,4.9412,1.8934,0.38,-0.1047,0.2941,31,0.8264157310276935
barabasi_881,4.556658491957933,"[0.9234202190929988, 2.7877501429582505, 1.075683792725386, 1.2282049104910162]",0.9234202190929988,1.075683792725386,[1.72414847 2.24683366 0.9468185  0.8559005 ],1.7241484721289566,0.946818497059829,2,6,5,0.1556553840637207,1,195.0,0.0,0.0,881,barabasi,6,5,1.6667,1.4907,0.0,-1.0,0.8333,5,0.9113316983915866
barabasi_882,6.469363507560587,"[0.34363248222957476, 2.3862187753152555, 2.8396095425713694, 1.8075594232916692]",0.3436324822295747,2.839609542571369,[1.72414847 2.24683366 0.9468185  0.8559005 ],1.7241484721289566,0.946818497059829,2,9,8,0.1348986625671386,1,119.0,0.0,0.0,882,barabasi,9,8,1.7778,1.0304,0.0,-0.3793,0.5556,8,0.8086704384450734
gnm_883,6.6930613341974095,"[3.129180051166598, 1.849078065292214, 3.141592653589793, 1.993432506512972]",3.129180051166598,3.141592653589793,[1.72414847 2.24683366 0.9468185  0.8559005 ],1.7241484721289566,0.946818497059829,2,6,12,0.2038533687591552,1,136.0,0.0,0.0,883,gnm,6,12,4.0,0.8165,0.8444,-0.4348,0.3333,8,0.8366326667746762
watts_884,18.990944545859303,"[2.890895739009581, 2.1444758721497346, 1.9219354212376343, 1.5870440625372528]",2.890895739009581,1.9219354212376345,[1.72414847 2.24683366 0.9468185  0.8559005 ],1.7241484721289566,0.946818497059829,2,15,30,0.6750657558441162,1,198.0,0.0,0.0,884,watts,15,30,4.0,1.2649,0.2625,-0.2319,0.4,24,0.791289356077471
barabasi_885,33.082724863766266,"[0.28067710867230394, 3.0491696829735853, 1.9495966580712962, 0.8141589821808612]",0.2806771086723039,1.949596658071296,[1.72414847 2.24683366 0.9468185  0.8559005 ],1.7241484721289566,0.946818497059829,2,20,51,2.5097439289093018,1,281.0,0.0,0.0,885,barabasi,20,51,5.1,2.0469,0.2441,-0.0943,0.3,39,0.8482749965068274
regular_886,5.939224757254124,"[3.141592653589793, 1.8562262107023852, 3.100941622730977, 1.9192124238695514]",3.141592653589793,3.100941622730977,[1.72414847 2.24683366 0.9468185  0.8559005 ],1.7241484721289566,0.946818497059829,2,6,9,0.1193165779113769,1,112.0,0.0,0.0,886,regular,6,9,3.0,0.0,0.3333,0.0,0.3333,7,0.848460679607732
regular_887,11.66668432788669,"[0.925400680921618, 1.893704959451543, 2.8192229255285968, 2.2152166067251864]",0.925400680921618,2.8192229255285968,[1.72414847 2.24683366 0.9468185  0.8559005 ],1.7241484721289566,0.946818497059829,2,14,14,0.412189245223999,1,245.0,0.0,0.0,887,regular,14,14,2.0,0.0,0.0,0.0,0.3571,14,0.8333345948490493
watts_888,24.70142096750624,"[1.3633245788268709, 2.037983417488018, 0.13328420322614676, 2.7921215873049396]",1.3633245788268709,0.1332842032261467,[1.72414847 2.24683366 0.9468185  0.8559005 ],1.7241484721289566,0.946818497059829,2,19,38,1.5679466724395752,1,320.0,0.0,0.0,888,watts,19,38,4.0,1.2566,0.1737,-0.1465,0.4211,30,0.8233806989168747
watts_889,7.275397855434676,"[-0.36644791941987864, 3.136645027365249, 3.1415867499238237, 1.9631821157346123]",-0.3664479194198786,3.141586749923824,[1.72414847 2.24683366 0.9468185  0.8559005 ],1.7241484721289566,0.946818497059829,2,10,10,0.2288370132446289,1,154.0,0.0,0.0,889,watts,10,10,2.0,0.8944,0.0,-0.25,0.5,9,0.8083775394927417
gnm_890,40.81901113761298,"[1.7080448097202656, 2.9076335583185244, 2.7016910593230543, 2.183130030752261]",1.7080448097202656,2.7016910593230543,[1.72414847 2.24683366 0.9468185  0.8559005 ],1.7241484721289566,0.946818497059829,2,20,79,3.1219656467437744,1,260.0,0.0,0.0,890,gnm,20,79,7.9,2.2113,0.3754,-0.0901,0.25,59,0.69184764640022
watts_891,7.861561009746568,"[1.5508588732331576, 1.9485887955671606, 1.1207264990339412, 2.772832812653202]",1.5508588732331576,1.1207264990339412,[1.72414847 2.24683366 0.9468185  0.8559005 ],1.7241484721289566,0.946818497059829,2,11,11,0.51613450050354,1,335.0,0.0,0.0,891,watts,11,11,2.0,0.7385,0.1515,-0.3509,0.4545,10,0.7861561009746568
watts_892,9.578985813165607,"[1.5802422841510344, 1.9428057251836606, -0.04216278648424847, 2.749593823332016]",1.5802422841510344,-0.0421627864842484,[1.72414847 2.24683366 0.9468185  0.8559005 ],1.7241484721289566,0.946818497059829,2,13,13,0.3017566204071045,1,178.0,0.0,0.0,892,watts,13,13,2.0,0.6794,0.0,-0.3188,0.4615,12,0.7982488177638006
gnm_893,17.369987641106775,"[2.97826342331308, 2.8057670940309896, 1.9875510629654398, 1.8178634143754016]",2.97826342331308,1.98755106296544,[1.72414847 2.24683366 0.9468185  0.8559005 ],1.7241484721289566,0.946818497059829,2,11,27,0.7868611812591553,1,319.0,0.0,0.0,893,gnm,11,27,4.9091,1.2398,0.471,-0.0619,0.2727,20,0.8684993820553387
barabasi_894,5.9047532821989535,"[1.5980367157646727, 1.9605087102820917, 0.945731855160816, 2.748493163211408]",1.5980367157646729,0.945731855160816,[1.72414847 2.24683366 0.9468185  0.8559005 ],1.7241484721289566,0.946818497059829,2,9,8,0.225656509399414,1,191.0,0.0,0.0,894,barabasi,9,8,1.7778,1.0304,0.0,-0.3793,0.4444,8,0.7380941602748692
barabasi_895,15.14916130044544,"[2.8712428402820054, 1.8917748477953766, 1.9231351326017887, 1.5182559894905818]",2.8712428402820054,1.9231351326017887,[1.72414847 2.24683366 0.9468185  0.8559005 ],1.7241484721289566,0.946818497059829,2,14,24,1.0516605377197266,1,396.0,0.0,0.0,895,barabasi,14,24,3.4286,2.2902,0.5747,-0.3681,0.4286,19,0.7973242789708127
barabasi_896,8.235892186866359,"[1.9856478714470596, 2.148674637658222, 1.9538388113214356, 1.2764249161455887]",1.98564787144706,1.953838811321436,[1.72414847 2.24683366 0.9468185  0.8559005 ],1.7241484721289566,0.946818497059829,2,12,11,0.2224431037902832,1,146.0,0.0,0.0,896,barabasi,12,11,1.8333,1.4625,0.0,-0.5682,0.5833,11,0.7487174715333054
watts_897,7.942472990776878,"[1.66203875447804, 2.86528307306357, 0.9242460481859465, 2.427669639043865]",1.66203875447804,0.9242460481859464,[1.72414847 2.24683366 0.9468185  0.8559005 ],1.7241484721289566,0.946818497059829,2,7,14,0.1868457794189453,1,111.0,0.0,0.0,897,watts,7,14,4.0,0.7559,0.6238,-0.1667,0.2857,10,0.7942472990776878
barabasi_898,21.65354808475517,"[1.0275780830805112, 1.8419923501038367, 3.141592653589793, 1.940514372992277]",1.0275780830805112,3.141592653589793,[1.72414847 2.24683366 0.9468185  0.8559005 ],1.7241484721289566,0.946818497059829,2,19,34,1.2556838989257812,1,222.0,0.0,0.0,898,barabasi,19,34,3.5789,2.413,0.3156,-0.3173,0.4211,29,0.7466740718881093
watts_899,8.473473721620394,"[2.4489939414703232, 0.9185751461281836, 1.5654232422987895, 2.843586475017026]",2.4489939414703232,1.5654232422987897,[1.72414847 2.24683366 0.9468185  0.8559005 ],1.7241484721289566,0.946818497059829,2,7,14,0.1994276046752929,1,135.0,0.0,0.0,899,watts,7,14,4.0,1.069,0.7095,-0.3494,0.2857,10,0.8473473721620394
barabasi_900,6.660369663031759,"[1.6049312844929151, 1.956615309342923, 1.1208045929886308, 2.751069347432618]",1.6049312844929151,1.1208045929886308,[1.72414847 2.24683366 0.9468185  0.8559005 ],1.7241484721289566,0.946818497059829,2,10,9,0.1824004650115966,1,143.0,0.0,0.0,900,barabasi,10,9,1.8,0.9798,0.0,-0.7273,0.7,9,0.7400410736701954
barabasi_901,24.8114525543242,"[0.189968573729535, 2.670724800204665, 2.9461325949440678, 1.827585752390935]",0.189968573729535,2.946132594944068,[1.72414847 2.24683366 0.9468185  0.8559005 ],1.7241484721289566,0.946818497059829,2,16,39,1.3844671249389648,1,375.0,0.0,0.0,901,barabasi,16,39,4.875,2.4463,0.4439,-0.3353,0.3125,31,0.8003694372362645
gnm_902,16.301214383172635,"[2.951524105443607, 2.0854919226284165, 0.28284274594733294, 3.141592653589793]",2.951524105443607,0.2828427459473329,[1.72414847 2.24683366 0.9468185  0.8559005 ],1.7241484721289566,0.946818497059829,2,10,28,-2.43092679977417,1,134.0,0.0,0.0,902,gnm,10,28,5.6,1.2806,0.6257,0.073,0.3,19,0.8579586517459281
barabasi_903,21.008916459478613,"[2.879058382450192, 2.146845079247383, 1.9584567380187403, 1.497884261986483]",2.879058382450192,1.9584567380187403,[1.72414847 2.24683366 0.9468185  0.8559005 ],1.7241484721289566,0.946818497059829,2,18,32,2.114103317260742,1,272.0,0.0,0.0,903,barabasi,18,32,3.5556,1.8922,0.0827,-0.2668,0.5,30,0.7002972153159538
gnm_904,36.37448735872559,"[1.4171097923748621, 2.8859310877534714, 2.6625586191438293, 2.93625935582112]",1.417109792374862,2.6625586191438293,[1.72414847 2.24683366 0.9468185  0.8559005 ],1.7241484721289566,0.946818497059829,2,15,67,2.12034273147583,1,300.0,0.0,0.0,904,gnm,15,67,8.9333,1.4817,0.6099,-0.1488,0.2667,45,0.8083219413050131
watts_905,5.35208906862772,"[0.6291908474537574, 2.848247319443474, 1.9014335245450986, 0.9281878794874643]",0.6291908474537574,1.9014335245450984,[1.72414847 2.24683366 0.9468185  0.8559005 ],1.7241484721289566,0.946818497059829,2,7,7,0.2138938903808593,1,208.0,0.0,0.0,905,watts,7,7,2.0,0.5345,0.3333,-0.0769,0.4286,6,0.8920148447712867
gnm_906,27.59748627632148,"[2.8759405092947743, 2.084488875148252, 2.8110985719329564, 2.342979880994169]",2.8759405092947743,2.8110985719329564,[1.72414847 2.24683366 0.9468185  0.8559005 ],1.7241484721289566,0.946818497059829,2,12,54,1.1928775310516355,1,251.0,0.0,0.0,906,gnm,12,54,9.0,1.472,0.8429,-0.2396,0.1667,33,0.8362874629188327
watts_907,14.952429996307435,"[0.46850034345298686, 2.2614193733654266, 2.9724612851033276, 1.8835704979278205]",0.4685003434529868,2.972461285103328,[1.72414847 2.24683366 0.9468185  0.8559005 ],1.7241484721289566,0.946818497059829,2,19,19,1.0179800987243652,1,274.0,0.0,0.0,907,watts,19,19,2.0,0.4588,0.0,0.2083,0.4737,19,0.7869699998056545
barabasi_908,24.41895804778464,"[1.8204194915254988, 2.504800873483518, 1.886303555610123, 1.3511936651594856]",1.8204194915254988,1.886303555610123,[1.72414847 2.24683366 0.9468185  0.8559005 ],1.7241484721289566,0.946818497059829,2,18,45,0.6803417205810547,1,130.0,0.0,0.0,908,barabasi,18,45,5.0,2.3805,0.3565,-0.3579,0.4444,34,0.718204648464254
barabasi_909,14.45230794844923,"[1.0087757266818362, 1.85522062924595, 3.141592653589793, 1.9459945831239007]",1.0087757266818362,3.141592653589793,[1.72414847 2.24683366 0.9468185  0.8559005 ],1.7241484721289566,0.946818497059829,2,13,22,0.4965498447418213,1,232.0,0.0,0.0,909,barabasi,13,22,3.3846,1.3323,0.0846,-0.2306,0.3846,19,0.7606477867604857
barabasi_910,8.76923290812072,"[1.9041826914806297, 2.991551387972092, 1.1475136092002718, 2.4153553792252453]",1.9041826914806297,1.1475136092002718,[1.72414847 2.24683366 0.9468185  0.8559005 ],1.7241484721289566,0.946818497059829,2,15,14,0.2312438488006591,1,122.0,0.0,0.0,910,barabasi,15,14,1.8667,1.5434,0.0,-0.3426,0.5333,14,0.6263737791514801
barabasi_911,10.955193713010468,"[1.6634266099211152, 1.9558473001085481, 1.0182112270735089, 2.7565883091147505]",1.6634266099211152,1.0182112270735089,[1.72414847 2.24683366 0.9468185  0.8559005 ],1.7241484721289566,0.946818497059829,2,16,15,0.3572509288787842,1,184.0,0.0,0.0,911,barabasi,16,15,1.875,1.3636,0.0,-0.1827,0.5625,15,0.7303462475340312
barabasi_912,6.618175611859442,"[1.6564186053644292, 2.1816510637815294, 0.9592547797780389, 1.1802467911069714]",1.6564186053644292,0.9592547797780387,[1.72414847 2.24683366 0.9468185  0.8559005 ],1.7241484721289566,0.946818497059829,2,10,9,0.1421461105346679,1,116.0,0.0,0.0,912,barabasi,10,9,1.8,2.0881,0.0,-0.8348,0.8,9,0.7353528457621602
watts_913,13.38693326515184,"[1.8591649987512204, 2.994641100649762, 2.726353747409863, 2.389974513918235]",1.8591649987512204,2.726353747409863,[1.72414847 2.24683366 0.9468185  0.8559005 ],1.7241484721289566,0.946818497059829,2,11,22,0.5411338806152344,1,254.0,0.0,0.0,913,watts,11,22,4.0,1.0445,0.3182,0.0188,0.3636,17,0.7874666626559905
barabasi_914,7.839169199620983,"[1.2821482966093565, 2.4117432639604965, 2.7793815310121097, 1.270972227826931]",1.2821482966093565,2.7793815310121097,[1.72414847 2.24683366 0.9468185  0.8559005 ],1.7241484721289566,0.946818497059829,2,11,10,0.2610135078430176,1,199.0,0.0,0.0,914,barabasi,11,10,1.8182,1.7487,0.0,-0.6312,0.7273,10,0.7839169199620983
regular_915,10.073808752717014,"[2.925025022694787, 2.797991964960225, 2.102716106628894, 1.9338918638072249]",2.925025022694787,2.102716106628894,[1.72414847 2.24683366 0.9468185  0.8559005 ],1.7241484721289566,0.946818497059829,2,7,14,0.3261606693267822,1,259.0,0.0,0.0,915,regular,7,14,4.0,0.0,0.4286,0.0,0.4286,12,0.8394840627264178
gnm_916,22.75309648358177,"[2.683749495479365, 2.2109631195775776, 1.5545020170991792, 1.230608014286736]",2.683749495479365,1.5545020170991792,[1.72414847 2.24683366 0.9468185  0.8559005 ],1.7241484721289566,0.946818497059829,2,11,41,0.9479494094848632,1,286.0,0.0,0.0,916,gnm,11,41,7.4545,1.4374,0.7986,-0.1604,0.1818,28,0.812610588699349
watts_917,25.599668564944736,"[1.3560562573914476, 2.0459366557124934, 1.7281439575303223, 1.2596929760197075]",1.3560562573914476,1.7281439575303223,[1.72414847 2.24683366 0.9468185  0.8559005 ],1.7241484721289566,0.946818497059829,2,20,40,1.7737689018249512,1,264.0,0.0,0.0,917,watts,20,40,4.0,0.8367,0.3483,-0.1204,0.35,31,0.8257957601595076
gnm_918,6.065753619885072,"[2.9096473139101913, 2.635455133734341, 1.9613616422865796, 1.7731132666342133]",2.9096473139101917,1.96136164228658,[1.72414847 2.24683366 0.9468185  0.8559005 ],1.7241484721289566,0.946818497059829,2,6,9,0.1926443576812744,1,174.0,0.0,0.0,918,gnm,6,9,3.0,1.0,0.7333,-0.4545,0.5,7,0.8665362314121532
gnm_919,7.256247315133805,"[2.876410582493218, 1.758216191803081, 1.930138150230975, 1.0127758631566923]",2.876410582493218,1.930138150230975,[1.72414847 2.24683366 0.9468185  0.8559005 ],1.7241484721289566,0.946818497059829,2,6,12,0.2542672157287597,1,245.0,0.0,0.0,919,gnm,6,12,4.0,1.0,0.9,-0.4545,0.3333,8,0.9070309143917257
watts_920,4.178129189705942,"[-0.3529931407672231, 3.1415829865634786, 3.1329926852625816, 1.9321027609564076]",-0.3529931407672231,3.1329926852625816,[1.72414847 2.24683366 0.9468185  0.8559005 ],1.7241484721289566,0.946818497059829,2,6,6,0.1612763404846191,1,160.0,0.0,0.0,920,watts,6,6,2.0,0.8165,0.2778,-0.2,0.5,5,0.8356258379411884
watts_921,17.91983642382348,"[1.7573712701267916, 1.1263373389631375, 3.046317838447126, 1.9232187739441655]",1.7573712701267916,3.046317838447126,[1.72414847 2.24683366 0.9468185  0.8559005 ],1.7241484721289566,0.946818497059829,2,14,28,0.4617853164672851,1,167.0,0.0,0.0,921,watts,14,28,4.0,1.1339,0.2143,-0.1909,0.4286,23,0.7791233227749339
regular_922,14.226094722489137,"[3.141534350301291, 1.8688466352058637, 3.140787281320594, 1.9434609836617303]",3.141534350301291,3.140787281320594,[1.72414847 2.24683366 0.9468185  0.8559005 ],1.7241484721289566,0.946818497059829,2,14,21,0.3538951873779297,1,162.0,0.0,0.0,922,regular,14,21,3.0,0.0,0.1429,0.0,0.3571,18,0.7903385956938409
gnm_923,19.61755927131487,"[1.2338491360458301, 2.1521315641727528, 0.029721101951447046, 2.7883108843797118]",1.23384913604583,0.029721101951447,[1.72414847 2.24683366 0.9468185  0.8559005 ],1.7241484721289566,0.946818497059829,2,16,31,0.7049803733825684,1,217.0,0.0,0.0,923,gnm,16,31,3.875,1.4948,0.2667,-0.1071,0.375,25,0.7847023708525949
watts_924,13.367849716830849,"[0.4465297597819902, 2.2861219847070546, 2.9671185781522578, 1.8748126169743453]",0.4465297597819902,2.9671185781522578,[1.72414847 2.24683366 0.9468185  0.8559005 ],1.7241484721289566,0.946818497059829,2,17,17,0.3993279933929443,1,178.0,0.0,0.0,924,watts,17,17,2.0,0.4851,0.0,0.2031,0.4706,17,0.7863441009900499
barabasi_925,31.687508747133045,"[2.982567233862412, 2.83979820933431, 2.0114824136592686, 1.840269616766321]",2.982567233862412,2.0114824136592686,[1.72414847 2.24683366 0.9468185  0.8559005 ],1.7241484721289566,0.946818497059829,2,19,48,1.027763605117798,1,143.0,0.0,0.0,925,barabasi,19,48,5.0526,2.0124,0.2799,-0.067,0.3158,36,0.8802085763092512
gnm_926,17.65237477594053,"[1.7775287617522864, 2.9197503380926837, 1.1681166261391094, 2.3171586009273906]",1.7775287617522864,1.1681166261391094,[1.72414847 2.24683366 0.9468185  0.8559005 ],1.7241484721289566,0.946818497059829,2,10,33,0.2929918766021728,1,103.0,0.0,0.0,926,gnm,10,33,6.6,1.0198,0.715,-0.1541,0.2,22,0.8023806716336604
regular_927,17.402923064607116,"[1.8067960486130612, 1.0305624307222716, 2.94138005257019, 1.819399114307929]",1.8067960486130608,2.94138005257019,[1.72414847 2.24683366 0.9468185  0.8559005 ],1.7241484721289566,0.946818497059829,2,13,26,0.6434817314147949,1,236.0,0.0,0.0,927,regular,13,26,4.0,0.0,0.2692,0.0,0.3077,20,0.8701461532303558
regular_928,6.666662764401508,"[2.496156354601446, 1.893227029377789, 1.2487548306479237, 2.214726101030859]",2.496156354601446,1.2487548306479237,[1.72414847 2.24683366 0.9468185  0.8559005 ],1.7241484721289566,0.946818497059829,2,8,8,0.2471110820770263,1,252.0,0.0,0.0,928,regular,8,8,2.0,0.0,0.0,0.0,0.5,8,0.8333328455501885
watts_929,10.342382836570884,"[1.911587591316785, 1.6150253646554324, 3.103921676061761, 1.183212518416275]",1.911587591316785,3.103921676061761,[1.72414847 2.24683366 0.9468185  0.8559005 ],1.7241484721289566,0.946818497059829,2,14,14,0.4261441230773926,1,247.0,0.0,0.0,929,watts,14,14,2.0,0.6547,0.0,-0.4933,0.5,13,0.7955679105054526
gnm_930,14.702725309554516,"[1.2087206970436406, 1.6231679681871225, 3.1414540436188663, 1.9356351756359398]",1.2087206970436406,3.1414540436188663,[1.72414847 2.24683366 0.9468185  0.8559005 ],1.7241484721289566,0.946818497059829,2,16,22,0.3170444965362549,1,120.0,0.0,0.0,930,gnm,16,22,2.75,1.25,0.2708,-0.1118,0.4375,18,0.8168180727530286
gnm_931,51.96833237162236,"[3.0382995862185895, 2.927341589354781, 1.941926888700365, 1.7896381126090746]",3.038299586218589,1.941926888700365,[1.72414847 2.24683366 0.9468185  0.8559005 ],1.7241484721289566,0.946818497059829,2,15,95,3.528310537338257,1,386.0,0.0,0.0,931,gnm,15,95,12.6667,1.075,0.9015,-0.1605,0.2,56,0.9280059352075422
watts_932,25.61211577316265,"[1.5630965173377938, 1.8185454731754125, 0.665851912104547, 1.2093496325098794]",1.5630965173377938,0.665851912104547,[1.72414847 2.24683366 0.9468185  0.8559005 ],1.7241484721289566,0.946818497059829,2,20,40,1.9169843196868896,1,270.0,0.0,0.0,932,watts,20,40,4.0,0.9487,0.2083,-0.2068,0.35,32,0.8003786179113328
barabasi_933,6.296613694553344,"[1.3530805515584359, 2.3135968250045913, 1.1671150832541222, 1.2467285571708309]",1.353080551558436,1.1671150832541222,[1.72414847 2.24683366 0.9468185  0.8559005 ],1.7241484721289566,0.946818497059829,2,9,8,0.1782944202423095,1,160.0,0.0,0.0,933,barabasi,9,8,1.7778,1.8725,0.0,-0.8195,0.7778,8,0.787076711819168
barabasi_934,4.538727694922272,"[1.3257704767601426, 2.2325680377884596, 1.7451150474351542, 1.1851002396353834]",1.3257704767601426,1.7451150474351542,[1.72414847 2.24683366 0.9468185  0.8559005 ],1.7241484721289566,0.946818497059829,2,7,6,0.1157011985778808,1,116.0,0.0,0.0,934,barabasi,7,6,1.7143,1.0302,0.0,-0.5,0.5714,6,0.7564546158203788
watts_935,7.421930445987332,"[1.8635132165102313, 2.916838583484191, 1.030380447454947, 2.5417954916002174]",1.8635132165102315,1.030380447454947,[1.72414847 2.24683366 0.9468185  0.8559005 ],1.7241484721289566,0.946818497059829,2,13,13,0.2191956043243408,1,140.0,0.0,0.0,935,watts,13,13,2.0,0.7845,0.1282,-0.4773,0.4615,12,0.6184942038322777
watts_936,19.67742857532519,"[1.835844718712768, 3.0181672045573693, 1.1817261228943001, 2.3507189069029115]",1.835844718712768,1.1817261228943,[1.72414847 2.24683366 0.9468185  0.8559005 ],1.7241484721289566,0.946818497059829,2,19,38,0.9703516960144044,1,196.0,0.0,0.0,936,watts,19,38,4.0,1.0761,0.2105,-0.1106,0.4211,32,0.6149196429789122
gnm_937,12.372115793989394,"[0.24693985241437524, 2.581178867676915, 2.9294861711071762, 1.8273791118345954]",0.2469398524143752,2.929486171107176,[1.72414847 2.24683366 0.9468185  0.8559005 ],1.7241484721289566,0.946818497059829,2,11,18,0.4662601947784424,1,253.0,0.0,0.0,937,gnm,11,18,3.2727,1.42,0.3424,-0.4636,0.4545,15,0.824807719599293
gnm_938,12.960996942872972,"[1.376343123273403, 2.7585090696952097, 2.685487223515016, 2.925138577034157]",1.376343123273403,2.685487223515016,[1.72414847 2.24683366 0.9468185  0.8559005 ],1.7241484721289566,0.946818497059829,2,11,22,0.4984583854675293,1,242.0,0.0,0.0,938,gnm,11,22,4.0,1.0445,0.3,-0.2911,0.3636,18,0.7200553857151651
gnm_939,12.272975990345005,"[2.7937593650424732, 1.686669239817156, 3.141592653589793, 2.4540050071036053]",2.793759365042473,3.141592653589793,[1.72414847 2.24683366 0.9468185  0.8559005 ],1.7241484721289566,0.946818497059829,2,8,23,0.199230670928955,1,102.0,0.0,0.0,939,gnm,8,23,5.75,1.199,0.8774,-0.4138,0.375,15,0.8181983993563336
watts_940,14.270728631901646,"[1.7803616664480968, 2.78194370962656, 1.2215819563688735, 1.9004499459411552]",1.7803616664480968,1.2215819563688737,[1.72414847 2.24683366 0.9468185  0.8559005 ],1.7241484721289566,0.946818497059829,2,13,26,0.6778602600097656,1,291.0,0.0,0.0,940,watts,13,26,4.0,0.8771,0.4051,-0.1798,0.3846,20,0.7135364315950823
gnm_941,7.831142651273694,"[2.7871515609885877, 1.6746692498677513, 1.2161520121213196, 2.2659843131482673]",2.787151560988588,1.2161520121213196,[1.72414847 2.24683366 0.9468185  0.8559005 ],1.7241484721289566,0.946818497059829,2,7,12,0.2527792453765869,1,206.0,0.0,0.0,941,gnm,7,12,3.4286,0.9035,0.6667,-0.2,0.2857,8,0.9788928314092118
barabasi_942,4.491096933823428,"[-0.41368149564575685, 3.141592653589793, 2.9761910660490507, 2.129152798325774]",-0.4136814956457568,2.9761910660490507,[1.72414847 2.24683366 0.9468185  0.8559005 ],1.7241484721289566,0.946818497059829,2,7,6,0.1260695457458496,1,136.0,0.0,0.0,942,barabasi,7,6,1.7143,0.8806,0.0,-0.4483,0.4286,6,0.7485161556372381
regular_943,9.166661595629618,"[2.496332275998954, 1.8937259299855804, 1.2482619773525294, 2.2149641403682123]",2.496332275998954,1.2482619773525294,[1.72414847 2.24683366 0.9468185  0.8559005 ],1.7241484721289566,0.946818497059829,2,11,11,0.3451693058013916,1,250.0,0.0,0.0,943,regular,11,11,2.0,0.0,0.0,0.0,0.4545,10,0.9166661595629618
barabasi_944,11.347652645244782,"[2.112048457549473, 2.1124126592243737, -0.25495042803523327, 1.847165895916334]",2.112048457549473,-0.2549504280352332,[1.72414847 2.24683366 0.9468185  0.8559005 ],1.7241484721289566,0.946818497059829,2,12,20,0.6109771728515625,1,284.0,0.0,0.0,944,barabasi,12,20,3.3333,1.6997,0.3992,-0.3435,0.4167,16,0.7092282903277989
barabasi_945,5.894452466790426,"[0.3671204376321145, 2.0559726970027694, 2.754483387270163, 1.8447690935623924]",0.3671204376321145,2.754483387270163,[1.72414847 2.24683366 0.9468185  0.8559005 ],1.7241484721289566,0.946818497059829,2,8,7,0.4950175285339355,1,428.0,0.0,0.0,945,barabasi,8,7,1.75,1.3919,0.0,-0.7386,0.75,7,0.842064638112918
barabasi_946,13.638810436759664,"[2.8228927066738128, 0.7238046896868496, 1.9301459977918867, 1.3200007941044465]",2.8228927066738128,1.930145997791887,[1.72414847 2.24683366 0.9468185  0.8559005 ],1.7241484721289566,0.946818497059829,2,18,17,1.266841173171997,1,443.0,0.0,0.0,946,barabasi,18,17,1.8889,1.3699,0.0,-0.7417,0.5556,17,0.8022829668682155
gnm_947,25.921498949031,"[3.107262552168749, 1.7897122591862802, 3.141592653589793, 1.9836831424138213]",3.107262552168749,3.141592653589793,[1.72414847 2.24683366 0.9468185  0.8559005 ],1.7241484721289566,0.946818497059829,2,12,48,0.8229098320007324,1,206.0,0.0,0.0,947,gnm,12,48,8.0,1.1547,0.6748,-0.2606,0.25,33,0.7854999681524546
watts_948,17.67315372994058,"[2.909503125108987, 2.071145499166012, 1.8938113458057317, 1.4907697188836093]",2.909503125108987,1.893811345805732,[1.72414847 2.24683366 0.9468185  0.8559005 ],1.7241484721289566,0.946818497059829,2,14,28,0.6179018020629883,1,172.0,0.0,0.0,948,watts,14,28,4.0,0.9258,0.3786,-0.2767,0.2857,22,0.8033251695427537
gnm_949,36.55964473665365,"[1.7301679597099602, 2.396190928666674, 1.171241384241857, 1.5411578819774636]",1.7301679597099602,1.171241384241857,[1.72414847 2.24683366 0.9468185  0.8559005 ],1.7241484721289566,0.946818497059829,2,16,69,-1.112877368927002,1,205.0,0.0,0.0,949,gnm,16,69,8.625,1.9325,0.5971,-0.1185,0.25,46,0.7947748855794272
barabasi_950,13.884233992125528,"[1.6744904996981858, 1.888455210982983, 1.8719783829807517, 1.1952201830968745]",1.6744904996981858,1.871978382980752,[1.72414847 2.24683366 0.9468185  0.8559005 ],1.7241484721289566,0.946818497059829,2,20,19,1.279815435409546,1,273.0,0.0,0.0,950,barabasi,20,19,1.9,1.1358,0.0,-0.4272,0.55,19,0.730749157480291
gnm_951,8.01648329111049,"[1.778731330066031, 2.682124410707017, 0.29180770452250243, 2.9524551249453914]",1.778731330066031,0.2918077045225024,[1.72414847 2.24683366 0.9468185  0.8559005 ],1.7241484721289566,0.946818497059829,2,6,14,0.2826921939849853,1,228.0,0.0,0.0,951,gnm,6,14,4.6667,0.4714,0.9333,-0.4,0.3333,9,0.8907203656789433
regular_952,13.333344489716916,"[2.497026509549703, 1.89323861933415, 1.2479987214844341, 2.2156338126600996]",2.497026509549703,1.247998721484434,[1.72414847 2.24683366 0.9468185  0.8559005 ],1.7241484721289566,0.946818497059829,2,16,16,0.4284610748291015,1,268.0,0.0,0.0,952,regular,16,16,2.0,0.0,0.0,0.0,0.4375,16,0.8333340306073073
gnm_953,21.51806496969561,"[2.7289590077374632, 2.157117862425073, 3.021463331161547, 2.534087328149112]",2.7289590077374632,3.021463331161547,[1.72414847 2.24683366 0.9468185  0.8559005 ],1.7241484721289566,0.946818497059829,2,10,40,0.9986400604248048,1,331.0,0.0,0.0,953,gnm,10,40,8.0,0.8944,0.8933,-0.2238,0.2,25,0.8607225987878244
regular_954,19.590631658122454,"[1.7659863653332146, 1.9314309971339396, 1.0707057485541935, 1.2931710983750992]",1.7659863653332146,1.0707057485541935,[1.72414847 2.24683366 0.9468185  0.8559005 ],1.7241484721289566,0.946818497059829,2,14,28,0.6658535003662109,1,227.0,0.0,0.0,954,regular,14,28,4.0,0.0,0.1786,0.0,0.3571,24,0.8162763190884356
watts_955,16.462797339315973,"[0.9603639926097953, 1.937853213818217, 3.117177059411171, 1.922268489100492]",0.9603639926097952,3.117177059411171,[1.72414847 2.24683366 0.9468185  0.8559005 ],1.7241484721289566,0.946818497059829,2,13,26,0.358203649520874,1,130.0,0.0,0.0,955,watts,13,26,4.0,0.9608,0.3,-0.017,0.3846,21,0.7839427304436177
barabasi_956,13.033854808338868,"[1.7506619540807522, 1.9304673157848558, 0.3614824019020587, 2.7775036665753072]",1.7506619540807522,0.3614824019020587,[1.72414847 2.24683366 0.9468185  0.8559005 ],1.7241484721289566,0.946818497059829,2,19,18,0.7842791080474854,1,240.0,0.0,0.0,956,barabasi,19,18,1.8947,1.6188,0.0,-0.3423,0.5263,18,0.7241030449077148
watts_957,9.840038773378184,"[1.9607847901405935, 0.9458280115691875, 3.122192673723548, 1.8840263989650659]",1.9607847901405933,3.122192673723548,[1.72414847 2.24683366 0.9468185  0.8559005 ],1.7241484721289566,0.946818497059829,2,8,16,0.1960730552673339,1,125.0,0.0,0.0,957,watts,8,16,4.0,0.7071,0.5625,-0.1613,0.25,11,0.8945489793980168
gnm_958,37.07417971880356,"[1.4567260183562847, 2.897854784294199, 1.1277341932811091, 2.932667548884866]",1.456726018356285,1.1277341932811091,[1.72414847 2.24683366 0.9468185  0.8559005 ],1.7241484721289566,0.946818497059829,2,13,70,1.956857442855835,1,336.0,0.0,0.0,958,gnm,13,70,10.7692,0.7994,0.8901,-0.1178,0.1538,42,0.8827185647334181
regular_959,20.44493337614164,"[1.8077699029941945, 1.05113707295311, 2.9434548302118935, 1.838319115821505]",1.8077699029941945,2.943454830211893,[1.72414847 2.24683366 0.9468185  0.8559005 ],1.7241484721289566,0.946818497059829,2,15,30,0.6523137092590332,1,190.0,0.0,0.0,959,regular,15,30,4.0,0.0,0.1667,0.0,0.3333,24,0.8518722240059017
barabasi_960,3.8679022234500735,"[2.707755303534177, 2.053141734048622, -1.177795417078959, 3.1415860849097887]",2.707755303534177,-1.177795417078959,[1.72414847 2.24683366 0.9468185  0.8559005 ],1.7241484721289566,0.946818497059829,2,6,5,0.2697014808654785,1,312.0,0.0,0.0,960,barabasi,6,5,1.6667,0.4714,0.0,-0.25,0.5,5,0.7735804446900147
barabasi_961,8.780253879846333,"[1.7244691876453313, 1.9236982262078568, 0.37613223516869243, 2.7798974584742835]",1.7244691876453313,0.3761322351686924,[1.72414847 2.24683366 0.9468185  0.8559005 ],1.7241484721289566,0.946818497059829,2,13,12,0.4472813606262207,1,287.0,0.0,0.0,961,barabasi,13,12,1.8462,1.2918,0.0,-0.5385,0.6154,12,0.7316878233205277
watts_962,7.877590431519053,"[0.4713655216630377, 2.258486422890317, 2.9717015060308496, 1.8841953226752826]",0.4713655216630377,2.9717015060308496,[1.72414847 2.24683366 0.9468185  0.8559005 ],1.7241484721289566,0.946818497059829,2,10,10,0.2220683097839355,1,173.0,0.0,0.0,962,watts,10,10,2.0,0.4472,0.0,-0.0526,0.5,10,0.7877590431519053
gnm_963,10.785962837084888,"[1.2017741978649021, 1.6367463044204253, 3.1167798607511634, 1.942299621637161]",1.201774197864902,3.1167798607511634,[1.72414847 2.24683366 0.9468185  0.8559005 ],1.7241484721289566,0.946818497059829,2,11,16,0.4231386184692383,1,217.0,0.0,0.0,963,gnm,11,16,2.9091,0.9,0.1061,0.1523,0.3636,14,0.7704259169346349
gnm_964,60.31815100546249,"[1.5645674210090437, 1.699320069996769, 2.4148310421936108, 2.8922200583820343]",1.5645674210090437,2.4148310421936108,[1.72414847 2.24683366 0.9468185  0.8559005 ],1.7241484721289566,0.946818497059829,2,19,110,2.8935697078704834,1,208.0,0.0,0.0,964,gnm,19,110,11.5789,1.6324,0.6272,-0.1343,0.1579,70,0.861687871506607
barabasi_965,5.150767825565708,"[1.5709536166797748, 1.9779435536054568, 2.377531685680861, 1.177715101664581]",1.5709536166797748,2.377531685680861,[1.72414847 2.24683366 0.9468185  0.8559005 ],1.7241484721289566,0.946818497059829,2,8,7,0.1214210987091064,1,112.0,0.0,0.0,965,barabasi,8,7,1.75,1.0897,0.0,-0.4933,0.5,7,0.7358239750808154
gnm_966,21.31166623801853,"[2.0127771698233436, 1.8654620622283558, 1.2204546837659063, 1.9717979487025268]",2.012777169823344,1.2204546837659065,[1.72414847 2.24683366 0.9468185  0.8559005 ],1.7241484721289566,0.946818497059829,2,12,42,0.8339757919311523,1,242.0,0.0,0.0,966,gnm,12,42,7.0,1.472,0.6456,-0.0892,0.25,27,0.7893209717784642
gnm_967,6.842077623664409,"[2.9149610464693687, 2.6586814734242328, 1.9820815866260342, 1.7939391204391901]",2.9149610464693687,1.9820815866260344,[1.72414847 2.24683366 0.9468185  0.8559005 ],1.7241484721289566,0.946818497059829,2,7,10,0.3123645782470703,1,250.0,0.0,0.0,967,gnm,7,10,2.8571,1.2454,0.5905,-0.4583,0.4286,8,0.8552597029580511
watts_968,6.493396698289892,"[2.02355490992916, 2.268144843017657, -0.17737902396682154, 1.852124447833265]",2.02355490992916,-0.1773790239668215,[1.72414847 2.24683366 0.9468185  0.8559005 ],1.7241484721289566,0.946818497059829,2,11,11,0.302889347076416,1,212.0,0.0,0.0,968,watts,11,11,2.0,0.603,0.0,0.175,0.4545,10,0.6493396698289893
regular_969,14.90725768769078,"[1.2149306220090526, 1.6993535532058142, 2.7915867857322323, 2.28659978859766]",1.2149306220090526,2.7915867857322323,[1.72414847 2.24683366 0.9468185  0.8559005 ],1.7241484721289566,0.946818497059829,2,11,22,0.5916142463684082,1,279.0,0.0,0.0,969,regular,11,22,4.0,0.0,0.2727,0.0,0.3636,18,0.8281809826494878
gnm_970,19.086155246836704,"[1.771788444016457, 2.776929781228413, 0.3251497246873519, 2.8283676816040195]",1.771788444016457,0.3251497246873519,[1.72414847 2.24683366 0.9468185  0.8559005 ],1.7241484721289566,0.946818497059829,2,14,36,1.3471686840057373,1,360.0,0.0,0.0,970,gnm,14,36,5.1429,1.807,0.3957,-0.2162,0.3571,27,0.7068946387717298
regular_971,11.003723801863089,"[1.7661764845469827, 1.9315501710750187, 1.0971603231276705, 1.2851394480620648]",1.7661764845469827,1.0971603231276703,[1.72414847 2.24683366 0.9468185  0.8559005 ],1.7241484721289566,0.946818497059829,2,8,16,0.4744975566864013,1,271.0,0.0,0.0,971,regular,8,16,4.0,0.0,0.375,0.0,0.25,12,0.9169769834885907
gnm_972,17.451231132704578,"[1.8199779001233507, 2.7435872973084123, 0.2739031997410996, 2.624110899428508]",1.8199779001233507,0.2739031997410996,[1.72414847 2.24683366 0.9468185  0.8559005 ],1.7241484721289566,0.946818497059829,2,11,32,0.5574860572814941,1,178.0,0.0,0.0,972,gnm,11,32,5.8182,1.6414,0.6801,-0.193,0.2727,21,0.8310110063192656
watts_973,14.17876094232436,"[2.912396164590519, 1.9707427554529655, 1.9148268227023426, 1.696061718228263]",2.912396164590519,1.9148268227023424,[1.72414847 2.24683366 0.9468185  0.8559005 ],1.7241484721289566,0.946818497059829,2,11,22,0.4655704498291015,1,204.0,0.0,0.0,973,watts,11,22,4.0,1.0445,0.2545,-0.3799,0.4545,19,0.7462505759118084
regular_974,17.508495390070227,"[2.8824992660588675, 2.660455264329002, 2.0588334603002996, 1.8257416805077975]",2.8824992660588675,2.0588334603003,[1.72414847 2.24683366 0.9468185  0.8559005 ],1.7241484721289566,0.946818497059829,2,16,24,1.0335285663604736,1,271.0,0.0,0.0,974,regular,16,24,3.0,0.0,0.1875,0.0,0.3125,21,0.8337378757176298
regular_975,9.1666613274368,"[0.9253890916615827, 1.8936883879417994, 2.8191514532070414, 2.2152653394197284]",0.9253890916615828,2.8191514532070414,[1.72414847 2.24683366 0.9468185  0.8559005 ],1.7241484721289566,0.946818497059829,2,11,11,0.2683432102203369,1,137.0,0.0,0.0,975,regular,11,11,2.0,0.0,0.0,0.0,0.3636,10,0.91666613274368
watts_976,16.466935994827132,"[1.3633765755469045, 2.0521073454374825, 1.7595705525752714, 1.283769877878583]",1.3633765755469045,1.7595705525752714,[1.72414847 2.24683366 0.9468185  0.8559005 ],1.7241484721289566,0.946818497059829,2,13,26,0.834104061126709,1,226.0,0.0,0.0,976,watts,13,26,4.0,0.7845,0.441,-0.0335,0.3077,19,0.866680841833007
regular_977,15.556391716130353,"[2.8001201157856377, 2.236207286445377, 1.7536817213862177, 1.8920798591260002]",2.8001201157856377,1.7536817213862177,[1.72414847 2.24683366 0.9468185  0.8559005 ],1.7241484721289566,0.946818497059829,2,14,21,0.8510787487030029,1,265.0,0.0,0.0,977,regular,14,21,3.0,0.0,0.0714,0.0,0.4286,19,0.8187574587437028
gnm_978,23.129322837699448,"[2.2091296029538388, 0.7534294933928074, 3.1415926529248184, 1.8595433909158536]",2.2091296029538388,3.1415926529248184,[1.72414847 2.24683366 0.9468185  0.8559005 ],1.7241484721289566,0.946818497059829,2,12,40,1.2631795406341553,1,284.0,0.0,0.0,978,gnm,12,40,6.6667,0.9428,0.5663,-0.2037,0.25,27,0.8566415865814611
barabasi_979,8.606982898526802,"[-0.4016573587550295, 3.141591690349056, 2.9243809857234604, 2.180946277227693]",-0.4016573587550295,2.9243809857234604,[1.72414847 2.24683366 0.9468185  0.8559005 ],1.7241484721289566,0.946818497059829,2,13,12,0.401494026184082,1,159.0,0.0,0.0,979,barabasi,13,12,1.8462,1.4058,0.0,-0.4133,0.5385,12,0.7172485748772335
gnm_980,13.682039771876587,"[2.970440063987229, 2.105424393347221, 1.8278366680136222, 1.5705707796766453]",2.970440063987229,1.8278366680136224,[1.72414847 2.24683366 0.9468185  0.8559005 ],1.7241484721289566,0.946818497059829,2,8,24,0.3637280464172363,1,128.0,0.0,0.0,980,gnm,8,24,6.0,0.7071,0.844,-0.2676,0.25,16,0.8551274857422867
gnm_981,17.524809061597807,"[1.3485532914752159, 2.0732209315636956, 0.06276484657836624, 2.7954917661723897]",1.348553291475216,0.0627648465783662,[1.72414847 2.24683366 0.9468185  0.8559005 ],1.7241484721289566,0.946818497059829,2,17,27,1.274583101272583,1,311.0,0.0,0.0,981,gnm,17,27,3.1765,1.1998,0.2373,0.0581,0.4118,22,0.7965822300726276
regular_982,23.17914279184629,"[2.9019161942114433, 2.0962461913011214, 1.7807871941284361, 1.3153236275171116]",2.9019161942114438,1.780787194128436,[1.72414847 2.24683366 0.9468185  0.8559005 ],1.7241484721289566,0.946818497059829,2,17,34,1.1865110397338867,1,232.0,0.0,0.0,982,regular,17,34,4.0,0.0,0.1471,0.0,0.3529,28,0.8278265282802246
regular_983,11.003716332590557,"[1.76609574571307, 1.9313124163856883, 1.0977735306189502, 1.285679130746506]",1.76609574571307,1.0977735306189502,[1.72414847 2.24683366 0.9468185  0.8559005 ],1.7241484721289566,0.946818497059829,2,8,16,0.3340427875518799,1,178.0,0.0,0.0,983,regular,8,16,4.0,0.0,0.375,0.0,0.375,12,0.9169763610492131
gnm_984,4.980732289412572,"[0.6758000458969492, 1.989777264574096, 2.9379661517253624, 1.948334011093992]",0.6758000458969492,2.9379661517253624,[1.72414847 2.24683366 0.9468185  0.8559005 ],1.7241484721289566,0.946818497059829,2,7,6,0.2620394229888916,1,197.0,0.0,0.0,984,gnm,7,6,1.7143,0.4518,0.0,-0.2,0.5714,6,0.8301220482354287
watts_985,14.157089210346246,"[0.3801853316244139, 2.369733410419922, 2.9370796544429307, 1.8426920833330054]",0.3801853316244139,2.9370796544429307,[1.72414847 2.24683366 0.9468185  0.8559005 ],1.7241484721289566,0.946818497059829,2,18,18,0.6071624755859375,1,185.0,0.0,0.0,985,watts,18,18,2.0,0.6667,0.0,-0.125,0.5,18,0.786504956130347
watts_986,19.739378893991333,"[1.2964813992054265, 2.7892911824254343, 2.5231108621173934, 2.904538554994893]",1.2964813992054265,2.523110862117393,[1.72414847 2.24683366 0.9468185  0.8559005 ],1.7241484721289566,0.946818497059829,2,19,38,1.584878921508789,1,325.0,0.0,0.0,986,watts,19,38,4.0,1.0761,0.3088,-0.1183,0.3684,30,0.6579792964663778
watts_987,13.738888696177192,"[-0.3731243851219768, 3.141559040325184, 3.1246657038748986, 1.967002648745745]",-0.3731243851219768,3.1246657038748986,[1.72414847 2.24683366 0.9468185  0.8559005 ],1.7241484721289566,0.946818497059829,2,19,19,0.7607865333557129,1,261.0,0.0,0.0,987,watts,19,19,2.0,0.7255,0.0877,0.1939,0.4211,18,0.7632715942320663
watts_988,6.313763679172865,"[0.4661905734069153, 2.2637497145964587, 2.957922845668793, 1.8773493360891569]",0.4661905734069153,2.957922845668793,[1.72414847 2.24683366 0.9468185  0.8559005 ],1.7241484721289566,0.946818497059829,2,8,8,0.1750526428222656,1,134.0,0.0,0.0,988,watts,8,8,2.0,0.5,0.0,-0.6,0.5,7,0.9019662398818379
gnm_989,7.820965417697607,"[2.9107122810465933, 2.6907764014045545, 2.0237290534045043, 1.8193944566764215]",2.9107122810465933,2.0237290534045043,[1.72414847 2.24683366 0.9468185  0.8559005 ],1.7241484721289566,0.946818497059829,2,8,11,0.4196176528930664,1,303.0,0.0,0.0,989,gnm,8,11,2.75,0.9682,0.375,0.1149,0.375,9,0.8689961575219564
barabasi_990,9.94611574038073,"[1.2920541086299848, 2.3206222280880358, 2.794217003396409, 1.2633492587239386]",1.2920541086299848,2.794217003396409,[1.72414847 2.24683366 0.9468185  0.8559005 ],1.7241484721289566,0.946818497059829,2,14,13,0.3710451126098633,1,238.0,0.0,0.0,990,barabasi,14,13,1.8571,1.5972,0.0,-0.5403,0.5714,13,0.765085826183133
regular_991,12.824998916574032,"[2.815191796581572, 2.2750764163218404, 1.7984168031031265, 1.8223334614431246]",2.815191796581572,1.7984168031031265,[1.72414847 2.24683366 0.9468185  0.8559005 ],1.7241484721289566,0.946818497059829,2,12,18,0.466526985168457,1,228.0,0.0,0.0,991,regular,12,18,3.0,0.0,0.25,0.0,0.4167,16,0.801562432285877
barabasi_992,15.569671383553532,"[2.8894231969276536, 2.0793319923669378, 1.9035079157244468, 1.4577668413913634]",2.8894231969276536,1.9035079157244468,[1.72414847 2.24683366 0.9468185  0.8559005 ],1.7241484721289566,0.946818497059829,2,14,24,0.6141409873962402,1,234.0,0.0,0.0,992,barabasi,14,24,3.4286,1.4983,0.3238,-0.1968,0.3571,20,0.7784835691776766
gnm_993,42.36051184294278,"[2.9333643466292756, 1.594020992065602, 3.141592653589793, 2.3407006421165644]",2.933364346629276,3.141592653589793,[1.72414847 2.24683366 0.9468185  0.8559005 ],1.7241484721289566,0.946818497059829,2,16,82,-1.064314365386963,1,201.0,0.0,0.0,993,gnm,16,82,10.25,1.854,0.7124,-0.1659,0.1875,51,0.8305982714302506
watts_994,14.827738825676198,"[0.8486915117766927, 1.9069370054084227, 3.141592653589793, 1.9631290398352736]",0.8486915117766927,3.141592653589793,[1.72414847 2.24683366 0.9468185  0.8559005 ],1.7241484721289566,0.946818497059829,2,20,20,0.943983793258667,1,208.0,0.0,0.0,994,watts,20,20,2.0,0.5477,0.0,-0.2613,0.5,20,0.7413869412838099
barabasi_995,4.538727717786969,"[1.3257704767601426, 2.2325680377884596, 1.7451150474351542, 1.1851002396353834]",1.3257704767601426,1.7451150474351542,[1.72414847 2.24683366 0.9468185  0.8559005 ],1.7241484721289566,0.946818497059829,2,7,6,0.1774194240570068,1,116.0,0.0,0.0,995,barabasi,7,6,1.7143,1.0302,0.0,-0.5,0.5714,6,0.7564546196311616
regular_996,18.37098418332461,"[1.2195990573184392, 1.7160599789297244, 2.7895051181430546, 2.3224330397493853]",1.2195990573184392,2.7895051181430546,[1.72414847 2.24683366 0.9468185  0.8559005 ],1.7241484721289566,0.946818497059829,2,13,26,0.5957260131835938,1,257.0,0.0,0.0,996,regular,13,26,4.0,0.0,0.1538,0.0,0.3846,22,0.8350447356056641
barabasi_997,10.699904400832132,"[1.5367626960221605, 2.0495429184491605, 1.6380918894145813, 1.1768913949279531]",1.5367626960221603,1.6380918894145813,[1.72414847 2.24683366 0.9468185  0.8559005 ],1.7241484721289566,0.946818497059829,2,16,15,0.2700977325439453,1,130.0,0.0,0.0,997,barabasi,16,15,1.875,1.7275,0.0,-0.4532,0.5,15,0.7133269600554755
gnm_998,19.04293267461484,"[1.3600943321099987, 2.018816572480735, 1.7296935907521216, 1.2424735531452331]",1.3600943321099987,1.7296935907521216,[1.72414847 2.24683366 0.9468185  0.8559005 ],1.7241484721289566,0.946818497059829,2,14,30,0.6731343269348145,1,243.0,0.0,0.0,998,gnm,14,30,4.2857,1.7496,0.242,-0.3646,0.5,24,0.7934555281089516
regular_999,22.02272298868004,"[0.7546240989211515, 2.132686866715957, 3.141592653589793, 1.9400903068328696]",0.7546240989211515,3.141592653589793,[1.72414847 2.24683366 0.9468185  0.8559005 ],1.7241484721289566,0.946818497059829,2,17,34,0.996379852294922,1,252.0,0.0,0.0,999,regular,17,34,4.0,0.0,0.1471,0.0,0.3529,26,0.8470278072569246
