n,deg_mean_r,clust_mean_r,mis_r,count,gamma1_std,gamma2_std,beta1_std,beta2_std,gamma1_mean,gamma2_mean,beta1_mean,beta2_mean,approx_mean,models
6,1.667,0.0,0.5,10,0.9524880501874236,0.4928787246135395,1.4111129192627856,0.5832359718139077,1.159954525643233,2.4952523712116137,1.2148148420887641,2.399288183979197,0.7858129125202776,['barabasi']
6,1.667,0.0,0.667,7,0.6894626270413742,0.36112499453418767,0.9187444915269337,0.47278550968707406,0.9178718020693071,2.2977531954235553,1.8877387048044,2.299947739741287,0.7897945849183349,"['barabasi', 'gnm']"
6,1.667,0.0,0.833,3,0.00029696708380679015,0.0001647055983890613,0.00015469867009470736,5.519728001401736e-06,0.9232487650672224,2.7878452357798174,1.0757731080442083,1.2282080973074636,0.9113314515445382,['barabasi']
6,2.0,0.0,0.5,7,0.6506585798714051,0.15985536105308915,1.4386853594818516,0.3338189470572441,1.5515338836695844,1.9982689396664493,1.3880527957964615,2.1673667924024227,0.7781365385732247,"['regular', 'watts']"
6,2.0,0.25,0.667,1,0.0,0.0,0.0,0.0,1.5087853970715623,1.9416926696470167,0.8159498517255142,1.212499056764937,0.8269509489065967,['watts']
6,2.0,0.278,0.5,1,0.0,0.0,0.0,0.0,-0.3529931407672231,3.1415829865634786,3.1329926852625816,1.9321027609564076,0.8356258379411884,['watts']
6,2.333,0.0,0.5,1,0.0,0.0,0.0,0.0,0.3654208997090812,2.4105670930564007,2.965917141356609,1.880058145077267,0.9000434033902517,['gnm']
6,2.333,0.25,0.5,1,0.0,0.0,0.0,0.0,0.32816191607169454,2.421555213587845,2.931120055619426,1.8341777529798837,0.8598313304585948,['gnm']
6,2.333,0.278,0.5,1,0.0,0.0,0.0,0.0,0.5585632266828864,2.906234807746615,1.8803239642207543,0.9371973959849988,0.8656194193141952,['gnm']
6,2.333,0.417,0.5,1,0.0,0.0,0.0,0.0,2.8630409613990984,2.5981603099888,1.9524128359922166,1.8074047586048156,0.8543722808778208,['gnm']
6,3.0,0.333,0.333,4,0.16792198146166903,0.2423892652071943,0.6503853193160393,0.04041976723488484,3.0576316628589586,1.9773914677707474,2.7758736856225887,1.8990627022570588,0.8646303539228809,['regular']
6,3.0,0.733,0.5,1,0.0,0.0,0.0,0.0,2.9096473139101913,2.635455133734341,1.9613616422865796,1.7731132666342133,0.8665362314121532,['gnm']
6,3.333,0.667,0.333,1,0.0,0.0,0.0,0.0,2.89242635141842,2.1006462005581943,1.8793972705463347,1.5543392847571746,0.8940658242707806,['gnm']
6,3.333,0.833,0.5,1,0.0,0.0,0.0,0.0,2.8587574598502554,2.7183635954471788,2.073716696089609,1.9153509462553755,0.8348336830968037,['gnm']
6,3.667,0.583,0.333,1,0.0,0.0,0.0,0.0,2.1378541147838033,1.9207933120253609,2.78555521280013,2.3698403417179272,0.876738539188409,['gnm']
6,3.667,0.767,0.333,1,0.0,0.0,0.0,0.0,3.1341563153659115,1.8008841267287976,3.13415383234285,2.815863700186819,0.872500290570315,['gnm']
6,4.0,0.667,0.333,2,0.001048802584093962,0.00043273008099069515,0.002479680341605847,0.0032041494939415442,2.796208458132183,1.6648747370680161,1.2063207876685664,2.2696164388051683,0.9621435516855854,['regular']
6,4.0,0.728,0.333,3,0.0065370344347678725,0.3984541725597692,0.07307373620211002,0.1976095124803555,2.9395567878791162,2.255991053127357,1.8944315819924693,1.5855926317313702,0.825440962538441,['watts']
6,4.0,0.844,0.333,3,0.10379966505604,0.4539692405343142,0.7112802867245404,0.1401385451079232,3.0093225614153254,2.3732765768547486,2.320277089674832,1.8316145764900567,0.9068768587870485,"['watts', 'gnm']"
6,4.0,0.9,0.333,4,0.0004244428194275537,0.00014768370346310405,0.00048784284080853184,0.0004534442957557454,2.8761784553266327,1.758414049526938,1.9297273356020619,1.0121947856820728,0.9070308599057171,"['watts', 'gnm']"
6,4.333,0.9,0.333,3,0.00026945710468947304,0.0007194809205765785,0.00030837058355207627,0.00019291228252498865,2.95644823791053,2.6193490524145093,1.8874800292311216,1.7206887279400955,0.882501539573746,['gnm']
6,4.667,0.933,0.333,2,0.010105968475967259,0.025346961814201034,1.7982447009492006,0.3540219429287395,1.785877328905845,2.700047419288315,1.5633587267964575,2.702123808411643,0.8982835847451093,['gnm']
7,1.714,0.0,0.429,5,0.43804786804410945,0.11476805282093708,0.4789467352142785,0.5680807700862373,0.36991505801948354,2.936411637899873,2.1194731247353693,1.1130001788229076,0.8037526812146686,"['barabasi', 'gnm']"
7,1.714,0.0,0.571,13,0.7163175207070148,0.4158616615888288,0.6383667624675077,0.6409187964118993,0.9265770835830262,2.366991475262059,2.0476552825078658,1.6555459525825602,0.7713532390322976,"['barabasi', 'gnm']"
7,1.714,0.0,0.714,7,1.0173194159346404,0.458046146462702,0.9546019361677301,0.5517824639272089,0.8185078191332364,2.4896638091297585,2.056490877464292,1.7599989404390075,0.770732785525676,['barabasi']
7,2.0,0.0,0.429,16,0.9076717372306423,0.3763292432526785,0.9109236646383905,0.27260128724740124,1.6311745014707917,2.036252464689222,1.897735025053968,2.15271022082302,0.9241243854450707,"['regular', 'watts']"
7,2.0,0.0,0.571,3,0.5442464621321843,0.5138355415251932,0.6908262566293002,0.9591798309651851,1.0889794358233724,2.497563476094116,1.1278575317870836,1.820106125136725,0.7595581323900285,['watts']
7,2.0,0.143,0.571,1,0.0,0.0,0.0,0.0,-0.35715659587785165,3.1355806752303614,3.141592653589793,1.9341690643135567,0.8179060402496058,['watts']
7,2.0,0.238,0.429,1,0.0,0.0,0.0,0.0,1.8031963169223082,2.9288223499962966,0.762818985310662,2.7075875291067337,0.6394288018927909,['watts']
7,2.0,0.238,0.571,1,0.0,0.0,0.0,0.0,-0.3595024946076394,3.1413641996746997,3.1352902497851347,1.9357960856949294,0.8204765284093204,['watts']
7,2.0,0.31,0.429,1,0.0,0.0,0.0,0.0,0.7567685506994257,1.9262547540172195,2.9391699372557127,1.9437111090106596,0.8618783787684757,['watts']
7,2.0,0.333,0.429,1,0.0,0.0,0.0,0.0,0.6291908474537574,2.848247319443474,1.9014335245450986,0.9281878794874643,0.8920148447712867,['watts']
7,2.286,0.333,0.429,1,0.0,0.0,0.0,0.0,1.2120019741905317,2.2546537446277055,-0.002776740912952245,2.797867361583748,0.7670574728938065,['gnm']
7,2.571,0.205,0.571,1,0.0,0.0,0.0,0.0,2.8238209851477487,1.9463483537160378,1.9483488896858687,3.1086186498878403,0.7636971789504514,['gnm']
7,2.857,0.59,0.429,1,0.0,0.0,0.0,0.0,2.9149610464693687,2.6586814734242328,1.9820815866260342,1.7939391204391901,0.8552597029580511,['gnm']
7,3.143,0.357,0.429,1,0.0,0.0,0.0,0.0,2.8722779785192833,2.194911576764981,1.9029928007610248,1.4997280801504838,0.7989932172398161,['gnm']
7,3.143,0.381,0.429,1,0.0,0.0,0.0,0.0,1.0307180083187681,1.8347291266695414,3.074290579346783,1.9313972250201494,0.78851425569802,['gnm']
7,3.429,0.438,0.429,1,0.0,0.0,0.0,0.0,2.8887521860073235,2.0194412528969092,1.887762278450231,1.6595213346687556,0.7539779337581421,['gnm']
7,3.429,0.652,0.429,1,0.0,0.0,0.0,0.0,2.9115145784310643,2.6870915060731964,1.9971948088640443,1.8317766746348068,0.9010283176487266,['gnm']
7,3.429,0.667,0.286,1,0.0,0.0,0.0,0.0,2.7871515609885877,1.6746692498677513,1.2161520121213196,2.2659843131482673,0.9788928314092118,['gnm']
7,3.429,0.795,0.429,1,0.0,0.0,0.0,0.0,2.94304960243094,2.7026605612603447,1.9761044600887991,1.7945696489002614,0.8767353647403474,['gnm']
7,3.714,0.619,0.286,1,0.0,0.0,0.0,0.0,2.959499691572948,2.7508903474980437,2.01892541005582,1.8105816964521118,0.8544299042769126,['gnm']
7,4.0,0.429,0.429,3,9.195063362099503e-05,0.00011591944463167391,0.00012293037475707944,0.000100093597688458,2.9250781104178607,2.7979250388376626,2.1027870805138518,1.9339496528727944,0.839484119500513,['regular']
7,4.0,0.5,0.286,7,0.04355011900458395,0.2583109569662908,0.715871975221228,0.00150121633172311,2.7510601203729315,1.955084983760878,1.9697720339373883,2.291867226941317,0.9033998793835053,"['watts', 'regular']"
7,4.0,0.529,0.429,1,0.0,0.0,0.0,0.0,1.8747921504141956,0.9918334255847636,2.9173993089315786,1.8526984127926944,0.8087923108031728,['watts']
7,4.0,0.538,0.286,2,0.0,0.0,0.0,0.0,1.3457730827927443,2.0769669747371213,1.7999587443695857,1.3088578348832882,0.8838822051166517,['watts']
7,4.0,0.571,0.429,1,0.0,0.0,0.0,0.0,2.9413298656769866,2.7637089571567417,2.018392521284973,1.84785533584021,0.932214887052396,['watts']
7,4.0,0.576,0.286,2,0.030946846926231376,0.5286062723498968,0.08670762641432925,0.1037249239470322,2.938224628634244,2.367292712686902,1.932621780962847,1.7382629081260939,0.885198225384147,['watts']
7,4.0,0.59,0.429,1,0.0,0.0,0.0,0.0,2.9019166574463346,2.2719362607025584,1.8806164081881038,1.669628051946363,0.8638469996395315,['watts']
7,4.0,0.605,0.429,1,0.0,0.0,0.0,0.0,2.906368568009257,2.008947226972979,1.8723911767795622,1.529377902763382,0.8490818913429393,['watts']
7,4.0,0.624,0.286,2,0.00026282598730623287,3.1547684273743334e-05,1.1112239470951695,0.0007205358619467897,1.6618529084401437,2.865305380645051,1.7100000365938222,2.427160143249794,0.7942473906558007,['watts']
7,4.0,0.657,0.286,1,0.0,0.0,0.0,0.0,1.9188789522032366,2.7096794368919523,1.1736435783002315,2.2090264313596535,0.765361730773293,['watts']
7,4.0,0.71,0.286,1,0.0,0.0,0.0,0.0,2.4489939414703232,0.9185751461281836,1.5654232422987895,2.843586475017026,0.8473473721620394,['watts']
7,4.0,0.719,0.286,1,0.0,0.0,0.0,0.0,1.812043976461377,1.0530583824124098,2.891290949193184,1.810721626822773,0.864958986674992,['watts']
7,4.0,0.733,0.286,1,0.0,0.0,0.0,0.0,1.7975421066932524,1.1397628793840977,1.8903701494382283,1.8515661111031871,0.8592974384358968,['watts']
7,4.0,0.81,0.429,2,0.2756208823567599,0.2783680523873795,1.1404134811152502,0.003676598461996266,2.313426894240312,1.0527351633728934,2.335198547736643,2.8468925135159617,0.8420838828493289,['watts']
7,4.571,0.757,0.286,1,0.0,0.0,0.0,0.0,1.8035726586244305,2.6242433591227123,2.974986582580345,2.45425845775144,0.8115112914621766,['gnm']
7,4.857,0.771,0.286,1,0.0,0.0,0.0,0.0,1.109687780686866,2.2294976728751816,1.581211178605983,2.8632159081225907,0.8319408150597761,['gnm']
7,4.857,0.819,0.286,1,0.0,0.0,0.0,0.0,0.19638680276946957,3.141592653589793,3.113530910111032,-0.24504924658010477,0.9038969214954126,['gnm']
7,5.143,0.886,0.286,1,0.0,0.0,0.0,0.0,1.413343296301599,1.9988034180729777,1.7893665108904033,1.3769735492390702,0.8735512981717571,['gnm']
7,5.429,0.886,0.286,1,0.0,0.0,0.0,0.0,1.848689017793646,2.6940761055195703,0.2775551519953308,2.695544692191417,0.9182622248648232,['gnm']
7,5.429,0.924,0.286,1,0.0,0.0,0.0,0.0,1.8974698092615216,1.0672213516542945,3.141592653589793,1.8251796922060273,0.9066332005180204,['gnm']
7,5.714,0.952,0.286,2,0.03782893026654763,0.26397834849918145,0.6110453745049965,0.48469686959231184,2.9991488341259736,2.954931773279596,1.4502977500299177,2.029532302017855,0.9563313822512405,['gnm']
8,1.75,0.0,0.5,8,1.1769977603705688,0.4721830589941724,0.9303209892442796,0.43201067688723926,0.7605711200208318,2.600930654800361,2.214061004741588,1.7034452921269978,0.7705168183530395,['barabasi']
8,1.75,0.0,0.625,7,0.962263084957268,0.5767028608311093,1.0648185733570592,0.8117933011420304,1.505702707583075,2.0415765434616033,1.3822701112449403,2.0282541061546073,0.766572105416113,['barabasi']
8,1.75,0.0,0.75,4,0.6573250536805049,0.2687487284621849,0.9592726245108135,0.6044140129997041,0.8859045239258202,2.316760504582849,1.9229401294950148,1.9319064278079803,0.811596543797415,['barabasi']
8,1.75,0.0,0.875,1,0.0,0.0,0.0,0.0,0.8791979876310139,2.8833907129536316,1.0872487982351735,1.221269100808812,0.9205800795425604,['barabasi']
8,2.0,0.0,0.5,4,0.8886838217181288,0.1851076841858803,0.810969656573336,0.1688683199252261,1.2032812778328816,1.9860883799644617,2.4612451456827,2.130651528989868,0.8504911820987381,"['watts', 'regular']"
8,2.0,0.0,0.625,1,0.0,0.0,0.0,0.0,0.8595904355461905,1.8819919983915634,2.9385313513099636,2.0608542770770244,0.7830529312697365,['watts']
8,2.0,0.125,0.5,1,0.0,0.0,0.0,0.0,1.724319945591751,2.017900916740925,2.1060300731472035,1.224454022230137,0.8256826635015548,['watts']
8,2.0,0.208,0.5,2,1.568216137244025,0.3805487489557593,1.6591981421025246,0.05545193293845778,0.7436226221548838,2.8723778964320044,1.963758277828142,1.976688037878771,0.7255932610042432,['watts']
8,2.0,0.292,0.375,1,0.0,0.0,0.0,0.0,1.8233386386950872,2.5666652605876568,-0.2658409463228646,1.8358617451391432,0.750742331578067,['watts']
8,2.75,0.2,0.5,1,0.0,0.0,0.0,0.0,-0.29139966981912285,3.141592653589793,3.108780571106746,1.963669536646734,0.7273066790046869,['gnm']
8,2.75,0.375,0.375,1,0.0,0.0,0.0,0.0,2.9107122810465933,2.6907764014045545,2.0237290534045043,1.8193944566764215,0.8689961575219564,['gnm']
8,2.75,0.433,0.375,1,0.0,0.0,0.0,0.0,1.92336961470272,2.406042726873418,1.9101002069885396,1.330101682461053,0.7525041391582918,['gnm']
8,3.0,0.0,0.375,1,0.0,0.0,0.0,0.0,2.814405348117175,2.214708045663918,1.7463174367848735,1.8906347102250998,0.8928646972155547,['regular']
8,3.0,0.25,0.375,3,0.19720901581328412,0.2672206223589225,0.7559269048454914,0.060014967981913976,3.0277339752233723,2.015710317699419,2.686297763429744,1.8944485664185986,0.8194798414001525,['regular']
8,3.0,0.333,0.375,1,0.0,0.0,0.0,0.0,2.9114849344262357,2.701916704817351,2.0438465748601176,1.841208028152482,0.8604983776513109,['gnm']
8,3.0,0.446,0.375,1,0.0,0.0,0.0,0.0,1.924939329469095,3.006674862756345,1.2120193498565799,2.3016308771619913,0.7855245442442538,['gnm']
8,3.0,0.5,0.375,1,0.0,0.0,0.0,0.0,3.141582834470459,1.8454610276638173,3.1031184132109755,1.8997385834175053,0.7760196482791798,['regular']
8,3.25,0.396,0.375,1,0.0,0.0,0.0,0.0,2.9116038917156195,2.087252775227209,1.856245944667124,1.4675745350364995,0.7489845153597178,['gnm']
8,3.5,0.342,0.375,1,0.0,0.0,0.0,0.0,0.3429832138307828,3.023236612775686,1.9663681150211278,0.7958396849270646,0.7976173540893493,['gnm']
8,3.5,0.592,0.375,1,0.0,0.0,0.0,0.0,2.9149231692155078,2.054121496076858,1.8740460938584524,1.4479629101342888,0.8084691977285481,['gnm']
8,4.0,0.375,0.25,1,0.0,0.0,0.0,0.0,1.7661764845469827,1.9315501710750187,1.0971603231276705,1.2851394480620648,0.9169769834885908,['regular']
8,4.0,0.375,0.375,3,0.31739264955180063,0.13677582070565839,0.9762718711267918,0.5821978427958304,1.399602325210678,1.7733774475921171,2.225075185339958,1.9579432690181948,0.9066353110115163,['regular']
8,4.0,0.438,0.25,1,0.0,0.0,0.0,0.0,1.2350473696032322,1.6777809613291077,2.772983651792254,2.299937989108347,0.8810351881112032,['regular']
8,4.0,0.462,0.375,1,0.0,0.0,0.0,0.0,0.9075873485057061,1.9920150657310063,3.1414937547427213,1.8949541602442255,0.826343802851549,['watts']
8,4.0,0.467,0.25,1,0.0,0.0,0.0,0.0,2.9030229351732966,1.4046386559685835,0.322838977026827,3.096787396099827,0.7630807254546688,['watts']
8,4.0,0.475,0.375,1,0.0,0.0,0.0,0.0,2.894480427783118,1.9895440963984978,1.888662412504177,1.6572230656048192,0.7631162109898398,['watts']
8,4.0,0.488,0.5,1,0.0,0.0,0.0,0.0,1.2051288821868749,2.87863136028254,2.122589091201305,1.103268661561887,0.6469354509871874,['watts']
8,4.0,0.5,0.25,1,0.0,0.0,0.0,0.0,2.9258398344169994,2.1259169696362528,1.7711677300167785,1.3648515288532843,0.8597782991664643,['regular']
8,4.0,0.508,0.375,1,0.0,0.0,0.0,0.0,1.1624245757931302,1.7249564068867704,2.9908426315473653,1.9862220945083582,0.8414126781499364,['gnm']
8,4.0,0.538,0.375,1,0.0,0.0,0.0,0.0,2.920245256438041,2.080392515028578,1.8555027927042222,1.748619437194436,0.8390148060877133,['watts']
8,4.0,0.558,0.375,1,0.0,0.0,0.0,0.0,2.95297315139914,2.754019096408801,2.0000855530134225,1.820634660634255,0.8794965061154016,['watts']
8,4.0,0.562,0.25,2,0.6924703495891859,0.7746032195544594,0.8988739544594256,0.3251780033827197,2.450435270105726,1.4935552008450779,2.4865928050933204,1.6540908276804427,0.8623459193129397,['watts']
8,4.0,0.638,0.25,2,0.000674555704381611,0.0008725491358157155,0.0003167503074667254,0.0006866396187214013,1.8106877355818063,2.737986278260762,2.8422268702674653,2.2272476786762097,0.727592072590293,['watts']
8,4.25,0.554,0.5,1,0.0,0.0,0.0,0.0,1.0260007071858404,1.8905696471577544,3.141592653589793,1.8758635149447414,0.7905170332428846,['gnm']
8,4.5,0.767,0.25,1,0.0,0.0,0.0,0.0,1.6447117884565974,2.8939002503772895,2.3013843911706884,2.395352625591867,0.8434216038979986,['gnm']
8,5.25,0.775,0.25,1,0.0,0.0,0.0,0.0,1.5720079872872912,1.3794334531144918,2.0351471409722546,1.8452767401794745,0.8731616674828858,['gnm']
8,5.75,0.877,0.375,1,0.0,0.0,0.0,0.0,2.7937593650424732,1.686669239817156,3.141592653589793,2.4540050071036053,0.8181983993563336,['gnm']
8,6.0,0.836,0.25,2,0.0072973605442645945,0.006909590355832039,0.011375744633227863,0.008525843857223043,3.009767563712302,2.7622471929332617,1.9015743598733448,1.7400653630255256,0.884985925150886,['gnm']
8,6.0,0.844,0.25,1,0.0,0.0,0.0,0.0,2.970440063987229,2.105424393347221,1.8278366680136222,1.5705707796766453,0.8551274857422867,['gnm']
8,6.0,0.87,0.25,1,0.0,0.0,0.0,0.0,2.9954750004214947,2.70622413545642,1.8780885027371166,1.7267066707315117,0.939005605362278,['gnm']
8,6.25,0.864,0.25,1,0.0,0.0,0.0,0.0,2.9581224812575826,2.226995432532039,2.518689371904494,2.463283474054035,0.878963960675037,['gnm']
8,6.5,0.94,0.25,1,0.0,0.0,0.0,0.0,2.8376340760745453,1.7055832046508996,3.141592653589793,2.832725869117426,0.88488696057766,['gnm']
8,6.75,0.964,0.25,1,0.0,0.0,0.0,0.0,1.7556856089633572,3.1051580070680873,2.657928663828007,0.8337865818929235,0.9304960262247732,['gnm']
9,1.778,0.0,0.444,2,0.8748079383269529,0.4588965826988795,0.7790927455080412,0.6476557661863641,2.216619341191484,2.2849975957718027,1.496633618682797,2.2905313790664605,0.7819414001687122,['barabasi']
9,1.778,0.0,0.556,6,0.8412965168022785,0.4409226744260491,1.0036322460564815,0.5865840864450295,0.8079679596160213,2.373827949604727,1.9536079328407905,2.1000918306031595,0.7705622502885342,['barabasi']
9,1.778,0.0,0.667,4,1.0168472500273575,0.558101732854248,0.9058407498867637,0.6541400614001691,0.7820604643786068,2.3937566019999306,2.147137164143101,1.9873826776646442,0.7538391100053605,['barabasi']
9,1.778,0.0,0.778,4,5.212731657035693e-05,0.00018650536060381572,0.00038112087451402314,7.927805875460973e-05,1.3530544879001507,2.3136900776848934,1.1673056436913791,1.2467681962002082,0.7870766641495734,['barabasi']
9,2.0,0.0,0.444,6,1.043574555285009,0.41609048464089304,0.801368167251435,0.17635409124128368,1.5569958360877851,2.1368751091912066,1.902440010281189,2.196092895182,0.8918824270908575,"['watts', 'regular']"
9,2.0,0.0,0.556,1,0.0,0.0,0.0,0.0,2.762974229948021,1.5983457523684563,0.40445630590553916,1.5328463540848447,0.7289345121780381,['watts']
9,2.0,0.159,0.667,1,0.0,0.0,0.0,0.0,1.875132995983448,2.9500984867655378,1.116227151555007,2.455628944718811,0.6587074148524721,['watts']
9,2.0,0.167,0.556,1,0.0,0.0,0.0,0.0,2.7820253091816127,3.141592653589793,1.3161088496500892,2.193804971191056,0.7892440972000045,['watts']
9,2.0,0.185,0.444,1,0.0,0.0,0.0,0.0,0.5737324272619257,2.879699851440553,1.9185013034251748,0.8838652558975512,0.8721025472410093,['watts']
9,2.0,0.259,0.444,1,0.0,0.0,0.0,0.0,1.7173737867010075,1.8724610876373715,1.2555302429555557,2.846826763645163,0.8138268350249547,['watts']
9,2.222,0.296,0.556,1,0.0,0.0,0.0,0.0,2.858195998907437,2.6153490120296286,1.981363093985896,1.8142261469950638,0.8349496792056547,['gnm']
9,3.556,0.17,0.333,1,0.0,0.0,0.0,0.0,1.546142539852489,1.8354088469119554,0.706699397338681,1.206972899680104,0.7452141025332172,['gnm']
9,3.778,0.33,0.333,1,0.0,0.0,0.0,0.0,1.091637942907386,1.7919432462180054,3.050467206190041,1.9600014572951485,0.8352395204229529,['gnm']
9,3.778,0.485,0.444,1,0.0,0.0,0.0,0.0,2.940557294520017,2.761007140452158,2.0268339159731434,1.848279275615309,0.8934167868154208,['gnm']
9,4.0,0.311,0.333,1,0.0,0.0,0.0,0.0,0.9787669459256094,1.9158154661288298,3.141592653589793,1.914841657806713,0.7581756708827622,['watts']
9,4.0,0.389,0.333,3,0.997702283159608,0.28701917290979845,0.43414020503573225,0.259135646336848,1.7946752514217474,1.5229625748537405,2.533549313057699,2.1355832434521034,0.861952408667375,['regular']
9,4.0,0.418,0.333,1,0.0,0.0,0.0,0.0,1.6491230624204078,1.8395526673135887,1.1305406390674873,1.2783631154570587,0.8664744986224092,['watts']
9,4.0,0.433,0.333,1,0.0,0.0,0.0,0.0,2.9180642601211497,2.1089470411028177,1.8612648393699174,1.450943168081244,0.8726047803610562,['watts']
9,4.0,0.452,0.333,1,0.0,0.0,0.0,0.0,1.1734308220326422,1.7248666845418734,3.0770728888820997,1.9118421458348442,0.8032286143660811,['watts']
9,4.0,0.459,0.333,1,0.0,0.0,0.0,0.0,1.740897029045244,2.38218949267044,1.2548067833694323,1.8221265728319302,0.6644661253879542,['watts']
9,4.0,0.467,0.333,2,0.028968476703289836,1.557518100366115,0.17364820073710724,0.7580980755747074,2.928888144277503,1.6720984959115932,1.8932422296687572,2.374256003214471,0.8536103271010025,['watts']
9,4.0,0.57,0.333,1,0.0,0.0,0.0,0.0,1.6898872876899547,1.8163002347483324,1.1772360300019493,1.3217402805490905,0.8648327186639074,['watts']
9,4.0,0.589,0.333,1,0.0,0.0,0.0,0.0,1.8504160514678438,-0.16521043875392744,2.704931882805762,2.4052173945010082,0.8002013567808646,['watts']
9,5.333,0.641,0.222,1,0.0,0.0,0.0,0.0,1.4377123970494998,2.8472391857008645,2.060667335274894,0.3259621403576077,0.746225424101313,['gnm']
9,5.556,0.66,0.222,1,0.0,0.0,0.0,0.0,1.8225089755538233,1.1302354344974488,3.035819805517577,1.8471581046392525,0.81307733868693,['gnm']
9,5.778,0.884,0.333,1,0.0,0.0,0.0,0.0,3.0133780409877593,2.746326361727933,1.8924762843479197,1.7231115918523523,0.8959439340789472,['gnm']
9,6.0,0.744,0.333,1,0.0,0.0,0.0,0.0,1.7855515145889307,1.170299495565966,3.080356283131743,1.8339974744103096,0.8171025763879841,['gnm']
9,6.222,0.751,0.222,1,0.0,0.0,0.0,0.0,2.9939290872673348,2.0322106396086994,1.790793141993213,1.4123547516665877,0.8536196226118351,['gnm']
9,6.444,0.785,0.333,1,0.0,0.0,0.0,0.0,2.9824645805418775,2.8441302313503223,2.0125965314845216,1.84781086698657,0.9103207954161392,['gnm']
9,6.667,0.793,0.222,1,0.0,0.0,0.0,0.0,1.7846887410636276,2.775001515716981,1.3655835825999472,2.5548133581461494,0.8326136165693697,['gnm']
9,7.111,0.885,0.222,1,0.0,0.0,0.0,0.0,1.427592367807982,2.766193810159869,1.0134201736712178,2.1085233452554295,0.8565902794523936,['gnm']
9,7.778,0.972,0.222,1,0.0,0.0,0.0,0.0,3.0299519897727,2.010053842912688,1.7786681510894438,1.4768901736234317,0.9696780602152104,['gnm']
10,1.8,0.0,0.4,1,0.0,0.0,0.0,0.0,2.356300056741863,1.5703284575830458,1.8826754907461103,1.2589916268004426,0.7968566602099967,['barabasi']
10,1.8,0.0,0.5,7,1.1709053912718215,0.7426187785064987,0.9880543617933251,0.797461593628005,1.0778687387339196,2.3259306024945308,1.6723797540178527,1.9096805650425668,0.7567523462429263,['barabasi']
10,1.8,0.0,0.6,7,0.6422867376928029,0.4477498474323727,0.3429899731096817,0.6691103803785556,1.5361532839065417,2.1448295130015844,1.6597625660874462,1.6135916715435645,0.7525991480298553,['barabasi']
10,1.8,0.0,0.7,5,0.6087618587333566,0.8303512763792239,0.3648099021299815,0.7429336466407587,1.8122151600031473,2.009731116845839,1.4504464914032187,1.7828901336696625,0.7278624115911905,['barabasi']
10,1.8,0.0,0.8,2,0.2969573355739099,0.022886157401198124,0.4342545379580247,1.1968568892173492,1.86639915107183,2.1654681066878396,0.6521904512268886,2.0265524135823956,0.7435264959735074,['barabasi']
10,2.0,0.0,0.5,11,0.3084212101848279,0.3539944000020124,0.4336014990856012,0.4258351562602415,0.4221045207528398,2.4573534955965726,2.7601205041114443,1.724184884201235,0.813838832197305,"['watts', 'regular']"
10,2.0,0.0,0.6,2,0.046387758548447365,0.04352748595654013,0.007685725131282238,0.005448561863810594,0.5002535897193715,2.924722893360231,1.9131955876908542,0.8366294285230297,0.835889690139823,['watts']
10,2.0,0.167,0.4,1,0.0,0.0,0.0,0.0,-0.3651672905787291,3.141583162372431,3.1250361389694143,1.9551963650582564,0.7900944091091573,['gnm']
10,2.0,0.217,0.5,1,0.0,0.0,0.0,0.0,0.3723048321977856,2.3521214846312466,2.9210202863047856,1.8070719192465685,0.8360038909166122,['watts']
10,3.0,0.0,0.4,1,0.0,0.0,0.0,0.0,2.7999243902291013,2.226160964498743,1.7531937826796589,1.9011600392796848,0.8660330912325487,['regular']
10,3.0,0.0,0.5,1,0.0,0.0,0.0,0.0,2.7957228363324202,2.229557050181298,1.7543176585737945,1.904564224095912,0.7521574943564094,['regular']
10,3.0,0.2,0.4,2,0.24099804764747745,0.3073912776898566,0.9450089939765836,0.07454961549850837,2.970187836377757,2.0829443203555824,2.4733226599919975,1.882830107202385,0.8019790997046969,['regular']
10,3.0,0.3,0.4,2,0.026753268106603275,0.21014762739616694,0.12787601785530658,0.012410452898871837,2.8360223454318985,2.442164604558747,1.8937159540835489,1.8078771795740447,0.8580155251004079,['regular']
10,3.0,0.4,0.3,1,0.0,0.0,0.0,0.0,2.87048832209671,2.617791994476536,1.9893955932688034,1.8136082502239828,0.8925543357414707,['regular']
10,3.4,0.307,0.5,1,0.0,0.0,0.0,0.0,1.8431621032813994,2.986425944146855,2.7241279727038537,2.40485465615033,0.7309062999204605,['gnm']
10,3.6,0.33,0.4,1,0.0,0.0,0.0,0.0,2.901040880612232,1.8784298348490283,1.9114958969548987,1.492977811140113,0.7593824417840096,['gnm']
10,4.0,0.25,0.3,1,0.0,0.0,0.0,0.0,1.3295692019886076,2.112571789757646,1.7592713514488558,1.296252469897642,0.8465994256060867,['regular']
10,4.0,0.25,0.4,1,0.0,0.0,0.0,0.0,0.7127237830319202,2.179142216439731,3.141592653589793,1.924335760110802,0.798073552098657,['regular']
10,4.0,0.297,0.3,1,0.0,0.0,0.0,0.0,2.109131476063143,2.41799171964367,1.5976920295441515,1.8950518834295722,0.6637817759595928,['watts']
10,4.0,0.3,0.3,1,0.0,0.0,0.0,0.0,1.7662440657910756,1.937057797615374,1.0887958619883216,1.2927049885041653,0.8621877805720928,['regular']
10,4.0,0.313,0.4,1,0.0,0.0,0.0,0.0,2.9000466985987585,0.5603456507764719,1.7605333427479881,2.863816286773558,0.8413993067119847,['watts']
10,4.0,0.35,0.3,1,0.0,0.0,0.0,0.0,2.7891611185551235,1.693328054236263,1.209977089107282,2.2930227331162243,0.8398472869837228,['regular']
10,4.0,0.39,0.3,1,0.0,0.0,0.0,0.0,1.8013440430735197,2.726417189668394,1.2369162706908756,1.8336072327514457,0.7414745714397518,['gnm']
10,4.0,0.437,0.4,1,0.0,0.0,0.0,0.0,2.9206115283963454,2.0936318256088704,1.8623901072779985,1.4451228780831742,0.7903460577486143,['watts']
10,4.0,0.44,0.3,1,0.0,0.0,0.0,0.0,2.0187988488690314,0.8819053369644594,3.141592653589793,1.8983643004328055,0.8302064371740812,['watts']
10,4.0,0.46,0.4,1,0.0,0.0,0.0,0.0,2.952598487907367,2.7524464280367686,1.9952661943969465,1.7959475594728547,0.880227385715567,['watts']
10,4.0,0.473,0.4,1,0.0,0.0,0.0,0.0,2.906938421027327,1.7532141004301725,1.9023505980384017,1.5171359492248153,0.8264228714358448,['watts']
10,4.0,0.513,0.3,1,0.0,0.0,0.0,0.0,2.9582168723270112,2.7389568006521623,1.9752679129864807,1.7761713307504607,0.9303335394732808,['watts']
10,4.0,0.54,0.4,1,0.0,0.0,0.0,0.0,1.1872682253620348,1.7113624994325214,3.0790504808704764,1.9110722732152912,0.8859257886611384,['gnm']
10,4.2,0.527,0.4,1,0.0,0.0,0.0,0.0,1.8098764196472965,2.9784385959023822,2.5563484156289595,1.7347786037124056,0.7543698216951195,['gnm']
10,4.6,0.503,0.3,1,0.0,0.0,0.0,0.0,1.369420932896225,2.782694251637749,2.5967107539501564,2.848068588661448,0.7291184550842766,['gnm']
10,5.2,0.59,0.3,1,0.0,0.0,0.0,0.0,2.941286577546112,2.042386921536295,1.8641394829369196,1.6437286764707437,0.8127133183763893,['gnm']
10,5.4,0.501,0.3,1,0.0,0.0,0.0,0.0,2.966418050809268,2.0133250794694098,1.8268441577026682,1.724100869936093,0.8128744060864562,['gnm']
10,5.4,0.593,0.3,1,0.0,0.0,0.0,0.0,1.7795176294120774,2.66419375003026,0.24281018760192763,2.9215248633613844,0.8317838196042828,['gnm']
10,5.6,0.626,0.3,1,0.0,0.0,0.0,0.0,2.951524105443607,2.0854919226284165,0.28284274594733294,3.141592653589793,0.8579586517459281,['gnm']
10,6.2,0.704,0.3,1,0.0,0.0,0.0,0.0,2.9641051164230654,1.833638628699536,1.8434992788263158,3.141592653589793,0.8477607354581042,['gnm']
10,6.4,0.672,0.3,1,0.0,0.0,0.0,0.0,1.7130404573014189,1.2183158384401738,2.9521213999858134,1.8223660307792051,0.840572671106504,['gnm']
10,6.6,0.715,0.2,1,0.0,0.0,0.0,0.0,1.7775287617522864,2.9197503380926837,1.1681166261391094,2.3171586009273906,0.8023806716336604,['gnm']
10,7.0,0.762,0.2,1,0.0,0.0,0.0,0.0,2.9862939875932133,1.9184402703575187,1.8307776679992587,1.459302239568313,0.8637315041040073,['gnm']
10,7.2,0.784,0.3,1,0.0,0.0,0.0,0.0,2.98856830947944,1.98511114548914,1.8199484490898148,1.4889595494184047,0.846372996907975,['gnm']
10,7.4,0.827,0.3,1,0.0,0.0,0.0,0.0,2.9970083516341397,2.0021178624509077,1.8096695568192598,1.4895530434837247,0.8638682059592119,['gnm']
10,7.8,0.852,0.2,1,0.0,0.0,0.0,0.0,2.7673300340598077,1.7337399273725658,3.1415841425544966,2.684998566957411,0.8219073851732537,['gnm']
10,8.0,0.893,0.2,1,0.0,0.0,0.0,0.0,2.7289590077374632,2.157117862425073,3.021463331161547,2.534087328149112,0.8607225987878244,['gnm']
10,8.2,0.921,0.2,1,0.0,0.0,0.0,0.0,2.93147286879494,1.6279092471301988,3.141592653589793,2.850396887006081,0.8894981822678528,['gnm']
10,8.6,0.961,0.2,1,0.0,0.0,0.0,0.0,2.936950450705364,1.6342661763086528,3.141592653589793,2.866529437964157,0.9267694433181896,['gnm']
11,1.818,0.0,0.546,7,0.9801081862993792,0.4954940441330173,1.0614293649861068,0.6224439444254978,1.0569234584232523,2.201278473397548,1.7882873482277468,2.187461646915115,0.762754272802458,['barabasi']
11,1.818,0.0,0.636,6,0.9341854581532508,0.34992492848130763,1.077617976943091,0.5488788478584048,0.9076946118367388,2.6162330670727063,2.1252367597448796,2.1448505810953686,0.7513123133714026,['barabasi']
11,1.818,0.0,0.727,3,0.11377789933039874,0.23042325261372248,0.9264179491164926,0.8673900260700002,1.3054841690869095,2.3965045086696546,2.249961618283951,1.775364391447065,0.7689930676448861,['barabasi']
11,2.0,0.0,0.364,1,0.0,0.0,0.0,0.0,0.9253890916615827,1.8936883879417994,2.8191514532070414,2.2152653394197284,0.91666613274368,['regular']
11,2.0,0.0,0.454,6,0.8795230218575378,0.4165188184423861,1.1365478673032612,0.5436297978130973,1.563565819876347,2.1267824061512597,1.64302638944772,1.9288072398680771,0.8639360472618022,"['regular', 'watts']"
11,2.0,0.0,0.546,3,0.5416940194613565,0.4813621292429193,0.6760607639199762,0.6080462304678035,0.24804148155741523,2.7313367635641335,2.6711318851608126,1.5965817782548797,0.7847788129424901,['watts']
11,2.0,0.152,0.454,1,0.0,0.0,0.0,0.0,1.5508588732331576,1.9485887955671606,1.1207264990339412,2.772832812653202,0.7861561009746568,['watts']
11,2.0,0.197,0.454,1,0.0,0.0,0.0,0.0,0.6224623670243524,2.8522773010319495,1.8778728899200243,0.9336678682022291,0.8519932555694407,['watts']
11,2.0,0.197,0.546,2,0.1854610309016702,0.338991814398184,0.7489745991691633,0.6150487909286244,0.4899627642481252,2.6146278202720494,2.4021962914747776,1.3770679828208143,0.8393471609917087,['watts']
11,2.0,0.212,0.454,1,0.0,0.0,0.0,0.0,0.29727417724977395,2.186457676744081,2.5718066675894575,2.862324793226868,0.799689774351362,['watts']
11,2.909,0.106,0.364,1,0.0,0.0,0.0,0.0,1.2017741978649021,1.6367463044204253,3.1167798607511634,1.942299621637161,0.7704259169346349,['gnm']
11,3.273,0.061,0.454,1,0.0,0.0,0.0,0.0,-0.12432405115057313,2.980760661240694,3.141592653589793,1.9543625217525231,0.7545334665027355,['gnm']
11,3.273,0.342,0.454,1,0.0,0.0,0.0,0.0,0.24693985241437524,2.581178867676915,2.9294861711071762,1.8273791118345954,0.824807719599293,['gnm']
11,3.273,0.361,0.364,1,0.0,0.0,0.0,0.0,2.870723088472015,1.9184492435470455,-1.2189628636397563,3.120889849395189,0.7715791933292651,['gnm']
11,4.0,0.182,0.364,1,0.0,0.0,0.0,0.0,1.7584872503496527,1.9172483491018686,1.0902436684035821,1.3010931131734096,0.9625198323516796,['regular']
11,4.0,0.254,0.454,1,0.0,0.0,0.0,0.0,2.912396164590519,1.9707427554529655,1.9148268227023426,1.696061718228263,0.7462505759118084,['watts']
11,4.0,0.273,0.273,1,0.0,0.0,0.0,0.0,1.2191359432838607,1.6969792152383656,2.7971821212575154,2.285402298897181,0.93106279610207,['regular']
11,4.0,0.273,0.364,1,0.0,0.0,0.0,0.0,1.2149306220090526,1.6993535532058142,2.7915867857322323,2.28659978859766,0.8281809826494878,['regular']
11,4.0,0.3,0.364,1,0.0,0.0,0.0,0.0,1.376343123273403,2.7585090696952097,2.685487223515016,2.925138577034157,0.7200553857151651,['gnm']
11,4.0,0.318,0.364,1,0.0,0.0,0.0,0.0,1.8591649987512204,2.994641100649762,2.726353747409863,2.389974513918235,0.7874666626559905,['watts']
11,4.0,0.321,0.364,1,0.0,0.0,0.0,0.0,1.8869703100036355,2.964883416641033,1.2157112379100177,2.321324474375893,0.6859594272652442,['watts']
11,4.0,0.364,0.273,1,0.0,0.0,0.0,0.0,1.795774343466594,1.023653505347636,2.9350611612806037,1.7956468952039044,0.9046993585717392,['regular']
11,4.0,0.382,0.364,1,0.0,0.0,0.0,0.0,1.8860460831245456,3.0175530110042263,2.771836246218276,0.7428878646770025,0.6986829219373938,['watts']
11,4.0,0.467,0.273,2,7.527017541794958e-05,0.0013916314984012456,0.00016947576187750457,0.00012317342257248354,2.925625644283018,2.1076835861399243,1.837900489781369,1.4152592729103814,0.8696297530176973,['watts']
11,4.182,0.503,0.454,1,0.0,0.0,0.0,0.0,2.917771418525575,2.1556298288941362,1.883252412441306,1.5150572343906499,0.7841829073568611,['gnm']
11,4.364,0.373,0.273,1,0.0,0.0,0.0,0.0,1.8233661062790736,2.7756728013582004,1.9619174349244013,2.744943986487048,0.7107349489165293,['gnm']
11,4.909,0.471,0.273,1,0.0,0.0,0.0,0.0,2.97826342331308,2.8057670940309896,1.9875510629654398,1.8178634143754016,0.8684993820553387,['gnm']
11,4.909,0.536,0.364,1,0.0,0.0,0.0,0.0,2.393065574720115,0.9612815623859389,3.141592653589793,2.825931402471178,0.8114493389878803,['gnm']
11,5.636,0.484,0.273,1,0.0,0.0,0.0,0.0,2.9457710962421055,1.2913324108132282,0.30876672329341853,3.0986969598510514,0.7984860606005114,['gnm']
11,5.818,0.68,0.273,1,0.0,0.0,0.0,0.0,1.8199779001233507,2.7435872973084123,0.2739031997410996,2.624110899428508,0.8310110063192656,['gnm']
11,6.364,0.668,0.273,1,0.0,0.0,0.0,0.0,1.7288726795125744,2.8321236035685633,0.32341717523669294,2.6196985901599827,0.7917956175874759,['gnm']
11,6.727,0.674,0.273,1,0.0,0.0,0.0,0.0,1.8011135943428271,2.7672501423759095,1.8560008671656476,1.108734211196842,0.7910569995589332,['gnm']
11,7.273,0.754,0.273,1,0.0,0.0,0.0,0.0,2.709823336294602,1.8062476038391013,3.1309143082537005,1.9339534079088767,0.8606814669362712,['gnm']
11,7.454,0.799,0.182,1,0.0,0.0,0.0,0.0,2.683749495479365,2.2109631195775776,1.5545020170991792,1.230608014286736,0.812610588699349,['gnm']
11,7.636,0.762,0.273,1,0.0,0.0,0.0,0.0,1.7305896483197216,2.780881454539962,1.2946594137979641,1.7973099608024952,0.8405336087251299,['gnm']
11,8.182,0.813,0.273,1,0.0,0.0,0.0,0.0,1.4394512771445274,2.911285069562859,1.0709631371948518,2.856555639273231,0.8410967150501928,['gnm']
11,8.727,0.901,0.182,1,0.0,0.0,0.0,0.0,2.8719623080074523,1.7266096691586728,1.7610011882241219,2.4147068455378955,0.9239412128317772,['gnm']
11,8.909,0.878,0.182,1,0.0,0.0,0.0,0.0,1.4649501132192773,2.832376314643097,2.129713616165998,2.5200122134210563,0.8584201962701627,['gnm']
12,1.833,0.0,0.5,4,0.9670664665978658,0.5938482590966032,1.0900728532509378,0.6694877234170801,1.1995708560418954,2.231358441793967,1.5020216604768135,2.0570622247058012,0.7859525180030114,['barabasi']
12,1.833,0.0,0.583,3,0.6333496095864594,0.5580230334607789,0.3656378149395532,0.024248083279034393,1.690872888315844,2.117326498763958,1.6576394125526874,1.2846065609697412,0.7473084981829432,['barabasi']
12,1.833,0.0,0.667,1,0.0,0.0,0.0,0.0,0.30227336481686373,2.459401119195312,2.820743408884911,1.8116621545557952,0.7950221269687696,['barabasi']
12,1.833,0.0,0.75,1,0.0,0.0,0.0,0.0,2.357048859393923,1.5701675347026862,1.9326574641486154,1.2085125899536369,0.8664279849645258,['barabasi']
12,2.0,0.0,0.417,2,1.1100855380190768,0.000380836782203416,1.1108805807172597,0.0006156904186354177,1.7112526534650507,1.8934379750961687,2.0337842038434495,2.2153193967945426,0.8333342363756518,['regular']
12,2.0,0.0,0.5,5,0.7048705593682038,0.5259953445629185,0.8150151909443822,0.3492434820077826,0.696682166141066,2.2208470639046562,2.65877455133176,2.16095367866114,0.7793578719691556,['watts']
12,2.0,0.0,0.583,1,0.0,0.0,0.0,0.0,0.39345108096017006,2.35082851445336,2.9240334872814553,1.8573335977299585,0.7953519548962679,['watts']
12,2.0,0.083,0.5,1,0.0,0.0,0.0,0.0,-0.3676776367117158,3.135423950252558,3.139507021375132,1.9490327755562997,0.7812330574111447,['watts']
12,2.0,0.139,0.5,3,0.8474291940280269,0.3136094699077671,1.0388943223602025,0.5670913025351455,1.5255682418786725,2.5337483967783827,0.8811205898682667,1.5306660820165217,0.7067834911084224,['watts']
12,2.667,0.192,0.583,1,0.0,0.0,0.0,0.0,1.7845742140614897,2.776591406888184,0.422901908703792,2.892914996230184,0.7046524535391323,['gnm']
12,2.833,0.261,0.5,1,0.0,0.0,0.0,0.0,-0.06982390152560916,2.912544209968053,3.1415815872082193,1.9325164842562557,0.7433488590321777,['gnm']
12,3.0,0.0,0.5,1,0.0,0.0,0.0,0.0,3.141592653589793,1.8786699749403377,2.973847138746571,1.9638764959950987,0.6924508818409202,['regular']
12,3.0,0.083,0.417,2,0.16788821395358403,0.5243148266009677,0.7252465002114823,0.6345450971172523,3.022712770592837,1.5023456321742745,2.624420519452221,2.400813829254493,0.805867609490328,['regular']
12,3.0,0.167,0.333,1,0.0,0.0,0.0,0.0,3.141592653589793,1.867806083972126,3.1118197617010463,1.9407717302430902,0.7594764589105751,['regular']
12,3.0,0.25,0.333,1,0.0,0.0,0.0,0.0,3.110580218655711,2.8820074940804896,3.141592653589793,1.92960048780311,0.8006933149048581,['regular']
12,3.0,0.25,0.417,1,0.0,0.0,0.0,0.0,2.815191796581572,2.2750764163218404,1.7984168031031265,1.8223334614431246,0.801562432285877,['regular']
12,3.0,0.333,0.333,1,0.0,0.0,0.0,0.0,2.881594019710271,2.6460095955076914,2.0149029832643075,1.8129078806815633,0.920874373166428,['regular']
12,3.333,0.231,0.5,1,0.0,0.0,0.0,0.0,0.22402933434946987,2.6098924381393456,2.9124509702679044,1.8402050946572768,0.7647081407278914,['barabasi']
12,3.333,0.309,0.5,1,0.0,0.0,0.0,0.0,1.0943813630601007,1.7750127113634528,3.0843642024435516,1.9528042297281563,0.8069906295983095,['barabasi']
12,3.333,0.314,0.417,1,0.0,0.0,0.0,0.0,1.97073035215336,0.8993636474431035,3.141592653589793,1.9278093565422618,0.7586598723362307,['barabasi']
12,3.333,0.318,0.5,1,0.0,0.0,0.0,0.0,1.227660288208957,1.6377820358754018,3.141592653589793,1.9350449930137035,0.811647630945636,['barabasi']
12,3.333,0.399,0.417,1,0.0,0.0,0.0,0.0,2.112048457549473,2.1124126592243737,-0.25495042803523327,1.847165895916334,0.7092282903277989,['barabasi']
12,3.333,0.436,0.5,1,0.0,0.0,0.0,0.0,1.8003060282876944,2.6095810313484638,2.8664973592832763,1.8165187185144218,0.7006533064601678,['barabasi']
12,3.333,0.437,0.417,1,0.0,0.0,0.0,0.0,2.7905440459194497,0.12235432844867924,2.799470695055156,2.2872460984150607,0.7990878505077793,['barabasi']
12,3.333,0.521,0.333,1,0.0,0.0,0.0,0.0,2.946572029228517,2.7437761714848383,1.9981640502933486,1.8082880859746648,0.9022123886029134,['barabasi']
12,3.333,0.548,0.5,1,0.0,0.0,0.0,0.0,1.6738670633483164,1.8461724349300872,1.1420564662866135,2.811612107229689,0.751503862955884,['barabasi']
12,3.333,0.573,0.5,1,0.0,0.0,0.0,0.0,2.885508593430323,2.0845811550893867,1.9137591099241449,1.4700899619998755,0.7911236308833253,['barabasi']
12,3.333,0.574,0.5,1,0.0,0.0,0.0,0.0,1.8505056833098672,2.528175255086601,1.3114522024346782,1.840771666946469,0.785492394804487,['barabasi']
12,3.333,0.684,0.417,1,0.0,0.0,0.0,0.0,1.8092369544311202,2.5595021382628627,1.359675629121281,1.8005738946293917,0.83055395434804,['barabasi']
12,3.333,0.75,0.417,1,0.0,0.0,0.0,0.0,2.959356214377742,2.7564492107371423,1.9657483502027335,1.7845133986598716,0.8803362881054125,['barabasi']
12,3.5,0.294,0.333,1,0.0,0.0,0.0,0.0,1.166661680040665,1.7007924025697525,3.038288483076448,1.9672108263183026,0.804924222146524,['gnm']
12,3.833,0.428,0.333,1,0.0,0.0,0.0,0.0,1.7757190653498105,1.1128814647645284,2.862172112525217,1.8809784848819975,0.8207036376277878,['gnm']
12,4.0,0.083,0.333,1,0.0,0.0,0.0,0.0,1.32380261066496,2.089657323692512,1.7527545397068274,1.2677905023601308,0.8358981546371863,['regular']
12,4.0,0.167,0.333,1,0.0,0.0,0.0,0.0,1.8140837723519547,1.0532771149565168,2.9653248840970647,1.8703926622878824,0.82568767353146,['regular']
12,4.0,0.208,0.333,2,0.00018968719098033212,0.00024888088266857846,0.0,0.0001547036041205101,0.7172225333268638,2.173064038727579,3.141592653589793,1.930429218523598,0.8133443331662352,['regular']
12,4.0,0.272,0.333,1,0.0,0.0,0.0,0.0,1.8966471516168983,3.0006714342311915,1.2070885681640933,2.347603329865616,0.7208210708720858,['watts']
12,4.0,0.296,0.417,1,0.0,0.0,0.0,0.0,1.80766959583862,2.580576874789397,1.779187182503668,1.3131859374713355,0.7277954666545334,['gnm']
12,4.0,0.333,0.333,1,0.0,0.0,0.0,0.0,1.9204799026736086,1.4519951690680077,1.9243248446398682,0.8621837711750377,0.8865329232722265,['regular']
12,4.0,0.361,0.333,1,0.0,0.0,0.0,0.0,1.66259709375746,1.7987614783851291,1.1827604406954295,1.2635299027928362,0.8520758831577694,['watts']
12,4.0,0.372,0.333,1,0.0,0.0,0.0,0.0,2.8967886687301823,2.071119887108547,1.9078180273481347,1.60265257384663,0.8375200784284007,['watts']
12,4.0,0.375,0.333,1,0.0,0.0,0.0,0.0,2.913648501800228,2.1217343541172813,1.7720086089166838,1.3369166445507439,0.879068372116476,['regular']
12,4.0,0.389,0.333,2,0.7776076564338056,0.5341132771360794,1.1100211634092576,0.7174200053749761,2.349079079825497,2.3920221546835054,1.1169477876882066,2.1042466676910707,0.7126605962437617,['watts']
12,4.0,0.458,0.333,1,0.0,0.0,0.0,0.0,2.95549900033416,2.7489381941443205,2.0033916730457255,1.8046594533402818,0.8814631014912274,['watts']
12,4.833,0.378,0.333,1,0.0,0.0,0.0,0.0,0.9253668977242592,1.9967129542160627,1.5668750777046032,1.8954996984522428,0.8000646104522015,['gnm']
12,4.833,0.542,0.333,1,0.0,0.0,0.0,0.0,2.9752480360436167,2.803305516826727,1.9810994246627416,1.8273851689174447,0.8471159730074835,['gnm']
12,6.667,0.566,0.25,1,0.0,0.0,0.0,0.0,2.2091296029538388,0.7534294933928074,3.1415926529248184,1.8595433909158536,0.8566415865814611,['gnm']
12,6.667,0.629,0.25,1,0.0,0.0,0.0,0.0,1.6888266840871404,1.836875500745347,1.1376316712533954,1.3145303203499792,0.8422288599034918,['gnm']
12,7.0,0.646,0.25,1,0.0,0.0,0.0,0.0,2.0127771698233436,1.8654620622283558,1.2204546837659063,1.9717979487025268,0.7893209717784642,['gnm']
12,7.667,0.677,0.25,1,0.0,0.0,0.0,0.0,1.5727022991793465,1.4115287123194344,2.316691876948423,1.8335967583203585,0.8370344107642796,['gnm']
12,7.833,0.771,0.167,1,0.0,0.0,0.0,0.0,1.746317707549251,2.750887395675462,1.8296344402053308,1.3309276847788283,0.8443781466218129,['gnm']
12,8.0,0.675,0.25,1,0.0,0.0,0.0,0.0,3.107262552168749,1.7897122591862802,3.141592653589793,1.9836831424138213,0.7854999681524546,['gnm']
12,8.833,0.795,0.167,1,0.0,0.0,0.0,0.0,2.7437475510980787,2.1286514629508364,1.5349623618956842,1.1872329908544874,0.8601592748068827,['gnm']
12,9.0,0.843,0.167,1,0.0,0.0,0.0,0.0,2.8759405092947743,2.084488875148252,2.8110985719329564,2.342979880994169,0.8362874629188327,['gnm']
12,9.167,0.842,0.167,1,0.0,0.0,0.0,0.0,3.140721892073108,1.789203977954955,3.109455934070308,2.397664490444511,0.8139723453486827,['gnm']
12,9.333,0.862,0.167,1,0.0,0.0,0.0,0.0,2.2660804768847997,1.6745393423352508,2.16742303544501,1.8204084143286163,0.8359809658364303,['gnm']
12,9.5,0.849,0.167,1,0.0,0.0,0.0,0.0,3.141592653589793,1.7708506674916804,3.134437390970403,2.3624694490391978,0.869064336089137,['gnm']
12,9.833,0.909,0.167,1,0.0,0.0,0.0,0.0,2.8321026429914333,2.0109431661247115,3.032598770463932,2.364230709226519,0.8880333099746395,['gnm']
12,10.0,0.9,0.25,1,0.0,0.0,0.0,0.0,3.0357876556873302,1.921871644457167,1.7905123700364498,1.6798505612779535,0.9091832450826334,['gnm']
12,10.167,0.923,0.167,1,0.0,0.0,0.0,0.0,2.8775524008676268,1.9717278058722512,1.5115127675155364,2.6415814491710883,0.9157092228879392,['gnm']
12,10.333,0.94,0.167,2,0.00030309151203266336,0.001063457910664108,6.529605805617165e-05,0.00032079868105917494,1.6898384993296207,2.828316020481288,1.8268184841715953,1.385818457734754,0.9208888189579385,['gnm']
12,10.667,0.968,0.167,1,0.0,0.0,0.0,0.0,1.9963402828343155,2.8620498821282707,1.5461490728644276,1.9529926594095621,0.944397625819066,['gnm']
12,10.833,0.985,0.167,1,0.0,0.0,0.0,0.0,1.474653830320741,2.8308568964472,1.2692738300258744,1.481577286984985,0.9731908821899348,['gnm']
13,1.846,0.0,0.462,1,0.0,0.0,0.0,0.0,1.603688881690623,1.9669545280705139,0.6585762306711407,2.7487060471828606,0.7266009979812932,['barabasi']
13,1.846,0.0,0.538,2,1.172257601475395,0.5259312961764503,0.1016416683593613,0.6341216748600708,0.4272539405456996,2.7697021043844576,2.852509472775442,1.7325545408367657,0.751520519910885,['barabasi']
13,1.846,0.0,0.615,3,1.0917438237171186,0.6637902466238372,1.3576644677747483,0.37878155837414845,0.5708383028767258,2.68518044402459,1.7928574226556133,2.398121244996554,0.7352642571510879,['barabasi']
13,1.846,0.0,0.692,4,1.0205166774058714,0.5539174618256466,1.020477080680328,0.6512717534213689,1.0995334122886027,2.6242056339979754,1.6177789634547497,2.1070809911434702,0.7069202565963473,['barabasi']
13,2.0,0.0,0.385,3,0.9066942072078514,0.00022579490108370833,0.9066025055044534,0.0006391165810959534,1.4494210908190943,1.8932848752749354,2.2958198693949003,2.215214770875376,0.9027781942153714,['regular']
13,2.0,0.0,0.462,4,0.43799821161715713,0.16784965057848225,0.7809072987644645,0.36191545875253806,2.1553814698349636,1.9927027649252258,0.5732683419504648,2.263578729664649,0.8189503083525399,"['watts', 'regular']"
13,2.0,0.0,0.538,2,0.298349454723588,0.2822683021347273,0.1351180357973195,0.07529673295706032,0.6383667099614716,2.1064240919324444,3.046049774216902,1.9107075545493415,0.7962689024067906,['watts']
13,2.0,0.128,0.462,1,0.0,0.0,0.0,0.0,1.8635132165102313,2.916838583484191,1.030380447454947,2.5417954916002174,0.6184942038322777,['watts']
13,2.0,0.167,0.462,1,0.0,0.0,0.0,0.0,0.7729873483851973,1.944669327033127,2.936383254010443,2.0061115032037415,0.833877838829066,['watts']
13,2.0,0.18,0.462,1,0.0,0.0,0.0,0.0,1.152997117074039,3.141592653589793,1.4841699947272735,2.0780866847900663,0.5819689576904296,['watts']
13,2.615,0.038,0.538,1,0.0,0.0,0.0,0.0,1.0278078695993444,1.7975723257759382,3.0246063003698316,2.006485803115793,0.7908453289273185,['gnm']
13,2.769,0.059,0.462,1,0.0,0.0,0.0,0.0,1.602989075641361,1.8807362083627872,2.2353277910398837,2.7590563160879054,0.7228476235397582,['gnm']
13,3.385,0.085,0.385,1,0.0,0.0,0.0,0.0,1.0087757266818362,1.85522062924595,3.141592653589793,1.9459945831239007,0.7606477867604857,['barabasi']
13,3.385,0.167,0.462,1,0.0,0.0,0.0,0.0,2.867684548262897,2.0288612330138136,1.9412155256402066,1.5141929097831686,0.7995331697716455,['barabasi']
13,3.385,0.361,0.385,1,0.0,0.0,0.0,0.0,2.915587984797547,2.036519298635337,1.8859791244599857,1.3888475768650494,0.8131314444110591,['barabasi']
13,3.385,0.402,0.385,1,0.0,0.0,0.0,0.0,2.945181118424697,2.7673950000568146,2.0257123602479643,1.8470487468637038,0.8519738533335178,['barabasi']
13,3.385,0.482,0.538,1,0.0,0.0,0.0,0.0,1.9009277617552072,2.5140004281233694,-0.3115341274610303,1.8131696849178534,0.7111361841402916,['barabasi']
13,3.385,0.546,0.462,1,0.0,0.0,0.0,0.0,2.956138714432832,2.7670967765901233,1.976153776139721,1.7964343760475154,0.8640171811117555,['barabasi']
13,3.385,0.62,0.462,1,0.0,0.0,0.0,0.0,2.8876898820852333,2.0650280204271105,1.9205625432580093,1.4608993652669788,0.8225772185641254,['barabasi']
13,3.385,0.641,0.462,1,0.0,0.0,0.0,0.0,1.7192450848583998,1.1361222938084228,2.984723199267871,1.877209419073906,0.813982250659472,['barabasi']
13,3.385,0.661,0.462,1,0.0,0.0,0.0,0.0,1.9778848780376088,0.8865934621437115,3.141592653589793,1.9175420872429396,0.8120812230006632,['barabasi']
13,3.846,0.315,0.462,1,0.0,0.0,0.0,0.0,1.4073684336452186,1.9838691551473016,0.15366193770230632,2.8062872232040377,0.789368199348502,['gnm']
13,4.0,0.154,0.385,1,0.0,0.0,0.0,0.0,1.2195990573184392,1.7160599789297244,2.7895051181430546,2.3224330397493853,0.8350447356056641,['regular']
13,4.0,0.156,0.385,1,0.0,0.0,0.0,0.0,1.911846798439862,2.5881001672161847,0.15898244060393818,2.109997673812565,0.6529567300052724,['gnm']
13,4.0,0.192,0.385,1,0.0,0.0,0.0,0.0,1.7710730317236358,1.9285571130788741,1.0581458534250645,1.2693145382046715,0.8373404068600933,['regular']
13,4.0,0.205,0.385,1,0.0,0.0,0.0,0.0,1.0389339609141068,1.8516746738825698,3.133708574483621,1.9322032622701273,0.7905767790127789,['watts']
13,4.0,0.233,0.385,1,0.0,0.0,0.0,0.0,1.7619058039750926,1.1338827181894082,2.9867083263655125,1.9316740505990015,0.7645857808269827,['watts']
13,4.0,0.269,0.308,3,0.3395849627582183,0.3857938046300887,0.09069884002464837,0.27718020062718296,1.6083294329379754,1.2570525252516012,2.889246136175417,1.977351931317051,0.8479547246476159,['regular']
13,4.0,0.269,0.385,1,0.0,0.0,0.0,0.0,2.7877253484714712,1.7041590152416224,1.2162431435967336,2.3045507135341294,0.8928471848367119,['regular']
13,4.0,0.272,0.308,1,0.0,0.0,0.0,0.0,-0.05043360617676255,2.9446534372879754,3.141592653589793,1.919615920623555,0.8227926717400168,['watts']
13,4.0,0.274,0.385,1,0.0,0.0,0.0,0.0,2.958845918049477,2.7988260358875516,2.0290924589098442,1.8377948206602874,0.8469137220302769,['watts']
13,4.0,0.285,0.308,1,0.0,0.0,0.0,0.0,1.1644240223422835,1.7316599676362188,3.141580785793923,1.9220890626794107,0.7855348888599064,['watts']
13,4.0,0.3,0.385,1,0.0,0.0,0.0,0.0,0.9603639926097953,1.937853213818217,3.117177059411171,1.922268489100492,0.7839427304436177,['watts']
13,4.0,0.308,0.308,1,0.0,0.0,0.0,0.0,2.7891302163524334,1.696168665798875,1.2211123265938824,2.2810040898644512,0.8735654474557517,['regular']
13,4.0,0.326,0.308,1,0.0,0.0,0.0,0.0,0.7373216272394935,2.158628727038515,3.1348861572193805,1.9134848787304803,0.8184598170898683,['watts']
13,4.0,0.346,0.308,1,0.0,0.0,0.0,0.0,2.7910429912752504,1.6949430019768197,1.2075215583578593,2.2939509749495848,0.872339909731695,['regular']
13,4.0,0.385,0.308,2,0.08198634254374845,0.6635019935466252,1.4108465397426149,0.4049328822876134,1.8185066097707727,1.4900570551856884,2.1307587426883727,1.6192752924198903,0.8429404527779805,"['watts', 'regular']"
13,4.0,0.405,0.385,1,0.0,0.0,0.0,0.0,1.7803616664480968,2.78194370962656,1.2215819563688735,1.9004499459411552,0.7135364315950823,['watts']
13,4.0,0.441,0.308,1,0.0,0.0,0.0,0.0,1.3633765755469045,2.0521073454374825,1.7595705525752714,1.283769877878583,0.866680841833007,['watts']
13,4.0,0.451,0.308,1,0.0,0.0,0.0,0.0,2.9153818542666836,2.0878755709026686,1.8561919013219932,1.7486770181938218,0.8285208596778176,['watts']
13,4.462,0.445,0.385,1,0.0,0.0,0.0,0.0,1.0177204162702886,1.900430662523596,3.1287094771147435,1.8980815053508298,0.8404931598984369,['gnm']
13,5.538,0.463,0.308,1,0.0,0.0,0.0,0.0,1.7846594972404555,2.7479342938354616,0.3069969847376543,2.861390935169686,0.7628139286958515,['gnm']
13,6.308,0.498,0.308,1,0.0,0.0,0.0,0.0,2.956724842320637,1.9693042430911953,1.865510358546239,1.6800082305950388,0.8293815417420529,['gnm']
13,6.462,0.508,0.231,1,0.0,0.0,0.0,0.0,2.8954956303032917,0.06203359730800803,2.7252054774537564,2.3306231251127287,0.8552853907748794,['gnm']
13,7.846,0.598,0.231,1,0.0,0.0,0.0,0.0,1.677982994764197,2.9398548288125292,2.788465912840509,2.474741378824183,0.784386802470859,['gnm']
13,8.462,0.712,0.231,1,0.0,0.0,0.0,0.0,1.5583214582607967,1.7259546671252828,2.0129150255030233,1.3180436499093457,0.8521348385894556,['gnm']
13,10.769,0.89,0.154,1,0.0,0.0,0.0,0.0,1.4567260183562847,2.897854784294199,1.1277341932811091,2.932667548884866,0.8827185647334181,['gnm']
13,10.769,0.912,0.154,1,0.0,0.0,0.0,0.0,2.345247331832586,2.2164653347188565,1.5688747580388036,2.093406365667083,0.8842578660530543,['gnm']
13,11.231,0.949,0.154,1,0.0,0.0,0.0,0.0,3.061970923147602,2.8327528946623435,1.8333745098093521,1.6643782851486533,0.9453608840453144,['gnm']
13,11.538,0.959,0.154,1,0.0,0.0,0.0,0.0,2.866665160719702,1.7219373567967555,1.7209594879896741,2.3303704612169915,0.971352475537202,['gnm']
14,1.857,0.0,0.5,1,0.0,0.0,0.0,0.0,0.32355610080703306,2.4100870109629606,2.7940634745153083,1.8146877531081014,0.8050773562332874,['barabasi']
14,1.857,0.0,0.571,4,0.5596636748752263,0.20460208284763873,0.7580948396001408,0.29379055775191837,1.119061345276038,2.2545378468296873,2.3444960655916436,1.380605660517383,0.7623574319617518,['barabasi']
14,1.857,0.0,0.714,1,0.0,0.0,0.0,0.0,1.6637780349565943,2.094921244663614,1.0377341028982685,2.7574789813247707,0.7308112573646699,['barabasi']
14,2.0,0.0,0.357,1,0.0,0.0,0.0,0.0,0.925400680921618,1.893704959451543,2.8192229255285968,2.2152166067251864,0.8333345948490493,['regular']
14,2.0,0.0,0.429,2,0.00046201469302353077,0.00026088456766234163,0.00010471575581063104,0.0004317344427374597,2.496779527598317,1.8931645577688476,1.2482843942796547,2.215347597297428,0.8333338394864066,['regular']
14,2.0,0.0,0.5,5,0.6117452911472698,0.5736089342732184,0.629613472200638,0.15813067615835316,1.0374000512518704,2.4403085570370875,2.042668750015844,1.009312253845317,0.8137005368069614,['watts']
14,2.0,0.0,0.643,1,0.0,0.0,0.0,0.0,1.28442182018452,2.229555552802403,1.4630235066066817,1.2000778025686132,0.7844879546128356,['watts']
14,2.0,0.167,0.429,2,1.0256112289798642,0.6267661763436866,1.23495584308278,0.4335376112940309,1.0951385484301597,2.46369506366498,1.8957895380750425,2.8350352687443663,0.6799012182334458,['watts']
14,2.857,0.048,0.429,1,0.0,0.0,0.0,0.0,0.2750563253341234,2.5577993305457354,2.9108159539732874,1.850125626683044,0.769054329374607,['gnm']
14,3.0,0.071,0.429,1,0.0,0.0,0.0,0.0,2.8001201157856377,2.236207286445377,1.7536817213862177,1.8920798591260002,0.8187574587437028,['regular']
14,3.0,0.143,0.357,1,0.0,0.0,0.0,0.0,3.141534350301291,1.8688466352058637,3.140787281320594,1.9434609836617303,0.7903385956938409,['regular']
14,3.0,0.214,0.357,2,0.24109249275996958,0.3872547327238762,0.9458774734595445,0.07353643397075929,2.97111451706605,2.5749970328424023,2.4727562779349506,1.8818892595251255,0.8323718132959701,['regular']
14,3.0,0.429,0.357,1,0.0,0.0,0.0,0.0,3.138185658913433,1.852836186888322,3.1409032473628637,1.9079532647628894,0.8055727647848305,['regular']
14,3.429,0.243,0.357,1,0.0,0.0,0.0,0.0,1.6690765125588114,2.565495521142326,1.268289280454872,1.1772189356269847,0.6731708686043923,['gnm']
14,3.429,0.289,0.429,1,0.0,0.0,0.0,0.0,1.7973870301711181,1.6661953085709913,1.3544354936386005,1.2858306537115225,0.8311899612786665,['barabasi']
14,3.429,0.29,0.286,1,0.0,0.0,0.0,0.0,2.0299189729113305,0.8433337229109172,3.141592653589793,1.9314796917296189,0.8191474726778015,['barabasi']
14,3.429,0.324,0.357,1,0.0,0.0,0.0,0.0,2.8894231969276536,2.0793319923669378,1.9035079157244468,1.4577668413913634,0.7784835691776766,['barabasi']
14,3.429,0.344,0.5,1,0.0,0.0,0.0,0.0,0.22011759553061006,2.62977330869764,2.9021078404915617,1.82104476482482,0.8174115721189137,['barabasi']
14,3.429,0.363,0.429,1,0.0,0.0,0.0,0.0,1.7352785275900615,1.8972574733338932,1.1273212671558157,1.285017685331633,0.8396443338292099,['barabasi']
14,3.429,0.382,0.429,1,0.0,0.0,0.0,0.0,2.873819113776859,2.069362000396372,1.9246117343959555,1.5405411158123705,0.7618895241779952,['barabasi']
14,3.429,0.391,0.357,1,0.0,0.0,0.0,0.0,2.883208777826842,2.1204109476525206,1.9343105665664115,1.5349198989783244,0.8129638172284,['barabasi']
14,3.429,0.403,0.5,1,0.0,0.0,0.0,0.0,2.08874809578609,0.7734597888991432,3.034806175210875,1.9185065206170013,0.7789240494206588,['barabasi']
14,3.429,0.41,0.429,1,0.0,0.0,0.0,0.0,2.866557222820206,2.092858953167291,1.9268023471018956,1.5668557436177353,0.8029632478162629,['barabasi']
14,3.429,0.538,0.571,1,0.0,0.0,0.0,0.0,2.9041101721588705,1.905476247704021,1.9740550737059843,1.3617477463028322,0.8212259698432386,['barabasi']
14,3.429,0.575,0.429,1,0.0,0.0,0.0,0.0,2.8712428402820054,1.8917748477953766,1.9231351326017887,1.5182559894905818,0.7973242789708127,['barabasi']
14,3.429,0.619,0.429,1,0.0,0.0,0.0,0.0,2.897249774462029,2.0987603707699622,1.9162944808236455,1.4486769554918713,0.8490528754199054,['barabasi']
14,3.429,0.7,0.429,1,0.0,0.0,0.0,0.0,0.24531088673701387,2.5498799978326607,2.9204750214754434,1.7917163477854885,0.8778156750216171,['barabasi']
14,3.429,0.783,0.429,1,0.0,0.0,0.0,0.0,0.2013802036528713,1.8937210090637255,2.7947523137000774,1.3823797469384884,0.8558912843781084,['barabasi']
14,4.0,0.107,0.357,1,0.0,0.0,0.0,0.0,1.7676526386720317,1.921682377334297,1.0563273522538608,1.2765179265320443,0.9102653553242068,['regular']
14,4.0,0.179,0.357,1,0.0,0.0,0.0,0.0,1.7659863653332146,1.9314309971339396,1.0707057485541935,1.2931710983750992,0.8162763190884356,['regular']
14,4.0,0.179,0.429,1,0.0,0.0,0.0,0.0,1.328398435167848,2.1003717920555043,1.7676197620607226,1.2984289468579968,0.796539739112197,['regular']
14,4.0,0.214,0.357,1,0.0,0.0,0.0,0.0,1.2135386118859264,1.7083935239598689,2.7898083710126076,2.2974573289234677,0.8749781896548433,['regular']
14,4.0,0.214,0.429,1,0.0,0.0,0.0,0.0,1.7573712701267916,1.1263373389631375,3.046317838447126,1.9232187739441655,0.7791233227749339,['watts']
14,4.0,0.267,0.357,1,0.0,0.0,0.0,0.0,2.2831258262043868,2.238262834436335,1.556127309530208,1.2079522499261772,0.6670137854353588,['watts']
14,4.0,0.301,0.286,1,0.0,0.0,0.0,0.0,1.3648938369598165,2.743832108065517,2.632210773879816,2.875626402414728,0.7440330422081743,['watts']
14,4.0,0.362,0.357,1,0.0,0.0,0.0,0.0,1.8144102195137914,2.7187465552505463,2.8063472328944026,1.887992253685801,0.7030973700946211,['watts']
14,4.0,0.371,0.357,1,0.0,0.0,0.0,0.0,1.8971382190693298,3.0213721121337223,1.1706032967124589,2.319195095746776,0.7702317371633591,['watts']
14,4.0,0.379,0.286,1,0.0,0.0,0.0,0.0,2.909503125108987,2.071145499166012,1.8938113458057317,1.4907697188836093,0.8033251695427537,['watts']
14,4.0,0.393,0.286,1,0.0,0.0,0.0,0.0,1.7636868953019516,1.9471297734744848,2.673228091659209,1.2984909092438568,0.8635882547456113,['regular']
14,4.286,0.242,0.5,1,0.0,0.0,0.0,0.0,1.3600943321099987,2.018816572480735,1.7296935907521216,1.2424735531452331,0.7934555281089516,['gnm']
14,5.143,0.359,0.286,1,0.0,0.0,0.0,0.0,1.2419907259080025,1.6824178401284167,3.100257905801093,1.911124018119588,0.8119472755133337,['gnm']
14,5.143,0.396,0.357,1,0.0,0.0,0.0,0.0,1.771788444016457,2.776929781228413,0.3251497246873519,2.8283676816040195,0.7068946387717298,['gnm']
14,5.143,0.474,0.286,1,0.0,0.0,0.0,0.0,2.025490735944307,3.0058224800867013,2.774432400149337,0.7301598531206988,0.6977126203348628,['gnm']
14,5.857,0.442,0.286,1,0.0,0.0,0.0,0.0,0.26069137545702215,3.0672441447573884,1.9653192539747077,0.816608654001112,0.8850799353739338,['gnm']
14,6.143,0.52,0.286,1,0.0,0.0,0.0,0.0,1.882087451949129,3.0377243587550993,2.8444915282823735,2.296043717819183,0.7091524794584187,['gnm']
14,6.143,0.577,0.286,1,0.0,0.0,0.0,0.0,0.2405058524029577,3.082832483724685,2.001079747149606,0.800736598816401,0.8718646029114259,['gnm']
14,6.571,0.531,0.357,1,0.0,0.0,0.0,0.0,1.837412938046215,3.0248290079106956,1.2010407145041115,2.381229374416631,0.7257499995430582,['gnm']
14,7.286,0.537,0.286,1,0.0,0.0,0.0,0.0,1.7656770144263088,2.988826290591199,1.0849063164351143,3.141550621144173,0.7617986865753981,['gnm']
14,7.286,0.56,0.214,1,0.0,0.0,0.0,0.0,1.0678538127803943,1.9038789664400688,3.1361838227942176,1.8589605046029873,0.835823824604766,['gnm']
14,8.0,0.603,0.286,1,0.0,0.0,0.0,0.0,1.7338144230621926,2.831151568343097,1.8498800164868414,1.2976626378842684,0.7733503036985854,['gnm']
14,8.143,0.584,0.214,1,0.0,0.0,0.0,0.0,1.7159326910924158,2.7602876717881433,1.7706851397001016,1.341512096245439,0.816567821855396,['gnm']
14,8.714,0.691,0.214,1,0.0,0.0,0.0,0.0,2.186985100582904,0.8079516038578995,3.141592653589793,1.8266854997719948,0.8290915188016353,['gnm']
14,9.286,0.706,0.214,1,0.0,0.0,0.0,0.0,1.7434204059328113,2.3005636425388376,2.7675590691920067,1.566008031940831,0.8332876560800508,['gnm']
14,9.714,0.728,0.214,1,0.0,0.0,0.0,0.0,2.8910512222035023,1.679064625341725,3.141592653589793,2.826779802158307,0.8225791417566758,['gnm']
14,9.857,0.761,0.214,1,0.0,0.0,0.0,0.0,3.133573402993244,1.7352984952814858,3.141592653589793,1.9168876450768804,0.8389385143615332,['gnm']
14,11.286,0.862,0.214,1,0.0,0.0,0.0,0.0,3.02876493237169,1.9024542426873134,1.7867511696536273,1.4740342965730528,0.8914323392127552,['gnm']
14,12.714,0.977,0.143,1,0.0,0.0,0.0,0.0,2.4081133886529686,1.6077635151004515,1.8712693245605476,1.8940047769983868,0.9238347140647848,['gnm']
15,1.867,0.0,0.467,1,0.0,0.0,0.0,0.0,1.2249254504974085,2.5559218686513807,1.1927812317764324,1.292949056241042,0.7879295040654004,['barabasi']
15,1.867,0.0,0.533,5,0.7261547657879053,0.3302914571255614,0.8901758392681893,0.5767073580198379,1.0543279616900436,2.4753440599068424,1.8286652049430476,2.0164540288585764,0.7426843003484114,['barabasi']
15,1.867,0.0,0.6,3,0.875499440657347,0.3508816892922745,0.9818726143617675,0.35904118517508904,0.834189997173627,2.600962442945114,2.2717757578879625,2.0225286799663453,0.7288502056444566,['barabasi']
15,1.867,0.0,0.667,6,1.03060716623194,0.7023361812502649,1.0627682551284654,0.6725005320253619,1.3886514415493771,1.9556772069135844,1.6485688496397328,1.9859961833554325,0.7649261645836926,['barabasi']
15,2.0,0.0,0.4,2,0.056387192172568566,0.01083378394666852,0.2279843745654711,0.17822359507040783,0.8860734315421799,1.9010245221163795,2.9803833563299746,2.0897447579467636,0.8441070453130708,"['watts', 'regular']"
15,2.0,0.0,0.467,4,0.9661921721117616,0.45826167138306473,0.7922496031436019,0.6285555181089401,1.0934987675309644,2.2627952223431356,2.221188089185253,1.787912150580871,0.8530775224584062,"['watts', 'regular']"
15,2.0,0.111,0.467,1,0.0,0.0,0.0,0.0,0.5393245780165075,2.902607617956045,1.904717175920838,0.8761013834008646,0.8273804856824017,['watts']
15,2.0,0.14,0.533,1,0.0,0.0,0.0,0.0,1.4739895646978338,1.9976040231845613,1.1939010357633093,1.204953024286068,0.7595224593786568,['watts']
15,2.267,0.056,0.467,1,0.0,0.0,0.0,0.0,0.2811014123109677,2.5039470567386743,2.8765902001190193,1.8141008776433551,0.7956453286665319,['gnm']
15,3.467,0.341,0.467,1,0.0,0.0,0.0,0.0,2.876318523752209,2.260625363123895,1.9233757592148155,1.5178453762813773,0.7859581644353946,['barabasi']
15,3.467,0.401,0.533,1,0.0,0.0,0.0,0.0,1.1377128592747954,1.7455542456016189,3.0847080112753433,1.952243567544481,0.8250865768835993,['barabasi']
15,3.467,0.597,0.6,1,0.0,0.0,0.0,0.0,1.8438354505531018,2.576299103158482,-0.3408401639863714,1.819704855811588,0.7116925914668284,['barabasi']
15,3.467,0.624,0.467,1,0.0,0.0,0.0,0.0,2.834783495340628,0.0854069688434643,2.7767801441906346,2.294394699491531,0.8857655489507087,['barabasi']
15,3.867,0.211,0.4,1,0.0,0.0,0.0,0.0,0.9255554551653785,1.967686894371008,3.1147980197358174,1.9310169472523193,0.7936619129394723,['gnm']
15,4.0,0.033,0.4,1,0.0,0.0,0.0,0.0,1.2177696154748396,1.7223346329416307,2.7983398804386743,2.3214276968562535,0.8283543839176242,['regular']
15,4.0,0.167,0.333,3,0.024246269997120637,0.5048968653837523,1.0907947166463496,0.3248985866107081,1.7797753730345593,1.6340960892353777,1.6840520171215918,1.463655176192842,0.8497026418434702,['regular']
15,4.0,0.2,0.333,1,0.0,0.0,0.0,0.0,0.7460094339452746,2.1433701782930386,3.141592653589793,1.9316636926392516,0.8035770325908627,['regular']
15,4.0,0.233,0.333,2,0.0025759177711481523,0.0008275737638498758,0.0038723703015853808,0.002428273040004829,2.7889336739097863,1.7013766455384043,1.2239189451502037,2.2895095609539737,0.927889707263868,['regular']
15,4.0,0.243,0.4,1,0.0,0.0,0.0,0.0,0.33458365654571176,3.013415808176849,1.924403607569893,0.8306492853976504,0.8195487850684212,['watts']
15,4.0,0.262,0.4,1,0.0,0.0,0.0,0.0,2.890895739009581,2.1444758721497346,1.9219354212376343,1.5870440625372528,0.791289356077471,['watts']
15,4.0,0.269,0.333,1,0.0,0.0,0.0,0.0,1.6269956932612968,1.799241772517521,1.1126684026723246,2.7956789172323564,0.7994746804486971,['watts']
15,4.0,0.325,0.4,1,0.0,0.0,0.0,0.0,2.8918258926915192,2.1261033924184938,0.3481117717706564,1.619457919316104,0.7897187273358363,['watts']
15,4.0,0.393,0.4,1,0.0,0.0,0.0,0.0,2.8995565796093423,2.251540762051732,1.9034907504167815,1.563088410360581,0.8165475507870389,['watts']
15,4.0,0.421,0.4,1,0.0,0.0,0.0,0.0,1.6171335896350387,1.7836045781989234,1.358367735586575,1.2474047109458692,0.852717498857115,['watts']
15,4.0,0.444,0.333,1,0.0,0.0,0.0,0.0,2.955421581364866,2.749659936487346,2.0187466581893623,1.8174503401882354,0.8291981746018645,['watts']
15,4.0,0.476,0.333,1,0.0,0.0,0.0,0.0,2.541949458536865,1.9119868839972733,1.5155537205706473,1.9346056021965836,0.7818911588270154,['watts']
15,4.0,0.522,0.333,1,0.0,0.0,0.0,0.0,2.9295511010584336,2.0678079306177013,1.8563969438694956,1.4389715348481367,0.8134318473605131,['watts']
15,5.067,0.337,0.4,1,0.0,0.0,0.0,0.0,1.150203694419433,1.7735300460994945,3.1057756056775476,1.9146391411082349,0.8295521955422476,['gnm']
15,5.733,0.384,0.333,1,0.0,0.0,0.0,0.0,1.363036532278935,1.9848679772558926,1.7464775579575385,1.2440123879598768,0.7912311809273438,['gnm']
15,7.2,0.549,0.333,1,0.0,0.0,0.0,0.0,1.7900460598528416,3.029892981879658,1.1665657031590346,2.4129100436092576,0.7491755761958931,['gnm']
15,7.867,0.604,0.2,1,0.0,0.0,0.0,0.0,0.1618968018543389,1.5057697055871122,2.8668156173238604,3.1414594615386697,0.8565619595486574,['gnm']
15,8.933,0.61,0.267,1,0.0,0.0,0.0,0.0,1.4171097923748621,2.8859310877534714,2.6625586191438293,2.93625935582112,0.8083219413050131,['gnm']
15,9.067,0.662,0.267,1,0.0,0.0,0.0,0.0,1.659107119290176,1.7659633742648215,1.1431479023830704,1.3492267779023819,0.8919593446630931,['gnm']
15,10.533,0.759,0.2,1,0.0,0.0,0.0,0.0,1.7259006395690268,2.208998411560348,2.7849809956996037,1.5482145018380207,0.8839963126093023,['gnm']
15,10.933,0.759,0.2,1,0.0,0.0,0.0,0.0,2.829832018911783,1.7242844702234206,3.1415916864738693,2.6132433268271775,0.8056471303364409,['gnm']
15,11.067,0.808,0.2,1,0.0,0.0,0.0,0.0,1.861065533518303,2.722301403592051,1.5137511952564797,1.222571561267608,0.859152090677227,['gnm']
15,11.867,0.838,0.2,1,0.0,0.0,0.0,0.0,1.9817650509256597,2.118810952621743,1.8610752632127352,1.226690547284248,0.8264866973588499,['gnm']
15,12.133,0.852,0.133,1,0.0,0.0,0.0,0.0,1.619219042849796,3.0269437912432693,2.3547851177729235,0.455402474273907,0.8671134847085941,['gnm']
15,12.267,0.867,0.133,1,0.0,0.0,0.0,0.0,2.6029458787897557,1.9646051884092293,3.141592653589793,2.7713565846457833,0.8650419755593067,['gnm']
15,12.667,0.902,0.2,1,0.0,0.0,0.0,0.0,3.0382995862185895,2.927341589354781,1.941926888700365,1.7896381126090746,0.9280059352075422,['gnm']
16,1.875,0.0,0.5,1,0.0,0.0,0.0,0.0,1.5367626960221605,2.0495429184491605,1.6380918894145813,1.1768913949279531,0.7133269600554755,['barabasi']
16,1.875,0.0,0.562,1,0.0,0.0,0.0,0.0,1.6634266099211152,1.9558473001085481,1.0182112270735089,2.7565883091147505,0.7303462475340312,['barabasi']
16,1.875,0.0,0.625,3,0.6125270082430542,0.16600170580636697,0.8000273725561164,0.34175966839242256,0.9758465236261374,2.3495094480367937,1.9171959313720068,1.4276458008094253,0.7631802843690795,['barabasi']
16,1.875,0.0,0.688,2,0.3960161846170815,0.10472231064389878,0.16411014611672786,0.08734800986113468,1.7372330175889867,2.133427148160213,1.8267359530710974,1.2374403568054735,0.738984531183044,['barabasi']
16,1.875,0.0,0.75,1,0.0,0.0,0.0,0.0,0.27604263366958276,2.47613681724746,2.7889256938449822,1.827455826454146,0.788544539515524,['barabasi']
16,2.0,0.0,0.438,4,0.7997356051146051,0.007700062178398366,0.8529676747101919,0.12594598125580966,1.2987612756501599,1.8969711438532524,2.5069705463490695,2.152621472553932,0.8230829757691766,"['regular', 'watts']"
16,2.0,0.0,0.5,2,1.7357018960091803,0.17655522909971957,1.6780219189827918,0.01598985492454158,1.619151710347465,2.4793220265304803,1.7336837086072387,1.8607452176412846,0.8074964758719447,['watts']
16,2.0,0.0,0.562,2,1.1821163905211898,0.09051598164974366,2.1646168230011336,0.037110542859766,1.2251378587447608,2.2874640385975513,1.379080907169368,1.856690921386822,0.6859699758450504,['watts']
16,2.0,0.135,0.5,1,0.0,0.0,0.0,0.0,2.872506910392671,2.6258494814370303,0.48490451212034247,1.823601760085861,0.8278362688883547,['watts']
16,2.0,0.146,0.5,2,1.696705567886043,0.22553223072432146,2.802693024464185,2.004024838275223e-06,1.572389792239435,2.313678292293674,0.7851323962721628,3.141589920178482,0.7718950880216906,['watts']
16,2.75,0.271,0.438,1,0.0,0.0,0.0,0.0,1.2087206970436406,1.6231679681871225,3.1414540436188663,1.9356351756359398,0.8168180727530286,['gnm']
16,3.0,0.0,0.375,1,0.0,0.0,0.0,0.0,1.9939839765739933,1.3802829714754274,2.797534880969783,0.8325345821935553,0.8248293783925785,['regular']
16,3.0,0.062,0.375,2,0.03644273596648949,0.03660005805284236,3.401300872066734e-06,0.00015138595372608015,3.04257507691369,1.9731295910821793,3.1415902485068816,1.954605687895757,0.7480055500683723,['regular']
16,3.0,0.062,0.438,1,0.0,0.0,0.0,0.0,1.995433469316221,-0.18886028182044748,1.22503807231169,2.3044165877773843,0.8154355075520556,['regular']
16,3.0,0.125,0.375,1,0.0,0.0,0.0,0.0,2.800863873130032,2.274903997448603,1.799694568953238,1.8309978082165275,0.867887549844664,['regular']
16,3.0,0.188,0.312,1,0.0,0.0,0.0,0.0,2.8824992660588675,2.660455264329002,2.0588334603002996,1.8257416805077975,0.8337378757176298,['regular']
16,3.0,0.188,0.375,1,0.0,0.0,0.0,0.0,3.141576228817981,1.8657773285151906,3.120101697928133,1.9377564638189035,0.8076951099987202,['regular']
16,3.5,0.127,0.5,1,0.0,0.0,0.0,0.0,0.9933288510095523,1.8855724720039526,3.131130869444709,1.9498327716420585,0.75601881566271,['barabasi']
16,3.5,0.251,0.375,1,0.0,0.0,0.0,0.0,1.3736659656885628,2.0357582691238623,0.2138640155308254,2.8239873000238918,0.8023557300115556,['barabasi']
16,3.5,0.254,0.438,1,0.0,0.0,0.0,0.0,1.3513983217299952,2.0629961966306296,1.796509531022823,1.2628534505836488,0.7892545735676278,['barabasi']
16,3.5,0.305,0.5,1,0.0,0.0,0.0,0.0,2.8761229882119994,2.152871691126738,1.9404169010124344,1.5247235709323295,0.7871283065613462,['barabasi']
16,3.5,0.403,0.438,1,0.0,0.0,0.0,0.0,-0.06202170136613909,2.9430339451574277,3.141575848501248,1.9244326781736016,0.7754443701620264,['barabasi']
16,3.875,0.267,0.375,1,0.0,0.0,0.0,0.0,1.2338491360458301,2.1521315641727528,0.029721101951447046,2.7883108843797118,0.7847023708525949,['gnm']
16,4.0,0.062,0.375,1,0.0,0.0,0.0,0.0,1.2163344621754026,1.718790884081419,2.799369810163297,2.3130401599131662,0.8734761849936101,['regular']
16,4.0,0.094,0.375,1,0.0,0.0,0.0,0.0,1.2175236747676088,1.7163992323005792,2.794683219732031,2.31473771727819,0.8700768318161327,['regular']
16,4.0,0.125,0.438,1,0.0,0.0,0.0,0.0,0.7921192441201879,2.0936305715384336,3.141592653589793,1.9440797607493425,0.7426476844515684,['regular']
16,4.0,0.156,0.312,1,0.0,0.0,0.0,0.0,0.20107397157205617,1.9379789624669441,2.6430862575036356,1.2915299156784963,0.8662173414133807,['regular']
16,4.0,0.156,0.375,1,0.0,0.0,0.0,0.0,0.7557727810635742,2.1313057620948768,3.141592653589793,1.9384963868978342,0.7961439081064494,['regular']
16,4.0,0.195,0.375,1,0.0,0.0,0.0,0.0,1.443273117569315,1.3054305153376533,1.1775899738070275,1.8699480762760843,0.8422260120803364,['watts']
16,4.0,0.227,0.438,1,0.0,0.0,0.0,0.0,1.4057501616484347,3.0545516760460503,1.8179754846117677,1.925058649426093,0.6362708329815027,['watts']
16,4.0,0.231,0.312,1,0.0,0.0,0.0,0.0,0.19226677796060807,1.9108140224740313,2.6824449956191465,1.3023477783085107,0.8302512537476816,['watts']
16,4.0,0.248,0.375,1,0.0,0.0,0.0,0.0,1.2205003129235492,1.672111487306264,3.141592653589793,1.9235717477468133,0.8124278313068924,['watts']
16,4.0,0.296,0.375,1,0.0,0.0,0.0,0.0,1.2026442727968354,2.18560427013903,-0.0035286132157294164,2.793806976604937,0.8087563569100754,['watts']
16,4.0,0.327,0.375,1,0.0,0.0,0.0,0.0,2.9058902437765095,1.9905893174946063,1.9056678750838631,1.5048741589113566,0.8073017386609503,['watts']
16,4.0,0.331,0.312,1,0.0,0.0,0.0,0.0,2.1333943513913685,0.7623162631246267,1.569106598812072,1.912607055194219,0.8069170162610168,['watts']
16,4.375,0.251,0.375,1,0.0,0.0,0.0,0.0,0.19034517525578154,2.6719804923317962,2.949950346104751,1.8445368059573375,0.8401422145917349,['gnm']
16,4.875,0.286,0.375,1,0.0,0.0,0.0,0.0,1.9882268522137452,3.0383840461121516,2.8807024008493327,0.6694778082478203,0.6793610049255246,['barabasi']
16,4.875,0.288,0.438,1,0.0,0.0,0.0,0.0,1.397001634745304,2.807144381773945,2.658315087554056,2.881016725757153,0.7183484709791901,['barabasi']
16,4.875,0.333,0.312,1,0.0,0.0,0.0,0.0,1.397566495759041,2.777560914942102,2.662238542296225,2.8983895052973185,0.6827419864006783,['barabasi']
16,4.875,0.364,0.375,1,0.0,0.0,0.0,0.0,1.3607707956752835,2.812401394743127,1.0574978101993815,1.2808627270941395,0.6563648383532954,['barabasi']
16,4.875,0.401,0.375,1,0.0,0.0,0.0,0.0,1.671450229334089,1.8087442401499745,1.0973971924676966,1.2619078355323239,0.8335947240369121,['barabasi']
16,4.875,0.444,0.312,1,0.0,0.0,0.0,0.0,0.189968573729535,2.670724800204665,2.9461325949440678,1.827585752390935,0.8003694372362645,['barabasi']
16,4.875,0.454,0.375,1,0.0,0.0,0.0,0.0,1.694793111073822,2.9081481052579368,1.1796104120669038,1.87788115112558,0.684329972551605,['barabasi']
16,4.875,0.463,0.375,1,0.0,0.0,0.0,0.0,0.28294472015761934,3.055980487919859,1.9606356039062387,2.3969598723886443,0.8262811765968496,['barabasi']
16,5.0,0.342,0.312,1,0.0,0.0,0.0,0.0,1.7183252513113623,2.5612247757385798,1.2024599052634486,1.3056887930319645,0.6744989165274216,['gnm']
16,6.125,0.399,0.312,1,0.0,0.0,0.0,0.0,1.861615466304785,2.9952864680690254,1.2381316488787397,2.363994235696736,0.747533636071432,['gnm']
16,6.875,0.477,0.25,1,0.0,0.0,0.0,0.0,2.054862910152503,0.9072064177070203,3.141556510499002,1.8746463626172252,0.8398245553685101,['gnm']
16,8.5,0.552,0.25,1,0.0,0.0,0.0,0.0,2.588079562890691,0.7115468300446133,3.141592653589793,2.862162288247558,0.8180242562270049,['gnm']
16,8.625,0.597,0.25,1,0.0,0.0,0.0,0.0,1.7301679597099602,2.396190928666674,1.171241384241857,1.5411578819774636,0.7947748855794272,['gnm']
16,10.125,0.652,0.188,1,0.0,0.0,0.0,0.0,1.7109940645461634,2.199828611401731,2.802428530569442,1.5508417386228546,0.8110232994131285,['gnm']
16,10.25,0.712,0.188,1,0.0,0.0,0.0,0.0,2.9333643466292756,1.594020992065602,3.141592653589793,2.3407006421165644,0.8305982714302506,['gnm']
16,10.375,0.682,0.188,1,0.0,0.0,0.0,0.0,1.678815005710336,1.8015363694914948,1.1809933941474093,1.3469274275124925,0.9031327273569966,['gnm']
16,10.5,0.716,0.188,1,0.0,0.0,0.0,0.0,1.6669723950144228,1.7610642556862193,2.7371691540926735,1.3816443125592845,0.8807695583712748,['gnm']
16,11.0,0.726,0.188,1,0.0,0.0,0.0,0.0,1.9662951065378955,1.805692825741839,1.316636181270817,1.948872422579997,0.8209532505686676,['gnm']
16,11.625,0.755,0.188,1,0.0,0.0,0.0,0.0,1.7216861327827138,2.87231867213949,1.3919403350600457,2.52639616458183,0.8705752221647914,['gnm']
16,14.625,0.975,0.125,1,0.0,0.0,0.0,0.0,1.6791246677108265,3.141592653589793,2.254025196128148,2.732648309857148,0.9585523086711544,['gnm']
17,1.882,0.0,0.529,1,0.0,0.0,0.0,0.0,1.6259534762829158,1.9727854209015472,1.0377311966641996,2.753676584842696,0.7121307222678255,['barabasi']
17,1.882,0.0,0.588,1,0.0,0.0,0.0,0.0,0.850820709447129,2.7811155216207446,1.2363371530255107,1.3346460160409384,0.7512829181527042,['barabasi']
17,1.882,0.0,0.647,1,0.0,0.0,0.0,0.0,1.3771110849949815,2.2590491398142847,1.1577379916358301,1.233619272305755,0.7554977318938415,['barabasi']
17,2.0,0.0,0.412,2,8.980856487590153e-06,4.497839726049746e-05,0.00012720762087940518,5.403044046485674e-06,2.4971125717452853,1.8930118890516563,1.2481203996872814,2.215656700178644,0.8854174155778656,['regular']
17,2.0,0.0,0.471,7,0.4346772978565486,0.4316039041406206,0.9050334087567848,0.5708352558760345,0.8236728849216491,2.143083522054802,2.5191465248890452,1.9228027122662945,0.7921784710541251,"['watts', 'regular']"
17,2.0,0.0,0.529,9,0.8835249923174044,0.35105933823926855,0.9695910206561758,0.5947910945203526,1.1515622042622558,2.3652766706897332,2.0430722642759838,1.6690888862972693,0.761102226854585,['watts']
17,2.0,0.098,0.471,1,0.0,0.0,0.0,0.0,2.7712383686208284,2.5694370919294505,0.3779425634883169,3.141592653589793,0.7631490560703211,['watts']
17,2.0,0.098,0.529,1,0.0,0.0,0.0,0.0,-0.3613891483983793,3.132023542133259,3.131455331884569,1.959742638030412,0.7649895431540975,['watts']
17,3.176,0.237,0.412,1,0.0,0.0,0.0,0.0,1.3485532914752159,2.0732209315636956,0.06276484657836624,2.7954917661723897,0.7965822300726276,['gnm']
17,3.529,0.17,0.471,1,0.0,0.0,0.0,0.0,2.198806035627753,1.9455161391531774,1.2684973502615746,1.8662615044589415,0.6086078774636764,['barabasi']
17,3.529,0.245,0.471,1,0.0,0.0,0.0,0.0,1.8515539611097331,2.58338391389026,1.2007248725366382,1.8629807823234967,0.6410555275847645,['barabasi']
17,3.529,0.298,0.412,1,0.0,0.0,0.0,0.0,1.1621549703026797,1.7107264089402603,3.0623119650571837,1.9780149923209784,0.7695928305158233,['barabasi']
17,3.529,0.39,0.529,1,0.0,0.0,0.0,0.0,1.8470022944870923,2.507949157749289,1.3183157464008426,1.854669281742471,0.7046849713711566,['barabasi']
17,4.0,0.106,0.353,1,0.0,0.0,0.0,0.0,1.875882978713945,2.9626716683003895,1.183048084321976,2.391548712648451,0.695934602236593,['watts']
17,4.0,0.118,0.353,1,0.0,0.0,0.0,0.0,0.7885617025196057,2.096946457945683,3.141592653589793,1.94474980990458,0.8506833670126791,['regular']
17,4.0,0.147,0.353,3,1.2408739312102508,0.022198311235869753,0.7856613983347268,0.36067088259201985,1.4690801886827565,2.1217873740315354,2.687990833769341,1.7317904827668729,0.8204599280854795,['regular']
17,4.0,0.176,0.294,1,0.0,0.0,0.0,0.0,0.2018279299236475,1.9424795416726255,2.646944174466947,1.2942727420845146,0.8508119518834126,['regular']
17,4.0,0.176,0.353,1,0.0,0.0,0.0,0.0,1.807883874335087,1.042933943548153,2.931706365489112,1.8187121638295352,0.8858148529067253,['regular']
17,4.0,0.206,0.294,1,0.0,0.0,0.0,0.0,2.788419550963904,1.7038317749110856,1.222184325614172,2.294009635239025,0.8943785398511627,['regular']
17,4.0,0.206,0.353,1,0.0,0.0,0.0,0.0,2.7850695734576054,1.703910039712234,1.2325494379050037,2.2762004405602885,0.8883098636724573,['regular']
17,4.0,0.22,0.353,1,0.0,0.0,0.0,0.0,-0.24976437343926322,3.140962423188347,3.1400710652532418,1.9334272715945828,0.7779082652066946,['watts']
17,4.0,0.253,0.529,1,0.0,0.0,0.0,0.0,2.950557196518871,2.786858655148614,2.0426748774067125,1.8472441467397687,0.8348386305132414,['watts']
17,4.0,0.267,0.412,1,0.0,0.0,0.0,0.0,0.984515640524392,1.9102654629881703,3.141592653589793,1.9211134398661796,0.7965898816376865,['watts']
17,4.0,0.345,0.353,1,0.0,0.0,0.0,0.0,2.896896590259117,2.2588814498488117,1.9115585254353706,1.5755594287088481,0.7927396684500416,['watts']
17,4.706,0.294,0.294,1,0.0,0.0,0.0,0.0,0.8832977768916552,2.4842372076507035,1.587573375555396,1.2229749383668858,0.8212770594613856,['gnm']
17,4.941,0.352,0.353,1,0.0,0.0,0.0,0.0,1.2967265962436096,2.8652661346418964,1.0393343501590546,1.3085221381722891,0.6544830809213676,['barabasi']
17,4.941,0.374,0.353,1,0.0,0.0,0.0,0.0,2.93268164284947,1.7645883179053277,1.9305970476096612,1.4882516125505783,0.7749976966414001,['barabasi']
17,4.941,0.38,0.294,1,0.0,0.0,0.0,0.0,1.393965564683108,1.9670507328390952,0.08649070115925893,1.2381716060773424,0.8264157310276935,['barabasi']
17,4.941,0.413,0.353,1,0.0,0.0,0.0,0.0,2.9434043609447156,2.0328779840825733,1.8512777619267493,1.7450434210447605,0.7898695279484169,['barabasi']
17,4.941,0.468,0.412,1,0.0,0.0,0.0,0.0,1.2698421170697043,1.5872768832379542,2.869469529962519,1.958299949953819,0.790652274710567,['barabasi']
17,4.941,0.531,0.412,1,0.0,0.0,0.0,0.0,1.913957346794376,3.05937303864158,1.26900688701221,2.2389285248338204,0.7600973342852189,['barabasi']
17,5.059,0.436,0.294,1,0.0,0.0,0.0,0.0,2.9861973549949115,0.4424438917940873,0.24057151119517256,2.9276749688820827,0.8704158232842052,['gnm']
17,5.647,0.31,0.294,1,0.0,0.0,0.0,0.0,1.3937658415823515,2.8429426569385643,2.644036075442057,2.904468421382928,0.7630754442549378,['gnm']
17,7.059,0.423,0.235,1,0.0,0.0,0.0,0.0,1.098345030898793,1.8632420991148826,3.1321879004700612,1.8827421872836685,0.8137026257702148,['gnm']
17,7.059,0.453,0.353,1,0.0,0.0,0.0,0.0,1.8220880955740706,3.141592653589793,1.5916489552931536,1.9434130183097578,0.738270561918508,['gnm']
17,7.529,0.476,0.235,1,0.0,0.0,0.0,0.0,1.7900693620445598,1.521786098749292,1.6118875176735687,1.2653339282963183,0.8206976731884471,['gnm']
17,7.647,0.459,0.235,1,0.0,0.0,0.0,0.0,1.4068614232050627,3.1259049654412916,3.141428771256903,2.136551853450256,0.7510951502533896,['gnm']
17,8.0,0.467,0.294,1,0.0,0.0,0.0,0.0,0.9075722567100961,2.3977872946722396,1.5745983272088275,1.2838466855379722,0.7894393169003758,['gnm']
17,8.235,0.496,0.235,1,0.0,0.0,0.0,0.0,1.7221339078204794,2.7914560212615545,1.8154805757240458,1.3479702145719292,0.760698664785206,['gnm']
17,8.588,0.536,0.235,1,0.0,0.0,0.0,0.0,1.5837081074823798,1.7243827027066252,1.1184056017270132,1.2904126752508582,0.8424668616679862,['gnm']
17,10.118,0.634,0.235,1,0.0,0.0,0.0,0.0,0.13846552428302655,1.5531826308145873,2.887420758014657,3.141414136238703,0.8646507522626944,['gnm']
17,10.353,0.647,0.176,1,0.0,0.0,0.0,0.0,3.003712608102245,1.667955499969099,1.8694897782764683,1.7384368565882322,0.8553730180407101,['gnm']
17,11.765,0.759,0.176,1,0.0,0.0,0.0,0.0,2.0703877176046546,1.9198132723326053,2.9317121767815735,1.9878526995464147,0.8094846324271863,['gnm']
17,12.706,0.775,0.118,1,0.0,0.0,0.0,0.0,1.7715617794869363,3.0718035763602143,1.2895985603933204,2.299662451367895,0.8565808302999114,['gnm']
17,13.059,0.803,0.176,1,0.0,0.0,0.0,0.0,1.6717372455852417,2.861393009926854,1.828017344488552,1.4048203979757352,0.8839573425119577,['gnm']
17,13.294,0.848,0.176,1,0.0,0.0,0.0,0.0,3.0417957778028635,2.925590679562326,1.919186087864589,1.782737065393634,0.9261212166691596,['gnm']
17,13.412,0.84,0.118,1,0.0,0.0,0.0,0.0,1.733988558919112,3.064427079515921,1.128554287537237,2.414963870227571,0.8699693029455696,['gnm']
17,13.529,0.862,0.176,1,0.0,0.0,0.0,0.0,2.8387971301952257,1.7226525095357665,3.141592653589793,2.671852458541486,0.8907330361740957,['gnm']
17,13.647,0.839,0.176,1,0.0,0.0,0.0,0.0,3.0386574159856488,1.743332145898604,1.804318230966554,1.7090975826787311,0.888569339107931,['gnm']
17,14.471,0.905,0.118,1,0.0,0.0,0.0,0.0,1.4861408712145596,2.890275172797298,1.208361919049775,1.3970784869076418,0.9138547014135436,['gnm']
17,14.588,0.918,0.118,1,0.0,0.0,0.0,0.0,2.8757055191634215,1.7181329419990887,1.6901156569177531,2.297540592375235,0.9152667291387846,['gnm']
18,1.889,0.0,0.556,3,1.2749927050367926,0.8758125616306843,0.5219122631269523,0.2978772247253846,1.71901414476237,1.7063606469462511,2.21107615486429,1.4691566439214956,0.788004038869377,['barabasi']
18,1.889,0.0,0.611,2,0.028494685222386792,0.07331264455081629,0.01254318432418476,0.0004328018869752459,0.3021227783064251,2.4390353437249734,2.8152645445129507,1.8154894523731473,0.7866989116422136,['barabasi']
18,2.0,0.0,0.444,4,0.27023327323146545,0.23244903757234206,0.0519313577231427,0.18935111306114336,0.7914306396224625,2.0094399150125053,2.8451005174645347,2.121092425540196,0.8215539894723167,"['regular', 'watts']"
18,2.0,0.0,0.5,4,0.8112688190946918,0.42682934461795674,0.7405406240550712,0.5831031436120404,1.0089087040000304,2.31505937502539,2.2629937787983208,1.7194817599598449,0.7897257243420562,['watts']
18,2.0,0.13,0.444,1,0.0,0.0,0.0,0.0,0.4360787741863253,2.281290230258703,2.9452819726836816,1.8438240095280038,0.815099775230267,['watts']
18,3.0,0.056,0.389,3,0.6273584454934036,1.6945820247079164,1.4665603766631456,0.7813389464551774,2.2732647532454333,1.2678617091581925,1.7173212380139926,2.0409996934280397,0.8195219602689826,['regular']
18,3.556,0.083,0.5,1,0.0,0.0,0.0,0.0,2.879058382450192,2.146845079247383,1.9584567380187403,1.497884261986483,0.7002972153159538,['barabasi']
18,3.556,0.292,0.444,1,0.0,0.0,0.0,0.0,1.7862649714927727,2.5659508016839956,0.9590240332556277,1.9456268143004811,0.6282385175407534,['barabasi']
18,3.556,0.339,0.5,1,0.0,0.0,0.0,0.0,1.8926245433777018,2.468392190556936,1.2974046346543764,1.8306178809531246,0.7326101115088,['barabasi']
18,3.556,0.48,0.444,1,0.0,0.0,0.0,0.0,1.886563173734623,0.9892570918353172,3.1414200704248167,1.9249181672382658,0.8009941110958165,['barabasi']
18,3.556,0.488,0.444,1,0.0,0.0,0.0,0.0,1.7355148208811606,1.1156289890111637,2.9181219751921685,1.8662478217978338,0.8587619054859187,['barabasi']
18,4.0,0.056,0.333,2,0.0718669056188829,0.2595810096480133,0.7149032463291444,0.7267047714937781,1.2723232600235705,1.9055442482309006,2.2862364278378773,1.810322135101837,0.8457685524937051,['regular']
18,4.0,0.111,0.333,1,0.0,0.0,0.0,0.0,1.215292130395667,1.712722736176349,2.7996861312557506,2.298896106009053,0.8963198914651845,['regular']
18,4.0,0.139,0.333,1,0.0,0.0,0.0,0.0,1.7701469248023574,1.9292109044237455,1.0527916359549128,1.2785949212554852,0.849684361366461,['regular']
18,4.0,0.167,0.333,1,0.0,0.0,0.0,0.0,1.3278352206705226,2.1066483305345,1.7836298490735625,1.3206184521179942,0.8734310875874004,['regular']
18,4.0,0.194,0.333,2,0.8471799911827891,0.07560777078113333,0.008467629437814985,0.7608850751705184,2.1878680499596967,1.7584369017161041,1.2177778668258163,1.7527797771756823,0.8232245680220128,"['watts', 'regular']"
18,4.0,0.213,0.333,1,0.0,0.0,0.0,0.0,0.35092433122508027,3.0086727286940533,1.9234250796965948,0.8426118297230525,0.84908986829702,['watts']
18,4.0,0.233,0.389,1,0.0,0.0,0.0,0.0,1.7518230550292815,2.9365961424672906,0.8059372552713152,2.6982082388738666,0.6660684511478042,['watts']
18,4.0,0.27,0.333,1,0.0,0.0,0.0,0.0,2.0064831043238893,2.4288141884114554,1.9036842589925755,1.2809007873539875,0.6829335285126057,['watts']
18,4.0,0.272,0.389,1,0.0,0.0,0.0,0.0,2.91032914398962,0.5245411298018505,1.7810079092509508,2.8942021123264983,0.805644230675036,['watts']
18,4.0,0.337,0.389,1,0.0,0.0,0.0,0.0,2.011856986244564,2.994950377146774,2.859500703600522,0.7430471374250887,0.6775732015157345,['watts']
18,4.0,0.404,0.333,1,0.0,0.0,0.0,0.0,2.9062218587952002,2.1540469137517553,1.8932364403428332,1.5221728200576405,0.836431789622636,['watts']
18,4.0,0.459,0.278,1,0.0,0.0,0.0,0.0,2.920163611600506,2.107780102412276,1.862108416302049,1.4600916793624428,0.8381143062092907,['watts']
18,4.111,0.291,0.333,1,0.0,0.0,0.0,0.0,1.6390365585783475,1.7950185428338095,1.169531282984989,1.237020389223069,0.777321607363267,['gnm']
18,5.0,0.297,0.389,1,0.0,0.0,0.0,0.0,1.4051862849236598,2.838233731870571,2.6504164685053038,2.875935828601369,0.6822119778360057,['barabasi']
18,5.0,0.332,0.278,1,0.0,0.0,0.0,0.0,2.927510298916566,2.024090005029472,1.9039007835197528,1.6632766834577999,0.7899715989589027,['barabasi']
18,5.0,0.356,0.444,1,0.0,0.0,0.0,0.0,1.8204194915254988,2.504800873483518,1.886303555610123,1.3511936651594856,0.718204648464254,['barabasi']
18,5.0,0.383,0.389,1,0.0,0.0,0.0,0.0,0.27893453539569524,3.0537835227292462,1.953723152049435,2.3922458013952577,0.8476377884648284,['barabasi']
18,5.0,0.426,0.389,1,0.0,0.0,0.0,0.0,1.2555098640691766,2.821815816109678,0.8559161080284068,1.2383490784278357,0.6965571294471576,['barabasi']
18,6.111,0.318,0.278,1,0.0,0.0,0.0,0.0,1.2410674919896825,1.7021436201214564,3.1170879432111667,1.9074825435170726,0.8032234297723176,['gnm']
18,6.111,0.338,0.278,1,0.0,0.0,0.0,0.0,2.0149314524393014,2.320383660708247,1.8212008763444067,1.2673655712040004,0.6929863591923534,['gnm']
18,6.667,0.397,0.222,1,0.0,0.0,0.0,0.0,1.3282023475756217,2.831913101813921,0.549574791098917,1.8392178714398004,0.7208337941080137,['gnm']
18,7.111,0.357,0.278,1,0.0,0.0,0.0,0.0,1.721447625113495,2.869002058017533,2.831746585850934,1.8692271315943116,0.6993991152540319,['gnm']
18,7.556,0.423,0.278,1,0.0,0.0,0.0,0.0,1.4276512290764174,2.8760598689025914,1.0980051449177515,2.917561931775743,0.7762106134351497,['gnm']
18,7.889,0.473,0.278,1,0.0,0.0,0.0,0.0,1.2190029208306403,1.7535562274652432,3.1191228615225497,1.8696015851181857,0.8485761542448897,['gnm']
18,10.556,0.599,0.222,1,0.0,0.0,0.0,0.0,1.4617179943593146,2.930386872237716,2.050993300340586,1.8268179716153232,0.8056059567451501,['gnm']
18,11.444,0.678,0.222,1,0.0,0.0,0.0,0.0,3.014459768601774,1.6737588116438817,1.8117658960882723,3.141592653589793,0.8659953263207466,['gnm']
18,11.889,0.682,0.222,1,0.0,0.0,0.0,0.0,1.7391042449557328,2.785645700123886,1.8542737260250974,1.334898812695117,0.783855033630639,['gnm']
18,13.111,0.758,0.167,1,0.0,0.0,0.0,0.0,2.8667458598869575,1.963596894135497,3.0641523317741806,2.2109279530003243,0.8476526168185559,['gnm']
18,13.444,0.781,0.167,1,0.0,0.0,0.0,0.0,1.7314809297950704,2.835802342075322,2.9447332536781703,2.430721126374805,0.8368694747835658,['gnm']
18,13.889,0.828,0.167,1,0.0,0.0,0.0,0.0,3.141592653589793,1.71432317355305,2.390371037467115,1.9452374058495008,0.87276617390593,['gnm']
18,14.667,0.87,0.167,1,0.0,0.0,0.0,0.0,2.8205595064573323,1.7402370194142633,3.141592653589793,2.5925515328632027,0.8627680286507008,['gnm']
18,14.778,0.872,0.167,1,0.0,0.0,0.0,0.0,2.8451161988791243,1.7482416484516403,3.141592653589793,2.761611128453673,0.8680666871178244,['gnm']
18,16.222,0.954,0.111,1,0.0,0.0,0.0,0.0,2.202709544939844,1.7732690360311103,1.7179850823694873,1.301837488486611,0.91674703915282,['gnm']
18,16.556,0.974,0.111,1,0.0,0.0,0.0,0.0,3.079344965847235,1.5697957916574832,3.141592653589793,3.141592653589793,0.919768690981623,['gnm']
19,1.895,0.0,0.526,1,0.0,0.0,0.0,0.0,1.7506619540807522,1.9304673157848558,0.3614824019020587,2.7775036665753072,0.7241030449077148,['barabasi']
19,1.895,0.0,0.632,2,1.1564616962843988,0.39716389837908683,1.1510739858576542,0.398665596154418,1.0868043862943195,2.7457189712071335,1.97645255364595,2.109446830027157,0.7094303738373267,['barabasi']
19,1.895,0.0,0.684,1,0.0,0.0,0.0,0.0,2.005995287379636,2.0731964802838814,1.918647387133971,1.2796589303869812,0.7373054840747476,['barabasi']
19,1.895,0.0,0.737,1,0.0,0.0,0.0,0.0,2.369153098158735,1.5543737795112893,1.8469920488718943,1.294889124780753,0.7657282223269483,['barabasi']
19,2.0,0.0,0.421,3,0.0002167306749468765,0.0004911116309057701,0.00013021448689493935,0.00022164254506510221,0.9267129724771594,1.8927824018068156,2.819306215119381,2.2157200992265866,0.8796306404868917,['regular']
19,2.0,0.0,0.474,2,1.0148354203741023,0.49385372660312077,1.2932465969403966,0.3795127342696865,1.1860973509878152,2.6106266923607406,2.0579978466603475,2.151926525876564,0.6746526158343653,['watts']
19,2.0,0.0,0.526,3,0.8946819460969813,0.3461283176169897,1.3152228902221181,0.5730060684193476,1.0059643173636736,2.4815343468558866,1.558350617835172,1.5343115287103688,0.7522585589391237,['watts']
19,2.0,0.088,0.421,1,0.0,0.0,0.0,0.0,-0.3731243851219768,3.141559040325184,3.1246657038748986,1.967002648745745,0.7632715942320663,['watts']
19,3.579,0.316,0.421,1,0.0,0.0,0.0,0.0,1.0275780830805112,1.8419923501038367,3.141592653589793,1.940514372992277,0.7466740718881093,['barabasi']
19,3.579,0.334,0.474,1,0.0,0.0,0.0,0.0,2.8928679187472275,2.0085348758015593,1.9385420774162117,1.4533821075858941,0.8094129888075153,['barabasi']
19,3.579,0.416,0.421,1,0.0,0.0,0.0,0.0,1.7604645369561882,1.1172656682058075,3.141592653589793,1.9284593008061672,0.7927528271166261,['barabasi']
19,4.0,0.079,0.316,1,0.0,0.0,0.0,0.0,1.3251795465080218,2.091745349408087,1.7806422581457928,1.3030725540562227,0.8750929015651863,['regular']
19,4.0,0.158,0.368,1,0.0,0.0,0.0,0.0,1.7665590323543947,1.935770834046091,1.0705192008002982,1.2949707648381197,0.831558706018845,['regular']
19,4.0,0.174,0.421,1,0.0,0.0,0.0,0.0,1.3633245788268709,2.037983417488018,0.13328420322614676,2.7921215873049396,0.8233806989168747,['watts']
19,4.0,0.184,0.316,1,0.0,0.0,0.0,0.0,1.2147890042373917,1.7097687298048672,2.787480528398696,2.3017434841701983,0.8200244829429093,['regular']
19,4.0,0.184,0.368,1,0.0,0.0,0.0,0.0,1.326767697189979,2.107487497881509,1.7804753527322599,1.3122806071270665,0.8078716232371779,['regular']
19,4.0,0.21,0.421,1,0.0,0.0,0.0,0.0,1.835844718712768,3.0181672045573693,1.1817261228943001,2.3507189069029115,0.6149196429789122,['watts']
19,4.0,0.219,0.421,1,0.0,0.0,0.0,0.0,-0.05026670480537192,2.9414976636457175,3.1415911249166193,1.9303205579208709,0.808094586119759,['watts']
19,4.0,0.237,0.316,1,0.0,0.0,0.0,0.0,2.910299988985294,2.046741789714858,1.8679010213889533,1.4120169730403913,0.8234275741608916,['watts']
19,4.0,0.253,0.316,1,0.0,0.0,0.0,0.0,1.1277941726259377,1.764193318685932,3.0904814982097593,1.9481890522700929,0.8093489081367935,['watts']
19,4.0,0.293,0.316,1,0.0,0.0,0.0,0.0,2.8936859874408247,2.0848283718312652,1.9183351568130007,1.589696317563624,0.80160392497122,['watts']
19,4.0,0.298,0.316,1,0.0,0.0,0.0,0.0,2.949889368626712,2.762087503618069,2.030549957718636,1.8177199366239338,0.88607979378423,['watts']
19,4.0,0.309,0.368,1,0.0,0.0,0.0,0.0,1.2964813992054265,2.7892911824254343,2.5231108621173934,2.904538554994893,0.6579792964663778,['watts']
19,4.0,0.321,0.368,1,0.0,0.0,0.0,0.0,1.8079148649161991,2.623186992687347,2.8469810217725904,1.7061625996673442,0.6653182648570777,['watts']
19,4.0,0.377,0.368,1,0.0,0.0,0.0,0.0,2.9518074806762487,2.747127084728737,2.011562556094462,1.799172734276189,0.8733134866379452,['watts']
19,4.0,0.386,0.316,1,0.0,0.0,0.0,0.0,2.9500246769298895,2.7517049566452902,2.014752786389217,1.8136695415017297,0.8484979828491083,['watts']
19,4.0,0.391,0.316,1,0.0,0.0,0.0,0.0,2.952038227268245,2.759034170514319,2.0201375050659216,1.8163244396604827,0.8780230127531464,['watts']
19,5.053,0.275,0.368,1,0.0,0.0,0.0,0.0,0.9209003909665757,2.000113250743578,3.141390292914018,1.9204367677774725,0.8170827400745703,['barabasi']
19,5.053,0.28,0.316,1,0.0,0.0,0.0,0.0,2.982567233862412,2.83979820933431,2.0114824136592686,1.840269616766321,0.8802085763092512,['barabasi']
19,5.053,0.402,0.368,1,0.0,0.0,0.0,0.0,0.9052015192275868,2.0194540716448395,3.1415348780818766,1.9091233537016579,0.807991461516358,['barabasi']
19,5.053,0.477,0.421,1,0.0,0.0,0.0,0.0,1.0310517923523608,2.3316559088529973,1.579042498774577,1.2389994925019105,0.7978924008768637,['barabasi']
19,5.474,0.268,0.263,1,0.0,0.0,0.0,0.0,1.1080107727837,1.8225455444600596,3.1359913550776097,1.9125766384270821,0.830633645052149,['gnm']
19,7.158,0.428,0.21,1,0.0,0.0,0.0,0.0,2.007377015919433,0.9557148094503174,3.141522679431046,1.8829101233088146,0.8083196919861456,['gnm']
19,7.684,0.514,0.263,1,0.0,0.0,0.0,0.0,1.7563328382545855,2.7467064806011012,1.8309626640925911,1.305734797426033,0.7420667419774353,['gnm']
19,8.316,0.426,0.263,1,0.0,0.0,0.0,0.0,0.2176239411008235,3.0848115348024137,1.976886017888901,0.8105792827350229,0.8659295725095564,['gnm']
19,9.158,0.505,0.21,1,0.0,0.0,0.0,0.0,1.7279746056848913,2.8757707199906957,1.8917357547035127,1.180056310545307,0.7778992724687088,['gnm']
19,9.474,0.558,0.21,1,0.0,0.0,0.0,0.0,2.9940698675313113,2.4881500457872514,1.8442140435223395,1.5901416301401268,0.8550344484003544,['gnm']
19,9.895,0.567,0.21,1,0.0,0.0,0.0,0.0,1.7387609890868072,2.8409999255215688,1.2362782078302148,1.924433770224339,0.7918102452324656,['gnm']
19,10.737,0.61,0.21,1,0.0,0.0,0.0,0.0,1.797609162943429,2.7848595166855645,1.9162149023321702,1.1559612279963265,0.7948962784031348,['gnm']
19,11.579,0.627,0.158,1,0.0,0.0,0.0,0.0,1.5645674210090437,1.699320069996769,2.4148310421936108,2.8922200583820343,0.861687871506607,['gnm']
19,12.526,0.711,0.158,1,0.0,0.0,0.0,0.0,1.6923017398457147,2.792402577537227,1.8087401230081666,1.379283051844917,0.8487115469528794,['gnm']
19,13.368,0.767,0.158,1,0.0,0.0,0.0,0.0,1.6941369635303785,2.9152697644003602,1.8624722167432806,1.0785659151528835,0.8847142290190688,['gnm']
19,15.684,0.868,0.158,1,0.0,0.0,0.0,0.0,2.1030257407381368,2.467538548172608,-0.0007533648735729606,2.019038031057713,0.8914238651535346,['gnm']
19,16.21,0.9,0.105,1,0.0,0.0,0.0,0.0,1.7505840479970027,2.801606381639866,2.9505913763686484,2.3667229435877193,0.897857549096507,['gnm']
19,16.842,0.935,0.105,1,0.0,0.0,0.0,0.0,1.69973001795025,2.9565581662225835,1.294410089818948,2.2082513577645706,0.9135909411376294,['gnm']
19,17.474,0.971,0.105,1,0.0,0.0,0.0,0.0,2.505498789240434,1.7785983451557832,1.7344255953061725,1.8756590691068804,0.9374669895567064,['gnm']
19,17.579,0.977,0.105,1,0.0,0.0,0.0,0.0,2.4641132469779015,1.7579204018240504,1.5689583362525785,1.5706792405123164,0.9277938737892896,['gnm']
19,17.684,0.983,0.105,2,1.851494305010646e-08,2.5777284977638193e-09,1.9000093533863586e-08,3.172416772368122e-08,2.459927947922477,1.7768678495009407,1.571259950259428,1.5699835703601477,0.9333490051202666,['gnm']
20,1.9,0.0,0.5,1,0.0,0.0,0.0,0.0,0.4604397346761348,2.975958834796518,1.9060315866837325,0.8383612354653498,0.757790985072005,['barabasi']
20,1.9,0.0,0.55,4,0.7284904986964249,0.2658569743710575,0.7645767655329482,0.6478643222781588,0.9442817220486747,2.2139739717489624,2.1975348351016906,1.8948094359619168,0.7578241763836826,['barabasi']
20,1.9,0.0,0.6,2,0.3606161456904999,0.4913075515536105,0.6250275074347058,0.08162360981380903,1.3440801737597932,2.348412917463225,1.6570588244115783,1.2380329561474075,0.7427279194727743,['barabasi']
20,1.9,0.0,0.7,1,0.0,0.0,0.0,0.0,0.44602813426612886,2.1669738769014106,2.8466448701365907,1.82689769490527,0.7850846793177528,['barabasi']
20,1.9,0.0,0.75,1,0.0,0.0,0.0,0.0,-0.6110830064341932,3.141592653589793,3.1388000048966425,1.966205848305405,0.7011097855456797,['barabasi']
20,2.0,0.0,0.4,1,0.0,0.0,0.0,0.0,0.9266972079894943,1.8926462191159183,2.819299788183291,2.2155147008321325,0.8333337278748651,['regular']
20,2.0,0.0,0.45,3,1.0283865978447635,0.5663485398538396,0.7892458996701435,0.773302520099265,1.3284952172883806,2.2197816556098053,1.9895593859427272,1.7689963959374708,0.8391658825961862,"['regular', 'watts']"
20,2.0,0.0,0.5,5,0.5810405997806892,0.40669303031199927,1.3393732633948885,0.5613784538099111,0.8417726791036475,2.508097114406512,1.9406715708831477,1.4789211910768274,0.7651491877858875,['watts']
20,2.0,0.0,0.55,1,0.0,0.0,0.0,0.0,0.5625499794173139,2.8766194977683144,1.8980786783305783,0.8797411837891875,0.8074908754467588,['watts']
20,2.0,0.0,0.6,1,0.0,0.0,0.0,0.0,1.4752038383085941,2.032569695504895,1.3609363681933235,1.1872258215462506,0.7293862074943714,['watts']
20,2.0,0.042,0.5,1,0.0,0.0,0.0,0.0,1.3331045073354626,2.1753944006554295,1.697074390691395,1.1974696518911343,0.7603494422915207,['watts']
20,2.0,0.083,0.45,1,0.0,0.0,0.0,0.0,0.5157723021767546,2.9134659214467513,1.9120575652497749,0.8580582399214608,0.8184421154952845,['watts']
20,3.0,0.05,0.4,1,0.0,0.0,0.0,0.0,2.7152585925368675,1.7602503685025084,2.797620301037437,2.4082751788011727,0.8329451256719429,['regular']
20,3.0,0.1,0.35,2,0.6273062252286846,2.094188262369079,1.116608564973301,0.740100621350602,2.35513796484883,0.7893545923345623,1.0160416097011453,2.3528122961056184,0.8226599172506022,['regular']
20,3.6,0.065,0.4,1,0.0,0.0,0.0,0.0,1.7014994794268323,1.8412780364539016,1.129544381187256,1.2389303472743913,0.8026585467787217,['barabasi']
20,3.6,0.09,0.55,1,0.0,0.0,0.0,0.0,0.2292848462906447,2.6381890544937363,3.0018180123538287,1.8789737136419762,0.7685935607016682,['barabasi']
20,3.6,0.313,0.45,1,0.0,0.0,0.0,0.0,1.808497735388975,2.540540408327351,0.8726483624790669,1.930467483404835,0.6662083537039863,['barabasi']
20,3.6,0.393,0.45,1,0.0,0.0,0.0,0.0,2.87705388605411,2.093160250189194,1.9322779933362377,1.5217946821314268,0.7622016810400236,['barabasi']
20,3.6,0.404,0.5,1,0.0,0.0,0.0,0.0,2.8393441999642386,0.09237118690952117,2.7776663562410553,2.3144458497989584,0.7684834556843335,['barabasi']
20,3.6,0.433,0.45,1,0.0,0.0,0.0,0.0,1.9616071718597996,2.353235651557566,1.3238697990116814,1.8062782546692664,0.6761676760402614,['barabasi']
20,4.0,0.1,0.35,1,0.0,0.0,0.0,0.0,1.3256164168888085,2.094516187387754,1.782509055925564,1.3072590929111532,0.8600267900753863,['regular']
20,4.0,0.125,0.3,1,0.0,0.0,0.0,0.0,1.3248030945486438,2.1010267531690854,1.7843100531323013,1.3124801512259543,0.8566346168868865,['regular']
20,4.0,0.168,0.4,1,0.0,0.0,0.0,0.0,2.952619994872735,2.794658828957072,2.067823867672629,1.8525862938727267,0.822106071950477,['watts']
20,4.0,0.175,0.3,1,0.0,0.0,0.0,0.0,1.3309434480672142,2.100439923877767,1.7794824625004102,1.3118748270035585,0.850966461642614,['regular']
20,4.0,0.175,0.35,2,0.3422452962005958,0.31619175417857076,0.24820676510606393,0.25786913469904715,0.9754554376439363,1.9317801868260474,2.9660839668469188,2.118533420185473,0.8342748102358482,['regular']
20,4.0,0.207,0.35,1,0.0,0.0,0.0,0.0,1.9165188699647546,2.9814489128055346,1.187139720745684,2.342673671613161,0.67758443308005,['watts']
20,4.0,0.208,0.35,1,0.0,0.0,0.0,0.0,1.5630965173377938,1.8185454731754125,0.665851912104547,1.2093496325098794,0.8003786179113328,['watts']
20,4.0,0.215,0.3,1,0.0,0.0,0.0,0.0,2.8924036552174526,1.8754232922794802,-1.204396133810476,3.141592653589793,0.7535752637643199,['watts']
20,4.0,0.232,0.35,1,0.0,0.0,0.0,0.0,1.4900177873646772,1.9014287016691926,-0.09693590448056841,1.2188621463076235,0.7947819709120169,['watts']
20,4.0,0.235,0.3,1,0.0,0.0,0.0,0.0,1.1282243523873094,1.761028239545504,1.480859930091063,1.9791609052474937,0.8286509982250717,['watts']
20,4.0,0.273,0.35,1,0.0,0.0,0.0,0.0,2.9045194409240565,2.0433057298775235,1.895740469925792,1.464250073524352,0.8007865331121347,['watts']
20,4.0,0.287,0.35,1,0.0,0.0,0.0,0.0,1.8656500290660243,2.703511101779201,2.8368796942851575,2.1133629451344413,0.6662987277496142,['watts']
20,4.0,0.328,0.3,1,0.0,0.0,0.0,0.0,2.8972285432226683,2.2367101704488186,1.912865833706977,1.558048002829219,0.8148657726825655,['watts']
20,4.0,0.348,0.35,1,0.0,0.0,0.0,0.0,1.3560562573914476,2.0459366557124934,1.7281439575303223,1.2596929760197075,0.8257957601595076,['watts']
20,4.6,0.235,0.4,1,0.0,0.0,0.0,0.0,1.0047812552432425,1.9034550289219947,3.124128298761938,1.9262648815097831,0.8190153112882405,['gnm']
20,4.7,0.201,0.4,1,0.0,0.0,0.0,0.0,1.1664326101800748,2.209506460710259,0.0343665716367082,2.7886890786921525,0.7313803386627439,['gnm']
20,4.8,0.216,0.4,1,0.0,0.0,0.0,0.0,2.038791698863079,3.018563511072104,2.8533071921784794,0.6325262706036905,0.68065050323296,['gnm']
20,5.1,0.234,0.35,1,0.0,0.0,0.0,0.0,1.8910097776500971,2.5253752021532896,1.8623041405845902,1.309563050143113,0.6912927074608118,['barabasi']
20,5.1,0.244,0.3,1,0.0,0.0,0.0,0.0,0.28067710867230394,3.0491696829735853,1.9495966580712962,0.8141589821808612,0.8482749965068274,['barabasi']
20,5.1,0.338,0.35,1,0.0,0.0,0.0,0.0,1.9316580343965248,2.5377497056848437,1.9497706789183835,1.3372950160841535,0.7159739303948851,['barabasi']
20,6.4,0.333,0.4,1,0.0,0.0,0.0,0.0,1.561751148146517,1.7717711835786827,2.844674385707962,1.2384292792260752,0.7918705565199917,['barabasi']
20,6.4,0.373,0.4,1,0.0,0.0,0.0,0.0,0.19411582510257153,1.9715102073543718,2.806996738438084,1.525292694287226,0.8069328455939743,['barabasi']
20,6.4,0.465,0.35,1,0.0,0.0,0.0,0.0,1.294813671029669,2.0413580522606067,0.09000875969082214,2.8256013160405975,0.8012012927156373,['barabasi']
20,6.4,0.496,0.35,1,0.0,0.0,0.0,0.0,1.77160950622693,2.991987436015268,2.595113928727281,1.7155245621229591,0.7321448119212579,['barabasi']
20,7.1,0.405,0.3,1,0.0,0.0,0.0,0.0,2.014726645235861,0.9474610216911927,3.141587274330652,1.8875112101772362,0.8121561324050791,['gnm']
20,7.9,0.375,0.25,1,0.0,0.0,0.0,0.0,1.7080448097202656,2.9076335583185244,2.7016910593230543,2.183130030752261,0.69184764640022,['gnm']
20,8.0,0.44,0.25,1,0.0,0.0,0.0,0.0,1.7887653296362775,3.0535580925011914,2.7792816165246723,2.345373168691066,0.7752428045050793,['gnm']
20,8.9,0.411,0.2,1,0.0,0.0,0.0,0.0,2.485276209329956,0.8169635442736698,3.141592653589793,2.8417440575485484,0.8468039014544982,['gnm']
20,8.9,0.462,0.25,1,0.0,0.0,0.0,0.0,1.946130360545147,2.943941558062513,0.030594430158205052,2.344738370076536,0.7381053030077942,['gnm']
20,11.3,0.6,0.25,1,0.0,0.0,0.0,0.0,1.7049790347971032,2.884938829506397,1.8886766397306642,1.321474678880878,0.8209510675326648,['gnm']
20,12.4,0.641,0.2,1,0.0,0.0,0.0,0.0,1.7560324613218725,2.9010519252529017,1.8602584191818021,2.5614251532897185,0.8008363806863861,['gnm']
20,12.7,0.683,0.2,1,0.0,0.0,0.0,0.0,1.708575252372037,2.201504987324778,1.1715368837109468,1.5715093733180012,0.833472413905359,['gnm']
20,13.5,0.7,0.2,1,0.0,0.0,0.0,0.0,1.708023402615847,2.3839628790176537,1.1515011758727867,1.5622377705560906,0.8262072584956138,['gnm']
20,14.1,0.745,0.15,1,0.0,0.0,0.0,0.0,1.7120308348089774,2.9119235947780346,1.2833286660064505,2.097809685366633,0.8660473074892447,['gnm']
20,14.2,0.741,0.15,1,0.0,0.0,0.0,0.0,1.7036568919531283,2.2174588694115984,2.7875879472644596,1.576495208337016,0.847595459362934,['gnm']
20,14.3,0.765,0.15,1,0.0,0.0,0.0,0.0,1.726255532893278,2.839022601131834,1.8104683994231685,1.244071816928945,0.8505903385168981,['gnm']
20,14.4,0.761,0.2,1,0.0,0.0,0.0,0.0,2.9935909253667106,1.5609368060680688,3.141592653589793,2.3464620029412027,0.8338607122656158,['gnm']
20,14.8,0.773,0.15,1,0.0,0.0,0.0,0.0,1.6799846312726852,2.8870865661237257,1.8112283232629127,1.3569373704095122,0.8511008937506788,['gnm']
20,15.5,0.812,0.15,1,0.0,0.0,0.0,0.0,1.6833255851974551,2.897696494020365,1.850301931425883,1.2718058884189551,0.8893781782857155,['gnm']
20,16.9,0.899,0.15,1,0.0,0.0,0.0,0.0,2.317498935940644,2.2476991285843635,0.7842171950303533,1.231265223091252,0.8890583511561571,['gnm']
20,17.3,0.912,0.1,1,0.0,0.0,0.0,0.0,2.8990302220109725,1.7085704586317862,1.6878799309941468,2.3683382726425246,0.936144627904235,['gnm']
20,17.3,0.913,0.1,1,0.0,0.0,0.0,0.0,1.7250110914077719,2.9047116669415107,0.7855892266351937,1.5654429550433733,0.9049741981391478,['gnm']
20,18.7,0.986,0.1,1,0.0,0.0,0.0,0.0,3.061837640986867,1.8697813955406106,1.7474891387284703,3.1415069977642958,0.9788138422120812,['gnm']
20,18.9,0.995,0.1,1,0.0,0.0,0.0,0.0,2.245847255467157,1.710049872346103,1.6476230131706007,1.3622503450266024,0.973677477618922,['gnm']
