graph_source,init_strategy,graphname,optimal_expectation,optimal_parameters,optimal_gamma,optimal_beta,initial_parameters,initial_gamma,initial_beta,num_layers,num_qubits,num_interactions,sim_time,n_restarts,mean_n_obj_calls,gamma_std_across_restarts,beta_std_across_restarts,graph_id,model,exact_maxcut,n,m,deg_mean,clust_mean,mis,assortativity,approx_ratio
known,static_conjecture,barabasi_0,15.21948323195262,"[2.969072835632846, 2.842046309518766, 2.8084511711283486, 1.919136440824606, 3.0865492596481667, 2.0957309330361182, 1.9694347279994129, 1.823592666036216, 1.382433615145119, 1.69124924670931]",2.969072835632846,2.0957309330361182,"[1.61963948 1.61963948 1.61963948 1.61963948 1.61963948 1.12851846
 1.33732331 0.31306399 0.53164246 1.2874699 ]",1.6196394798172682,1.1285184573051712,5,12,20,4.7888147830963135,1,824.0,0.0,0.0,0,barabasi,18,12,20,3.3333,0.2312,0.5,-0.5142,0.84552684621959
known,static_conjecture,watts_1,27.88824656612983,"[2.9779300484243176, 2.7263192083504753, 1.6515585334362042, 2.1490074672140302, 1.5764208606544292, 0.4828758396343337, 2.6416484316098656, 0.7802856123459994, 2.3452474704645088, 0.7818441333980161]",2.9779300484243176,0.4828758396343337,"[1.67125087 1.67125087 1.67125087 1.67125087 1.67125087 0.86207424
 1.12341683 0.9468185  0.8559005  0.6654754 ]",1.671250872249442,0.8620742360644783,5,20,40,8.722709655761719,1,702.0,0.0,0.0,1,watts,31,20,40,4.0,0.2867,0.35,-0.1185,0.89962085697193
known,static_conjecture,barabasi_2,10.39487666535396,"[2.7959912796558894, 2.156225445264869, 1.1000088663150667, 2.646897303371012, 0.5527565570805504, -0.3599466492080753, 3.115638015821556, 2.5804732267829276, 1.8739049480903052, 1.3344857876236556]",2.795991279655889,-0.3599466492080753,"[1.56055227 1.56055227 1.56055227 1.56055227 1.56055227 0.86207424
 1.12341683 0.9468185  0.8559005  0.6654754 ]",1.5605522682445758,0.8620742360644783,5,13,12,2.6907284259796143,1,1005.0,0.0,0.0,2,barabasi,12,13,12,1.8462,0.0,0.6923,-0.7216,0.8662397221128301
known,static_conjecture,watts_3,14.221115176219882,"[2.740444687923837, 1.7705851417141254, 1.521139549582755, 1.526029989698919, 0.9376034358687799, -0.3969116694139746, 1.9333373852367823, 2.4929993586093273, 2.813124392984238, 1.8057450621310236]",2.740444687923837,-0.3969116694139746,"[1.57079633 1.57079633 1.57079633 1.57079633 1.57079633 0.86207424
 1.12341683 0.9468185  0.8559005  0.6654754 ]",1.5707963267948966,0.8620742360644783,5,17,17,6.232355117797852,1,1806.0,0.0,0.0,3,watts,17,17,17,2.0,0.0,0.4706,-0.2042,0.8365361868364637
known,static_conjecture,gnm_4,76.67360089032978,"[2.1672930554347074, 2.6900973992274797, 2.414830095809903, 3.1408036689198875, 2.9655297316968108, 1.5738718927972024, 1.1201961260599707, 0.6417143064416435, 0.9177761159160552, 0.03260250332321923]",2.1672930554347074,1.5738718927972024,"[2.55298799 2.55298799 2.55298799 2.55298799 2.55298799 0.86207424
 1.12341683 0.9468185  0.8559005  0.6654754 ]",2.552987988926838,0.8620742360644783,5,19,149,22.981945276260376,1,623.0,0.0,0.0,4,gnm,86,19,149,15.6842,0.8678,0.1579,-0.0967,0.8915534987247649
known,static_conjecture,watts_5,8.256534948921935,"[1.465959672151779, 1.325472271680931, 0.778363287245565, 3.1398508802779057, 1.7784363722358183, 1.8462092153666818, 2.097614455669988, 1.2401195397707698, 1.9121401139959624, 0.2937904211540021]",1.465959672151779,1.8462092153666816,"[1.46995192 1.46995192 1.46995192 1.46995192 1.46995192 0.86207424
 1.12341683 0.9468185  0.8559005  0.6654754 ]",1.4699519230769231,0.8620742360644783,5,10,10,3.162087917327881,1,1422.0,0.0,0.0,5,watts,10,10,10,2.0,0.0,0.5,-0.0526,0.8256534948921935
known,static_conjecture,watts_6,25.236381312992226,"[1.5973850351033059, 2.8172349333766675, 1.5371131546621652, 1.5980324816774911, 1.6531296793625525, 1.2862371591739965, 1.8863487534115264, 1.0936190563490285, 1.2502600049105967, 0.8326104401271572]",1.597385035103306,1.2862371591739965,"[1.60794062 1.60794062 1.60794062 1.60794062 1.60794062 0.86207424
 1.12341683 0.9468185  0.8559005  0.6654754 ]",1.6079406229419628,0.8620742360644783,5,19,38,6.156583309173584,1,963.0,0.0,0.0,6,watts,29,19,38,4.0,0.3772,0.3684,-0.0133,0.8702200452755939
known,static_conjecture,barabasi_7,10.090427009059866,"[1.817750839047033, 0.9311461524889115, 1.6556720335167703, 2.549799708679121, 1.603669392451163, 0.21013926016364437, 2.697890930822879, 0.781412449491695, 2.13874305062992, 0.7582812622716503]",1.817750839047033,0.2101392601636443,"[1.55029586 1.55029586 1.55029586 1.55029586 1.55029586 0.86207424
 1.12341683 0.9468185  0.8559005  0.6654754 ]",1.5502958579881656,0.8620742360644783,5,13,12,2.800971031188965,1,975.0,0.0,0.0,7,barabasi,12,13,12,1.8462,0.0,0.6154,-0.5195,0.8408689174216555
known,static_conjecture,watts_8,10.400611753522751,"[1.5135342449826465, 1.8148950884688737, 3.1412673853084296, 2.7801249273741537, 0.7548664301048464, 1.4672158278089664, 2.9219333562381564, 1.3774811779126144, 1.5688916668156083, 1.3360092703449102]",1.5135342449826463,1.4672158278089664,"[1.8668712  1.8668712  1.8668712  1.8668712  1.8668712  0.86207424
 1.12341683 0.9468185  0.8559005  0.6654754 ]",1.8668712044534412,0.8620742360644783,5,8,16,5.230578184127808,1,1568.0,0.0,0.0,8,watts,12,8,16,4.0,0.6375,0.25,-0.0833,0.866717646126896
known,static_conjecture,barabasi_9,25.900884806321216,"[2.941137731977517, 3.1188783889553946, 1.8915459656202576, 1.7899813812697676, 1.8303463616513194, 0.20402357306468918, 3.1393175976169716, 1.3366240166679337, 1.2918243120204411, 1.4142379501542532]",2.941137731977517,0.2040235730646891,"[1.72117939 1.72117939 1.72117939 1.72117939 1.72117939 0.86207424
 1.12341683 0.9468185  0.8559005  0.6654754 ]",1.7211793934240365,0.8620742360644783,5,20,36,10.851927042007446,1,882.0,0.0,0.0,9,barabasi,30,20,36,3.6,0.0651,0.4,-0.4045,0.8633628268773739
known,static_conjecture,gnm_10,15.86623587311577,"[2.384344364759124, 2.028455069256771, 2.015785723987065, 2.228394221352883, 1.9850089822075323, 0.7965068165428943, 1.3024518820757927, 1.151736963164512, 1.0082933787892228, 0.7273494499217256]",2.384344364759124,0.7965068165428943,"[2.01974004 2.01974004 2.01974004 2.01974004 2.01974004 0.86207424
 1.12341683 0.9468185  0.8559005  0.6654754 ]",2.019740043632358,0.8620742360644783,5,11,31,5.678219795227051,1,795.0,0.0,0.0,10,gnm,23,11,31,5.6364,0.484,0.2727,-0.0896,0.6898363423093813
known,static_conjecture,barabasi_11,5.851008728828674,"[2.4934524716461097, 1.655505073311373, 3.137071846317755, 2.4406427108310647, 2.4558992365442687, 1.712144758092006, 3.141331423264031, 1.5094593163493346, 1.3412213036063316, 1.806228383341421]",2.4934524716461097,1.712144758092006,"[2.20232017 2.20232017 2.20232017 2.20232017 2.20232017 0.86207424
 1.12341683 0.9468185  0.8559005  0.6654754 ]",2.202320171604711,0.8620742360644783,5,8,7,0.7447078227996826,1,1127.0,0.0,0.0,11,barabasi,7,8,7,1.75,0.0,0.625,-0.5867,0.8358583898326677
known,static_conjecture,barabasi_12,13.127196362682293,"[2.782245467716006, 1.7245463535876309, 2.4166922367836827, 3.04575783459185, 1.6231262688123156, 1.3171536712877316, 2.2287852789886458, 1.939210171213679, 2.2626298470606736, 0.5039036070440751]",2.782245467716006,1.3171536712877316,"[1.93834438 1.93834438 1.93834438 1.93834438 1.93834438 0.86207424
 1.12341683 0.9468185  0.8559005  0.6654754 ]",1.938344381313132,0.8620742360644783,5,16,15,8.980254173278809,1,1432.0,0.0,0.0,12,barabasi,15,16,15,1.875,0.0,0.625,-0.2698,0.8751464241788195
known,static_conjecture,watts_13,18.71146599316926,"[1.6399746813753984, 1.8031412249444878, 1.9562288906391714, 2.2068133525645752, 1.5208975292813367, 0.4800706645288908, 2.88435382356532, 1.6946484010639644, 1.62404804138642, 0.20181305152642948]",1.6399746813753984,0.4800706645288908,"[1.54166667 1.54166667 1.54166667 1.54166667 1.54166667 0.86207424
 1.12341683 0.9468185  0.8559005  0.6654754 ]",1.541666666666667,0.8620742360644783,5,14,28,9.518539905548096,1,1258.0,0.0,0.0,13,watts,21,14,28,4.0,0.3714,0.3571,-0.2473,0.8910221901509171
known,static_conjecture,watts_14,11.828497376127867,"[1.2496208418154562, 2.3785854207804626, 1.4752964011466991, 3.1322612923645323, 1.4801477196908408, 0.1912293406894267, 1.9349453247766855, 0.5162581746097459, 2.738254742021637, 0.819859063293513]",1.2496208418154562,0.1912293406894267,"[1.54166667 1.54166667 1.54166667 1.54166667 1.54166667 0.86207424
 1.12341683 0.9468185  0.8559005  0.6654754 ]",1.541666666666667,0.8620742360644783,5,15,15,13.168691873550417,1,2546.0,0.0,0.0,14,watts,14,15,15,2.0,0.1111,0.4667,-0.1471,0.844892669723419
known,static_conjecture,regular_15,16.531202989402054,"[2.897728252031172, 2.1939644696613816, 1.7166660616460068, 2.159353338297382, 2.311997799937636, 0.14957627743497143, 2.3004105055784567, 1.4157269494646945, 1.5835258950831705, 0.6683726209280009]",2.897728252031172,0.1495762774349714,"[1.97142857 1.97142857 1.97142857 1.97142857 1.97142857 0.86207424
 1.12341683 0.9468185  0.8559005  0.6654754 ]",1.971428571428571,0.8620742360644783,5,12,24,2.821950674057007,1,836.0,0.0,0.0,15,regular,18,12,24,4.0,0.3333,0.3333,0.0,0.9184001660778919
known,static_conjecture,barabasi_16,14.867766653250602,"[2.840491766027259, 2.81044299779023, 2.0540653404115496, 1.4603549823436732, 2.77956213542702, 0.7407909627534588, 1.7599963388488846, 1.5888301307727632, 1.1844911471387598, 0.16679753926620267]",2.840491766027259,0.7407909627534588,"[1.92736296 1.92736296 1.92736296 1.92736296 1.92736296 0.86207424
 1.12341683 0.9468185  0.8559005  0.6654754 ]",1.9273629648283384,0.8620742360644783,5,19,18,8.726437330245972,1,1548.0,0.0,0.0,16,barabasi,18,19,18,1.8947,0.0,0.6316,-0.4088,0.8259870362917001
known,static_conjecture,gnm_17,48.00549761576671,"[2.352235211596949, 2.4582497289875604, 2.2540010878061265, 2.476304950187073, 2.919669205440628, 0.797004922493454, 1.5687828598590126, 0.7816520694123843, 0.3166083650930599, 1.1080863011890099]",2.352235211596949,0.797004922493454,"[2.3475892  2.3475892  2.3475892  2.3475892  2.3475892  0.86207424
 1.12341683 0.9468185  0.8559005  0.6654754 ]",2.347589195892364,0.8620742360644783,5,15,89,17.19169020652771,1,991.0,0.0,0.0,17,gnm,54,15,89,11.8667,0.8384,0.2,-0.0595,0.8889906965882723
known,static_conjecture,gnm_18,62.71663626573306,"[2.555708650918985, 2.528860060841758, 2.637540621445431, 2.2311635136538612, 2.456856438355126, 0.7333988691812587, 3.0039449408226973, 2.37187669848111, 1.578836455807956, 0.7818897311242965]",2.555708650918985,0.7333988691812587,"[2.50028142 2.50028142 2.50028142 2.50028142 2.50028142 0.86207424
 1.12341683 0.9468185  0.8559005  0.6654754 ]",2.500281420389196,0.8620742360644783,5,18,125,17.57241415977478,1,596.0,0.0,0.0,18,gnm,75,18,125,13.8889,0.8283,0.1667,-0.1312,0.8362218168764408
known,static_conjecture,watts_19,13.57082987090378,"[1.6334391377746, 1.2180474401979973, 2.434232926688349, 1.3796598643338671, 1.7529174873330708, 0.8941746921298437, 1.9022782109803553, 0.4414303851100778, 1.3394543515791821, 1.2509251957038239]",1.6334391377746,0.8941746921298437,"[1.57079633 1.57079633 1.57079633 1.57079633 1.57079633 0.86207424
 1.12341683 0.9468185  0.8559005  0.6654754 ]",1.5707963267948966,0.8620742360644783,5,17,17,6.812009572982788,1,1455.0,0.0,0.0,19,watts,16,17,17,2.0,0.0,0.5294,-0.242,0.8481768669314862
known,static_conjecture,barabasi_20,15.464244736032189,"[1.326129770447841, 3.02691105588643, 1.6537369692243185, 3.1415526493630264, 1.4285159341899347, 2.014426459418858, 2.4307207703460847, 2.2240756993999726, 1.2569115512058073, 0.4462032433548043]",1.326129770447841,2.014426459418858,"[1.54557823 1.54557823 1.54557823 1.54557823 1.54557823 0.86207424
 1.12341683 0.9468185  0.8559005  0.6654754 ]",1.545578231292517,0.8620742360644783,5,14,24,7.908373117446899,1,1413.0,0.0,0.0,20,barabasi,18,14,24,3.4286,0.6996,0.4286,-0.3958,0.8591247075573438
known,static_conjecture,gnm_21,5.319920989742968,"[2.85106399188665, 1.8415611372353222, 0.578024626531356, 1.374093639427548, 1.7368694083818674, 1.8013689013759817, 3.014229707517546, 1.8552797385303237, 2.833640418659458, 1.296574263394588]",2.85106399188665,1.8013689013759815,"[1.85651061 1.85651061 1.85651061 1.85651061 1.85651061 0.86207424
 1.12341683 0.9468185  0.8559005  0.6654754 ]",1.856510612509182,0.8620742360644783,5,6,7,6.039142608642578,1,1430.0,0.0,0.0,21,gnm,6,6,7,2.3333,0.25,0.5,-0.5556,0.8866534982904947
known,static_conjecture,watts_22,15.392718553522212,"[1.72713887290424, 2.786729351632506, 1.4694812448513028, 3.140544744651568, 1.5616146242749842, 1.3058161173786997, 2.3518812560760196, 1.7696095838952839, 1.7247326242218124, 0.6395955870018093]",1.72713887290424,1.3058161173786995,"[1.54166667 1.54166667 1.54166667 1.54166667 1.54166667 0.86207424
 1.12341683 0.9468185  0.8559005  0.6654754 ]",1.541666666666667,0.8620742360644783,5,12,24,6.548830509185791,1,861.0,0.0,0.0,22,watts,19,12,24,4.0,0.3889,0.3333,-0.2043,0.8101430817643269
known,static_conjecture,watts_23,21.017880303709028,"[1.8476496123936577, 2.5066538465037573, 1.7361457200289805, 2.8037019166676203, 1.8413528692650027, 1.4653193274730203, 1.5081897361167216, 2.0618041335440056, 1.8442908040566561, 1.5890140394375751]",1.8476496123936577,1.4653193274730203,"[1.54166667 1.54166667 1.54166667 1.54166667 1.54166667 0.86207424
 1.12341683 0.9468185  0.8559005  0.6654754 ]",1.541666666666667,0.8620742360644783,5,15,30,11.52468466758728,1,1515.0,0.0,0.0,23,watts,25,15,30,4.0,0.2429,0.4,-0.27,0.8407152121483611
known,static_conjecture,watts_24,8.579445595049174,"[0.5064915808334349, 2.186811155172145, 1.7467861046022761, 2.3353369797879027, 1.6180646829049021, 1.4359101858979058, 1.0951251841845977, 0.8401097441145433, 0.9174279907086926, 0.6531169618444044]",0.5064915808334349,1.4359101858979058,"[1.46995192 1.46995192 1.46995192 1.46995192 1.46995192 0.86207424
 1.12341683 0.9468185  0.8559005  0.6654754 ]",1.4699519230769231,0.8620742360644783,5,10,10,2.775604486465454,1,1379.0,0.0,0.0,24,watts,9,10,10,2.0,0.0,0.5,-0.0526,0.9532717327832416
known,static_conjecture,barabasi_25,7.033260805708286,"[2.398267815424007, 3.1414334260909733, 2.3778093948816093, 2.7950142147835484, 2.6489223767034322, 0.4531124075142009, 3.0996251603289444, 1.5744209868239643, 1.6293722294821862, 1.1792684311969037]",2.398267815424007,0.4531124075142009,"[2.24017012 2.24017012 2.24017012 2.24017012 2.24017012 0.86207424
 1.12341683 0.9468185  0.8559005  0.6654754 ]",2.2401701165955554,0.8620742360644783,5,9,8,5.023868560791016,1,1114.0,0.0,0.0,25,barabasi,8,9,8,1.7778,0.0,0.5556,-0.5748,0.8791576007135358
known,static_conjecture,regular_26,18.000043433812174,"[3.141592653589793, 0.5133429912768988, 2.3704857551161265, 1.8947615763755061, 2.6186833048349953, 0.3572786774772072, 2.0943222145238893, 1.2461569756781379, 0.7718795218164705, 1.0566480155707962]",3.141592653589793,0.3572786774772072,"[3.14159265 3.14159265 3.14159265 3.14159265 3.14159265 0.86207424
 1.12341683 0.9468185  0.8559005  0.6654754 ]",3.141592653589793,0.8620742360644783,5,20,20,7.355165719985962,1,1130.0,0.0,0.0,26,regular,20,20,20,2.0,0.0,0.45,0.0,0.9000021716906087
known,static_conjecture,gnm_27,67.16532168013222,"[2.6240326844424215, 2.8072738374429296, 2.598654708368718, 2.626521981269572, 2.4734303246461233, -1.6601153519070122, 3.083716075161048, 3.0745453589160534, 2.4263553043803903, 1.183906465921514]",2.624032684442421,-1.6601153519070122,"[2.55884163 2.55884163 2.55884163 2.55884163 2.55884163 0.86207424
 1.12341683 0.9468185  0.8559005  0.6654754 ]",2.5588416294374445,0.8620742360644783,5,18,133,15.7011456489563,1,511.0,0.0,0.0,27,gnm,78,18,133,14.7778,0.8719,0.1667,-0.1253,0.8610938676940029
known,static_conjecture,barabasi_28,24.045659993059903,"[0.16044972736773333, 1.7186394602499546, 1.6946116529553636, 2.712523747859774, 0.8176891663182968, 1.0609706901582006, 3.141362499198178, 1.302528064072631, 1.6770446731263398, 1.4187184811873943]",0.1604497273677333,1.0609706901582006,"[1.55933364 1.55933364 1.55933364 1.55933364 1.55933364 0.86207424
 1.12341683 0.9468185  0.8559005  0.6654754 ]",1.559333641120345,0.8620742360644783,5,19,34,9.24679470062256,1,1185.0,0.0,0.0,28,barabasi,27,19,34,3.5789,0.4164,0.4211,-0.3501,0.8905799997429594
known,static_conjecture,watts_29,9.761894382707396,"[1.5365864252814494, 1.9101877714769344, 2.9733008099487703, 1.9034699519818483, 1.62877997595607, 1.018407243830135, 2.871552080214926, 2.5732431244119365, 2.3401663170677507, 1.1626953212225666]",1.5365864252814494,1.018407243830135,"[1.76771255 1.76771255 1.76771255 1.76771255 1.76771255 0.86207424
 1.12341683 0.9468185  0.8559005  0.6654754 ]",1.7677125506072873,0.8620742360644783,5,7,14,2.8984386920928955,1,876.0,0.0,0.0,29,watts,10,7,14,4.0,0.6238,0.2857,-0.1667,0.9761894382707397
known,static_conjecture,barabasi_30,9.36978730082245,"[1.3088868254641772, 1.550709228777039, 2.1736297008551473, 1.7050609744980036, 1.8742273232681557, 0.0013479629571851552, 1.9896295729298057, 1.7222757703159135, 1.4231875427344847, 0.16596330973981355]",1.3088868254641772,0.0013479629571851,"[1.56203704 1.56203704 1.56203704 1.56203704 1.56203704 0.86207424
 1.12341683 0.9468185  0.8559005  0.6654754 ]",1.5620370370370371,0.8620742360644783,5,12,11,3.660792827606201,1,1162.0,0.0,0.0,30,barabasi,11,12,11,1.8333,0.0,0.5,-0.3484,0.8517988455293136
known,static_conjecture,gnm_31,13.973459304460505,"[1.5650449613655983, 1.8688645071886956, 3.083663735388072, 2.6345070787515015, 2.7551805753313205, -0.6630705241298456, 1.9351165410621003, 2.56372952471492, 1.7444334110751685, 1.7313428813583989]",1.5650449613655983,-0.6630705241298456,"[2.1422249  2.1422249  2.1422249  2.1422249  2.1422249  0.86207424
 1.12341683 0.9468185  0.8559005  0.6654754 ]",2.142224898223468,0.8620742360644783,5,10,21,9.030171632766724,1,1595.0,0.0,0.0,31,gnm,15,10,21,4.2,0.5267,0.4,-0.3835,0.9315639536307003
known,static_conjecture,gnm_32,11.024480368554578,"[2.933753665603692, 2.8141884801965307, 1.797090389700045, 1.9655616546457084, 1.8546180294189276, 2.0816540868749804, 1.8415332033410288, 1.637250090178322, 1.3850569988431145, 0.14794233679293878]",2.933753665603692,2.0816540868749804,"[1.82079633 1.82079633 1.82079633 1.82079633 1.82079633 0.86207424
 1.12341683 0.9468185  0.8559005  0.6654754 ]",1.8207963267948968,0.8620742360644783,5,7,17,6.051193952560425,1,1276.0,0.0,0.0,32,gnm,12,7,17,4.8571,0.7714,0.2857,-0.2966,0.9187066973795481
known,static_conjecture,barabasi_33,27.147627465890025,"[3.00116607604391, 2.9015902146228436, 2.171147496081509, 1.817716193007565, 1.9908677881445187, 0.4914827142202227, 1.950363755467059, 1.585978407622529, 1.5674433895106596, 0.23621503669289212]",3.00116607604391,0.4914827142202227,"[1.75400095 1.75400095 1.75400095 1.75400095 1.75400095 0.86207424
 1.12341683 0.9468185  0.8559005  0.6654754 ]",1.7540009469696969,0.8620742360644783,5,16,39,6.999107122421265,1,907.0,0.0,0.0,33,barabasi,32,16,39,4.875,0.3637,0.375,-0.3335,0.8483633583090633
known,static_conjecture,watts_34,26.814087466205468,"[3.1359214609251156, 1.5568119360434383, 1.388366381293952, 2.7916842995470534, 0.5049956373405164, 0.8340516370870648, 2.4433844314629822, 2.1455807158895492, 1.78017101332751, 1.3915629746494127]",3.135921460925116,0.8340516370870648,"[1.57079633 1.57079633 1.57079633 1.57079633 1.57079633 0.86207424
 1.12341683 0.9468185  0.8559005  0.6654754 ]",1.5707963267948966,0.8620742360644783,5,19,38,14.888816118240356,1,1422.0,0.0,0.0,34,watts,30,19,38,4.0,0.2188,0.4211,-0.1844,0.8938029155401822
known,static_conjecture,barabasi_35,10.811979272779327,"[1.7113396983885594, 1.8679420975344183, 1.1039843783566996, 2.838826549795855, 1.3440916289994107, 0.6805948818975536, 2.789793949667735, 1.376516564893111, 1.3601920571531338, 0.19769112079461504]",1.7113396983885594,0.6805948818975536,"[1.56055227 1.56055227 1.56055227 1.56055227 1.56055227 0.86207424
 1.12341683 0.9468185  0.8559005  0.6654754 ]",1.5605522682445758,0.8620742360644783,5,13,12,3.993465185165405,1,1244.0,0.0,0.0,35,barabasi,12,13,12,1.8462,0.0,0.6923,-0.6763,0.9009982727316106
known,static_conjecture,barabasi_36,7.329524289840036,"[2.9527395104571665, 1.9990196778710656, 2.1119007104935124, 1.5791931100579126, 2.422494030498046, 1.772772193918299, 2.942950788752741, 1.2373937172016096, 1.9548000900139342, 1.6185744952027024]",2.9527395104571665,1.772772193918299,"[2.18690907 2.18690907 2.18690907 2.18690907 2.18690907 0.86207424
 1.12341683 0.9468185  0.8559005  0.6654754 ]",2.1869090704617022,0.8620742360644783,5,9,8,2.271552085876465,1,927.0,0.0,0.0,36,barabasi,8,9,8,1.7778,0.0,0.6667,-0.6391,0.9161905362300045
known,static_conjecture,watts_37,13.208258088787517,"[3.1288365597116066, 2.102006274882317, 2.4494732973947086, 1.738880954110539, 1.7720077774349374, -0.3541421244122542, 2.836787752126003, 2.522161803154293, 1.16042004492675, 1.1804241025652034]",3.1288365597116066,-0.3541421244122542,"[1.54166667 1.54166667 1.54166667 1.54166667 1.54166667 0.86207424
 1.12341683 0.9468185  0.8559005  0.6654754 ]",1.541666666666667,0.8620742360644783,5,15,15,4.050542116165161,1,1148.0,0.0,0.0,37,watts,14,15,15,2.0,0.0,0.4667,0.0,0.9434470063419654
known,static_conjecture,barabasi_38,5.059629487086568,"[2.6867863861585697, 2.351242545235578, 3.0646578638056408, 2.5069016891787097, 2.3274861740931567, 0.25170250236619307, 2.2960131680770246, 0.8063511907894088, 1.4534680393488744, 1.2838707384878494]",2.6867863861585697,0.251702502366193,"[2.34870595 2.34870595 2.34870595 2.34870595 2.34870595 0.86207424
 1.12341683 0.9468185  0.8559005  0.6654754 ]",2.34870594630933,0.8620742360644783,5,7,6,11.5417218208313,1,2608.0,0.0,0.0,38,barabasi,6,7,6,1.7143,0.0,0.4286,-0.6667,0.8432715811810946
known,static_conjecture,barabasi_39,13.063067900927471,"[2.3415988222074606, 2.117256618408862, 1.422047002459609, 1.8334217938972723, 2.281305429487327, 1.6443071054060545, 2.604087488042179, 1.987676437343559, 1.953473958401219, 1.355065424692073]",2.3415988222074606,1.6443071054060543,"[2.02933098 2.02933098 2.02933098 2.02933098 2.02933098 0.86207424
 1.12341683 0.9468185  0.8559005  0.6654754 ]",2.02933097718254,0.8620742360644783,5,16,15,6.679752349853516,1,1197.0,0.0,0.0,39,barabasi,15,16,15,1.875,0.0,0.6875,-0.5882,0.8708711933951647
known,static_conjecture,barabasi_40,42.75655391976921,"[3.038362072289181, 3.1388046971085, 2.941825932780243, 2.9050418903360242, 2.874211675667079, 0.4897851447392388, 3.1296975395021516, 1.9438944295968463, 1.8103808181801992, 0.15266994498777703]",3.038362072289181,0.4897851447392388,"[2.82025253 2.82025253 2.82025253 2.82025253 2.82025253 0.86207424
 1.12341683 0.9468185  0.8559005  0.6654754 ]",2.820252525252526,0.8620742360644783,5,20,64,22.49933910369873,1,1365.0,0.0,0.0,40,barabasi,47,20,64,6.4,0.3732,0.4,-0.3084,0.9097139131865789
known,static_conjecture,regular_41,18.798365002658848,"[1.7403191957725972, 2.7179066424385336, 2.118026339977556, 3.141570378228275, 3.0274372533258243, 0.18790164462710868, 1.4008802047527054, 0.9686240969565763, 1.289016384979561, 0.6804001971233675]",1.7403191957725972,0.1879016446271086,"[3.14159265 3.14159265 3.14159265 3.14159265 3.14159265 0.86207424
 1.12341683 0.9468185  0.8559005  0.6654754 ]",3.141592653589793,0.8620742360644783,5,16,24,7.618966579437256,1,1258.0,0.0,0.0,41,regular,22,16,24,3.0,0.0,0.375,0.0,0.8544711364844931
known,static_conjecture,gnm_42,51.15996407383558,"[2.942599343788081, 1.614931186366609, 2.36612535241808, 2.3162847260136985, 2.397224366213539, 1.120255379207439, 2.3624927566008425, 0.7768385419688211, 1.5708289158236357, 0.7913385984283866]",2.942599343788081,1.120255379207439,"[2.25582846 2.25582846 2.25582846 2.25582846 2.25582846 0.86207424
 1.12341683 0.9468185  0.8559005  0.6654754 ]",2.25582846122624,0.8620742360644783,5,19,87,11.356303930282593,1,672.0,0.0,0.0,42,gnm,58,19,87,9.1579,0.5053,0.2105,-0.0565,0.8820683461006135
known,static_conjecture,watts_43,7.005659671755609,"[1.60396371638869, 2.9897377112345067, 1.8698296742693912, 2.5160885571185654, 1.0725492294999444, 0.5942513296123104, 1.7723837676155942, 1.337707907380064, 1.7498157192083614, 1.3770856886789349]",1.60396371638869,0.5942513296123104,"[1.47857312 1.47857312 1.47857312 1.47857312 1.47857312 0.86207424
 1.12341683 0.9468185  0.8559005  0.6654754 ]",1.4785731244064575,0.8620742360644783,5,9,9,2.7266345024108887,1,1486.0,0.0,0.0,43,watts,8,9,9,2.0,0.1852,0.4444,0.1562,0.8757074589694511
known,static_conjecture,barabasi_44,6.108355793262717,"[2.7552666569088675, 1.2846239525131877, 3.1390516324940174, 2.9937946197953353, 2.78878693787551, 1.8977494917989022, 1.473251184304227, 2.6189067406023625, 2.1508054299006893, 1.2329853221078326]",2.7552666569088675,1.8977494917989024,"[2.20232017 2.20232017 2.20232017 2.20232017 2.20232017 0.86207424
 1.12341683 0.9468185  0.8559005  0.6654754 ]",2.202320171604711,0.8620742360644783,5,8,7,1.8228466510772705,1,1102.0,0.0,0.0,44,barabasi,7,8,7,1.75,0.0,0.625,-0.5867,0.8726222561803881
known,static_conjecture,regular_45,6.892700760028674,"[1.7944744756218944, 2.0428823375290843, 2.0843856545387016, 1.5707336011032536, 1.6081900578242312, 0.49942874756811817, 2.8230915845906166, 1.2246259003722155, 1.802149245192629, 0.7268676827019498]",1.7944744756218944,0.4994287475681181,"[1.75020243 1.75020243 1.75020243 1.75020243 1.75020243 0.86207424
 1.12341683 0.9468185  0.8559005  0.6654754 ]",1.7502024291497975,0.8620742360644783,5,6,9,2.100278854370117,1,1001.0,0.0,0.0,45,regular,7,6,9,3.0,0.3333,0.3333,0.0,0.9846715371469534
known,static_conjecture,barabasi_46,11.275740576675998,"[1.1747559181147111, 0.31924643448769574, 1.2273115442340896, 3.14029132254138, 0.9532917273749086, 1.3728362416161868, 3.1392667643666288, 1.4514792786136097, 1.9612017917582718, 1.3381095303738677]",1.1747559181147111,1.3728362416161868,"[1.55555556 1.55555556 1.55555556 1.55555556 1.55555556 0.86207424
 1.12341683 0.9468185  0.8559005  0.6654754 ]",1.5555555555555556,0.8620742360644783,5,15,14,2.546670913696289,1,644.0,0.0,0.0,46,barabasi,14,15,14,1.8667,0.0,0.6667,-0.4818,0.8054100411911428
known,static_conjecture,watts_47,6.440409334470061,"[2.477097589720037, 2.229315532435341, 1.233548334582733, 2.484388495565628, 0.7126365052615753, 1.387429362425583, 1.7824086245823616, 2.2809544069071164, 1.763212352131845, 1.4400360728275916]",2.477097589720037,1.387429362425583,"[1.53033274 1.53033274 1.53033274 1.53033274 1.53033274 0.86207424
 1.12341683 0.9468185  0.8559005  0.6654754 ]",1.5303327429149798,0.8620742360644783,5,8,8,4.603407859802246,1,1250.0,0.0,0.0,47,watts,7,8,8,2.0,0.2917,0.375,-0.0667,0.9200584763528659
known,static_conjecture,barabasi_48,26.54060330419949,"[2.9653588607746073, 3.140656355716731, 1.8830646622968419, 3.127786007669773, 1.8070510898492897, 1.7975781992787518, 3.13899825172063, 2.4949106924059503, 2.3702179427794023, 1.3634116146511621]",2.9653588607746078,1.7975781992787518,"[1.78806141 1.78806141 1.78806141 1.78806141 1.78806141 0.86207424
 1.12341683 0.9468185  0.8559005  0.6654754 ]",1.7880614099472232,0.8620742360644783,5,17,42,11.414092779159546,1,1093.0,0.0,0.0,48,barabasi,32,17,42,4.9412,0.5312,0.4118,-0.3646,0.829393853256234
known,static_conjecture,barabasi_49,6.330999699005588,"[2.886025300103219, 1.7845263543498668, 1.5758529130443262, 2.400848054919008, 2.6133971909286218, 0.552889700133022, 3.0620129174004367, 1.5052038574121778, 1.8877008571714349, 0.2340405671263504]",2.886025300103219,0.552889700133022,"[2.20232017 2.20232017 2.20232017 2.20232017 2.20232017 0.86207424
 1.12341683 0.9468185  0.8559005  0.6654754 ]",2.202320171604711,0.8620742360644783,5,8,7,3.3533947467803955,1,1995.0,0.0,0.0,49,barabasi,7,8,7,1.75,0.0,0.625,-0.4933,0.9044285284293697
known,static_conjecture,watts_50,8.679535196456792,"[2.0382534180677725, 1.6964894470755922, 1.5868646494673366, 1.789107735475989, 2.679905665245007, 1.367741073734305, 2.2777336230328666, 1.7800264574272737, 1.2596850727905893, 0.7203971362830063]",2.0382534180677725,1.367741073734305,"[1.46995192 1.46995192 1.46995192 1.46995192 1.46995192 0.86207424
 1.12341683 0.9468185  0.8559005  0.6654754 ]",1.4699519230769231,0.8620742360644783,5,10,10,7.245014429092407,1,1954.0,0.0,0.0,50,watts,10,10,10,2.0,0.0,0.5,-0.0526,0.8679535196456791
known,static_conjecture,regular_51,12.4477227456005,"[3.1298869628297323, 1.9515328884365317, 2.476116568976514, 2.244417625872642, 1.127840786271035, 0.5520280124890106, 2.8008068784672795, 2.5750379790288873, 1.7186282814536948, 0.6712249935329542]",3.1298869628297323,0.5520280124890106,"[1.53632918 1.53632918 1.53632918 1.53632918 1.53632918 0.86207424
 1.12341683 0.9468185  0.8559005  0.6654754 ]",1.5363291750727188,0.8620742360644783,5,14,14,5.606999635696411,1,1099.0,0.0,0.0,51,regular,14,14,14,2.0,0.0,0.4286,0.0,0.8891230532571786
known,static_conjecture,barabasi_52,14.19239187276962,"[1.9456923033751932, 2.4231020347456003, 1.707942363308475, 2.7806952218488865, 2.0506493889960655, 1.4907568485225393, 1.580562830713427, 2.0088021339774498, 1.8327355319034426, 1.4890909182759398]",1.9456923033751927,1.490756848522539,"[1.64436241 1.64436241 1.64436241 1.64436241 1.64436241 0.86207424
 1.12341683 0.9468185  0.8559005  0.6654754 ]",1.6443624106562704,0.8620742360644783,5,12,20,10.63716721534729,1,1617.0,0.0,0.0,52,barabasi,17,12,20,3.3333,0.3139,0.4167,-0.3137,0.8348465807511541
known,static_conjecture,barabasi_53,9.55706316673202,"[0.9949202566925239, 1.8098129340402522, 2.4641945571172577, 1.6734822186238976, 1.57087249044126, 1.4867872774208046, 1.9436218181146505, 1.1427156033969426, 1.3990831646208752, 0.6356622504684857]",0.994920256692524,1.4867872774208046,"[1.56203704 1.56203704 1.56203704 1.56203704 1.56203704 0.86207424
 1.12341683 0.9468185  0.8559005  0.6654754 ]",1.5620370370370371,0.8620742360644783,5,12,11,4.623307704925537,1,944.0,0.0,0.0,53,barabasi,11,12,11,1.8333,0.0,0.5,-0.2974,0.8688239242483654
known,static_conjecture,gnm_54,5.2745064717692,"[0.5304135848701301, 3.132626681746795, 3.1329221718994242, 2.9819559682031698, 2.249826121046488, 3.1383102316274174, 0.6654550549897611, 1.2376124197576408, 0.9841188847776379, 1.7151075309080261]",0.5304135848701301,3.1383102316274174,"[1.85651061 1.85651061 1.85651061 1.85651061 1.85651061 0.86207424
 1.12341683 0.9468185  0.8559005  0.6654754 ]",1.856510612509182,0.8620742360644783,5,6,7,2.33150053024292,1,1428.0,0.0,0.0,54,gnm,6,6,7,2.3333,0.2778,0.5,-0.1667,0.8790844119615334
known,static_conjecture,barabasi_55,18.269926988569864,"[1.7690470987389944, 2.6691577017928756, 1.5370848259063847, 2.738255933380261, 1.5611774367208984, 1.416078084563829, 2.280804777074234, 2.714291427834606, 2.3696364468821165, 0.7370817428972183]",1.7690470987389944,1.416078084563829,"[1.5890873  1.5890873  1.5890873  1.5890873  1.5890873  0.86207424
 1.12341683 0.9468185  0.8559005  0.6654754 ]",1.5890873015873015,0.8620742360644783,5,16,28,11.215113401412964,1,1517.0,0.0,0.0,55,barabasi,23,16,28,3.5,0.3049,0.5,-0.3503,0.7943446516769506
known,static_conjecture,watts_56,9.864236216427798,"[2.9631821395423206, 2.802161502040259, 1.6719473987375553, 2.0095133464165023, 1.6793015356698748, 0.9366533715065877, 1.879921001891852, 0.8208400219580982, 1.3887526325923052, 1.632315186379555]",2.963182139542321,0.9366533715065876,"[1.8668712  1.8668712  1.8668712  1.8668712  1.8668712  0.86207424
 1.12341683 0.9468185  0.8559005  0.6654754 ]",1.8668712044534412,0.8620742360644783,5,8,16,3.4667036533355717,1,957.0,0.0,0.0,56,watts,13,8,16,4.0,0.4667,0.25,-0.1613,0.7587874012636768
known,static_conjecture,barabasi_57,33.40022328853728,"[2.9870762609513424, 1.9631254857343263, 2.6474861145574815, 2.284232713259617, 2.2265817504970458, 0.4300661694714199, 1.6120197939961156, 1.5937679847809545, 1.5499881226677896, 0.2615961004699404]",2.9870762609513424,0.4300661694714199,"[1.85904672 1.85904672 1.85904672 1.85904672 1.85904672 0.86207424
 1.12341683 0.9468185  0.8559005  0.6654754 ]",1.859046717171716,0.8620742360644783,5,20,51,13.792572498321531,1,1018.0,0.0,0.0,57,barabasi,39,20,51,5.1,0.3382,0.35,-0.4138,0.8564159817573662
known,static_conjecture,barabasi_58,14.954704884610946,"[2.887139070026591, 2.673847856700856, 2.662146064348497, 1.1888496473304049, 2.0717509977685875, 2.1274074842226645, 1.8861367529612623, 0.17381022724204, 1.4633303628808871, 1.5780913708793478]",2.887139070026591,2.1274074842226645,"[1.92991957 1.92991957 1.92991957 1.92991957 1.92991957 0.86207424
 1.12341683 0.9468185  0.8559005  0.6654754 ]",1.9299195660306767,0.8620742360644783,5,18,17,6.33838963508606,1,1268.0,0.0,0.0,58,barabasi,17,18,17,1.8889,0.0,0.5556,-0.2413,0.8796885226241733
known,static_conjecture,gnm_59,22.9781966283887,"[2.9439984018260628, 2.8712315475857397, 2.865815447919565, 2.0741463252841594, 2.0918189552253876, 0.1889803037261753, 3.1415148158572244, 3.141244569714514, 3.111331575842687, 1.3163288858178817]",2.9439984018260628,0.1889803037261753,"[1.86761053 1.86761053 1.86761053 1.86761053 1.86761053 0.86207424
 1.12341683 0.9468185  0.8559005  0.6654754 ]",1.8676105274727148,0.8620742360644783,5,14,36,4.896654367446899,1,587.0,0.0,0.0,59,gnm,27,14,36,5.1429,0.3588,0.2857,-0.1163,0.8510443195699519
known,static_conjecture,gnm_60,19.949666087647635,"[1.6027330687299393, 1.7199340708334452, 2.7949946169942876, 3.0542176626548123, 2.87780041619943, -0.22104103675923464, 3.0309196660451487, 1.7430531137686383, 1.766183827824108, 1.7851477835266014]",1.6027330687299393,-0.2210410367592346,"[2.1422249  2.1422249  2.1422249  2.1422249  2.1422249  0.86207424
 1.12341683 0.9468185  0.8559005  0.6654754 ]",2.142224898223468,0.8620742360644783,5,10,32,12.8829083442688,1,1541.0,0.0,0.0,60,gnm,22,10,32,6.4,0.6717,0.3,-0.1513,0.9068030039839834
known,static_conjecture,barabasi_61,5.462583244053349,"[2.2609732825460873, 2.4025218579551195, 2.281041329465111, 2.702828745154475, 2.320505685180453, -0.1216188784125261, 2.368361851266062, 1.1973259572374042, 1.446484921725919, 0.22194754219427856]",2.2609732825460878,-0.1216188784125261,"[2.17599942 2.17599942 2.17599942 2.17599942 2.17599942 0.86207424
 1.12341683 0.9468185  0.8559005  0.6654754 ]",2.1759994235088223,0.8620742360644783,5,7,6,6.702306747436523,1,1525.0,0.0,0.0,61,barabasi,6,7,6,1.7143,0.0,0.7143,-0.776,0.9104305406755581
known,static_conjecture,watts_62,18.16597067216491,"[1.6725670120530323, 2.8518067241145384, 0.10800762241712569, 2.4972241875436083, 1.5385693270656806, 0.9318696258412431, 2.7164144545974622, 2.3135583713326935, 1.952720307117521, 1.2093758132370835]",1.6725670120530325,0.9318696258412432,"[1.54166667 1.54166667 1.54166667 1.54166667 1.54166667 0.86207424
 1.12341683 0.9468185  0.8559005  0.6654754 ]",1.541666666666667,0.8620742360644783,5,15,30,11.335992574691772,1,1631.0,0.0,0.0,62,watts,22,15,30,4.0,0.4206,0.4,-0.1709,0.8257259396438595
known,static_conjecture,watts_63,9.13176115101487,"[2.944417445985893, 3.049641105059939, 3.1280565704129852, 1.2951981469540574, 2.527717302759142, 1.710095230235512, 3.1311117258287458, 1.6617262438051004, 1.5257539143196501, 1.3413496883269649]",2.944417445985893,1.710095230235512,"[1.48238815 1.48238815 1.48238815 1.48238815 1.48238815 0.86207424
 1.12341683 0.9468185  0.8559005  0.6654754 ]",1.482388147566719,0.8620742360644783,5,7,14,3.506582260131836,1,1021.0,0.0,0.0,63,watts,10,7,14,4.0,0.5714,0.4286,-0.4259,0.9131761151014871
known,static_conjecture,gnm_64,6.525487609193078,"[2.8518199683338255, 1.9182692059931854, 1.8385293006175238, 1.7574931973462575, 1.9418725545857296, 1.0398230187356317, 2.8579026360778035, 2.6501017424552344, 2.432008979877831, 0.5578665660542153]",2.851819968333825,1.0398230187356317,"[1.85651061 1.85651061 1.85651061 1.85651061 1.85651061 0.86207424
 1.12341683 0.9468185  0.8559005  0.6654754 ]",1.856510612509182,0.8620742360644783,5,6,10,3.396716594696045,1,877.0,0.0,0.0,64,gnm,7,6,10,3.3333,0.6667,0.3333,-0.3333,0.9322125155990112
known,static_conjecture,barabasi_65,8.70823974692565,"[2.0021166197787332, 1.469820743148475, 1.2814693555648953, 2.5075385902842835, 1.5803917328683346, 1.6965798062479416, 1.1711220329378673, 1.4467497201576562, 1.3680214304755733, 0.1650922529629273]",2.002116619778733,1.6965798062479416,"[1.55371901 1.55371901 1.55371901 1.55371901 1.55371901 0.86207424
 1.12341683 0.9468185  0.8559005  0.6654754 ]",1.5537190082644627,0.8620742360644783,5,11,10,3.546257734298706,1,1030.0,0.0,0.0,65,barabasi,10,11,10,1.8182,0.0,0.5455,-0.4651,0.8708239746925649
known,static_conjecture,regular_66,16.865387848848492,"[2.8949390483133683, 2.1772852035204524, 1.7172875395304814, 2.541010494143936, 1.9116951296176414, 0.13566360439325903, 2.2941473830551034, 1.380985987409226, 1.5107405980172737, 0.6638045245411501]",2.8949390483133683,0.135663604393259,"[1.97142857 1.97142857 1.97142857 1.97142857 1.97142857 0.86207424
 1.12341683 0.9468185  0.8559005  0.6654754 ]",1.971428571428571,0.8620742360644783,5,12,24,3.907053232192993,1,703.0,0.0,0.0,66,regular,18,12,24,4.0,0.375,0.3333,0.0,0.936965991602694
known,static_conjecture,watts_67,13.620077557569571,"[2.835128379126937, 1.6547019100848588, 1.5978699567943324, 1.574402298617497, 1.0797285477511749, 1.2027745868975117, 1.7097235356848501, 0.8913072367317902, 1.4167888832750393, 0.23865893801707638]",2.835128379126937,1.2027745868975117,"[1.49076923 1.49076923 1.49076923 1.49076923 1.49076923 0.86207424
 1.12341683 0.9468185  0.8559005  0.6654754 ]",1.4907692307692306,0.8620742360644783,5,10,20,2.0612387657165527,1,904.0,0.0,0.0,67,watts,15,10,20,4.0,0.4733,0.4,-0.0256,0.908005170504638
known,static_conjecture,gnm_68,31.0790072160823,"[2.850610289866946, 1.93693886552299, 3.123624425062946, 2.7511834448124923, 1.7148306695112097, 1.1875873956214527, 3.1222535363719532, 1.5883258471525066, 1.5894833633613854, 0.7648787853978689]",2.850610289866946,1.1875873956214529,"[2.32963537 2.32963537 2.32963537 2.32963537 2.32963537 0.86207424
 1.12341683 0.9468185  0.8559005  0.6654754 ]",2.3296353665273672,0.8620742360644783,5,20,47,13.281219005584717,1,933.0,0.0,0.0,68,gnm,40,20,47,4.7,0.2011,0.4,-0.2134,0.7769751804020575
known,static_conjecture,barabasi_69,4.791510790174471,"[1.7496968428975574, 2.7999202769779, 2.5190103982171923, 3.1310416451928313, 1.5749493589907493, 1.0551747095153097, 1.8498844628091908, 0.9634703937773934, 1.754967952393819, 0.40946527901909435]",1.7496968428975574,1.0551747095153097,"[2.18690907 2.18690907 2.18690907 2.18690907 2.18690907 0.86207424
 1.12341683 0.9468185  0.8559005  0.6654754 ]",2.1869090704617022,0.8620742360644783,5,6,5,1.069310426712036,1,971.0,0.0,0.0,69,barabasi,5,6,5,1.6667,0.0,0.6667,-0.7391,0.9583021580348943
known,static_conjecture,regular_70,17.48738770834767,"[3.1267617896629556, 0.43336234298304976, 2.7408580704474828, 2.5981276430975813, 1.5197411169344537, 1.2949823339992748, 2.146683811265712, 1.975511847270519, 1.5880402082866876, 1.1307604405071234]",3.126761789662956,1.2949823339992748,"[3.14159265 3.14159265 3.14159265 3.14159265 3.14159265 0.86207424
 1.12341683 0.9468185  0.8559005  0.6654754 ]",3.141592653589793,0.8620742360644783,5,20,20,5.095094919204712,1,982.0,0.0,0.0,70,regular,20,20,20,2.0,0.0,0.4,0.0,0.8743693854173834
known,static_conjecture,watts_71,8.385085910311318,"[1.9838398021201464, 1.7153217649176167, 2.537234620447493, 1.5798933135288564, 1.790695371345028, 1.1321360347347253, 2.4246076519077415, 0.8831755504324279, 2.325606186435706, 0.6917643478994244]",1.9838398021201464,1.1321360347347251,"[1.76771255 1.76771255 1.76771255 1.76771255 1.76771255 0.86207424
 1.12341683 0.9468185  0.8559005  0.6654754 ]",1.7677125506072873,0.8620742360644783,5,7,14,2.6850149631500244,1,1169.0,0.0,0.0,71,watts,10,7,14,4.0,0.7333,0.2857,-0.4,0.8385085910311318
known,static_conjecture,watts_72,5.8864303025857225,"[1.813961571179241, 1.8507539645097641, 1.5342738450693205, 2.1841042158821744, 1.703020362800204, 1.0928286846264967, 2.677613231245135, 1.9154981978116652, 1.3607064424366198, 0.15173395261748196]",1.813961571179241,1.0928286846264967,"[1.4696821  1.4696821  1.4696821  1.4696821  1.4696821  0.86207424
 1.12341683 0.9468185  0.8559005  0.6654754 ]",1.469682103610675,0.8620742360644783,5,7,7,2.7857320308685303,1,1879.0,0.0,0.0,72,watts,7,7,7,2.0,0.0,0.5714,-0.6066,0.8409186146551032
known,static_conjecture,watts_73,9.409180368916266,"[1.8413026557234198, 0.9495170269960505, 1.7786164107803635, 2.425208534063371, 1.6283563230433213, 1.2133836619292997, 1.0659610195602365, 0.7504992943157793, 0.9946453786174247, 0.675900613592852]",1.84130265572342,1.2133836619292997,"[1.54166667 1.54166667 1.54166667 1.54166667 1.54166667 0.86207424
 1.12341683 0.9468185  0.8559005  0.6654754 ]",1.541666666666667,0.8620742360644783,5,11,11,4.540552616119385,1,1638.0,0.0,0.0,73,watts,11,11,11,2.0,0.0,0.5455,-0.0476,0.8553800335378423
known,static_conjecture,regular_74,10.938440504251048,"[2.642412924647686, 1.7486355044952668, 2.5528445040922603, 2.631396720554804, 1.3689104044756921, 1.2526695286131717, 1.960967204385794, 1.1376069749133322, 1.1362312299926858, 0.7656852830708611]",2.642412924647686,1.2526695286131715,"[1.56614833 1.56614833 1.56614833 1.56614833 1.56614833 0.86207424
 1.12341683 0.9468185  0.8559005  0.6654754 ]",1.5661483253588515,0.8620742360644783,5,7,14,5.84887170791626,1,2697.0,0.0,0.0,74,regular,12,7,14,4.0,0.4286,0.4286,0.0,0.9115367086875873
known,static_conjecture,gnm_75,38.64613728611632,"[3.029537847220978, 2.926824826392082, 2.861476919580875, 1.9246931018388673, 2.159193028891001, 2.0256492989899906, 1.907655870523913, 1.7467277658415425, 1.552934305396792, 1.5546299790042526]",3.029537847220978,2.0256492989899906,"[2.24667195 2.24667195 2.24667195 2.24667195 2.24667195 0.86207424
 1.12341683 0.9468185  0.8559005  0.6654754 ]",2.246671951675407,0.8620742360644783,5,17,60,22.20663809776306,1,1631.0,0.0,0.0,75,gnm,43,17,60,7.0588,0.4232,0.2353,-0.2078,0.8987473787468911
known,static_conjecture,regular_76,14.109954945312545,"[3.022254739675585, 1.0769357739828587, 2.9382662390417194, 2.736477185184751, 0.6517745558997173, 2.097227532203122, 3.1399968090311643, 2.6037028351270877, 1.7724219055560095, 0.7558799980645247]",3.022254739675585,2.097227532203122,"[3.14159265 3.14159265 3.14159265 3.14159265 3.14159265 0.86207424
 1.12341683 0.9468185  0.8559005  0.6654754 ]",3.141592653589793,0.8620742360644783,5,16,16,3.1017091274261475,1,1350.0,0.0,0.0,76,regular,16,16,16,2.0,0.0,0.4375,0.0,0.881872184082034
known,static_conjecture,barabasi_77,7.812529562296597,"[2.8650894046380557, 2.314066260953942, 1.5892652437872377, 2.2954412133514737, 2.579130082921944, 0.2491974958529516, 2.9829561352286955, 1.420973052455248, 1.760468033204262, 0.31728498408357314]",2.865089404638056,0.2491974958529516,"[2.28139837 2.28139837 2.28139837 2.28139837 2.28139837 0.86207424
 1.12341683 0.9468185  0.8559005  0.6654754 ]",2.281398371365477,0.8620742360644783,5,10,9,7.241734743118286,1,2169.0,0.0,0.0,77,barabasi,9,10,9,1.8,0.0,0.5,-0.2727,0.8680588402551774
known,static_conjecture,barabasi_78,28.57061645707679,"[3.0285386797659584, 2.860404850491422, 2.205443810066058, 1.0058811179932632, 2.072242383219921, 0.43734098240550845, 2.574947530857383, 1.569500244732481, 0.9022483599455278, 0.02617460760165987]",3.0285386797659584,0.4373409824055084,"[1.78133323 1.78133323 1.78133323 1.78133323 1.78133323 0.86207424
 1.12341683 0.9468185  0.8559005  0.6654754 ]",1.7813332284785572,0.8620742360644783,5,17,42,14.466609001159668,1,1391.0,0.0,0.0,78,barabasi,34,17,42,4.9412,0.3522,0.3529,-0.2744,0.8403122487375527
known,static_conjecture,barabasi_79,10.880843535360436,"[1.7683532060235465, 1.904095077186195, 1.1213374680957797, 2.7591193154232707, 1.2810670283028602, 0.6217835414032571, 2.8209291806154795, 1.367663434533271, 1.4187266593668186, 0.17207380299980118]",1.7683532060235465,0.6217835414032571,"[1.55473373 1.55473373 1.55473373 1.55473373 1.55473373 0.86207424
 1.12341683 0.9468185  0.8559005  0.6654754 ]",1.5547337278106508,0.8620742360644783,5,13,12,3.161768674850464,1,1032.0,0.0,0.0,79,barabasi,12,13,12,1.8462,0.0,0.5385,-0.5339,0.9067369612800363
known,static_conjecture,gnm_80,5.649909431482229,"[1.9065097735230494, 1.7252432834589282, 2.963275562264296, 2.916287011689718, 1.8600398756712777, 0.6678830244394098, 2.1583650453629795, 0.9345839500453658, 1.2605630702044948, 0.8177527172323777]",1.9065097735230492,0.6678830244394098,"[1.85651061 1.85651061 1.85651061 1.85651061 1.85651061 0.86207424
 1.12341683 0.9468185  0.8559005  0.6654754 ]",1.856510612509182,0.8620742360644783,5,6,7,4.104132890701294,1,1062.0,0.0,0.0,80,gnm,6,6,7,2.3333,0.0,0.5,-0.75,0.9416515719137047
known,static_conjecture,gnm_81,9.81336126196402,"[1.4871678378040722, 1.863174301651196, 3.03914534278549, 2.7838680483740568, 1.6361775370117702, 1.6148626437829434, 1.0899001316670383, 2.3182473871093086, 1.9856047717518353, 0.7872045196897404]",1.4871678378040722,1.6148626437829434,"[1.82079633 1.82079633 1.82079633 1.82079633 1.82079633 0.86207424
 1.12341683 0.9468185  0.8559005  0.6654754 ]",1.8207963267948968,0.8620742360644783,5,7,16,2.759725570678711,1,1454.0,0.0,0.0,81,gnm,11,7,16,4.5714,0.7571,0.2857,-0.25,0.8921237510876382
known,static_conjecture,barabasi_82,5.146100657443526,"[3.141591673886973, 2.4070541431172616, 3.141589205361921, 2.1285057453129728, 2.5185712883373785, 1.2200062843797868, 3.1414485163553505, 1.9808543936961198, 1.7203734731725273, 1.1955878740735142]",3.141591673886973,1.2200062843797868,"[2.23017809 2.23017809 2.23017809 2.23017809 2.23017809 0.86207424
 1.12341683 0.9468185  0.8559005  0.6654754 ]",2.230178092584108,0.8620742360644783,5,7,6,3.2839627265930176,1,870.0,0.0,0.0,82,barabasi,6,7,6,1.7143,0.0,0.5714,-0.5,0.8576834429072543
known,static_conjecture,watts_83,25.17856805109663,"[2.825265871954446, 3.14065173935752, 1.6753390675686737, 1.3802972220257397, 1.5702745157955418, 1.2819332649144455, 3.007564850976121, 0.7730288701011725, 2.358949393409268, 0.7957043108109298]",2.825265871954446,1.2819332649144457,"[1.78522594 1.78522594 1.78522594 1.78522594 1.78522594 0.86207424
 1.12341683 0.9468185  0.8559005  0.6654754 ]",1.7852259415015197,0.8620742360644783,5,19,38,13.21155047416687,1,1541.0,0.0,0.0,83,watts,30,19,38,4.0,0.386,0.3158,-0.027,0.839285601703221
known,static_conjecture,watts_84,9.256504881996534,"[2.981481022877847, 2.783884721458283, 0.9680127981083462, 2.997082088791206, 1.8871208113643256, 0.45374974468020446, 1.8125751105381407, 1.6441988840614248, 1.4637464425704547, 0.153227587256755]",2.981481022877847,0.4537497446802044,"[1.48238815 1.48238815 1.48238815 1.48238815 1.48238815 0.86207424
 1.12341683 0.9468185  0.8559005  0.6654754 ]",1.482388147566719,0.8620742360644783,5,7,14,2.972837209701538,1,1275.0,0.0,0.0,84,watts,10,7,14,4.0,0.8095,0.4286,-0.4933,0.9256504881996535
known,static_conjecture,regular_85,12.533397293768491,"[2.932722163529025, 1.2153677255272295, 1.7438486654700618, 2.266235340650311, 1.7767478934630558, 0.44025972669935876, 2.5517832001117657, 1.1318782688378377, 1.1557589924191027, 0.6689306586829422]",2.932722163529025,0.4402597266993587,"[1.53632918 1.53632918 1.53632918 1.53632918 1.53632918 0.86207424
 1.12341683 0.9468185  0.8559005  0.6654754 ]",1.5363291750727188,0.8620742360644783,5,14,14,6.487088203430176,1,1739.0,0.0,0.0,85,regular,14,14,14,2.0,0.0,0.4286,0.0,0.8952426638406065
known,static_conjecture,barabasi_86,15.390995012366556,"[2.8412915768860545, 2.2978434907654472, 0.9344793559275496, 1.4248135669940383, 2.374015238504743, 1.1447702320882098, 3.1388040530668224, 2.3458352035140577, 1.4181659224252234, 1.3344481444310814]",2.8412915768860545,1.1447702320882098,"[1.92454545 1.92454545 1.92454545 1.92454545 1.92454545 0.86207424
 1.12341683 0.9468185  0.8559005  0.6654754 ]",1.9245454545454543,0.8620742360644783,5,20,19,4.271207571029663,1,1038.0,0.0,0.0,86,barabasi,19,20,19,1.9,0.0,0.6,-0.5188,0.810052369071924
known,static_conjecture,watts_87,11.15289679321135,"[1.9284635057143178, 1.466012668206535, 1.7439487262447677, 1.9011739584038514, 0.5922064751423102, 1.6197257726128353, 2.5483368338400467, 1.46151452490404, 1.1474004436692482, 1.3474599521330246]",1.9284635057143176,1.6197257726128351,"[1.54166667 1.54166667 1.54166667 1.54166667 1.54166667 0.86207424
 1.12341683 0.9468185  0.8559005  0.6654754 ]",1.541666666666667,0.8620742360644783,5,13,13,3.23359489440918,1,1199.0,0.0,0.0,87,watts,12,13,13,2.0,0.0,0.4615,0.1875,0.9294080661009457
known,static_conjecture,regular_88,23.53633482826073,"[1.7728075535310697, 2.2638150651284126, 3.1415768636863457, 2.982022056804995, 3.0088956837757364, 0.6335803418109809, 2.1562020294215785, 2.6042598969965076, 1.9112123365178975, 0.8538342607710772]",1.7728075535310697,0.6335803418109809,"[3.14159265 3.14159265 3.14159265 3.14159265 3.14159265 0.86207424
 1.12341683 0.9468185  0.8559005  0.6654754 ]",3.141592653589793,0.8620742360644783,5,20,30,7.806127786636352,1,811.0,0.0,0.0,88,regular,27,20,30,3.0,0.05,0.4,0.0,0.8717161047503974
known,static_conjecture,watts_89,11.779068761490429,"[1.8517824588556662, 1.8265913007773809, 1.2215572184882684, 2.496607274372768, 0.7734277602715522, 0.8779669080329293, 2.645079618953048, 1.0889005545135988, 1.6355543060487512, 0.9270581105156349]",1.8517824588556664,0.8779669080329293,"[1.54166667 1.54166667 1.54166667 1.54166667 1.54166667 0.86207424
 1.12341683 0.9468185  0.8559005  0.6654754 ]",1.541666666666667,0.8620742360644783,5,14,14,2.0057568550109863,1,700.0,0.0,0.0,89,watts,14,14,14,2.0,0.0,0.5,-0.037,0.8413620543921735
known,static_conjecture,gnm_90,46.62495103499045,"[2.394842964103945, 2.436968449809029, 2.3055784659078506, 2.497936373025989, 2.4242094702810766, 0.7699413075709357, 2.1547334680992565, 2.025417104848832, 1.6777133614502717, 0.8970376860598883]",2.394842964103945,0.7699413075709357,"[2.41538078 2.41538078 2.41538078 2.41538078 2.41538078 0.86207424
 1.12341683 0.9468185  0.8559005  0.6654754 ]",2.4153807812841297,0.8620742360644783,5,16,93,11.949926376342772,1,594.0,0.0,0.0,90,gnm,57,16,93,11.625,0.7547,0.1875,-0.1393,0.8179815971050957
known,static_conjecture,regular_91,6.000007608083482,"[2.063373828186381, 2.6718620916084905, 1.2552516653005714, 2.847780628670755, 0.6859713540141763, 1.1759156374140685, 3.137155046810805, 2.3142871420413003, 1.6908214257683087, 0.9915207042779812]",2.063373828186381,1.1759156374140685,"[1.70442584 1.70442584 1.70442584 1.70442584 1.70442584 0.86207424
 1.12341683 0.9468185  0.8559005  0.6654754 ]",1.704425837320574,0.8620742360644783,5,6,6,2.7565951347351074,1,777.0,0.0,0.0,91,regular,6,6,6,2.0,0.0,0.5,0.0,1.0
known,static_conjecture,regular_92,10.976363936826148,"[1.9131195419245015, 0.006405484722931577, 1.4496776101692226, 2.0807504695224655, 1.5004588763588917, 1.2168717456820193, 2.1337962663394197, 2.459840726748602, 2.2315137728055268, 0.6857449340376272]",1.9131195419245013,1.2168717456820193,"[1.33696172 1.33696172 1.33696172 1.33696172 1.33696172 0.86207424
 1.12341683 0.9468185  0.8559005  0.6654754 ]",1.3369617224880386,0.8620742360644783,5,8,16,1.999373197555542,1,1263.0,0.0,0.0,92,regular,12,8,16,4.0,0.5,0.25,0.0,0.9146969947355124
known,static_conjecture,barabasi_93,13.467644972819684,"[1.4226297372490468, 2.9473054576525324, 1.5722709442956195, 2.589566406080916, 1.8730715496951187, 2.218976818246042, 1.8188078317908043, 1.9965594319343931, 1.723195522556177, -0.03511614172835157]",1.4226297372490468,2.218976818246042,"[1.53703704 1.53703704 1.53703704 1.53703704 1.53703704 0.86207424
 1.12341683 0.9468185  0.8559005  0.6654754 ]",1.5370370370370372,0.8620742360644783,5,12,20,7.108678102493286,1,1417.0,0.0,0.0,93,barabasi,15,12,20,3.3333,0.7497,0.4167,-0.4221,0.897842998187979
known,static_conjecture,gnm_94,54.24888751671304,"[2.4652815608734864, 2.8302523513755715, 2.5671500186371166, 2.4546240077660633, 2.403030903837812, 0.8016551646405887, 1.5673576080104263, 1.5748402453563135, 0.7936370421269066, 0.3126119273247604]",2.4652815608734864,0.8016551646405887,"[2.34854601 2.34854601 2.34854601 2.34854601 2.34854601 0.86207424
 1.12341683 0.9468185  0.8559005  0.6654754 ]",2.3485460082063985,0.8620742360644783,5,18,107,18.483689308166504,1,788.0,0.0,0.0,94,gnm,70,18,107,11.8889,0.6822,0.2222,-0.2576,0.7749841073816148
known,static_conjecture,gnm_95,16.09519891084578,"[2.952156105965713, 2.836793396761828, 1.9106814256817013, 1.6985675207525033, 1.8478381245031346, 0.7494729722665914, 2.834264696926342, 2.660269150453135, 2.3226974305054067, 0.46062147764099715]",2.952156105965713,0.7494729722665914,"[1.87513651 1.87513651 1.87513651 1.87513651 1.87513651 0.86207424
 1.12341683 0.9468185  0.8559005  0.6654754 ]",1.875136514719848,0.8620742360644783,5,12,29,2.43215560913086,1,970.0,0.0,0.0,95,gnm,22,12,29,4.8333,0.3778,0.3333,-0.1763,0.7315999504929901
known,static_conjecture,watts_96,21.99447086107559,"[1.3873525898891694, 3.0152785902159116, 1.592805938467561, 3.0033783609483615, 1.5523857584091003, 1.9780190908425914, 2.0994704785399536, 2.5922781011279747, 2.499850108363841, 0.7763663120915627]",1.3873525898891694,1.9780190908425916,"[1.66123357 1.66123357 1.66123357 1.66123357 1.66123357 0.86207424
 1.12341683 0.9468185  0.8559005  0.6654754 ]",1.6612335712113795,0.8620742360644783,5,17,34,12.595199346542358,1,1475.0,0.0,0.0,96,watts,28,17,34,4.0,0.2196,0.3529,-0.1179,0.7855168164669853
known,static_conjecture,barabasi_97,7.681930640207618,"[2.812800110835579, 1.9394293566024283, 2.0151376849305964, 1.6449560193573671, 1.439384855614736, 1.9399351803511027, 3.141561834943495, 2.630659038116197, 1.8102217692744864, 1.8866381903173275]",2.812800110835579,1.939935180351103,"[2.21419442 2.21419442 2.21419442 2.21419442 2.21419442 0.86207424
 1.12341683 0.9468185  0.8559005  0.6654754 ]",2.214194423997056,0.8620742360644783,5,10,9,3.6731247901916495,1,1095.0,0.0,0.0,97,barabasi,9,10,9,1.8,0.0,0.6,-0.2727,0.8535478489119576
known,static_conjecture,watts_98,8.88990543527325,"[1.2452681934586738, 3.0341815888942447, 1.7417907266641925, 1.566635636090231, 1.6522648284305868, 1.0529058687662103, 3.1407135920291456, 1.1201744704797183, 2.1370865597431346, 0.7837130918114654]",1.2452681934586738,1.0529058687662105,"[1.76771255 1.76771255 1.76771255 1.76771255 1.76771255 0.86207424
 1.12341683 0.9468185  0.8559005  0.6654754 ]",1.7677125506072873,0.8620742360644783,5,7,14,3.772247076034546,1,998.0,0.0,0.0,98,watts,10,7,14,4.0,0.719,0.2857,-0.1966,0.8889905435273249
known,static_conjecture,gnm_99,19.552315436270973,"[2.9987525053265034, 3.125141316248557, 2.8761127260512858, 2.7769244312707926, 0.9414754529967799, 2.102941321725387, 3.062696003031766, 0.274313872068566, 1.7189463133205023, 1.4972197221200654]",2.9987525053265034,2.102941321725387,"[1.95544686 1.95544686 1.95544686 1.95544686 1.95544686 0.86207424
 1.12341683 0.9468185  0.8559005  0.6654754 ]",1.955446858230472,0.8620742360644783,5,13,29,9.885000705718994,1,1872.0,0.0,0.0,99,gnm,21,13,29,4.4615,0.4447,0.3846,-0.4078,0.9310626398224273
known,static_conjecture,watts_100,27.858496227071345,"[2.9585158123465014, 3.0259192865850766, 2.8020251365182665, 1.4803066752693814, 2.2332320828238927, 1.9997583067836002, 1.8090509556800507, 1.7452982936140593, 1.5665445839387622, 1.3897094496505182]",2.9585158123465014,1.9997583067836,"[1.83625087 1.83625087 1.83625087 1.83625087 1.83625087 0.86207424
 1.12341683 0.9468185  0.8559005  0.6654754 ]",1.836250872249442,0.8620742360644783,5,20,40,17.45164966583252,1,1542.0,0.0,0.0,100,watts,31,20,40,4.0,0.3283,0.3,-0.1538,0.8986611686152047
known,static_conjecture,gnm_101,50.78966929345545,"[2.4277705798249696, 2.4088523230052736, 2.314823660326915, 2.104214925185786, 2.35114985337869, 1.5725655586594653, 1.737510188746038, 1.5669789839219121, 1.8260571550747, -0.007135684343923197]",2.4277705798249696,1.5725655586594651,"[2.27288786 2.27288786 2.27288786 2.27288786 2.27288786 0.86207424
 1.12341683 0.9468185  0.8559005  0.6654754 ]",2.2728878576224347,0.8620742360644783,5,19,90,15.478271484375,1,727.0,0.0,0.0,101,gnm,59,19,90,9.4737,0.5577,0.2105,-0.1775,0.8608418524314483
known,static_conjecture,gnm_102,12.30471230907284,"[2.887306554511577, 3.141511932510322, 3.1415920732055582, 2.179542918692932, 1.5539683091080216, 1.3377694832773044, 2.973501233723729, 2.186719808619185, 1.5445269762264715, 1.3162597061001746]",2.887306554511577,1.3377694832773044,"[1.84817052 1.84817052 1.84817052 1.84817052 1.84817052 0.86207424
 1.12341683 0.9468185  0.8559005  0.6654754 ]",1.8481705163523343,0.8620742360644783,5,11,18,3.4701826572418213,1,915.0,0.0,0.0,102,gnm,15,11,18,3.2727,0.3606,0.3636,-0.3962,0.8203141539381894
known,static_conjecture,barabasi_103,7.93318789799744,"[2.91965727045039, 3.1415855559601438, 2.2133087508218696, 1.7658018709157532, 1.5782769252471074, 0.46643848967663737, 3.043182992756086, 3.1389771377176863, 1.2869617285463704, 0.30566596430129234]",2.91965727045039,0.4664384896766373,"[2.21419442 2.21419442 2.21419442 2.21419442 2.21419442 0.86207424
 1.12341683 0.9468185  0.8559005  0.6654754 ]",2.214194423997056,0.8620742360644783,5,10,9,3.2735166549682617,1,1343.0,0.0,0.0,103,barabasi,9,10,9,1.8,0.0,0.6,-0.5,0.8814653219997156
known,static_conjecture,regular_104,11.129091331240488,"[1.807537690292023, 1.1013755990025467, 1.6434834720944385, 0.6399927892159865, 1.4871078689388617, 1.423480033607098, 2.327056256764176, 2.5873914849228328, 2.042748446609326, 0.9733269956387203]",1.807537690292023,1.423480033607098,"[1.33696172 1.33696172 1.33696172 1.33696172 1.33696172 0.86207424
 1.12341683 0.9468185  0.8559005  0.6654754 ]",1.3369617224880386,0.8620742360644783,5,8,16,6.720780611038208,1,1628.0,0.0,0.0,104,regular,12,8,16,4.0,0.4375,0.25,0.0,0.927424277603374
known,static_conjecture,gnm_105,8.419784583668957,"[1.3299749259005273, 2.0985807440218904, 2.337495121802874, 1.2612788684696, 1.9752027535098096, 1.5611498610204453, 2.958718337357814, 2.672286749740386, 1.5233000611933816, 0.7032766898063787]",1.3299749259005271,1.5611498610204453,"[1.85651061 1.85651061 1.85651061 1.85651061 1.85651061 0.86207424
 1.12341683 0.9468185  0.8559005  0.6654754 ]",1.856510612509182,0.8620742360644783,5,8,12,3.787724733352661,1,1240.0,0.0,0.0,105,gnm,9,8,12,3.0,0.4458,0.375,-0.0839,0.9355316204076618
known,static_conjecture,barabasi_106,6.108274822678823,"[2.7548767516111923, 1.2847015034515856, 3.139050167653356, 2.9929756632010434, 2.790010243828895, 1.89755449069852, 1.4732710232144952, 2.6181463495878994, 2.152821247634125, 1.2321691769157876]",2.7548767516111923,1.89755449069852,"[2.20232017 2.20232017 2.20232017 2.20232017 2.20232017 0.86207424
 1.12341683 0.9468185  0.8559005  0.6654754 ]",2.202320171604711,0.8620742360644783,5,8,7,5.6152942180633545,1,1298.0,0.0,0.0,106,barabasi,7,8,7,1.75,0.0,0.625,-0.5867,0.8726106889541175
known,static_conjecture,gnm_107,38.58442325740781,"[1.8071574817155898, 3.1411916996008165, 2.608336151783739, 1.9971793665303288, 2.7388061685888303, 2.64935978205527, 0.45096646903689486, 1.5584536395485644, 1.3920700746799748, 1.7588727245065294]",1.8071574817155895,2.64935978205527,"[2.27039557 2.27039557 2.27039557 2.27039557 2.27039557 0.86207424
 1.12341683 0.9468185  0.8559005  0.6654754 ]",2.270395570915107,0.8620742360644783,5,14,68,17.579776525497437,1,1074.0,0.0,0.0,107,gnm,44,14,68,9.7143,0.7278,0.2143,-0.1164,0.8769187103956321
known,static_conjecture,gnm_108,13.86126719673939,"[2.6216646065055094, 1.8152772547446616, 2.2731702216135425, 2.3148588053397, 1.7871749441153302, 0.6494608163784621, 1.3216848638165963, 1.0478938307050336, 1.1096445349373536, 0.8394668352422991]",2.6216646065055094,0.6494608163784621,"[1.85651061 1.85651061 1.85651061 1.85651061 1.85651061 0.86207424
 1.12341683 0.9468185  0.8559005  0.6654754 ]",1.856510612509182,0.8620742360644783,5,8,24,3.64103364944458,1,863.0,0.0,0.0,108,gnm,16,8,24,6.0,0.8357,0.25,-0.1831,0.8663291997962119
known,static_conjecture,watts_109,15.079117256254255,"[1.2785800124079298, 3.1395167111372033, 1.6276875314467478, 3.141545343927505, 1.5344804087874482, 0.7694774142056813, 2.518447999814542, 1.0831796684012298, 2.3969634162348816, 1.3855013981732187]",1.2785800124079298,0.7694774142056813,"[1.54166667 1.54166667 1.54166667 1.54166667 1.54166667 0.86207424
 1.12341683 0.9468185  0.8559005  0.6654754 ]",1.541666666666667,0.8620742360644783,5,12,24,4.043483972549439,1,834.0,0.0,0.0,109,watts,18,12,24,4.0,0.3722,0.3333,-0.3763,0.8377287364585697
known,static_conjecture,barabasi_110,29.425154736329947,"[2.8659091755022645, 2.5428616799996426, 2.19862937382315, 2.0523037572438154, 2.686061851644894, 0.1138986580901034, 1.5774669760292948, 1.5581809706679186, 1.3393488172044765, 0.16156851370773967]",2.8659091755022645,0.1138986580901034,"[1.81359428 1.81359428 1.81359428 1.81359428 1.81359428 0.86207424
 1.12341683 0.9468185  0.8559005  0.6654754 ]",1.813594276094276,0.8620742360644783,5,18,45,12.151218175888062,1,1184.0,0.0,0.0,110,barabasi,34,18,45,5.0,0.3832,0.3889,-0.2232,0.8654457275391161
known,static_conjecture,regular_111,25.091082523591677,"[2.8156056661357303, 1.7294196296761117, 2.85063809662465, 3.0576423298815567, 1.7046158283892334, 1.3277887585416948, 2.28968194063214, 0.3512158735541263, 1.9021388761568856, 1.1315026274909372]",2.8156056661357303,1.3277887585416948,"[3.14159265 3.14159265 3.14159265 3.14159265 3.14159265 0.86207424
 1.12341683 0.9468185  0.8559005  0.6654754 ]",3.141592653589793,0.8620742360644783,5,17,34,7.847555875778198,1,969.0,0.0,0.0,111,regular,28,17,34,4.0,0.1765,0.2941,0.0,0.8961100901282741
known,static_conjecture,gnm_112,29.264161225981216,"[1.992139126212225, 2.133341361546832, 1.985892694548666, 3.141592653589793, 2.3008005197661667, 1.5553912371598666, 3.136260677471391, 2.256562113135698, 2.7416603641382675, 1.5538483101196854]",1.992139126212225,1.5553912371598666,"[2.10975992 2.10975992 2.10975992 2.10975992 2.10975992 0.86207424
 1.12341683 0.9468185  0.8559005  0.6654754 ]",2.109759916750644,0.8620742360644783,5,14,51,13.583866596221924,1,1187.0,0.0,0.0,112,gnm,35,14,51,7.2857,0.56,0.2143,-0.2701,0.8361188921708919
known,static_conjecture,gnm_113,31.605601704344902,"[2.931066418782998, 3.141591529789286, 2.3932397480056324, 2.2373887704417803, 2.754918482439998, 1.2243067125516869, 2.2603615767506495, 1.5905830994589487, 1.5313812944249503, 1.5349586141930265]",2.931066418782998,1.2243067125516869,"[2.28812478 2.28812478 2.28812478 2.28812478 2.28812478 0.86207424
 1.12341683 0.9468185  0.8559005  0.6654754 ]",2.288124782115062,0.8620742360644783,5,19,52,7.015807628631592,1,761.0,0.0,0.0,113,gnm,38,19,52,5.4737,0.2679,0.2632,0.0825,0.8317263606406553
known,static_conjecture,watts_114,18.71054595773816,"[1.7647368637305856, 2.3638029966661627, 0.006303724492301589, 3.0874073512610822, 1.229570049740482, 1.1057730773353958, 2.5449234131493657, 1.9973188518550358, 1.735111078039342, 1.3202047390802778]",1.7647368637305856,1.1057730773353958,"[1.54166667 1.54166667 1.54166667 1.54166667 1.54166667 0.86207424
 1.12341683 0.9468185  0.8559005  0.6654754 ]",1.541666666666667,0.8620742360644783,5,15,30,3.0935566425323486,1,563.0,0.0,0.0,114,watts,23,15,30,4.0,0.4756,0.3333,-0.0084,0.8135019981625287
known,static_conjecture,barabasi_115,4.790060121948045,"[1.988379655732056, 2.455007563011347, 2.647150823700984, 1.698913040869717, 2.3864836591085146, 0.14682205971085732, 2.720097200183069, 0.9632047412414088, 2.8432999965587014, 0.21169004571624123]",1.988379655732056,0.1468220597108573,"[2.28139837 2.28139837 2.28139837 2.28139837 2.28139837 0.86207424
 1.12341683 0.9468185  0.8559005  0.6654754 ]",2.281398371365477,0.8620742360644783,5,6,5,1.4926323890686035,1,1211.0,0.0,0.0,115,barabasi,5,6,5,1.6667,0.0,0.5,-0.6667,0.958012024389609
known,static_conjecture,watts_116,16.42963269081106,"[2.111375165368535, 1.2949294108905178, 0.49224249946614873, 1.8002371989099222, 1.9264961944876005, 1.5894456745923358, 2.5749826674693423, 1.1545309969479585, 1.610480507581761, 1.3452787763068055]",2.111375165368535,1.5894456745923358,"[1.57079633 1.57079633 1.57079633 1.57079633 1.57079633 0.86207424
 1.12341683 0.9468185  0.8559005  0.6654754 ]",1.5707963267948966,0.8620742360644783,5,19,19,4.891988515853882,1,893.0,0.0,0.0,116,watts,19,19,19,2.0,0.0,0.4737,0.0104,0.8647175100426875
known,static_conjecture,gnm_117,80.43253313458958,"[2.7707124764858797, 2.7742858881800823, 2.8833863516924185, 2.44609416192475, 2.7985555370835176, 1.1175916559185914, 2.426198783049264, 1.8694477346977076, 1.4942874754505586, 0.7816367660049873]",2.77071247648588,1.1175916559185914,"[2.72532149 2.72532149 2.72532149 2.72532149 2.72532149 0.86207424
 1.12341683 0.9468185  0.8559005  0.6654754 ]",2.7253214865509143,0.8620742360644783,5,19,167,23.0603711605072,1,689.0,0.0,0.0,117,gnm,90,19,167,17.5789,0.9774,0.1053,-0.1263,0.8936948126065508
known,static_conjecture,watts_118,25.647572753447854,"[2.9782414117991496, 2.7125345173122293, 1.6693773237820446, 1.565436334160344, 1.5649427560556621, 0.5097504532202772, 2.7045670684076173, 1.161939206856813, 2.3071163288306495, 0.4106967395564223]",2.9782414117991496,0.5097504532202772,"[1.72736198 1.72736198 1.72736198 1.72736198 1.72736198 0.86207424
 1.12341683 0.9468185  0.8559005  0.6654754 ]",1.7273619833605531,0.8620742360644783,5,18,36,13.780274152755736,1,1518.0,0.0,0.0,118,watts,29,18,36,4.0,0.213,0.3333,0.1194,0.8843990604637191
known,static_conjecture,watts_119,14.101565467379697,"[2.886482154823721, 2.630969998407452, 0.6517312401907325, 1.7117379763445018, 1.370662600392282, 2.2369502916932946, 1.835857016153193, 0.7614321614469618, 1.6651848579445445, 0.5968310682051674]",2.886482154823721,2.236950291693294,"[1.57079633 1.57079633 1.57079633 1.57079633 1.57079633 0.86207424
 1.12341683 0.9468185  0.8559005  0.6654754 ]",1.5707963267948966,0.8620742360644783,5,17,17,5.893945932388306,1,1275.0,0.0,0.0,119,watts,16,17,17,2.0,0.098,0.4706,-0.1644,0.881347841711231
known,static_conjecture,regular_120,18.153381999698663,"[2.9838642564923346, 2.0910121098735086, 1.5963381587268266, 2.134392213380141, 1.672294212864441, 0.5339336512231456, 2.919101270653621, 0.24226148088158328, 1.211885289954191, 0.648540825089237]",2.9838642564923346,0.5339336512231456,"[1.97142857 1.97142857 1.97142857 1.97142857 1.97142857 0.86207424
 1.12341683 0.9468185  0.8559005  0.6654754 ]",1.971428571428571,0.8620742360644783,5,13,26,5.626754760742188,1,1299.0,0.0,0.0,120,regular,20,13,26,4.0,0.2692,0.3077,0.0,0.9076690999849332
known,static_conjecture,regular_121,13.619729655975693,"[1.3819740684649653, 1.7412487527990392, 2.4024819883145163, 2.5790014306588795, 3.061593505954302, 0.941575246508801, 3.050389513638535, 1.8076404538444004, 1.1731734345593763, 0.5503362283105552]",1.3819740684649653,0.941575246508801,"[2.09196429 2.09196429 2.09196429 2.09196429 2.09196429 0.86207424
 1.12341683 0.9468185  0.8559005  0.6654754 ]",2.091964285714286,0.8620742360644783,5,12,18,9.730558395385742,1,2058.0,0.0,0.0,121,regular,15,12,18,3.0,0.25,0.3333,0.0,0.9079819770650462
known,static_conjecture,gnm_122,25.45425569289652,"[2.9283877308905826, 1.9213247392980872, 1.637080352151358, 1.7053029830074165, 1.743932520533368, 1.6917064955628054, 3.1410689644324727, 2.778611018047984, 3.1370908655359155, 1.3481174488015333]",2.9283877308905826,1.6917064955628054,"[1.81448425 1.81448425 1.81448425 1.81448425 1.81448425 0.86207424
 1.12341683 0.9468185  0.8559005  0.6654754 ]",1.814484250110301,0.8620742360644783,5,15,38,8.009868383407593,1,898.0,0.0,0.0,122,gnm,28,15,38,5.0667,0.3371,0.4,-0.2789,0.90908056046059
known,static_conjecture,barabasi_123,6.993768994228901,"[2.3409712521183637, 2.35345146904024, 2.483501027909891, 2.311609996610711, 2.287086605212637, 0.9947991248168834, 1.5142237294461234, 1.0586197193388591, 1.0505276691807226, 0.8049375726158126]",2.340971252118364,0.9947991248168834,"[2.22388366 2.22388366 2.22388366 2.22388366 2.22388366 0.86207424
 1.12341683 0.9468185  0.8559005  0.6654754 ]",2.2238836617306017,0.8620742360644783,5,8,7,4.452862977981567,1,1649.0,0.0,0.0,123,barabasi,7,8,7,1.75,0.0,0.875,-1.0,0.9991098563184144
known,static_conjecture,barabasi_124,6.108323582489675,"[2.755191315182181, 1.2854545149367933, 3.139050567848513, 2.9936563054460494, 2.7885431180795113, 1.896843981735414, 1.4712882265782623, 2.619053493469093, 2.1520787920050632, 1.2329258633288949]",2.755191315182181,1.896843981735414,"[2.20232017 2.20232017 2.20232017 2.20232017 2.20232017 0.86207424
 1.12341683 0.9468185  0.8559005  0.6654754 ]",2.202320171604711,0.8620742360644783,5,8,7,5.132716178894043,1,1297.0,0.0,0.0,124,barabasi,7,8,7,1.75,0.0,0.625,-0.5867,0.8726176546413821
known,static_conjecture,barabasi_125,6.157052215720398,"[1.3652325608457803, 3.1308008241838836, 2.2182739025544818, 3.0052243804148233, 3.0789127474426525, 1.540809974757828, 1.73767708062477, 1.802273997521441, 1.9531575284391645, 0.5407688548604384]",1.3652325608457805,1.540809974757828,"[2.24017012 2.24017012 2.24017012 2.24017012 2.24017012 0.86207424
 1.12341683 0.9468185  0.8559005  0.6654754 ]",2.2401701165955554,0.8620742360644783,5,9,8,1.792038917541504,1,1312.0,0.0,0.0,125,barabasi,8,9,8,1.7778,0.0,0.5556,-0.5748,0.7696315269650498
known,static_conjecture,barabasi_126,14.543704834804268,"[1.7405258679743212, 2.736871669435208, 1.6074279581038882, 2.564720818045732, 1.6017587937765903, 1.340948077071208, 2.2831786798536777, 1.1157407234945462, 2.554722439789974, 0.7137639887456]",1.7405258679743212,1.340948077071208,"[1.54148586 1.54148586 1.54148586 1.54148586 1.54148586 0.86207424
 1.12341683 0.9468185  0.8559005  0.6654754 ]",1.5414858645627878,0.8620742360644783,5,13,22,7.928807258605957,1,1451.0,0.0,0.0,126,barabasi,17,13,22,3.3846,0.641,0.4615,-0.3571,0.8555120491061334
known,static_conjecture,barabasi_127,9.719485372314432,"[2.099487174459057, 1.576297292814213, 1.5408622001220857, 2.2024051483217244, -0.0048989909927950135, 1.1585177788434904, 2.775469251335673, 0.7270415090824642, 2.021258666303689, 0.9488462461735806]",2.099487174459057,1.1585177788434904,"[1.56203704 1.56203704 1.56203704 1.56203704 1.56203704 0.86207424
 1.12341683 0.9468185  0.8559005  0.6654754 ]",1.5620370370370371,0.8620742360644783,5,12,11,3.776162385940552,1,1004.0,0.0,0.0,127,barabasi,11,12,11,1.8333,0.0,0.75,-0.7014,0.883589579301312
known,static_conjecture,barabasi_128,6.905092477896982,"[2.7896813776253957, 2.1234949281374584, 2.5054179339002607, 2.5370078380301795, 1.6307360152294317, 0.3769729912935963, 3.140518627095556, 1.448327089127399, 1.4035223875998417, 0.20296676845198203]",2.789681377625396,0.3769729912935963,"[2.24017012 2.24017012 2.24017012 2.24017012 2.24017012 0.86207424
 1.12341683 0.9468185  0.8559005  0.6654754 ]",2.2401701165955554,0.8620742360644783,5,9,8,3.0684926509857178,1,1060.0,0.0,0.0,128,barabasi,8,9,8,1.7778,0.0,0.5556,-0.3793,0.8631365597371228
known,static_conjecture,watts_129,28.694671910600093,"[2.965837315710917, 2.824184619451715, 3.141380001847268, 1.2696687231931794, 2.3203922092110014, 2.1543436810290335, 2.4039614147603556, 2.532362582666401, 1.5631055218458294, 1.385276907120962]",2.965837315710917,2.154343681029033,"[1.83625087 1.83625087 1.83625087 1.83625087 1.83625087 0.86207424
 1.12341683 0.9468185  0.8559005  0.6654754 ]",1.836250872249442,0.8620742360644783,5,20,40,18.40283703804016,1,1735.0,0.0,0.0,129,watts,34,20,40,4.0,0.2148,0.3,-0.1298,0.8439609385470616
known,static_conjecture,barabasi_130,8.299277307337206,"[2.919982488173202, 2.703212384243762, 2.637710731627429, 1.6850149918910424, 2.6984705936065376, 0.5395851910582872, 1.8393664548376583, 1.73742493444766, 1.4634543939708167, 1.4378822693050197]",2.919982488173202,0.5395851910582872,"[2.28139837 2.28139837 2.28139837 2.28139837 2.28139837 0.86207424
 1.12341683 0.9468185  0.8559005  0.6654754 ]",2.281398371365477,0.8620742360644783,5,10,9,4.816041231155396,1,2103.0,0.0,0.0,130,barabasi,9,10,9,1.8,0.0,0.5,-0.6364,0.9221419230374673
known,static_conjecture,regular_131,24.00081301359631,"[1.937205008156961, 2.5514540781700505, 2.776572315468917, 3.0396290050817463, 2.668188063432399, 0.09823394461242496, 2.6405765108026404, 1.3697543366892835, 1.347460500386654, 1.3781514245210273]",1.937205008156961,0.0982339446124249,"[3.14159265 3.14159265 3.14159265 3.14159265 3.14159265 0.86207424
 1.12341683 0.9468185  0.8559005  0.6654754 ]",3.141592653589793,0.8620742360644783,5,20,30,11.066283702850342,1,1141.0,0.0,0.0,131,regular,26,20,30,3.0,0.1,0.35,0.0,0.9231081928306273
known,static_conjecture,barabasi_132,5.337197789274796,"[2.6264483851654457, 2.4762108209548916, 1.971266622676493, 2.7190525344793195, 0.5664272864230436, 1.708390205574951, 3.1204648567859925, 1.6424480170007247, 1.0999061516942725, 1.3246421244678253]",2.6264483851654457,1.708390205574951,"[2.23017809 2.23017809 2.23017809 2.23017809 2.23017809 0.86207424
 1.12341683 0.9468185  0.8559005  0.6654754 ]",2.230178092584108,0.8620742360644783,5,7,6,3.265834331512451,1,2214.0,0.0,0.0,132,barabasi,6,7,6,1.7143,0.0,0.5714,-0.6667,0.8895329648791327
known,static_conjecture,gnm_133,27.12481205291316,"[2.8930579433626686, 2.3149007048344554, 2.3773740304221462, 1.675268842963443, 2.7578448066556245, 1.2187968077794302, 3.141592653589793, 1.5577241416513443, 0.8448196701545483, 0.2141961535780466]",2.8930579433626686,1.2187968077794302,"[2.27586258 2.27586258 2.27586258 2.27586258 2.27586258 0.86207424
 1.12341683 0.9468185  0.8559005  0.6654754 ]",2.2758625752932757,0.8620742360644783,5,17,40,8.44292688369751,1,1042.0,0.0,0.0,133,gnm,30,17,40,4.7059,0.2938,0.2941,-0.2133,0.904160401763772
known,static_conjecture,watts_134,22.485724519477635,"[2.9909727803471995, 2.8559648513323728, 1.7152245524073937, -0.0074161205097501804, 1.5002048255836153, 1.9941275346514034, 2.359594733688211, 0.6264457096472524, 2.506960354574039, 1.0576718877631817]",2.9909727803471995,1.9941275346514036,"[1.57079633 1.57079633 1.57079633 1.57079633 1.57079633 0.86207424
 1.12341683 0.9468185  0.8559005  0.6654754 ]",1.5707963267948966,0.8620742360644783,5,16,32,8.232286214828491,1,1047.0,0.0,0.0,134,watts,26,16,32,4.0,0.2274,0.4375,-0.0602,0.8648355584414475
known,static_conjecture,watts_135,12.141172026327734,"[2.043999928676805, 1.6607469480562371, 1.5694884256510324, 3.141191801280551, 1.342448804731751, 1.110850302448068, 1.9324704986696277, 2.045215958558085, 1.584911906453812, 0.8077295193818452]",2.043999928676805,1.110850302448068,"[1.54166667 1.54166667 1.54166667 1.54166667 1.54166667 0.86207424
 1.12341683 0.9468185  0.8559005  0.6654754 ]",1.541666666666667,0.8620742360644783,5,15,15,9.363974809646606,1,2158.0,0.0,0.0,135,watts,15,15,15,2.0,0.0,0.4667,0.0294,0.809411468421849
known,static_conjecture,watts_136,9.563737109533577,"[1.6555996544106035, 1.3907844549829242, 2.830274122615007, 2.7431991597080727, 1.5436827726898665, 0.8292276623466028, 2.0045695729650705, 1.8760212445003792, 1.7406634263842478, 1.5530631785974518]",1.6555996544106035,0.8292276623466028,"[1.76771255 1.76771255 1.76771255 1.76771255 1.76771255 0.86207424
 1.12341683 0.9468185  0.8559005  0.6654754 ]",1.7677125506072873,0.8620742360644783,5,7,14,3.816771268844605,1,1173.0,0.0,0.0,136,watts,10,7,14,4.0,0.5762,0.2857,-0.037,0.9563737109533577
known,static_conjecture,gnm_137,81.57212263136257,"[2.8674188446170406, 3.141518228274638, 2.617825758017773, 2.6102646006538084, 2.7845776158253157, 0.8503380726182623, 2.3490558165846815, 1.5698301221846136, 1.4946246438944788, 1.0412816031864183]",2.867418844617041,0.8503380726182623,"[2.52721505 2.52721505 2.52721505 2.52721505 2.52721505 0.86207424
 1.12341683 0.9468185  0.8559005  0.6654754 ]",2.52721505042106,0.8620742360644783,5,20,155,34.96178364753723,1,867.0,0.0,0.0,137,gnm,92,20,155,15.5,0.8117,0.15,-0.0519,0.8866535068626367
known,static_conjecture,barabasi_138,17.18729535444815,"[2.9603162777907928, 2.8424261175575873, 1.88394267273507, 3.1396560405167424, 1.6857117035817433, 2.1359155554008824, 1.8146880111963277, 2.587854810562371, 0.5198016990101011, 1.39888544453061]",2.9603162777907928,2.1359155554008824,"[1.65510345 1.65510345 1.65510345 1.65510345 1.65510345 0.86207424
 1.12341683 0.9468185  0.8559005  0.6654754 ]",1.655103453483076,0.8620742360644783,5,14,24,8.092329740524292,1,1904.0,0.0,0.0,138,barabasi,20,14,24,3.4286,0.3439,0.5,-0.5878,0.8593647677224074
known,static_conjecture,regular_139,24.344044280371847,"[2.7326389597656426, 1.8272298936372757, 2.8455524133933574, 3.048550502071019, 1.7412799557754466, 1.4320745146331322, 2.0422218303712123, 0.675601761606013, 1.8101002851678458, 0.9050251636843625]",2.732638959765642,1.4320745146331322,"[3.14159265 3.14159265 3.14159265 3.14159265 3.14159265 0.86207424
 1.12341683 0.9468185  0.8559005  0.6654754 ]",3.141592653589793,0.8620742360644783,5,17,34,9.710431098937988,1,1107.0,0.0,0.0,139,regular,26,17,34,4.0,0.2059,0.2941,0.0,0.9363093953989172
known,static_conjecture,watts_140,12.621530155697087,"[1.4967428925277537, 2.9024381953674805, 1.6594772299973974, 2.794506181024733, 1.6801600271488142, 0.4193775570938963, 3.094588392975791, 2.0433039045381185, 1.8492061894696972, 0.06297360005423011]",1.4967428925277535,0.4193775570938963,"[1.63924033 1.63924033 1.63924033 1.63924033 1.63924033 0.86207424
 1.12341683 0.9468185  0.8559005  0.6654754 ]",1.6392403283850654,0.8620742360644783,5,9,18,4.302021503448486,1,1130.0,0.0,0.0,140,watts,15,9,18,4.0,0.3111,0.3333,-0.1571,0.8414353437131391
known,static_conjecture,gnm_141,18.29399023331655,"[1.326784060593899, 2.93167870552198, 1.8009136245592046, 2.9543795308288066, 1.5550404772652973, 0.8101761071505569, 3.1232825406653943, 1.128509595607279, 2.3737316591495574, 0.7948031179734963]",1.326784060593899,0.8101761071505569,"[1.60775254 1.60775254 1.60775254 1.60775254 1.60775254 0.86207424
 1.12341683 0.9468185  0.8559005  0.6654754 ]",1.6077525417574436,0.8620742360644783,5,15,29,5.13184666633606,1,715.0,0.0,0.0,141,gnm,23,15,29,3.8667,0.2111,0.4,-0.2136,0.7953908797094151
known,static_conjecture,gnm_142,28.673513265859,"[2.1026981351375245, 2.0511506792067022, 2.1768018996426424, 2.9353169610097183, 2.1596862448067693, 0.7397580137847608, 2.484100856347153, 2.2676610505243175, 2.263310225615132, 0.9106491885195006]",2.1026981351375245,0.7397580137847608,"[2.13617226 2.13617226 2.13617226 2.13617226 2.13617226 0.86207424
 1.12341683 0.9468185  0.8559005  0.6654754 ]",2.1361722599216915,0.8620742360644783,5,14,57,7.41044545173645,1,801.0,0.0,0.0,142,gnm,40,14,57,8.1429,0.5842,0.2143,0.0343,0.716837831646475
known,static_conjecture,watts_143,16.323483673213115,"[0.3671692282712129, 2.926889322195515, 1.368989861988429, 3.1404298605860155, 1.8706160089067412, 0.2199610140929396, 2.815986975287954, 0.8928693255437437, 2.344201927030034, 1.239452508975908]",0.3671692282712129,0.2199610140929396,"[1.54166667 1.54166667 1.54166667 1.54166667 1.54166667 0.86207424
 1.12341683 0.9468185  0.8559005  0.6654754 ]",1.541666666666667,0.8620742360644783,5,12,24,10.0699200630188,1,1876.0,0.0,0.0,143,watts,18,12,24,4.0,0.3611,0.3333,-0.0364,0.9068602040673953
known,static_conjecture,watts_144,13.893122663825546,"[1.248338202464708, 2.241224700524996, 0.628290657168256, 1.7827730462365807, 1.387200095084483, 0.34389953622818736, 3.034226604675042, 2.606745133168121, 1.9114585833464603, 1.9342277824835843]",1.248338202464708,0.3438995362281873,"[1.57079633 1.57079633 1.57079633 1.57079633 1.57079633 0.86207424
 1.12341683 0.9468185  0.8559005  0.6654754 ]",1.5707963267948966,0.8620742360644783,5,17,17,9.451094627380373,1,1867.0,0.0,0.0,144,watts,17,17,17,2.0,0.0,0.5294,-0.0936,0.8172425096367968
known,static_conjecture,regular_145,17.249652974161137,"[1.9375092065655317, 2.466490911237469, 2.2560690964943984, 2.5022485109843218, 2.5549192803806893, -0.4964844751699983, 2.7271027003706783, 2.1362266996033337, 1.6998316215678533, 1.015293535164691]",1.937509206565532,-0.4964844751699983,"[3.14159265 3.14159265 3.14159265 3.14159265 3.14159265 0.86207424
 1.12341683 0.9468185  0.8559005  0.6654754 ]",3.141592653589793,0.8620742360644783,5,19,19,5.902415037155151,1,1226.0,0.0,0.0,145,regular,18,19,19,2.0,0.0,0.4211,0.0,0.9583140541200632
known,static_conjecture,watts_146,5.600559553677186,"[1.186737758878462, 1.7661961749395811, 2.1968317700778277, 1.662396690905328, 1.6579333567712835, 1.2479224044950412, 0.826066532494806, 1.3870734316930917, 1.2390944900692078, 0.6004548993278358]",1.186737758878462,1.2479224044950412,"[1.48238815 1.48238815 1.48238815 1.48238815 1.48238815 0.86207424
 1.12341683 0.9468185  0.8559005  0.6654754 ]",1.482388147566719,0.8620742360644783,5,7,7,0.061007022857666,1,1503.0,0.0,0.0,146,watts,6,7,7,2.0,0.3095,0.4286,-0.1667,0.9334265922795311
known,static_conjecture,regular_147,17.690933554461825,"[2.965757745644754, 1.775736443527606, 1.8439006320805653, 2.18125388930948, 1.69699251982486, 0.8346169627280687, 2.9260803750195086, 1.6522045889573056, 1.2118135712099884, 0.6980905301820108]",2.965757745644754,0.8346169627280687,"[1.97142857 1.97142857 1.97142857 1.97142857 1.97142857 0.86207424
 1.12341683 0.9468185  0.8559005  0.6654754 ]",1.971428571428571,0.8620742360644783,5,12,24,7.020232200622559,1,1372.0,0.0,0.0,147,regular,20,12,24,4.0,0.2083,0.3333,0.0,0.8845466777230913
known,static_conjecture,watts_148,13.766828530230365,"[2.745071123307666, 0.8167603954534051, 2.5552508252940695, 2.6518754121049732, 0.26416801362897724, 1.079137015241503, 3.141590763759594, 1.0904219952289085, 1.9568244992639279, 1.2494574929747366]",2.745071123307666,1.079137015241503,"[1.57079633 1.57079633 1.57079633 1.57079633 1.57079633 0.86207424
 1.12341683 0.9468185  0.8559005  0.6654754 ]",1.5707963267948966,0.8620742360644783,5,16,16,8.869671106338501,1,2018.0,0.0,0.0,148,watts,16,16,16,2.0,0.0,0.5625,-0.1429,0.8604267831393978
known,static_conjecture,watts_149,13.909501438069968,"[2.8536446827865016, 1.2667377692953448, 3.1412103569015204, 1.3168019249903518, 1.8322932242407615, 0.5267217840079959, 2.997870862278906, 1.8825921407936803, 1.851537955774793, 1.4318759784962718]",2.8536446827865016,0.5267217840079959,"[1.57079633 1.57079633 1.57079633 1.57079633 1.57079633 0.86207424
 1.12341683 0.9468185  0.8559005  0.6654754 ]",1.5707963267948966,0.8620742360644783,5,17,17,9.27777862548828,1,1910.0,0.0,0.0,149,watts,16,17,17,2.0,0.0,0.4706,0.086,0.869343839879373
known,static_conjecture,barabasi_150,8.026277064088587,"[2.369751571873522, 2.471030162231632, 1.7538557459216215, 2.128537624763612, 1.5353302241142759, 1.635416956312287, 2.9018649081571315, 2.9297431815648025, 1.824837911006071, 1.2672672402158662]",2.369751571873522,1.635416956312287,"[2.21419442 2.21419442 2.21419442 2.21419442 2.21419442 0.86207424
 1.12341683 0.9468185  0.8559005  0.6654754 ]",2.214194423997056,0.8620742360644783,5,10,9,2.8083627223968506,1,1035.0,0.0,0.0,150,barabasi,9,10,9,1.8,0.0,0.6,-0.5952,0.8918085626765097
known,static_conjecture,barabasi_151,17.02294753045243,"[2.9784712493685905, 2.762593747131535, 1.6501709376892055, 1.7981218054532593, 1.5594229813529021, 0.45988448113381886, 2.6338601609993, 0.805659441192268, 2.398880081441451, 0.7590149416945177]",2.9784712493685905,0.4598844811338188,"[1.65263918 1.65263918 1.65263918 1.65263918 1.65263918 0.86207424
 1.12341683 0.9468185  0.8559005  0.6654754 ]",1.6526391831944616,0.8620742360644783,5,14,24,4.146674871444702,1,1097.0,0.0,0.0,151,barabasi,20,14,24,3.4286,0.3825,0.4286,-0.3139,0.8511473765226215
known,static_conjecture,watts_152,5.791707436608704,"[1.818894311251352, 2.2444537357133107, 1.5901212504557858, 1.8393829292679378, 1.7201542912688566, -0.9066802874825493, 2.69997463668782, 1.0689671865217762, 1.9006798035449148, 0.6806255722175035]",1.818894311251352,-0.9066802874825493,"[1.48238815 1.48238815 1.48238815 1.48238815 1.48238815 0.86207424
 1.12341683 0.9468185  0.8559005  0.6654754 ]",1.482388147566719,0.8620742360644783,5,7,7,3.84123969078064,1,989.0,0.0,0.0,152,watts,6,7,7,2.0,0.2381,0.4286,0.125,0.9652845727681173
known,static_conjecture,gnm_153,22.710346193444902,"[2.5833758058856757, 1.9889808180883857, 1.45315383157318, 1.6654128706211884, 2.0052634430036176, 1.553528827022014, 2.543189732009074, 0.2065882353467142, 1.9502924762558607, 1.3531269109188102]",2.583375805885676,1.553528827022014,"[1.987145   1.987145   1.987145   1.987145   1.987145   0.86207424
 1.12341683 0.9468185  0.8559005  0.6654754 ]",1.9871449960654872,0.8620742360644783,5,13,36,7.626094818115234,1,858.0,0.0,0.0,153,gnm,26,13,36,5.5385,0.4626,0.3077,-0.1378,0.8734748535940347
known,static_conjecture,gnm_154,74.05242247829516,"[3.0386776503710746, 3.036996908348558, 2.5805848027979845, 2.241044847674871, 2.47350242812036, 0.8205172785195025, 2.7377180525743032, 0.766074297875089, 1.5768437655295433, 0.7322625604296801]",3.038677650371074,0.8205172785195025,"[2.45572921 2.45572921 2.45572921 2.45572921 2.45572921 0.86207424
 1.12341683 0.9468185  0.8559005  0.6654754 ]",2.455729211131368,0.8620742360644783,5,20,141,29.4407811164856,1,806.0,0.0,0.0,154,gnm,85,20,141,14.1,0.7448,0.15,-0.1038,0.8712049703328842
known,static_conjecture,barabasi_155,16.344402957557495,"[2.547658037265719, 1.3782422032786412, 2.0826047618347343, 2.291114443255392, 1.6725018300627066, 1.716539184482359, 1.4020523476129876, 0.21490680186124683, 0.13698587279483443, -0.16207157496698926]",2.547658037265719,1.716539184482359,"[1.92454545 1.92454545 1.92454545 1.92454545 1.92454545 0.86207424
 1.12341683 0.9468185  0.8559005  0.6654754 ]",1.9245454545454543,0.8620742360644783,5,20,19,8.235278129577637,1,1381.0,0.0,0.0,155,barabasi,19,20,19,1.9,0.0,0.6,-0.5069,0.8602317346082892
known,static_conjecture,regular_156,21.701707518765623,"[1.7672820553743191, 2.1149797249760964, 2.997250624747401, 2.1531820922526244, 3.0865838684084115, 2.197589840041535, 1.9075947288238995, 0.772513167157104, 1.0505047580424103, 0.7330973084851553]",1.7672820553743191,2.197589840041535,"[3.14159265 3.14159265 3.14159265 3.14159265 3.14159265 0.86207424
 1.12341683 0.9468185  0.8559005  0.6654754 ]",3.141592653589793,0.8620742360644783,5,18,27,7.885550498962402,1,1484.0,0.0,0.0,156,regular,23,18,27,3.0,0.0556,0.3889,0.0,0.9435525008158967
known,static_conjecture,barabasi_157,5.476392439062693,"[2.8445865514165787, 2.333998570090474, 1.563592092587649, 1.4994756989672307, 2.1338381363733228, 0.2760082965889316, 3.1382113525793587, 2.887696294601106, 1.6717909203655181, 1.370780449482151]",2.8445865514165787,0.2760082965889316,"[2.17599942 2.17599942 2.17599942 2.17599942 2.17599942 0.86207424
 1.12341683 0.9468185  0.8559005  0.6654754 ]",2.1759994235088223,0.8620742360644783,5,7,6,3.0643253326416016,1,2003.0,0.0,0.0,157,barabasi,6,7,6,1.7143,0.0,0.7143,-0.7143,0.9127320731771155
known,static_conjecture,watts_158,7.835511627665255,"[1.7109267702581323, 2.7415214881828027, 1.7035059481746004, 1.858307115421339, 1.7571556863158582, 1.2416611482961906, 1.868161083548526, 1.1588306243919613, 2.5334002225138255, 1.2313264646793205]",1.7109267702581323,1.2416611482961906,"[1.63924033 1.63924033 1.63924033 1.63924033 1.63924033 0.86207424
 1.12341683 0.9468185  0.8559005  0.6654754 ]",1.6392403283850654,0.8620742360644783,5,6,12,4.04602575302124,1,1308.0,0.0,0.0,158,watts,8,6,12,4.0,0.9,0.3333,-0.4545,0.9794389534581569
known,static_conjecture,regular_159,18.853667315781905,"[1.2396748374451214, 2.271381095324362, 3.0229821262289063, 2.26693411978749, 3.135804088672918, 1.4758868235652893, 2.1570032174547658, 0.5903583391400631, 0.5988057176185052, 1.1908980709942556]",1.2396748374451214,1.475886823565289,"[3.14159265 3.14159265 3.14159265 3.14159265 3.14159265 0.86207424
 1.12341683 0.9468185  0.8559005  0.6654754 ]",3.141592653589793,0.8620742360644783,5,16,24,8.890288591384888,1,1445.0,0.0,0.0,159,regular,20,16,24,3.0,0.125,0.375,0.0,0.9426833657890953
known,static_conjecture,barabasi_160,26.181540085031816,"[2.9782847990081125, 2.796673938670123, 1.648321386847385, 1.7067078846512258, 1.5660822937106722, 0.4717340069422499, 2.6501397187009736, 2.3954694208914007, 2.3880115792023036, 0.7395205038957051]",2.9782847990081125,0.4717340069422499,"[1.69445437 1.69445437 1.69445437 1.69445437 1.69445437 0.86207424
 1.12341683 0.9468185  0.8559005  0.6654754 ]",1.6944543650793653,0.8620742360644783,5,20,36,9.691361904144289,1,853.0,0.0,0.0,160,barabasi,32,20,36,3.6,0.0905,0.55,-0.3023,0.8181731276572443
known,static_conjecture,barabasi_161,4.7965827540771215,"[2.803926648437539, 2.8245081182526053, 2.788964481310704, 2.3584610275982705, 2.340816501601159, 0.6823975782008576, 3.1358547704333852, 2.17381417405823, 2.0741561059461784, 1.8372298867463974]",2.803926648437539,0.6823975782008576,"[2.28139837 2.28139837 2.28139837 2.28139837 2.28139837 0.86207424
 1.12341683 0.9468185  0.8559005  0.6654754 ]",2.281398371365477,0.8620742360644783,5,6,5,1.318469524383545,1,1196.0,0.0,0.0,161,barabasi,5,6,5,1.6667,0.0,0.5,-0.25,0.9593165508154243
known,static_conjecture,watts_162,25.72823724277437,"[2.9365551195735025, 1.7721917674865133, 1.771233945413469, 1.4611250781595735, 2.0610189057058914, -0.0384146266164218, 2.3045150118877182, 2.6937927927311676, 3.141450585844896, 1.3305102437994685]",2.9365551195735025,-0.0384146266164218,"[1.78522594 1.78522594 1.78522594 1.78522594 1.78522594 0.86207424
 1.12341683 0.9468185  0.8559005  0.6654754 ]",1.7852259415015197,0.8620742360644783,5,19,38,5.815117597579956,1,909.0,0.0,0.0,162,watts,29,19,38,4.0,0.2982,0.3158,0.1048,0.8871805945784266
known,static_conjecture,gnm_163,88.16734116854506,"[2.361831926941663, 2.540370517521074, 2.426649713042123, 2.877380098268648, 2.465853345384747, 0.7851846340539043, 3.140388026921422, 3.137090595796951, 2.3565948896300775, 1.259845674971643]",2.361831926941663,0.7851846340539043,"[2.59882144 2.59882144 2.59882144 2.59882144 2.59882144 0.86207424
 1.12341683 0.9468185  0.8559005  0.6654754 ]",2.598821435080544,0.8620742360644783,5,20,169,40.363689661026,1,918.0,0.0,0.0,163,gnm,97,20,169,16.9,0.8994,0.15,-0.1471,0.9089416615313924
known,static_conjecture,regular_164,14.977670463935423,"[1.7388403384070146, 1.8643647894642954, 2.053923951807037, 1.4571841762066837, 1.5267871997453475, 1.0220658535058555, 1.1075313920090732, 0.2497573957101, 0.6087010232834285, 0.41639631720818765]",1.7388403384070146,1.0220658535058555,"[1.         1.         1.         1.         1.         0.86207424
 1.12341683 0.9468185  0.8559005  0.6654754 ]",1.0,0.8620742360644783,5,10,20,4.902883768081665,1,1267.0,0.0,0.0,164,regular,16,10,20,4.0,0.3,0.3,0.0,0.936104403995964
known,static_conjecture,watts_165,9.874185899119766,"[2.26877263273376, 1.9758459733006744, 2.147868595143998, 2.141073576022049, 0.4460130042175361, 1.4914005227554767, 2.5384819237775296, 0.9194025907818619, 1.9311831506758983, 1.8172801089389834]",2.26877263273376,1.4914005227554767,"[1.76771255 1.76771255 1.76771255 1.76771255 1.76771255 0.86207424
 1.12341683 0.9468185  0.8559005  0.6654754 ]",1.7677125506072873,0.8620742360644783,5,7,14,6.370407104492188,1,2120.0,0.0,0.0,165,watts,10,7,14,4.0,0.5,0.2857,0.0,0.9874185899119766
known,static_conjecture,gnm_166,5.397015289054252,"[1.8442585286612552, 1.9608371421565671, 2.904292317752479, 1.4024624383131528, 2.2844693987032763, 0.9663486579048248, 3.1154063231129165, 2.7871760684054996, 2.742014439198466, 1.39738618466177]",1.8442585286612552,0.9663486579048248,"[1.85651061 1.85651061 1.85651061 1.85651061 1.85651061 0.86207424
 1.12341683 0.9468185  0.8559005  0.6654754 ]",1.856510612509182,0.8620742360644783,5,6,7,0.914027214050293,1,636.0,0.0,0.0,166,gnm,6,6,7,2.3333,0.4167,0.5,-0.6042,0.8995025481757087
known,static_conjecture,regular_167,11.567061821459449,"[1.4129318543672456, 1.1798576613207779, 0.5278079603799928, 1.9358909577780694, 1.515587044594625, 2.157992351390906, 1.7015552386653339, 1.2639108347252974, 0.9627988056561019, 0.41460622169830885]",1.4129318543672456,2.157992351390906,"[1.33696172 1.33696172 1.33696172 1.33696172 1.33696172 0.86207424
 1.12341683 0.9468185  0.8559005  0.6654754 ]",1.3369617224880386,0.8620742360644783,5,8,16,5.507720947265625,1,2275.0,0.0,0.0,167,regular,12,8,16,4.0,0.375,0.375,0.0,0.9639218184549541
known,static_conjecture,gnm_168,15.024004831089997,"[3.0110354731790396, 1.6193812080580483, 1.7331687106092746, 1.8398133369373264, 3.0052020561935526, 2.0260777771691174, 2.274318151962422, 1.3844679450187416, 1.3115928433081132, 0.5812267451602633]",3.01103547317904,2.0260777771691174,"[1.85651061 1.85651061 1.85651061 1.85651061 1.85651061 0.86207424
 1.12341683 0.9468185  0.8559005  0.6654754 ]",1.856510612509182,0.8620742360644783,5,8,26,7.716008424758911,1,1620.0,0.0,0.0,168,gnm,16,8,26,6.5,0.9405,0.25,-0.322,0.9390003019431248
known,static_conjecture,gnm_169,4.763913109418354,"[2.8045428714882386, 2.642717595925544, 2.1579189207842617, 1.9735791972994658, 1.5770722243696054, 2.448983980013565, 1.7036928491278367, 1.011789876701343, 1.1601378251157806, 0.4935932680632596]",2.8045428714882386,2.448983980013565,"[1.78879438 1.78879438 1.78879438 1.78879438 1.78879438 0.86207424
 1.12341683 0.9468185  0.8559005  0.6654754 ]",1.7887943808101725,0.8620742360644783,5,6,5,3.92084550857544,1,1623.0,0.0,0.0,169,gnm,5,6,5,1.6667,0.0,0.6667,-0.7391,0.9527826218836708
known,static_conjecture,regular_170,22.90173893085405,"[2.8769990118046436, 1.7273164244806634, 2.04098966955207, 2.1898558176051983, 2.045869192830999, 1.0786392139251073, 2.755528751920489, 0.014162353972586127, 1.8054484899735477, -0.20072804648388087]",2.876999011804644,1.0786392139251073,"[1.97142857 1.97142857 1.97142857 1.97142857 1.97142857 0.86207424
 1.12341683 0.9468185  0.8559005  0.6654754 ]",1.971428571428571,0.8620742360644783,5,15,30,14.630991220474243,1,1665.0,0.0,0.0,170,regular,26,15,30,4.0,0.1667,0.3333,0.0,0.8808361127251558
known,static_conjecture,barabasi_171,7.165348669221913,"[2.5349250315339678, 0.7840823669043091, 2.4668518020750207, 2.128082462996889, 2.223428069808999, 1.6923011512213182, 2.8157203570768705, 1.7893224938876797, 1.5118042818960726, 1.271479691213561]",2.534925031533968,1.6923011512213182,"[2.18690907 2.18690907 2.18690907 2.18690907 2.18690907 0.86207424
 1.12341683 0.9468185  0.8559005  0.6654754 ]",2.1869090704617022,0.8620742360644783,5,9,8,1.1560547351837158,1,1608.0,0.0,0.0,171,barabasi,8,9,8,1.7778,0.0,0.6667,-0.6914,0.8956685836527392
known,static_conjecture,gnm_172,14.719904823163688,"[2.9495808509284918, 1.7329358566683943, 3.115590044280987, 1.5922684112327739, 2.0859080558235554, 2.0839436002778715, 2.8035836476880727, 1.2603341383415434, 1.2069551704462687, 1.2113078351434923]",2.949580850928492,2.0839436002778715,"[1.96365347 1.96365347 1.96365347 1.96365347 1.96365347 0.86207424
 1.12341683 0.9468185  0.8559005  0.6654754 ]",1.9636534696520396,0.8620742360644783,5,9,26,6.641716241836548,1,1457.0,0.0,0.0,172,gnm,17,9,26,5.7778,0.8836,0.3333,-0.2305,0.8658767543037463
known,static_conjecture,regular_173,17.522573576391434,"[3.139997217924445, 1.9972326498538329, 2.764430034448694, 3.0983683292429944, 2.5701924147923574, 0.7072788981469594, 2.149004230398128, 1.7553284768770376, 1.8001490480516744, 1.1440835492314005]",3.139997217924445,0.7072788981469594,"[3.14159265 3.14159265 3.14159265 3.14159265 3.14159265 0.86207424
 1.12341683 0.9468185  0.8559005  0.6654754 ]",3.141592653589793,0.8620742360644783,5,20,20,4.698605060577393,1,866.0,0.0,0.0,173,regular,20,20,20,2.0,0.0,0.45,0.0,0.8761286788195717
known,static_conjecture,watts_174,24.345292773584912,"[2.8641648055243953, 2.638947373199704, 1.0320914051070595, 1.732980881100882, 1.8174305534464068, 1.7091998625630467, 3.1376885971802095, 1.233489815211429, 1.5571748798294145, 1.3552544604763714]",2.864164805524396,1.709199862563047,"[1.90637433 1.90637433 1.90637433 1.90637433 1.90637433 0.86207424
 1.12341683 0.9468185  0.8559005  0.6654754 ]",1.9063743290395652,0.8620742360644783,5,18,36,16.05716347694397,1,2398.0,0.0,0.0,174,watts,27,18,36,4.0,0.4593,0.2778,-0.1408,0.9016775101327745
known,static_conjecture,gnm_175,11.16599860985828,"[1.4016982796730737, 3.115590809421096, 3.1290042405595138, 3.1415528125442376, 2.0774368868694406, 1.4742887711566017, 3.134835135270074, 2.6435810306636203, 2.084346717091166, 1.20861113326222]",1.4016982796730737,1.4742887711566015,"[1.69363339 1.69363339 1.69363339 1.69363339 1.69363339 0.86207424
 1.12341683 0.9468185  0.8559005  0.6654754 ]",1.69363338971066,0.8620742360644783,5,12,17,2.16645622253418,1,573.0,0.0,0.0,175,gnm,15,12,17,2.8333,0.2611,0.5,-0.2203,0.7443999073238853
known,static_conjecture,watts_176,20.993314016303213,"[1.7479030284606552, 2.7277477310705915, 1.5082518103576241, 2.591810210313851, 1.5716053588626029, 1.2528758440531613, 2.134476287920527, 1.1691776826834808, 2.2633037104449554, 0.8655259907081745]",1.7479030284606552,1.252875844053161,"[1.58500087 1.58500087 1.58500087 1.58500087 1.58500087 0.86207424
 1.12341683 0.9468185  0.8559005  0.6654754 ]",1.585000872249442,0.8620742360644783,5,16,32,3.758894443511963,1,823.0,0.0,0.0,176,watts,25,16,32,4.0,0.3271,0.375,-0.1517,0.8397325606521285
known,static_conjecture,regular_177,11.342083144769276,"[1.808596885630118, 1.693371958505916, -0.2949485930041294, 1.5105135324866044, 1.791314874503094, 1.158741033396097, 2.226792831613283, 0.9081888892248964, 1.9979920025302031, 0.9984755983610134]",1.808596885630118,1.158741033396097,"[1.33696172 1.33696172 1.33696172 1.33696172 1.33696172 0.86207424
 1.12341683 0.9468185  0.8559005  0.6654754 ]",1.3369617224880386,0.8620742360644783,5,8,16,8.758376359939575,1,1495.0,0.0,0.0,177,regular,12,8,16,4.0,0.375,0.375,0.0,0.9451735953974397
known,static_conjecture,gnm_178,8.950014464849119,"[2.8257065868816467, 1.928032075087704, 1.8361680832156635, 2.2586716623385588, 1.3294805593424552, 1.719791367896353, 3.0349467781260726, 1.205106929810351, 1.624406433824956, 1.319011227608606]",2.8257065868816467,1.719791367896353,"[1.85651061 1.85651061 1.85651061 1.85651061 1.85651061 0.86207424
 1.12341683 0.9468185  0.8559005  0.6654754 ]",1.856510612509182,0.8620742360644783,5,8,12,3.561058282852173,1,1141.0,0.0,0.0,178,gnm,10,8,12,3.0,0.3333,0.375,-0.2121,0.8950014464849119
known,static_conjecture,watts_179,23.40492574025744,"[2.9872339974831323, 2.8336167627739837, 2.8121201256244674, 2.746689834232681, 0.8144512695432282, 0.5478500382760738, 1.9942607239498642, 1.855298981980512, 1.7354824034903127, -0.06400578438860847]",2.9872339974831323,0.5478500382760738,"[1.79593837 1.79593837 1.79593837 1.79593837 1.79593837 0.86207424
 1.12341683 0.9468185  0.8559005  0.6654754 ]",1.795938372249442,0.8620742360644783,5,16,32,14.203227043151855,1,1815.0,0.0,0.0,179,watts,25,16,32,4.0,0.3312,0.3125,0.0323,0.9361970296102976
known,static_conjecture,gnm_180,7.596279976831283,"[2.5628749398261625, 2.14799676892719, 0.6135053583449903, 2.0237867645872853, 1.9464582637122112, 1.2985614600838498, 2.6022758502963255, 1.1257898570559273, 1.297936129281477, 1.24388242157054]",2.5628749398261625,1.2985614600838498,"[1.85651061 1.85651061 1.85651061 1.85651061 1.85651061 0.86207424
 1.12341683 0.9468185  0.8559005  0.6654754 ]",1.856510612509182,0.8620742360644783,5,6,11,0.8236677646636963,1,1427.0,0.0,0.0,180,gnm,8,6,11,3.6667,0.5833,0.3333,-0.1,0.9495349971039104
known,static_conjecture,gnm_181,8.42722980036342,"[1.415874292587472, 2.907635342982048, 2.8535162663543843, 1.6579709421096, 2.0675887347961948, 1.1329067195392328, 2.536475458149638, 1.6898190320857536, 1.9763150567855283, 0.45962100514928117]",1.415874292587472,1.1329067195392328,"[1.85651061 1.85651061 1.85651061 1.85651061 1.85651061 0.86207424
 1.12341683 0.9468185  0.8559005  0.6654754 ]",1.856510612509182,0.8620742360644783,5,6,13,5.036567211151123,1,1503.0,0.0,0.0,181,gnm,9,6,13,4.3333,0.9,0.3333,-0.4444,0.9363588667070467
known,static_conjecture,barabasi_182,13.335263109554989,"[2.896970645143912, 1.818901056162985, 2.2155790422756767, 2.3359389013458918, 2.388737759095952, 1.1964624592673623, 2.8720036446408983, 2.6071744586171253, 1.5767213207868869, 0.5302566093740106]",2.896970645143912,1.1964624592673625,"[2.20342262 2.20342262 2.20342262 2.20342262 2.20342262 0.86207424
 1.12341683 0.9468185  0.8559005  0.6654754 ]",2.203422619047619,0.8620742360644783,5,16,15,5.1353302001953125,1,1062.0,0.0,0.0,182,barabasi,15,16,15,1.875,0.0,0.75,-0.7162,0.8890175406369992
known,static_conjecture,regular_183,6.000010954864568,"[2.4452439373599013, 1.4141306466689891, 3.1099215975362053, 1.7756478031116636, 1.8784631481241219, 0.9592823524768553, 1.9496252073211062, 1.556634767189697, 1.4635167229513812, 0.7277402326288659]",2.4452439373599013,0.9592823524768552,"[1.56614833 1.56614833 1.56614833 1.56614833 1.56614833 0.86207424
 1.12341683 0.9468185  0.8559005  0.6654754 ]",1.5661483253588515,0.8620742360644783,5,7,7,3.550825834274292,1,934.0,0.0,0.0,183,regular,6,7,7,2.0,0.0,0.4286,0.0,1.0
known,static_conjecture,watts_184,16.39790990192354,"[1.1143396641701773, 1.3885871944911388, 1.640107696600466, 1.8109217870912424, 1.3975744447234146, 1.8519545413681735, 1.2795428683823384, 1.2397916178549424, 0.644434046954689, 0.12842107278525822]",1.1143396641701773,1.8519545413681733,"[1.57079633 1.57079633 1.57079633 1.57079633 1.57079633 0.86207424
 1.12341683 0.9468185  0.8559005  0.6654754 ]",1.5707963267948966,0.8620742360644783,5,20,20,9.306593894958496,1,1472.0,0.0,0.0,184,watts,19,20,20,2.0,0.0,0.45,-0.0811,0.8630478895749232
known,static_conjecture,gnm_185,16.756325509753292,"[1.4341273404503896, 1.3750233050302163, 3.1415607381367407, 1.7927322251175837, 1.9236676762014129, 0.9402960765226118, 2.487820702062146, 2.5132980490223877, 1.8652612888679787, 1.3751524069828047]",1.4341273404503896,0.9402960765226118,"[1.7514859  1.7514859  1.7514859  1.7514859  1.7514859  0.86207424
 1.12341683 0.9468185  0.8559005  0.6654754 ]",1.751485896332217,0.8620742360644783,5,12,24,5.380738973617554,1,1103.0,0.0,0.0,185,gnm,20,12,24,4.0,0.2964,0.4167,-0.2011,0.8378162754876646
known,static_conjecture,barabasi_186,11.548334911769588,"[1.7671980362993223, 1.0972626662133527, 2.459714748977749, 1.5614915110727732, 1.643809633703501, 1.3053485923102748, 1.940171380353195, 1.1596358321735671, 1.3488514933920541, 0.6602013952945116]",1.7671980362993225,1.3053485923102748,"[1.55929705 1.55929705 1.55929705 1.55929705 1.55929705 0.86207424
 1.12341683 0.9468185  0.8559005  0.6654754 ]",1.559297052154195,0.8620742360644783,5,14,13,0.8780651092529297,1,892.0,0.0,0.0,186,barabasi,13,14,13,1.8571,0.0,0.5,-0.5566,0.8883334547515068
known,static_conjecture,watts_187,11.114429228185124,"[1.5384062422961229, 2.609856506034766, 2.658726842657668, 2.946092336569828, 2.1776708878689215, 1.264564453575252, 1.6250352285922354, 1.9258129567703164, 0.8995270035664602, 0.08866015091478974]",1.5384062422961229,1.264564453575252,"[1.54166667 1.54166667 1.54166667 1.54166667 1.54166667 0.86207424
 1.12341683 0.9468185  0.8559005  0.6654754 ]",1.541666666666667,0.8620742360644783,5,14,14,8.576679229736328,1,1615.0,0.0,0.0,187,watts,13,14,14,2.0,0.1667,0.4286,-0.3462,0.8549560944757787
known,static_conjecture,gnm_188,10.54829794642319,"[2.707157192342731, 1.9983111705473637, 1.92605127698826, 1.8077344065307919, 1.2157209016665993, 1.5576892468221217, 2.3555199938756903, 1.9365450827772337, 1.517141130431142, 0.8550251385565956]",2.707157192342731,1.5576892468221215,"[1.85651061 1.85651061 1.85651061 1.85651061 1.85651061 0.86207424
 1.12341683 0.9468185  0.8559005  0.6654754 ]",1.856510612509182,0.8620742360644783,5,8,16,2.5995125770568848,1,682.0,0.0,0.0,188,gnm,12,8,16,4.0,0.5083,0.375,-0.316,0.8790248288685992
known,static_conjecture,barabasi_189,26.966691939640835,"[3.011787142773519, 2.8175862769267415, 1.643892132606649, 1.5655103223413165, 1.5690532748779669, 0.4823735776955709, 2.6921615994468304, 0.7601500718394409, 2.3528789236283245, 0.791403399720776]",3.011787142773519,0.4823735776955709,"[1.75400095 1.75400095 1.75400095 1.75400095 1.75400095 0.86207424
 1.12341683 0.9468185  0.8559005  0.6654754 ]",1.7540009469696969,0.8620742360644783,5,16,39,14.2009015083313,1,1436.0,0.0,0.0,189,barabasi,31,16,39,4.875,0.2864,0.375,-0.261,0.8698932883755108
known,static_conjecture,gnm_190,11.883098912774583,"[2.734434643118648, 1.4811068436110055, 1.8160143543715894, 2.594322008777093, 1.7365249139222998, 0.9448597389890923, 1.863538280820948, 1.2506534287762885, 1.0473570438485025, 0.9876207897048931]",2.734434643118648,0.9448597389890924,"[1.82079633 1.82079633 1.82079633 1.82079633 1.82079633 0.86207424
 1.12341683 0.9468185  0.8559005  0.6654754 ]",1.8207963267948968,0.8620742360644783,5,7,20,3.2829694747924805,1,1524.0,0.0,0.0,190,gnm,12,7,20,5.7143,0.9524,0.2857,-0.3333,0.9902582427312153
known,static_conjecture,barabasi_191,16.533684951658543,"[2.8806411956110045, 2.689751098149633, 1.1107342562321036, 1.5211947294599526, 1.5993111036833647, 2.054658615184356, 1.858732220002279, 2.1385402494629595, 1.7617230588363628, 0.9511622348157959]",2.8806411956110045,2.054658615184356,"[1.92364268 1.92364268 1.92364268 1.92364268 1.92364268 0.86207424
 1.12341683 0.9468185  0.8559005  0.6654754 ]",1.9236426767676769,0.8620742360644783,5,20,19,13.839088201522827,1,2082.0,0.0,0.0,191,barabasi,19,20,19,1.9,0.0,0.55,-0.3122,0.8701939448241338
known,static_conjecture,barabasi_192,18.75757771491036,"[2.980165989441161, 2.834177173930817, 1.6064652395370853, 1.6705326167771033, 1.6088208804783775, 0.47367471198164324, 2.4356739833103704, 0.4356487649308619, 2.608323927080069, 1.1810230083452185]",2.980165989441161,0.4736747119816432,"[1.65879691 1.65879691 1.65879691 1.65879691 1.65879691 0.86207424
 1.12341683 0.9468185  0.8559005  0.6654754 ]",1.6587969099703994,0.8620742360644783,5,15,26,7.281318664550781,1,1366.0,0.0,0.0,192,barabasi,21,15,26,3.4667,0.3407,0.4667,-0.5404,0.893217986424303
known,static_conjecture,watts_193,15.684781991781774,"[1.4946401312949478, 2.9072471144083702, 0.8248446104258707, 3.036685976626567, 1.488675128947631, 1.8201083172827581, 1.700008716390826, 0.02623053742923344, 1.746783701168135, 1.1855101451006012]",1.4946401312949478,1.820108317282758,"[1.54166667 1.54166667 1.54166667 1.54166667 1.54166667 0.86207424
 1.12341683 0.9468185  0.8559005  0.6654754 ]",1.541666666666667,0.8620742360644783,5,12,24,5.977993726730347,1,1159.0,0.0,0.0,193,watts,18,12,24,4.0,0.4583,0.3333,-0.1624,0.8713767773212097
known,static_conjecture,gnm_194,77.4205508055903,"[3.0566859609619685, 2.611672490570047, 2.619740648002468, 2.4262841781472337, 2.3199807017056835, 0.16310828557863527, 3.141518433061156, 3.1411402321018973, 3.1027851786999427, 1.5018881915079718]",3.0566859609619685,0.1631082855786352,"[2.68489217 2.68489217 2.68489217 2.68489217 2.68489217 0.86207424
 1.12341683 0.9468185  0.8559005  0.6654754 ]",2.684892171918109,0.8620742360644783,5,18,146,22.50951313972473,1,743.0,0.0,0.0,194,gnm,81,18,146,16.2222,0.9537,0.1111,-0.1009,0.9558092692048185
known,static_conjecture,barabasi_195,18.303261676678115,"[2.9739799996876837, 2.768780428299027, 1.6430309638689264, 1.7082719805448214, 1.5643900095545669, 0.45118849954496587, 2.6297319912145865, 0.8258289764425404, 2.390955373236809, 0.7285927260614485]",2.973979999687684,0.4511884995449658,"[1.65310707 1.65310707 1.65310707 1.65310707 1.65310707 0.86207424
 1.12341683 0.9468185  0.8559005  0.6654754 ]",1.6531070692604528,0.8620742360644783,5,15,26,5.163222074508667,1,799.0,0.0,0.0,195,barabasi,20,15,26,3.4667,0.401,0.5333,-0.3316,0.9151630838339058
known,static_conjecture,barabasi_196,8.428846908478086,"[2.924671721256287, 2.8667683416168313, 2.995413935124659, 2.70119221992386, 2.721941460002488, 2.0562568889393003, 1.6236680258268432, 1.8542480209812324, 1.8044031716705766, 0.17352070586904056]",2.924671721256287,2.0562568889393003,"[2.21419442 2.21419442 2.21419442 2.21419442 2.21419442 0.86207424
 1.12341683 0.9468185  0.8559005  0.6654754 ]",2.214194423997056,0.8620742360644783,5,10,9,3.95064115524292,1,1231.0,0.0,0.0,196,barabasi,9,10,9,1.8,0.0,0.6,-0.6364,0.936538545386454
known,static_conjecture,gnm_197,16.70902861319147,"[1.3271898820041677, 3.114418155279658, 1.5896773524707837, 3.0790676994690593, 1.570125479813879, 0.6920009224182297, 3.141419563987153, 1.3424450957560063, 2.1618654568312308, 0.8921309848939258]",1.3271898820041677,0.6920009224182297,"[1.51046772 1.51046772 1.51046772 1.51046772 1.51046772 0.86207424
 1.12341683 0.9468185  0.8559005  0.6654754 ]",1.510467723796671,0.8620742360644783,5,13,26,1.652177810668945,1,616.0,0.0,0.0,197,gnm,21,13,26,4.0,0.1564,0.3846,-0.0467,0.7956680291995939
known,static_conjecture,barabasi_198,15.789375851926463,"[1.8325619980784622, 2.577564695567891, 1.6325253696673463, 3.1413142360091815, 1.2548187492538294, 1.377520290201541, 3.034313880844153, 0.38144502319205137, 3.110247291934964, 0.1611130999734931]",1.8325619980784624,1.377520290201541,"[1.54557823 1.54557823 1.54557823 1.54557823 1.54557823 0.86207424
 1.12341683 0.9468185  0.8559005  0.6654754 ]",1.545578231292517,0.8620742360644783,5,14,24,10.856740474700928,1,1816.0,0.0,0.0,198,barabasi,18,14,24,3.4286,0.7831,0.4286,-0.4612,0.877187547329248
known,static_conjecture,watts_199,22.17446378102286,"[1.894624077604167, 2.8239852754671846, 1.381970254835144, 2.7911024169266274, 0.5036590089271025, 1.5558170131060545, 2.9527846280515724, 2.136987774860832, 1.7761712903736089, 1.39421379830147]",1.894624077604167,1.5558170131060545,"[1.58500087 1.58500087 1.58500087 1.58500087 1.58500087 0.86207424
 1.12341683 0.9468185  0.8559005  0.6654754 ]",1.585000872249442,0.8620742360644783,5,16,32,5.146656513214111,1,659.0,0.0,0.0,199,watts,25,16,32,4.0,0.2958,0.375,-0.1333,0.8869785512409145
known,static_conjecture,gnm_200,21.08347228190098,"[1.7179728414598805, 2.6817966221648026, 2.5208173163208736, 2.288080719339785, 1.7108258589443945, 1.299584085034888, 1.4426120575672878, 1.5657203765557157, 1.844393137050567, -0.1186305748877408]",1.7179728414598805,1.299584085034888,"[2.1422249  2.1422249  2.1422249  2.1422249  2.1422249  0.86207424
 1.12341683 0.9468185  0.8559005  0.6654754 ]",2.142224898223468,0.8620742360644783,5,10,37,11.532981395721436,1,1543.0,0.0,0.0,200,gnm,24,10,37,7.4,0.8271,0.3,-0.2794,0.8784780117458743
known,static_conjecture,gnm_201,28.95040697716101,"[2.93922158581893, 1.6741154061529722, 1.5186466186617478, 2.809479920791275, 1.1127206107285363, 1.2323782939343342, 1.5579558963900575, 2.3736793556685756, 1.7999759758419156, -0.019556298246361938]",2.93922158581893,1.2323782939343342,"[2.05594061 2.05594061 2.05594061 2.05594061 2.05594061 0.86207424
 1.12341683 0.9468185  0.8559005  0.6654754 ]",2.0559406060086687,0.8620742360644783,5,14,46,13.010822057724,1,1373.0,0.0,0.0,201,gnm,33,14,46,6.5714,0.5314,0.3571,-0.2033,0.87728505991397
known,static_conjecture,watts_202,12.98850350166493,"[1.669900347700908, 1.882062886784441, 0.5128982488319678, 2.553674543276689, 1.117245573088287, 0.8972818246565677, 2.366054432480047, 1.3960748940953147, 1.9292891740987494, 0.15977603597965845]",1.669900347700908,0.8972818246565677,"[1.54166667 1.54166667 1.54166667 1.54166667 1.54166667 0.86207424
 1.12341683 0.9468185  0.8559005  0.6654754 ]",1.541666666666667,0.8620742360644783,5,15,15,7.387827157974243,1,1665.0,0.0,0.0,202,watts,15,15,15,2.0,0.0,0.4667,-0.0345,0.8659002334443286
known,static_conjecture,watts_203,21.605088309726757,"[1.7114245399797725, 0.7652472340506135, 0.9433259126592417, 1.5067968015662423, 3.1414770137187142, 0.2680059545279236, 3.1410174235071615, 2.7842216019905526, 1.9500223443085793, 1.0113837561222432]",1.7114245399797725,0.2680059545279236,"[1.57079633 1.57079633 1.57079633 1.57079633 1.57079633 0.86207424
 1.12341683 0.9468185  0.8559005  0.6654754 ]",1.5707963267948966,0.8620742360644783,5,17,34,9.620346069335938,1,1141.0,0.0,0.0,203,watts,28,17,34,4.0,0.2529,0.5294,-0.4034,0.7716102967759556
known,static_conjecture,watts_204,16.7965800749194,"[1.4405746358681144, 2.9695682418378566, 1.5450104932285587, 2.6877214788153934, 1.5522995630651408, 0.3254350895934728, 2.168646349118787, 1.1367674745585354, 2.41220785018521, 0.7631956199744593]",1.4405746358681144,0.3254350895934728,"[1.54166667 1.54166667 1.54166667 1.54166667 1.54166667 0.86207424
 1.12341683 0.9468185  0.8559005  0.6654754 ]",1.541666666666667,0.8620742360644783,5,13,26,3.558049440383911,1,950.0,0.0,0.0,204,watts,21,13,26,4.0,0.2051,0.3846,-0.1426,0.7998371464247334
known,static_conjecture,watts_205,14.20121699912449,"[1.434117845879312, 1.4384353992979961, 1.6959792863491079, 2.725139249316591, 1.493635451156806, 1.1629713556747423, 2.0331725174663484, 1.7547125467503188, 1.579747024986451, 0.27450875850526163]",1.434117845879312,1.1629713556747423,"[1.49076923 1.49076923 1.49076923 1.49076923 1.49076923 0.86207424
 1.12341683 0.9468185  0.8559005  0.6654754 ]",1.4907692307692306,0.8620742360644783,5,10,20,6.382205486297607,1,1225.0,0.0,0.0,205,watts,16,10,20,4.0,0.3133,0.4,-0.25,0.8875760624452806
known,static_conjecture,regular_206,15.69637452966117,"[3.1248943942577654, 2.0167305630986423, 3.1215954582955163, 2.762013641378568, 0.9616301164661389, 1.3263303908135802, 2.6023144450933584, 1.1023416038423512, 1.988410014481054, 1.1496672378165127]",3.1248943942577654,1.3263303908135802,"[3.14159265 3.14159265 3.14159265 3.14159265 3.14159265 0.86207424
 1.12341683 0.9468185  0.8559005  0.6654754 ]",3.141592653589793,0.8620742360644783,5,18,18,3.977092266082764,1,950.0,0.0,0.0,206,regular,18,18,18,2.0,0.0,0.4444,0.0,0.8720208072033984
known,static_conjecture,watts_207,8.606409069630878,"[1.8817933803205409, 1.873622019775762, 1.8286141104300038, 1.5876681535821133, 2.599397665286303, 1.5081509585813029, 2.201654928170945, 1.5886104935922707, 1.314788034178998, 0.7700735203135368]",1.8817933803205409,1.5081509585813029,"[1.46995192 1.46995192 1.46995192 1.46995192 1.46995192 0.86207424
 1.12341683 0.9468185  0.8559005  0.6654754 ]",1.4699519230769231,0.8620742360644783,5,10,10,3.029055595397949,1,1537.0,0.0,0.0,207,watts,10,10,10,2.0,0.0,0.5,-0.0526,0.8606409069630878
known,static_conjecture,gnm_208,18.97869263806888,"[2.1728825210036273, 2.564239647044542, 1.850385773810451, 2.186121516350386, 2.0628872717950597, 1.6058091220451736, 1.6519747960963722, 1.6922277235371586, 1.5954996262621162, 0.6564952903538719]",2.1728825210036278,1.6058091220451736,"[2.1422249  2.1422249  2.1422249  2.1422249  2.1422249  0.86207424
 1.12341683 0.9468185  0.8559005  0.6654754 ]",2.142224898223468,0.8620742360644783,5,10,35,5.403687953948975,1,820.0,0.0,0.0,208,gnm,23,10,35,7.0,0.7625,0.2,-0.2337,0.8251605494812556
known,static_conjecture,barabasi_209,4.972987311448378,"[3.041696847617229, 2.315218524043181, 2.7503424583681007, 2.268826528207293, 2.4488849398141745, 0.36361963486851756, 1.9411420547977025, 1.709720993768272, 1.3049046784309228, -0.018863480455077738]",3.041696847617229,0.3636196348685175,"[2.19780229 2.19780229 2.19780229 2.19780229 2.19780229 0.86207424
 1.12341683 0.9468185  0.8559005  0.6654754 ]",2.197802286579731,0.8620742360644783,5,6,5,2.780033588409424,1,1318.0,0.0,0.0,209,barabasi,5,6,5,1.6667,0.0,0.8333,-1.0,0.9945974622896756
known,static_conjecture,regular_210,19.69684985743493,"[1.7490185862619947, 2.0071047303882095, 3.02045733763211, 1.9764627221401256, 3.0121851956265306, 2.1884746754257636, 2.0560108677010547, 0.5702930602307921, 0.4480169527436051, 1.2694942385420376]",1.7490185862619947,2.188474675425764,"[3.14159265 3.14159265 3.14159265 3.14159265 3.14159265 0.86207424
 1.12341683 0.9468185  0.8559005  0.6654754 ]",3.141592653589793,0.8620742360644783,5,16,24,13.112167596817017,1,2338.0,0.0,0.0,210,regular,22,16,24,3.0,0.0625,0.375,0.0,0.8953113571561332
known,static_conjecture,gnm_211,24.26085299820297,"[3.1414401629205173, 2.703486740492023, 2.32833815680477, 2.2013441096008597, 2.412785350996307, 1.3508185453948134, 3.1415807428127174, 1.6370774259397305, 1.5686044429024202, 1.2300426507543332]",3.1414401629205173,1.3508185453948134,"[2.25864822 2.25864822 2.25864822 2.25864822 2.25864822 0.86207424
 1.12341683 0.9468185  0.8559005  0.6654754 ]",2.258648220872179,0.8620742360644783,5,16,40,6.678969144821167,1,691.0,0.0,0.0,211,gnm,31,16,40,5.0,0.3424,0.3125,-0.2182,0.7826081612323539
known,static_conjecture,gnm_212,38.4630051730428,"[2.2103914227599226, 2.095296467703992, 2.9735199992953385, 2.305953800264229, 2.1134762608143935, 1.5714869237950317, 1.59142909722735, 1.562755231485271, 1.292310420027559, 1.5719656663905293]",2.2103914227599226,1.5714869237950315,"[2.27060354 2.27060354 2.27060354 2.27060354 2.27060354 0.86207424
 1.12341683 0.9468185  0.8559005  0.6654754 ]",2.27060353911695,0.8620742360644783,5,16,68,10.897452116012571,1,650.0,0.0,0.0,212,gnm,47,16,68,8.5,0.552,0.25,-0.1575,0.8183618121924
known,static_conjecture,regular_213,11.665697697174863,"[2.750562975298261, 2.024049650997639, 1.9075592033733058, 2.56561298647513, 1.6498847391846931, -1.0919094933780709, 2.4913803016072915, 1.280450258420394, 1.2821962267762164, 0.9630045575804639]",2.750562975298261,-1.0919094933780709,"[1.53632918 1.53632918 1.53632918 1.53632918 1.53632918 0.86207424
 1.12341683 0.9468185  0.8559005  0.6654754 ]",1.5363291750727188,0.8620742360644783,5,13,13,4.256443023681641,1,1030.0,0.0,0.0,213,regular,12,13,13,2.0,0.0,0.4615,0.0,0.9721414747645719
known,static_conjecture,regular_214,16.26968350846716,"[2.804100005643134, 1.7561094406735727, 2.48437397514172, 2.4125515224510483, 1.4674547645825249, 1.1885153861276345, 2.0890760186497244, 1.4100032126059714, 1.996568598311795, 2.2309982921901663]",2.804100005643134,1.1885153861276343,"[2.09196429 2.09196429 2.09196429 2.09196429 2.09196429 0.86207424
 1.12341683 0.9468185  0.8559005  0.6654754 ]",2.091964285714286,0.8620742360644783,5,12,18,8.367646217346191,1,2133.0,0.0,0.0,214,regular,18,12,18,3.0,0.0,0.5,0.0,0.9038713060259533
known,static_conjecture,watts_215,13.398460789710228,"[2.989068560703254, 1.665076506793862, 2.722644763653631, 1.477717006298031, 1.7944347402297083, 1.050046079371237, 2.4661910365345125, 2.204418195080363, 1.9476852974353447, 0.8346342136103431]",2.989068560703254,1.050046079371237,"[1.57079633 1.57079633 1.57079633 1.57079633 1.57079633 0.86207424
 1.12341683 0.9468185  0.8559005  0.6654754 ]",1.5707963267948966,0.8620742360644783,5,17,17,4.102216720581055,1,831.0,0.0,0.0,215,watts,17,17,17,2.0,0.0,0.5294,0.0058,0.7881447523358958
known,static_conjecture,watts_216,14.16185068644373,"[1.58130922204605, 1.9538725250147413, 1.4313852211920803, 1.9418223272918933, 2.8474207718230216, 0.9605205752070152, 2.490030483193017, 1.5940130178323741, 1.1927350760136304, 0.4695956844086182]",1.58130922204605,0.9605205752070152,"[1.57079633 1.57079633 1.57079633 1.57079633 1.57079633 0.86207424
 1.12341683 0.9468185  0.8559005  0.6654754 ]",1.5707963267948966,0.8620742360644783,5,17,17,5.018326759338379,1,998.0,0.0,0.0,216,watts,17,17,17,2.0,0.0,0.4706,0.086,0.833050040379043
known,static_conjecture,regular_217,18.761785528598008,"[2.893946382741012, 2.208195210389519, 2.858912472659153, 1.727768926263038, 1.9505710795898124, 0.1304156121211284, 1.7129657546371158, 1.2094792833331418, 1.0757888252076389, -0.26172463741908975]",2.893946382741012,0.1304156121211284,"[1.97142857 1.97142857 1.97142857 1.97142857 1.97142857 0.86207424
 1.12341683 0.9468185  0.8559005  0.6654754 ]",1.971428571428571,0.8620742360644783,5,12,24,9.677830696105955,1,1652.0,0.0,0.0,217,regular,20,12,24,4.0,0.1667,0.3333,0.0,0.9380892764299004
known,static_conjecture,watts_218,16.250829565710518,"[2.877621003582708, 3.1077949755007266, 0.7446884394414631, 3.0163110182801423, 3.0507020000258995, 1.677466757567865, 1.6870840791086352, 1.8743810752135293, 2.0390189567804313, 0.516171071177258]",2.877621003582708,1.677466757567865,"[1.57079633 1.57079633 1.57079633 1.57079633 1.57079633 0.86207424
 1.12341683 0.9468185  0.8559005  0.6654754 ]",1.5707963267948966,0.8620742360644783,5,20,20,6.968098402023315,1,1445.0,0.0,0.0,218,watts,19,20,20,2.0,0.0833,0.45,-0.2745,0.855306819247922
known,static_conjecture,gnm_219,33.64101301050862,"[2.0101999339197554, 2.890021725527375, 2.359922678746309, 2.3078221655610776, 1.630580605000405, 1.6014843314945524, 1.9055901747803101, 1.5693305452661979, 1.2873677209973011, 1.1796673207909802]",2.010199933919756,1.6014843314945524,"[2.15723118 2.15723118 2.15723118 2.15723118 2.15723118 0.86207424
 1.12341683 0.9468185  0.8559005  0.6654754 ]",2.15723118352111,0.8620742360644783,5,15,59,10.65813660621643,1,852.0,0.0,0.0,219,gnm,39,15,59,7.8667,0.6042,0.2,-0.1078,0.8625900771925288
known,static_conjecture,barabasi_220,14.61639575609738,"[2.907540335117302, 2.491968756201668, 1.1761290393249344, 0.8051924395435264, 2.7688005278573335, 0.2705262009084566, 1.6268640411521078, 1.313457929459374, -0.12369564624931736, 1.4098666293535407]",2.907540335117302,0.2705262009084566,"[1.93069117 1.93069117 1.93069117 1.93069117 1.93069117 0.86207424
 1.12341683 0.9468185  0.8559005  0.6654754 ]",1.9306911709689487,0.8620742360644783,5,18,17,12.498765230178831,1,2558.0,0.0,0.0,220,barabasi,17,18,17,1.8889,0.0,0.6111,-0.2903,0.859787985652787
known,static_conjecture,barabasi_221,14.47246162913221,"[1.817558358547234, 2.6047378887145904, 1.5625881073734962, 2.412252590790162, 1.5799728411755343, 1.3375631519133886, 2.307670332340879, 1.0820809207863622, 2.48598906552083, 0.6876535097742075]",1.817558358547234,1.3375631519133886,"[1.61467571 1.61467571 1.61467571 1.61467571 1.61467571 0.86207424
 1.12341683 0.9468185  0.8559005  0.6654754 ]",1.614675709655467,0.8620742360644783,5,13,22,6.440301418304443,1,1679.0,0.0,0.0,221,barabasi,18,13,22,3.3846,0.4821,0.5385,-0.3793,0.8040256460629006
known,static_conjecture,gnm_222,11.575380714707066,"[2.8981734107963755, 3.1415866938155297, 1.1458281130405568, 3.1168475196568077, 2.596484026399601, 0.3331447596453574, 3.042682989613438, 3.1415516120701446, 3.0856744970802574, 1.3398153503641326]",2.8981734107963755,0.3331447596453574,"[2.1422249  2.1422249  2.1422249  2.1422249  2.1422249  0.86207424
 1.12341683 0.9468185  0.8559005  0.6654754 ]",2.142224898223468,0.8620742360644783,5,10,17,7.321655750274658,1,1541.0,0.0,0.0,222,gnm,13,10,17,3.4,0.3067,0.5,-0.3949,0.8904139011313128
known,static_conjecture,gnm_223,66.81108943598879,"[2.287094610372984, 3.1354614552668343, 2.590160894361133, 3.081716525691589, 2.842672675407724, 0.8266158559059638, 2.323808899355717, 0.42747503889061256, 2.400609620852087, 1.740174019206432]",2.287094610372984,0.8266158559059638,"[2.38297744 2.38297744 2.38297744 2.38297744 2.38297744 0.86207424
 1.12341683 0.9468185  0.8559005  0.6654754 ]",2.382977444256161,0.8620742360644783,5,20,127,37.45896077156067,1,1040.0,0.0,0.0,223,gnm,79,20,127,12.7,0.6834,0.2,-0.1025,0.8457099928606177
known,static_conjecture,barabasi_224,5.678387841136555,"[2.0841232042958193, 3.138383556349154, 2.7174399256708313, 2.0254682972900877, 2.9385324419973786, 1.5285145788031678, 1.5584675838276354, 2.1608585560015534, 1.9769565566079876, 0.7913222245084157]",2.0841232042958198,1.5285145788031678,"[2.28139837 2.28139837 2.28139837 2.28139837 2.28139837 0.86207424
 1.12341683 0.9468185  0.8559005  0.6654754 ]",2.281398371365477,0.8620742360644783,5,8,7,1.550056219100952,1,856.0,0.0,0.0,224,barabasi,7,8,7,1.75,0.0,0.5,-0.2353,0.8111982630195078
known,static_conjecture,barabasi_225,12.851808165089052,"[2.90454360825386, 2.47437536244541, 1.9321159286097385, 2.2965675979370195, 2.0935513202020557, 0.4386438016602432, 3.1347975917241344, 2.9189097804932036, 3.0095816691319413, 0.19854113589035172]",2.90454360825386,0.4386438016602432,"[1.93834438 1.93834438 1.93834438 1.93834438 1.93834438 0.86207424
 1.12341683 0.9468185  0.8559005  0.6654754 ]",1.938344381313132,0.8620742360644783,5,16,15,4.329487562179565,1,1181.0,0.0,0.0,225,barabasi,15,16,15,1.875,0.0,0.625,-0.5035,0.8567872110059368
known,static_conjecture,gnm_226,23.110690159575256,"[3.0085721319432968, 1.7135774024000163, 1.4545552530750216, 2.8055038465659408, 2.848046390098518, 2.412840383411217, 3.1414879727685854, 1.1469113856310527, 1.8271842840826622, 0.17990888656733178]",3.0085721319432968,2.412840383411217,"[2.1422249  2.1422249  2.1422249  2.1422249  2.1422249  0.86207424
 1.12341683 0.9468185  0.8559005  0.6654754 ]",2.142224898223468,0.8620742360644783,5,10,39,11.044376850128174,1,1799.0,0.0,0.0,226,gnm,25,10,39,7.8,0.8524,0.2,-0.1628,0.9244276063830102
known,static_conjecture,watts_227,25.817344892738824,"[2.966484677074078, 2.8115848024177694, 0.4844882364162448, 2.118634307384151, 2.0667133022986195, 0.5675357700914261, 1.799164769355007, 1.4128310830329038, 1.62296531596051, -0.00935503478274629]",2.966484677074078,0.5675357700914261,"[1.57079633 1.57079633 1.57079633 1.57079633 1.57079633 0.86207424
 1.12341683 0.9468185  0.8559005  0.6654754 ]",1.5707963267948966,0.8620742360644783,5,18,36,11.861274242401125,1,1323.0,0.0,0.0,227,watts,29,18,36,4.0,0.2333,0.3889,-0.3333,0.8902532721634077
known,static_conjecture,watts_228,4.916086440297022,"[0.3963704357087122, 2.42530520761016, 1.9162740637877533, 2.6151710164615567, 1.2381579166737147, 1.4713198174951267, 1.9609918301555527, 0.08729446414339251, 1.6243730036973218, 0.2238696281759421]",0.3963704357087122,1.4713198174951267,"[1.46995192 1.46995192 1.46995192 1.46995192 1.46995192 0.86207424
 1.12341683 0.9468185  0.8559005  0.6654754 ]",1.4699519230769231,0.8620742360644783,5,6,6,1.8018040657043457,1,1198.0,0.0,0.0,228,watts,5,6,6,2.0,0.0,0.5,-0.6364,0.9832172880594043
known,static_conjecture,regular_229,15.37328368071277,"[2.8772978335775257, 1.6685526197940144, 2.012373858974498, 1.7979275604686844, 1.9725476455507907, 1.0873456919551496, 2.5798880206556314, 0.06052565433818581, 1.5618037482779448, 0.22548244512450752]",2.8772978335775257,1.0873456919551496,"[1.97142857 1.97142857 1.97142857 1.97142857 1.97142857 0.86207424
 1.12341683 0.9468185  0.8559005  0.6654754 ]",1.971428571428571,0.8620742360644783,5,11,22,6.728005409240723,1,1436.0,0.0,0.0,229,regular,16,11,22,4.0,0.2727,0.2727,0.0,0.9608302300445482
known,static_conjecture,watts_230,16.835495675977665,"[1.5147062808399818, 3.0453397765094934, 1.414243134828009, 3.1415170153364507, 1.153213647012207, 1.303250922765726, 2.92370012744472, 2.694191282029374, 2.312133632236577, 1.397416061418054]",1.5147062808399818,1.303250922765726,"[1.54166667 1.54166667 1.54166667 1.54166667 1.54166667 0.86207424
 1.12341683 0.9468185  0.8559005  0.6654754 ]",1.541666666666667,0.8620742360644783,5,13,26,4.4850754737854,1,771.0,0.0,0.0,230,watts,20,13,26,4.0,0.4513,0.3077,-0.1678,0.8417747837988833
known,static_conjecture,barabasi_231,14.62191344047873,"[1.6868523598163607, 2.7770288091716067, 1.4797293019719833, 2.63356801211538, 1.5802909967754963, 0.2955951044081879, 2.450768068971919, 1.156313092089397, 2.3297534772246835, 0.7721611439216332]",1.6868523598163607,0.2955951044081879,"[1.58583284 1.58583284 1.58583284 1.58583284 1.58583284 0.86207424
 1.12341683 0.9468185  0.8559005  0.6654754 ]",1.5858328431202926,0.8620742360644783,5,13,22,4.443265676498413,1,1264.0,0.0,0.0,231,barabasi,18,13,22,3.3846,0.1667,0.4615,-0.3216,0.8123285244710405
known,static_conjecture,gnm_232,41.73577950913677,"[2.3459887953968677, 2.36937439910362, 2.337947146449464, 2.552791943081471, 2.7920196093020846, 0.7855921803793438, 1.5543516977281375, 0.7807624806468858, 1.8383729514659584, 1.1907681335378282]",2.345988795396868,0.7855921803793438,"[2.35340665 2.35340665 2.35340665 2.35340665 2.35340665 0.86207424
 1.12341683 0.9468185  0.8559005  0.6654754 ]",2.353406654682401,0.8620742360644783,5,14,79,11.32719373703003,1,674.0,0.0,0.0,232,gnm,48,14,79,11.2857,0.8617,0.2143,-0.1465,0.8694954064403494
known,static_conjecture,watts_233,9.100753202168724,"[1.7595134277805349, 2.1055557038158237, 1.443770711821597, 2.444055527783429, 1.6746722532462157, 0.964772404936619, 1.9008504748414556, 0.9993938043264448, 1.0280451284434622, 0.7320364565385231]",1.7595134277805349,0.964772404936619,"[1.54166667 1.54166667 1.54166667 1.54166667 1.54166667 0.86207424
 1.12341683 0.9468185  0.8559005  0.6654754 ]",1.541666666666667,0.8620742360644783,5,11,11,6.388915300369263,1,1176.0,0.0,0.0,233,watts,10,11,11,2.0,0.197,0.5455,-0.3444,0.9100753202168723
known,static_conjecture,gnm_234,8.443310493392346,"[2.89694282079099, 1.7677461649537904, 1.8910409994835464, 1.7220472765620538, 1.8079632852927827, 0.18331237216125304, 2.9822841048909554, 1.149171385289107, 3.055460149826347, 1.2936580699019764]",2.89694282079099,0.183312372161253,"[1.82079633 1.82079633 1.82079633 1.82079633 1.82079633 0.86207424
 1.12341683 0.9468185  0.8559005  0.6654754 ]",1.8207963267948968,0.8620742360644783,5,7,11,4.344850778579712,1,1132.0,0.0,0.0,234,gnm,9,7,11,3.1429,0.3571,0.4286,-0.2222,0.9381456103769273
known,static_conjecture,watts_235,25.25375591710772,"[2.7895552665369947, 1.9318846078703684, 1.9189566953312587, 2.0764863807914886, 0.9468081553715232, 1.5684297781103334, 2.3865235698797753, 1.9299886992714401, 1.5545858734616158, 0.8563442965435739]",2.7895552665369947,1.5684297781103334,"[1.78522594 1.78522594 1.78522594 1.78522594 1.78522594 0.86207424
 1.12341683 0.9468185  0.8559005  0.6654754 ]",1.7852259415015197,0.8620742360644783,5,19,38,5.192527294158936,1,807.0,0.0,0.0,235,watts,29,19,38,4.0,0.3912,0.3158,-0.0857,0.8708191695554387
known,static_conjecture,barabasi_236,8.942280575027524,"[1.8526662604873805, 1.5660119158428294, 1.556710642344053, 2.0768757262576183, 0.5000358896255519, 0.9138169597520873, 2.649547594357542, 2.2455486634220807, 1.2608657910501764, 1.3529107776923976]",1.8526662604873805,0.9138169597520872,"[1.55165289 1.55165289 1.55165289 1.55165289 1.55165289 0.86207424
 1.12341683 0.9468185  0.8559005  0.6654754 ]",1.5516528925619837,0.8620742360644783,5,11,10,1.6337754726409912,1,676.0,0.0,0.0,236,barabasi,10,11,10,1.8182,0.0,0.6364,-0.4368,0.8942280575027525
known,static_conjecture,gnm_237,13.417952570363925,"[1.8690738834787193, 1.9388353068640143, 2.136546158063615, 1.9901100055650902, 2.031562316114268, 0.9603953125872722, 2.8078663302775437, 2.3855131797865625, 2.3422743165333157, 0.9665339058657221]",1.8690738834787195,0.9603953125872722,"[1.96365347 1.96365347 1.96365347 1.96365347 1.96365347 0.86207424
 1.12341683 0.9468185  0.8559005  0.6654754 ]",1.9636534696520396,0.8620742360644783,5,9,25,3.499725818634033,1,856.0,0.0,0.0,237,gnm,18,9,25,5.5556,0.6598,0.2222,-0.2425,0.7454418094646624
known,static_conjecture,barabasi_238,18.696394584405034,"[1.822002794165693, 2.6179253497760424, 1.573727912850599, 2.5684615252416063, 1.5595425503689844, 1.3847584105244435, 2.391505812817214, 2.6754028905722964, 2.4274066459594095, 0.7136779773938854]",1.822002794165693,1.3847584105244437,"[1.62964392 1.62964392 1.62964392 1.62964392 1.62964392 0.86207424
 1.12341683 0.9468185  0.8559005  0.6654754 ]",1.6296439249889771,0.8620742360644783,5,16,28,6.035487174987793,1,801.0,0.0,0.0,238,barabasi,24,16,28,3.5,0.1267,0.5,-0.5761,0.7790164410168764
known,static_conjecture,watts_239,10.04712657899745,"[1.3787278457257468, 3.034214473430338, 1.609643168490269, 2.922286798271143, 1.5381746340056308, 0.3926784895336468, 2.012613597948054, 1.1120207912230367, 2.3763571405669226, 0.7517539725263209]",1.3787278457257468,0.3926784895336468,"[1.53033274 1.53033274 1.53033274 1.53033274 1.53033274 0.86207424
 1.12341683 0.9468185  0.8559005  0.6654754 ]",1.5303327429149798,0.8620742360644783,5,8,16,3.6635994911193848,1,1023.0,0.0,0.0,239,watts,12,8,16,4.0,0.4625,0.375,-0.2222,0.8372605482497875
known,static_conjecture,watts_240,11.560325056788315,"[2.9598312458443417, 1.0045729857278574, 1.8059106335286765, 1.3820061302952196, 1.3676867889918536, 0.5087758916450535, 1.6037368218916501, 1.991018401271877, 3.119200225658444, 0.2506105868186]",2.9598312458443417,0.5087758916450535,"[1.46995192 1.46995192 1.46995192 1.46995192 1.46995192 0.86207424
 1.12341683 0.9468185  0.8559005  0.6654754 ]",1.4699519230769231,0.8620742360644783,5,8,16,4.573914527893066,1,1313.0,0.0,0.0,240,watts,13,8,16,4.0,0.4875,0.5,-0.3889,0.8892557735991011
known,static_conjecture,watts_241,24.90585026682278,"[2.0726359113449417, 1.2551844086534114, 0.3457624209829977, 2.647543900680632, 3.1395115592550513, -0.0037300306942449728, 2.5691709072735684, 1.3658558532517413, 0.811003866842105, 2.5085286826330693]",2.0726359113449417,-0.0037300306942449,"[1.57079633 1.57079633 1.57079633 1.57079633 1.57079633 0.86207424
 1.12341683 0.9468185  0.8559005  0.6654754 ]",1.5707963267948966,0.8620742360644783,5,18,36,12.595309734344482,1,1791.0,0.0,0.0,241,watts,28,18,36,4.0,0.337,0.3889,-0.2833,0.8894946523865279
known,static_conjecture,barabasi_242,25.841519790503064,"[3.0049520153286995, 2.808133486999505, 1.6301038975689435, 1.4876028323902915, 1.5609921851335842, 0.42444151968254396, 2.666167612342239, 2.2498443358387723, 2.334147892656034, 0.8813939989509902]",3.0049520153286995,0.4244415196825439,"[1.75400095 1.75400095 1.75400095 1.75400095 1.75400095 0.86207424
 1.12341683 0.9468185  0.8559005  0.6654754 ]",1.7540009469696969,0.8620742360644783,5,16,39,11.078550338745115,1,1209.0,0.0,0.0,242,barabasi,30,16,39,4.875,0.4539,0.375,-0.2892,0.8613839930167688
known,static_conjecture,barabasi_243,27.28548361078963,"[2.961695082163345, 3.140818590188805, 1.8226840397961541, 1.795654066741641, 1.883877519688857, 0.8423409125168224, 2.4859848541699834, 1.402123707934809, 1.2769900526391562, 1.4850964167098728]",2.961695082163345,0.8423409125168224,"[1.78133323 1.78133323 1.78133323 1.78133323 1.78133323 0.86207424
 1.12341683 0.9468185  0.8559005  0.6654754 ]",1.7813332284785572,0.8620742360644783,5,17,42,12.812236547470093,1,1243.0,0.0,0.0,243,barabasi,33,17,42,4.9412,0.3738,0.3529,-0.184,0.8268328366905948
known,static_conjecture,watts_244,8.772005972602187,"[1.831727626673542, -0.27860460576356716, 3.1387837900937785, 3.134405027134264, 1.8087546088075195, 1.3399536780569619, 3.1365720635227268, 2.755225090645798, 2.5478343415370714, 1.2926988012063312]",1.831727626673542,1.339953678056962,"[1.76771255 1.76771255 1.76771255 1.76771255 1.76771255 0.86207424
 1.12341683 0.9468185  0.8559005  0.6654754 ]",1.7677125506072873,0.8620742360644783,5,7,14,2.300628423690796,1,865.0,0.0,0.0,244,watts,10,7,14,4.0,0.5762,0.2857,-0.037,0.8772005972602187
known,static_conjecture,regular_245,16.053274764978926,"[2.0151793863676346, 2.3410534823575437, 2.8674341921289463, 1.6807135839280487, 1.8631571551276904, 1.6768205407105714, 2.541142324113165, 1.8729151871881045, 2.2013115711518285, 0.5043273455163155]",2.0151793863676346,1.6768205407105714,"[2.09196429 2.09196429 2.09196429 2.09196429 2.09196429 0.86207424
 1.12341683 0.9468185  0.8559005  0.6654754 ]",2.091964285714286,0.8620742360644783,5,14,21,5.135343551635742,1,1456.0,0.0,0.0,245,regular,18,14,21,3.0,0.2143,0.3571,0.0,0.8918485980543848
known,static_conjecture,gnm_246,95.41807182173648,"[2.758962526915239, 3.0407291929407183, 2.5586694269915418, 3.1415664304602577, 2.6618669888485758, 1.547547619850695, 3.034189913573002, 0.9048372668555702, 2.286718594444217, 1.3780301815470266]",2.758962526915239,1.547547619850695,"[2.74046283 2.74046283 2.74046283 2.74046283 2.74046283 0.86207424
 1.12341683 0.9468185  0.8559005  0.6654754 ]",2.7404628347183744,0.8620742360644783,5,20,187,61.81174683570862,1,1290.0,0.0,0.0,246,gnm,100,20,187,18.7,0.986,0.1,-0.1282,0.9541807182173647
known,static_conjecture,regular_247,14.589180536244328,"[1.2912789922204064, 0.589240462537523, 0.23794604215008267, 1.5004651492035581, 1.2847054984861646, 1.6775799981127943, 2.381564364077244, 1.8100361619389302, 1.1257211358054868, 0.5464014682590013]",1.2912789922204064,1.6775799981127943,"[1.00894737 1.00894737 1.00894737 1.00894737 1.00894737 0.86207424
 1.12341683 0.9468185  0.8559005  0.6654754 ]",1.0089473684210528,0.8620742360644783,5,10,20,6.294713258743286,1,1714.0,0.0,0.0,247,regular,16,10,20,4.0,0.25,0.4,0.0,0.9118237835152705
known,static_conjecture,watts_248,13.481360569341318,"[3.076537534725003, 0.4381664118605135, 3.1388720316362186, 2.250540470067369, 3.141589367474527, 0.5780506944713852, 3.141424787691951, -0.15527282523342562, 1.3414310503721905, 0.5133183627210226]",3.076537534725003,0.5780506944713852,"[1.57079633 1.57079633 1.57079633 1.57079633 1.57079633 0.86207424
 1.12341683 0.9468185  0.8559005  0.6654754 ]",1.5707963267948966,0.8620742360644783,5,17,17,5.904939651489258,1,1341.0,0.0,0.0,248,watts,17,17,17,2.0,0.0,0.5294,-0.0625,0.793021209961254
known,static_conjecture,watts_249,7.936167019041022,"[2.174964042103891, 2.4838190996782936, 1.1636042233930204, 1.1412468965738571, 2.120929960276859, 1.5614277566671801, 3.1393467539311835, 1.141909208616048, 1.7452483961074137, 0.7523689940299418]",2.174964042103891,1.56142775666718,"[1.63924033 1.63924033 1.63924033 1.63924033 1.63924033 0.86207424
 1.12341683 0.9468185  0.8559005  0.6654754 ]",1.6392403283850654,0.8620742360644783,5,6,12,4.205987215042114,1,1568.0,0.0,0.0,249,watts,9,6,12,4.0,0.7278,0.3333,-0.2766,0.8817963354490025
known,static_conjecture,regular_250,23.765886538890072,"[1.9826984976609614, 2.468757984609248, 2.654422483518838, 3.1411110865455427, 0.9906468355655356, 0.1201966230664785, 2.6793511495848525, 2.4339726449322217, 1.9616066217938064, 1.7504785877567053]",1.9826984976609612,0.1201966230664785,"[3.14159265 3.14159265 3.14159265 3.14159265 3.14159265 0.86207424
 1.12341683 0.9468185  0.8559005  0.6654754 ]",3.141592653589793,0.8620742360644783,5,20,30,10.330339431762695,1,1366.0,0.0,0.0,250,regular,27,20,30,3.0,0.1,0.35,0.0,0.8802180199588916
known,static_conjecture,gnm_251,50.4721824322429,"[2.0952369770122177, 2.0587893639775023, 2.2860321088100095, 1.7203121908294867, 3.132173123603428, 1.5690273200150933, 3.139628235966509, 1.2802290931811737, 1.8501260795010768, 1.2935128821231041]",2.0952369770122177,1.5690273200150933,"[2.24831357 2.24831357 2.24831357 2.24831357 2.24831357 0.86207424
 1.12341683 0.9468185  0.8559005  0.6654754 ]",2.2483135696453167,0.8620742360644783,5,20,89,16.05398440361023,1,650.0,0.0,0.0,251,gnm,61,20,89,8.9,0.462,0.25,-0.0403,0.8274128267580804
known,static_conjecture,watts_252,14.6287854348186,"[1.5745202162876104, 1.3368202123358797, 2.667540130925091, 2.5828497269569777, 2.527186660071722, 0.6865748084065524, 2.1691004323762435, 2.0387012053778597, 1.8985128093070702, 0.17083120310594796]",1.5745202162876104,0.6865748084065524,"[1.57079633 1.57079633 1.57079633 1.57079633 1.57079633 0.86207424
 1.12341683 0.9468185  0.8559005  0.6654754 ]",1.5707963267948966,0.8620742360644783,5,17,17,6.071257591247559,1,1187.0,0.0,0.0,252,watts,16,17,17,2.0,0.098,0.5294,-0.2897,0.9142990896761625
known,static_conjecture,barabasi_253,28.630847187261303,"[2.8799069532177617, 2.5543122590643463, 2.2223164477614494, 1.5848105258507381, 1.5821130927038327, 1.151552454635342, 3.140704058642084, 1.5049629098137927, 2.3580881834561422, 0.07484334348331222]",2.8799069532177617,1.151552454635342,"[1.81359428 1.81359428 1.81359428 1.81359428 1.81359428 0.86207424
 1.12341683 0.9468185  0.8559005  0.6654754 ]",1.813594276094276,0.8620742360644783,5,18,45,10.017181158065796,1,1166.0,0.0,0.0,253,barabasi,34,18,45,5.0,0.4264,0.3889,-0.3005,0.842083740801803
known,static_conjecture,regular_254,9.985782647162765,"[1.7880702128960215, 2.258193409049963, 2.3581818374800734, 1.9379286536880032, 2.0559954173443042, -2.0858271801747383, 2.8179366682204217, 2.50071335540535, 2.268402171134809, 1.2505267280736443]",1.7880702128960215,-2.0858271801747383,"[1.53632918 1.53632918 1.53632918 1.53632918 1.53632918 0.86207424
 1.12341683 0.9468185  0.8559005  0.6654754 ]",1.5363291750727188,0.8620742360644783,5,11,11,2.422393560409546,1,1155.0,0.0,0.0,254,regular,10,11,11,2.0,0.0,0.4545,0.0,0.9985782647162764
known,static_conjecture,regular_255,9.680887405942483,"[3.1374435234196794, 1.4095616763840244, 3.1414670721236506, 1.102961251582347, 1.663610286789392, 2.012447458922594, 2.5847017411398054, 2.5858091287856952, 2.7226652660990975, 0.7119568338680065]",3.13744352341968,2.012447458922594,"[1.56614833 1.56614833 1.56614833 1.56614833 1.56614833 0.86207424
 1.12341683 0.9468185  0.8559005  0.6654754 ]",1.5661483253588515,0.8620742360644783,5,7,14,2.336474657058716,1,952.0,0.0,0.0,255,regular,10,7,14,4.0,0.5,0.2857,0.0,0.9680887405942483
known,static_conjecture,watts_256,20.337274233558613,"[1.6179915171919597, 2.8556942410055983, 1.5814128347248904, 2.8966449658387097, 1.5752591026050187, 1.349747330445501, 2.3184547638552404, 2.7019740205924245, 2.368070623101554, 0.7836529071494036]",1.6179915171919597,1.349747330445501,"[1.58500087 1.58500087 1.58500087 1.58500087 1.58500087 0.86207424
 1.12341683 0.9468185  0.8559005  0.6654754 ]",1.585000872249442,0.8620742360644783,5,16,32,6.077906847000122,1,850.0,0.0,0.0,256,watts,25,16,32,4.0,0.2479,0.375,0.1,0.8134909693423445
known,static_conjecture,barabasi_257,27.999326264488865,"[2.857163765369937, 2.4801560928008684, 1.1445041293183122, 1.2169856826779015, 2.2213544407686348, 1.6658173466197428, 1.5338194799687042, 1.1707320887655364, 1.4965955396856798, 1.3405382147837355]",2.857163765369937,1.6658173466197428,"[1.78806141 1.78806141 1.78806141 1.78806141 1.78806141 0.86207424
 1.12341683 0.9468185  0.8559005  0.6654754 ]",1.7880614099472232,0.8620742360644783,5,17,42,11.87498950958252,1,1307.0,0.0,0.0,257,barabasi,33,17,42,4.9412,0.4676,0.4118,-0.4106,0.8484644322572383
known,static_conjecture,regular_258,6.000002095740088,"[2.0525480645006295, 2.674948970868842, 1.262148367343476, 2.841671833322137, 0.6874163620007426, 1.178955881014163, 3.1307081870141444, 2.3107706174428047, 1.703387550797018, 0.9868892292204021]",2.052548064500629,1.178955881014163,"[1.70442584 1.70442584 1.70442584 1.70442584 1.70442584 0.86207424
 1.12341683 0.9468185  0.8559005  0.6654754 ]",1.704425837320574,0.8620742360644783,5,6,6,-1.5641770362854004,1,649.0,0.0,0.0,258,regular,6,6,6,2.0,0.0,0.5,0.0,1.0
known,static_conjecture,gnm_259,46.99695296632586,"[2.6361233162877227, 2.341952740553242, 2.3652381658728845, 2.336624527701602, 2.0553794480533814, 0.35720127701544124, 2.3576424960625455, 2.351602879576094, 2.028289569097347, 0.7817643479755115]",2.6361233162877227,0.3572012770154412,"[2.3638027  2.3638027  2.3638027  2.3638027  2.3638027  0.86207424
 1.12341683 0.9468185  0.8559005  0.6654754 ]",2.3638027036958027,0.8620742360644783,5,15,92,25.04019570350647,1,1353.0,0.0,0.0,259,gnm,56,15,92,12.2667,0.867,0.1333,-0.1457,0.8392313029701046
known,static_conjecture,regular_260,6.804387986208894,"[1.8531344978290119, 1.9882703780395978, 2.8634211897576796, 1.4376608672209006, 1.8402016285237126, 2.2958614626334013, 2.6607671003714937, 2.1820326212316474, 2.8578105810114565, 0.8215037022791349]",1.853134497829012,2.2958614626334013,"[1.75020243 1.75020243 1.75020243 1.75020243 1.75020243 0.86207424
 1.12341683 0.9468185  0.8559005  0.6654754 ]",1.7502024291497975,0.8620742360644783,5,6,9,3.0465786457061768,1,1587.0,0.0,0.0,260,regular,7,6,9,3.0,0.3333,0.3333,0.0,0.9720554266012706
known,static_conjecture,watts_261,13.652318337853249,"[1.939311680590762, 1.7242762620846501, 2.059988554991345, 0.8754255914429492, 0.5351821082069126, -0.04213054675323225, 3.1415454155357967, 1.696968242976465, 2.6441661875744646, 1.2889457067129502]",1.939311680590762,-0.0421305467532322,"[1.57079633 1.57079633 1.57079633 1.57079633 1.57079633 0.86207424
 1.12341683 0.9468185  0.8559005  0.6654754 ]",1.5707963267948966,0.8620742360644783,5,16,16,3.488849878311157,1,884.0,0.0,0.0,261,watts,16,16,16,2.0,0.0,0.5,-0.4286,0.853269896115828
known,static_conjecture,watts_262,26.11007549514881,"[2.7887234046754803, 1.9059228508569581, 1.9284907448375002, 1.2057403051231317, 1.8042906845653959, 1.5049676368334972, 2.2742561807436026, 1.8892246928771923, 1.5291378941358058, 0.8966069017934484]",2.7887234046754803,1.5049676368334972,"[1.78522594 1.78522594 1.78522594 1.78522594 1.78522594 0.86207424
 1.12341683 0.9468185  0.8559005  0.6654754 ]",1.7852259415015197,0.8620742360644783,5,19,38,6.43212628364563,1,1022.0,0.0,0.0,262,watts,30,19,38,4.0,0.2368,0.3158,-0.0765,0.8703358498382936
known,static_conjecture,watts_263,14.601876851542176,"[2.881534647595467, 3.016337144774725, 2.121924032780239, 1.849131623018568, 2.9801131592982215, 1.6776531993242854, 1.6616094367983225, 1.5723484544352075, 2.083215544778394, 0.7693557198623993]",2.881534647595467,1.6776531993242854,"[1.57079633 1.57079633 1.57079633 1.57079633 1.57079633 0.86207424
 1.12341683 0.9468185  0.8559005  0.6654754 ]",1.5707963267948966,0.8620742360644783,5,18,18,3.039577007293701,1,802.0,0.0,0.0,263,watts,17,18,18,2.0,0.1296,0.4444,-0.4545,0.8589339324436575
known,static_conjecture,watts_264,13.598881395720523,"[2.866796066546378, 1.645252123690347, 3.0209395077662133, 3.067961681270626, 1.6853164622331496, 1.0640205208073994, 2.7723342606111308, 0.92305210988801, 2.6035409368556017, 0.926025833098131]",2.866796066546378,1.0640205208073994,"[1.72872217 1.72872217 1.72872217 1.72872217 1.72872217 0.86207424
 1.12341683 0.9468185  0.8559005  0.6654754 ]",1.7287221659919028,0.8620742360644783,5,10,20,2.916109561920166,1,956.0,0.0,0.0,264,watts,16,10,20,4.0,0.2967,0.3,-0.044,0.8499300872325327
known,static_conjecture,watts_265,12.80211482311796,"[1.3432351779421972, 3.0122655195463675, 1.629960059842547, 3.058137085641043, 1.4119984870237698, 0.9833553201375771, 2.193727802438829, 1.8018689507483427, 1.7115299801892476, 1.3705259589611347]",1.3432351779421972,0.9833553201375772,"[1.49076923 1.49076923 1.49076923 1.49076923 1.49076923 0.86207424
 1.12341683 0.9468185  0.8559005  0.6654754 ]",1.4907692307692306,0.8620742360644783,5,10,20,3.854824542999268,1,1117.0,0.0,0.0,265,watts,15,10,20,4.0,0.46,0.4,-0.2121,0.8534743215411973
known,static_conjecture,watts_266,6.064196291063126,"[1.8024923372418804, 2.470196437149812, 2.35673200340395, 2.716036420885768, 1.6781517861007362, 1.0040285072684347, 2.9154001217747676, 1.937030474218692, 2.2913996261425336, 0.4856255939975014]",1.8024923372418804,1.0040285072684347,"[1.48238815 1.48238815 1.48238815 1.48238815 1.48238815 0.86207424
 1.12341683 0.9468185  0.8559005  0.6654754 ]",1.482388147566719,0.8620742360644783,5,7,7,3.3650388717651367,1,1647.0,0.0,0.0,266,watts,7,7,7,2.0,0.0,0.4286,-0.4583,0.8663137558661609
known,static_conjecture,watts_267,25.141496773906542,"[2.9877113041824006, 2.7373982689072998, 1.6498736125384288, 2.160172133001547, 1.5626516507352344, 0.4859018498974367, 2.642718196232875, 0.7974857989750672, 2.3754893249604367, 0.7787285023392524]",2.9877113041824006,0.4859018498974367,"[1.72736198 1.72736198 1.72736198 1.72736198 1.72736198 0.86207424
 1.12341683 0.9468185  0.8559005  0.6654754 ]",1.7273619833605531,0.8620742360644783,5,18,36,6.266348123550415,1,870.0,0.0,0.0,267,watts,28,18,36,4.0,0.2704,0.3333,-0.1134,0.8979105990680908
known,static_conjecture,watts_268,10.833994342165331,"[2.942854922949845, 2.193082416689426, 2.465104169626576, 2.0572906467731804, 0.4330353390020324, 0.10419560972616196, 2.758852909545455, 1.0555333048055158, 2.197423714152578, 1.1520514714501084]",2.942854922949845,0.1041956097261619,"[1.54166667 1.54166667 1.54166667 1.54166667 1.54166667 0.86207424
 1.12341683 0.9468185  0.8559005  0.6654754 ]",1.541666666666667,0.8620742360644783,5,12,12,3.788749933242798,1,1885.0,0.0,0.0,268,watts,12,12,12,2.0,0.0,0.5,0.0,0.902832861847111
known,static_conjecture,regular_269,29.056002506378995,"[1.7310235724493068, 1.795734488815381, 1.3136994765608367, 3.0790076472927206, 1.7841188004824922, 1.050501056223552, 2.3427624262522744, 0.954443583687793, 1.9287079799954712, 0.771260202418192]",1.7310235724493068,1.050501056223552,"[3.14159265 3.14159265 3.14159265 3.14159265 3.14159265 0.86207424
 1.12341683 0.9468185  0.8559005  0.6654754 ]",3.141592653589793,0.8620742360644783,5,20,40,7.853317499160767,1,823.0,0.0,0.0,269,regular,32,20,40,4.0,0.175,0.3,0.0,0.9080000783243436
known,static_conjecture,gnm_270,25.78524416557203,"[2.7334849704694832, 2.0834948486155627, 2.3576426960774746, 2.534169470481985, 1.8451174922801559, 1.6134130520877918, 1.1544531128286346, 1.5841971426403347, 2.8629937835765245, 1.4116231726626052]",2.7334849704694832,1.6134130520877918,"[2.11659309 2.11659309 2.11659309 2.11659309 2.11659309 0.86207424
 1.12341683 0.9468185  0.8559005  0.6654754 ]",2.116593092626899,0.8620742360644783,5,14,43,9.97192358970642,1,1045.0,0.0,0.0,270,gnm,30,14,43,6.1429,0.5767,0.2857,-0.1666,0.8595081388524011
known,static_conjecture,gnm_271,49.4212406031014,"[2.356994636387445, 2.8914388188027442, 2.6741769350244082, 2.2887347279747243, 2.5069148819137212, 0.7864056815015447, 1.57031997917752, 1.5715828846538775, 2.3567245988976238, 0.38062484942673813]",2.356994636387445,0.7864056815015447,"[2.27680666 2.27680666 2.27680666 2.27680666 2.27680666 0.86207424
 1.12341683 0.9468185  0.8559005  0.6654754 ]",2.2768066567087017,0.8620742360644783,5,19,94,18.09530758857727,1,786.0,0.0,0.0,271,gnm,63,19,94,9.8947,0.5669,0.2105,-0.1342,0.7844641365571651
known,static_conjecture,gnm_272,9.45562939152478,"[2.892473214023771, 1.2301978659673627, 1.9929789838681617, 1.5850132595712418, 2.09856388233017, 1.098663610061636, 3.141542806256442, 2.3704971057902675, 1.5628742953582098, -0.15960540702201567]",2.892473214023771,1.098663610061636,"[1.85651061 1.85651061 1.85651061 1.85651061 1.85651061 0.86207424
 1.12341683 0.9468185  0.8559005  0.6654754 ]",1.856510612509182,0.8620742360644783,5,8,14,2.8979063034057617,1,1050.0,0.0,0.0,272,gnm,11,8,14,3.5,0.5917,0.375,-0.3208,0.8596026719567983
known,static_conjecture,barabasi_273,5.583044376070902,"[2.578997882199877, 2.3162624466846906, 1.240995342797524, 2.4505223005715413, 1.5462687829511834, 1.6016872266067237, 2.655582846115456, 1.852605061744718, 1.920402791357823, 1.2612037094464517]",2.578997882199877,1.6016872266067237,"[2.23017809 2.23017809 2.23017809 2.23017809 2.23017809 0.86207424
 1.12341683 0.9468185  0.8559005  0.6654754 ]",2.230178092584108,0.8620742360644783,5,7,6,0.9872784614562988,1,654.0,0.0,0.0,273,barabasi,6,7,6,1.7143,0.0,0.5714,-0.7143,0.930507396011817
known,static_conjecture,gnm_274,23.450232885066047,"[2.955771726995784, 1.9142674166167335, 1.627745291576873, 1.8506659956657237, 1.6247097334823903, 1.707118007612131, 3.131359216109548, 2.8131943384230746, 1.576110531899077, 1.3602991326170155]",2.955771726995784,1.707118007612131,"[2.0065785  2.0065785  2.0065785  2.0065785  2.0065785  0.86207424
 1.12341683 0.9468185  0.8559005  0.6654754 ]",2.006578500055177,0.8620742360644783,5,14,36,9.502929210662842,1,1184.0,0.0,0.0,274,gnm,27,14,36,5.1429,0.4741,0.2857,-0.0439,0.8685271438913351
known,static_conjecture,watts_275,27.22629583068369,"[1.5445723815477792, 1.828302591615087, 1.182263496961368, 1.452905923596044, 2.0331800326218925, -0.05613961707110801, 2.937995040301257, 1.5583085363467053, 1.8378119001116748, 1.5388799902331014]",1.5445723815477792,-0.056139617071108,"[1.57079633 1.57079633 1.57079633 1.57079633 1.57079633 0.86207424
 1.12341683 0.9468185  0.8559005  0.6654754 ]",1.5707963267948966,0.8620742360644783,5,20,40,9.41450548171997,1,779.0,0.0,0.0,275,watts,34,20,40,4.0,0.1683,0.4,-0.1513,0.8007734067848143
known,static_conjecture,regular_276,27.021274423375043,"[3.140380303625308, 1.8233688127211114, 0.975158658650336, 3.1399958199069, 1.6876311806560282, -0.31161303879913826, 2.9960499130967593, 2.6354975764949184, 1.6552562670789643, 0.7508655229171233]",3.140380303625308,-0.3116130387991382,"[3.14159265 3.14159265 3.14159265 3.14159265 3.14159265 0.86207424
 1.12341683 0.9468185  0.8559005  0.6654754 ]",3.141592653589793,0.8620742360644783,5,19,38,5.03034234046936,1,797.0,0.0,0.0,276,regular,32,19,38,4.0,0.1579,0.3684,0.0,0.8444148257304701
known,static_conjecture,watts_277,16.51290296773942,"[1.4414419240961505, 3.1067166112079017, 1.4480691311253553, 3.1415907419694067, 1.6504337235713664, 0.35097117050551246, 3.141268969675949, 2.3150121125918757, 2.753065713876267, 1.383668162133016]",1.4414419240961505,0.3509711705055124,"[1.54166667 1.54166667 1.54166667 1.54166667 1.54166667 0.86207424
 1.12341683 0.9468185  0.8559005  0.6654754 ]",1.541666666666667,0.8620742360644783,5,13,26,5.9252543449401855,1,1194.0,0.0,0.0,277,watts,21,13,26,4.0,0.2744,0.3846,-0.0674,0.7863287127494962
known,static_conjecture,gnm_278,17.91147314984687,"[2.240547580398504, 2.1307091145712054, 2.215013283538028, 2.561220127307669, 2.5848409014676075, 0.7392206897206703, 1.3473110954826506, 1.5324266206481807, 1.2276123105628973, 0.5026890810489072]",2.240547580398504,0.7392206897206703,"[2.20302406 2.20302406 2.20302406 2.20302406 2.20302406 0.86207424
 1.12341683 0.9468185  0.8559005  0.6654754 ]",2.203024062453971,0.8620742360644783,5,11,35,6.751863718032837,1,976.0,0.0,0.0,278,gnm,24,11,35,6.3636,0.668,0.2727,-0.2862,0.7463113812436196
known,static_conjecture,watts_279,16.408273982625364,"[3.0436710096691852, 1.7205573666544902, 1.7574123930297516, 2.5867067617635926, 1.0820516748144693, 0.19857231771504547, 2.9960592149972793, 1.167422258689248, 1.6625871433285155, 1.3395850554263993]",3.043671009669185,0.1985723177150454,"[1.57079633 1.57079633 1.57079633 1.57079633 1.57079633 0.86207424
 1.12341683 0.9468185  0.8559005  0.6654754 ]",1.5707963267948966,0.8620742360644783,5,20,20,6.156642913818359,1,906.0,0.0,0.0,279,watts,20,20,20,2.0,0.0,0.6,-0.2963,0.8204136991312682
known,static_conjecture,barabasi_280,4.791563940601918,"[1.752014516149713, 3.141592653589793, 2.7907003815251543, 2.531022120691496, 1.5603957867241716, 3.0027309020911677, 1.2027525879316143, 0.2780453543686165, 1.1450643214133682, 0.4116264470378549]",1.752014516149713,3.002730902091168,"[2.18690907 2.18690907 2.18690907 2.18690907 2.18690907 0.86207424
 1.12341683 0.9468185  0.8559005  0.6654754 ]",2.1869090704617022,0.8620742360644783,5,6,5,2.1219301223754883,1,1880.0,0.0,0.0,280,barabasi,5,6,5,1.6667,0.0,0.6667,-0.7391,0.9583127881203837
known,static_conjecture,barabasi_281,6.900191087541643,"[2.7375585842232937, 2.3404561243193243, 2.2386558315393663, 2.560025743927946, 1.4568289207842198, 1.7855785934035027, 2.0271127374420943, 1.4065652132334932, 1.339760386770886, 1.212878187037854]",2.7375585842232937,1.785578593403503,"[2.24017012 2.24017012 2.24017012 2.24017012 2.24017012 0.86207424
 1.12341683 0.9468185  0.8559005  0.6654754 ]",2.2401701165955554,0.8620742360644783,5,9,8,1.9782207012176516,1,1086.0,0.0,0.0,281,barabasi,8,9,8,1.7778,0.0,0.5556,-0.3846,0.8625238859427053
known,static_conjecture,gnm_282,10.824789692659294,"[2.9400269752469588, 2.7963422641646556, 1.8698878967974935, 2.0457280670092253, 1.988533343248351, 0.5335808981250796, 2.0492530562119438, 1.561930844946784, 1.5728359754446437, 0.2800042225295159]",2.9400269752469588,0.5335808981250796,"[1.85651061 1.85651061 1.85651061 1.85651061 1.85651061 0.86207424
 1.12341683 0.9468185  0.8559005  0.6654754 ]",1.856510612509182,0.8620742360644783,5,8,14,4.181679725646973,1,1617.0,0.0,0.0,282,gnm,12,8,14,3.5,0.3417,0.375,-0.2667,0.9020658077216078
known,static_conjecture,barabasi_283,4.756285529889283,"[2.253108054698181, 1.9771918025306028, 2.355510034104597, 2.1009445427938274, 2.1458013546767827, 1.4834375303225984, 2.9679506900831143, 2.715483387525906, 1.9176456556812274, 1.3783587539766655]",2.253108054698181,1.4834375303225984,"[2.18690907 2.18690907 2.18690907 2.18690907 2.18690907 0.86207424
 1.12341683 0.9468185  0.8559005  0.6654754 ]",2.1869090704617022,0.8620742360644783,5,6,5,0.8981420993804932,1,687.0,0.0,0.0,283,barabasi,5,6,5,1.6667,0.0,0.6667,-0.6667,0.9512571059778565
known,static_conjecture,barabasi_284,16.750786834252487,"[1.8817609981998402, 2.6273812791364155, 1.4959154340554124, 1.742674390873538, 1.5614584056717777, 1.4743871774798687, 2.0856879001512763, 2.0837553238847284, 2.835837413386404, 1.3702635534532481]",1.88176099819984,1.4743871774798687,"[1.64837308 1.64837308 1.64837308 1.64837308 1.64837308 0.86207424
 1.12341683 0.9468185  0.8559005  0.6654754 ]",1.6483730787935178,0.8620742360644783,5,14,24,12.259873628616331,1,1980.0,0.0,0.0,284,barabasi,19,14,24,3.4286,0.2891,0.4286,-0.3265,0.8816203596974993
known,static_conjecture,watts_285,13.710668521836368,"[-2.4931831704001333, 3.1414075398597285, 2.1811649536984836, 1.301629725661786, 2.46522054056335, 1.51321512466438, 3.0611679065405872, 1.842713653620613, 1.57819578779836, 1.377939307754565]",-2.4931831704001333,1.51321512466438,"[1.57079633 1.57079633 1.57079633 1.57079633 1.57079633 0.86207424
 1.12341683 0.9468185  0.8559005  0.6654754 ]",1.5707963267948966,0.8620742360644783,5,17,17,4.071430683135986,1,882.0,0.0,0.0,285,watts,17,17,17,2.0,0.0,0.5294,-0.275,0.8065099130491982
known,static_conjecture,watts_286,28.0969584337536,"[2.9753441250994768, 2.7803857226489264, 1.6404185177530688, 1.5701511727698954, 1.5712056291284469, 0.4703790431394402, 2.521382803717294, 0.42340196933726393, 2.4823381285059405, 1.1541695166980943]",2.9753441250994768,0.4703790431394402,"[1.67125087 1.67125087 1.67125087 1.67125087 1.67125087 0.86207424
 1.12341683 0.9468185  0.8559005  0.6654754 ]",1.671250872249442,0.8620742360644783,5,20,40,10.95481300354004,1,913.0,0.0,0.0,286,watts,32,20,40,4.0,0.2067,0.35,-0.2267,0.8780299510548
known,static_conjecture,barabasi_287,31.94270784117029,"[3.0013241381394185, 2.857677613032372, 1.9483796671186493, 1.6557824172873337, 2.0282077341619162, 2.0696774871334602, 1.7893900279236583, 1.6125369957181703, 1.4194667886048085, 0.08833671723191056]",3.0013241381394185,2.06967748713346,"[1.83719536 1.83719536 1.83719536 1.83719536 1.83719536 0.86207424
 1.12341683 0.9468185  0.8559005  0.6654754 ]",1.8371953608103184,0.8620742360644783,5,19,48,9.048429012298584,1,998.0,0.0,0.0,287,barabasi,36,19,48,5.0526,0.4019,0.3684,-0.3177,0.887297440032508
known,static_conjecture,gnm_288,11.034194691655102,"[1.773921533132709, 1.7046150557294188, 2.413167678323057, 1.7868009847891189, 1.5414939940517836, 0.8136947562611389, 2.0351188433041854, 1.5595050682330902, 0.7796557567663358, 0.8244327573989535]",1.773921533132709,0.8136947562611389,"[1.85651061 1.85651061 1.85651061 1.85651061 1.85651061 0.86207424
 1.12341683 0.9468185  0.8559005  0.6654754 ]",1.856510612509182,0.8620742360644783,5,8,18,2.5476369857788086,1,888.0,0.0,0.0,288,gnm,12,8,18,4.5,0.7667,0.25,-0.3171,0.9195162243045919
known,static_conjecture,barabasi_289,5.340309888290449,"[2.84836745070323, 1.5855759819798705, 2.2213609486396324, 1.870586472705716, 1.9166681154079876, 1.750473887325295, 3.1415260318037763, 2.8116923198765114, 1.6756657414066651, 1.365649760576884]",2.84836745070323,1.750473887325295,"[2.23017809 2.23017809 2.23017809 2.23017809 2.23017809 0.86207424
 1.12341683 0.9468185  0.8559005  0.6654754 ]",2.230178092584108,0.8620742360644783,5,7,6,0.80489182472229,1,605.0,0.0,0.0,289,barabasi,6,7,6,1.7143,0.0,0.5714,-0.4483,0.8900516480484081
known,static_conjecture,regular_290,14.752383211466828,"[1.841960844162254, 3.0914377322962023, 2.694566184825268, 2.754568277192009, 2.211616498682906, 0.4751935631051122, 2.470793613475767, 1.9288870620518197, 1.7640480725456484, 1.4590688085340129]",1.841960844162254,0.4751935631051122,"[1.         1.         1.         1.         1.         0.86207424
 1.12341683 0.9468185  0.8559005  0.6654754 ]",1.0,0.8620742360644783,5,10,20,5.487060785293579,1,1383.0,0.0,0.0,290,regular,16,10,20,4.0,0.25,0.3,0.0,0.9220239507166768
known,static_conjecture,barabasi_291,17.0934759208362,"[2.9247658961441148, 2.762599143184528, 2.299301405513261, 2.1135552897345415, 1.356260318113955, 1.9750553742066423, 1.815589023794639, 1.62951269316966, 1.4056572870099509, 1.7314340009307356]",2.9247658961441148,1.9750553742066423,"[2.20342262 2.20342262 2.20342262 2.20342262 2.20342262 0.86207424
 1.12341683 0.9468185  0.8559005  0.6654754 ]",2.203422619047619,0.8620742360644783,5,20,19,10.206794500350952,1,1961.0,0.0,0.0,291,barabasi,19,20,19,1.9,0.0,0.75,-0.6547,0.8996566274124317
known,static_conjecture,regular_292,29.956597981792683,"[2.984553932971387, 1.8850125329212961, 1.863410606451112, 2.03242135030216, 1.4973878493213688, 0.1290162688332065, 2.68224008992372, 1.1587946489814764, 1.9833013443556613, 0.9296645807040376]",2.984553932971387,0.1290162688332065,"[3.14159265 3.14159265 3.14159265 3.14159265 3.14159265 0.86207424
 1.12341683 0.9468185  0.8559005  0.6654754 ]",3.141592653589793,0.8620742360644783,5,20,40,15.638930320739746,1,1286.0,0.0,0.0,292,regular,32,20,40,4.0,0.1,0.35,0.0,0.9361436869310213
known,static_conjecture,gnm_293,47.26642377601348,"[2.3086764776181448, 2.4846027284300822, 2.9915502397634066, 3.038437404745859, 2.423000828430146, 1.6588621938405552, 1.9970340536638282, 0.7274220100007368, 1.8430743770443074, 0.37277776576279564]",2.3086764776181448,1.6588621938405552,"[2.40766295 2.40766295 2.40766295 2.40766295 2.40766295 0.86207424
 1.12341683 0.9468185  0.8559005  0.6654754 ]",2.4076629522655653,0.8620742360644783,5,14,89,23.05966091156006,1,1357.0,0.0,0.0,293,gnm,49,14,89,12.7143,0.9774,0.1429,-0.141,0.9646208933880303
known,static_conjecture,watts_294,12.044593438418133,"[1.6117945664861508, 2.8847463452852, 1.5928193236988615, 2.758348866710447, 2.03475629186142, 1.4827380314089424, 1.5807691923164502, 2.011284092634577, 1.825406204592891, 1.5493111320218262]",1.6117945664861508,1.4827380314089424,"[1.63924033 1.63924033 1.63924033 1.63924033 1.63924033 0.86207424
 1.12341683 0.9468185  0.8559005  0.6654754 ]",1.6392403283850654,0.8620742360644783,5,9,18,2.8180384635925293,1,777.0,0.0,0.0,294,watts,14,9,18,4.0,0.4667,0.3333,-0.2857,0.8603281027441524
known,static_conjecture,gnm_295,52.3911586966438,"[2.9726333852129856, 2.615416089308961, 2.4178218027642506, 2.3538154889009846, 2.3645333487595317, 1.0317315864966083, 1.5370600204617408, 0.9031176549532629, 1.5646144517803657, 0.5573170947699106]",2.9726333852129856,1.0317315864966083,"[2.3455126  2.3455126  2.3455126  2.3455126  2.3455126  0.86207424
 1.12341683 0.9468185  0.8559005  0.6654754 ]",2.345512596896034,0.8620742360644783,5,18,103,14.77317500114441,1,587.0,0.0,0.0,295,gnm,65,18,103,11.4444,0.6784,0.2222,-0.1337,0.8060178261022123
known,static_conjecture,gnm_296,62.632667033510295,"[2.2501828427421007, 3.0621526708174884, 2.671809139524906, 2.822844221365175, 2.28748695888561, 1.2299998994677117, 2.626332896497522, 1.4469657725157674, 1.8100842792992689, 1.5373872175481855]",2.2501828427421007,1.2299998994677117,"[2.60769642 2.60769642 2.60769642 2.60769642 2.60769642 0.86207424
 1.12341683 0.9468185  0.8559005  0.6654754 ]",2.6076964225115566,0.8620742360644783,5,17,123,13.395742654800417,1,578.0,0.0,0.0,296,gnm,71,17,123,14.4706,0.9053,0.1176,-0.1353,0.8821502399085956
known,static_conjecture,gnm_297,33.34788475823336,"[2.02891998823856, 2.9816286560548124, 2.3092898957969847, 2.2854980859517893, 2.604598748711056, 1.028259689970903, 2.5589328780675693, 1.3581551152172566, 1.6287804837117175, 1.140207835915088]",2.02891998823856,1.028259689970903,"[2.4051125  2.4051125  2.4051125  2.4051125  2.4051125  0.86207424
 1.12341683 0.9468185  0.8559005  0.6654754 ]",2.4051125030154106,0.8620742360644783,5,12,64,11.097248554229736,1,942.0,0.0,0.0,297,gnm,36,12,64,10.6667,0.9684,0.1667,-0.1636,0.926330132173149
known,static_conjecture,barabasi_298,10.7994075877608,"[-0.16571445919048788, -0.2675443702576096, 2.762205977357277, 2.683916660728052, 0.5521017321536786, 2.025219805595796, 1.9001320362175302, 2.1193597067643615, 1.7961601465177077, 1.290175471255174]",-0.1657144591904878,2.025219805595796,"[1.56055227 1.56055227 1.56055227 1.56055227 1.56055227 0.86207424
 1.12341683 0.9468185  0.8559005  0.6654754 ]",1.5605522682445758,0.8620742360644783,5,13,12,8.304895877838135,1,2624.0,0.0,0.0,298,barabasi,12,13,12,1.8462,0.0,0.4615,-0.3605,0.8999506323134
known,static_conjecture,gnm_299,8.12338050188805,"[2.7386245316159954, 1.8113475192459394, 1.7512808791405228, 1.6852715433376724, 1.8016511872072218, 0.7968195869465879, 2.844932739284142, 2.490115236346867, 1.9231625160517036, 0.3976417006848525]",2.7386245316159954,0.7968195869465879,"[1.85651061 1.85651061 1.85651061 1.85651061 1.85651061 0.86207424
 1.12341683 0.9468185  0.8559005  0.6654754 ]",1.856510612509182,0.8620742360644783,5,8,13,0.6559116840362549,1,1108.0,0.0,0.0,299,gnm,11,8,13,3.25,0.3958,0.375,0.5048,0.7384891365352773
known,static_conjecture,watts_300,6.000010775487291,"[1.8735349332340998, -0.37638028619859604, 3.0638891818133223, 2.255717224148614, 1.2744645759263484, 0.3412989597188763, 2.6696545974062404, 0.9963102149391232, 2.168600124724791, 0.7481214923792594]",1.8735349332341,0.3412989597188763,"[1.48238815 1.48238815 1.48238815 1.48238815 1.48238815 0.86207424
 1.12341683 0.9468185  0.8559005  0.6654754 ]",1.482388147566719,0.8620742360644783,5,7,7,3.0341954231262207,1,1157.0,0.0,0.0,300,watts,6,7,7,2.0,0.0,0.4286,0.0,1.0
known,static_conjecture,barabasi_301,12.859913159806297,"[1.731499241527969, 2.7246318106701795, 1.552702231683023, 2.7665819840995742, 1.5776172935083315, 1.322364440819614, 2.240526452453647, 2.6992242030178057, 2.3734789419263285, 0.809274480940098]",1.731499241527969,1.322364440819614,"[1.63064076 1.63064076 1.63064076 1.63064076 1.63064076 0.86207424
 1.12341683 0.9468185  0.8559005  0.6654754 ]",1.6306407553274722,0.8620742360644783,5,12,20,4.693995952606201,1,1104.0,0.0,0.0,301,barabasi,16,12,20,3.3333,0.4365,0.5,-0.4767,0.8037445724878935
known,static_conjecture,gnm_302,11.655688404386126,"[2.805219641353629, 1.6681126875707126, 2.347947470594664, 1.9208005794491525, 2.784762218191302, 1.103549359891431, 2.3416263245294244, 0.8975134908823023, 1.5669163497428062, 0.6979125031711524]",2.805219641353629,1.103549359891431,"[1.96365347 1.96365347 1.96365347 1.96365347 1.96365347 0.86207424
 1.12341683 0.9468185  0.8559005  0.6654754 ]",1.9636534696520396,0.8620742360644783,5,9,17,3.899825096130371,1,1084.0,0.0,0.0,302,gnm,13,9,17,3.7778,0.4852,0.4444,-0.4356,0.8965914157220097
known,static_conjecture,barabasi_303,4.621321500645991,"[2.854728051682172, 2.5933896280149824, 2.541582007870095, 3.1284415288286973, 0.7085919249863006, 0.5699568726711879, 2.1103908138218737, 0.2019238902782305, 3.125761638600082, 1.3866187593750672]",2.854728051682172,0.5699568726711879,"[2.28139837 2.28139837 2.28139837 2.28139837 2.28139837 0.86207424
 1.12341683 0.9468185  0.8559005  0.6654754 ]",2.281398371365477,0.8620742360644783,5,6,5,5.961953639984131,1,1875.0,0.0,0.0,303,barabasi,5,6,5,1.6667,0.0,0.5,-0.6667,0.9242643001291982
known,static_conjecture,watts_304,16.0023577348319,"[2.770552928932468, 1.949432525120874, 1.9178803931359707, 2.099097676669974, 2.028813862323006, -2.4003361803238503, 3.0679131613176462, 1.4329862053640827, 2.02145716748571, 1.1073303008462752]",2.770552928932468,-2.4003361803238503,"[1.57079633 1.57079633 1.57079633 1.57079633 1.57079633 0.86207424
 1.12341683 0.9468185  0.8559005  0.6654754 ]",1.5707963267948966,0.8620742360644783,5,18,18,2.569993019104004,1,732.0,0.0,0.0,304,watts,18,18,18,2.0,0.0,0.5,0.0,0.8890198741573277
known,static_conjecture,gnm_305,11.36738237850659,"[1.8817499436267386, 1.347850233949302, 1.778737790871892, 1.857374622932888, 3.0862295495274417, 1.3452168632276416, 2.7625392760814895, 2.3309922382872523, 2.415358281886359, 0.4609664854515907]",1.8817499436267384,1.3452168632276416,"[1.82079633 1.82079633 1.82079633 1.82079633 1.82079633 0.86207424
 1.12341683 0.9468185  0.8559005  0.6654754 ]",1.8207963267948968,0.8620742360644783,5,7,19,4.102850675582886,1,1567.0,0.0,0.0,305,gnm,12,7,19,5.4286,0.9238,0.2857,-0.3735,0.9472818648755492
known,static_conjecture,gnm_306,24.956088421904877,"[2.968088168730561, 2.8385749999761347, 3.1216045790483316, 2.466598496209415, 1.9781890493742358, 0.44493328668251175, 3.1415579261513322, 0.2724231146992503, 3.141592653589793, 1.6037219322250236]",2.968088168730561,0.4449332866825117,"[2.27727355 2.27727355 2.27727355 2.27727355 2.27727355 0.86207424
 1.12341683 0.9468185  0.8559005  0.6654754 ]",2.277273550232918,0.8620742360644783,5,18,37,5.217688798904419,1,957.0,0.0,0.0,306,gnm,30,18,37,4.1111,0.2906,0.3333,-0.1479,0.8318696140634959
known,static_conjecture,watts_307,12.94435749807976,"[2.0721636403128962, 1.5819706135740577, 3.1415776550500976, 2.899625680206622, 1.6932169512830848, 0.04568355223919829, 2.7910946700292647, 0.6955262032867195, 2.406936112710957, 1.4877192978025204]",2.072163640312896,0.0456835522391982,"[1.57079633 1.57079633 1.57079633 1.57079633 1.57079633 0.86207424
 1.12341683 0.9468185  0.8559005  0.6654754 ]",1.5707963267948966,0.8620742360644783,5,16,16,7.077231645584106,1,1979.0,0.0,0.0,307,watts,16,16,16,2.0,0.0,0.5,-0.1429,0.809022343629985
known,static_conjecture,watts_308,12.015279698462166,"[1.80537861007251, 2.775375869539629, 1.3470493679091482, 1.2272039021458865, 2.018568717237488, 1.4651847009662755, 3.110088925745898, 2.701841626948508, 1.6158840948744764, 0.7764746319149586]",1.80537861007251,1.4651847009662755,"[1.63924033 1.63924033 1.63924033 1.63924033 1.63924033 0.86207424
 1.12341683 0.9468185  0.8559005  0.6654754 ]",1.6392403283850654,0.8620742360644783,5,9,18,4.083502769470215,1,1291.0,0.0,0.0,308,watts,13,9,18,4.0,0.4333,0.3333,-0.2676,0.9242522844970897
known,static_conjecture,regular_309,11.40169411905245,"[1.397521117509645, 1.2143093015795439, 2.6684336251148038, 2.6838930123585416, 3.1072522927436603, 1.0361575862369992, 1.9203724599911491, 1.8316467252505206, 1.2728240835831046, 0.44369154708602043]",1.397521117509645,1.0361575862369992,"[1.35020243 1.35020243 1.35020243 1.35020243 1.35020243 0.86207424
 1.12341683 0.9468185  0.8559005  0.6654754 ]",1.3502024291497978,0.8620742360644783,5,10,15,5.876294851303101,1,1831.0,0.0,0.0,309,regular,12,10,15,3.0,0.4,0.3,0.0,0.9501411765877043
known,static_conjecture,gnm_310,31.51641562580244,"[2.3546313872763927, 2.61359998024395, 2.3998312224340985, 2.325111431673106, 2.4649660794776476, 0.9225654629750233, 1.6509133570010615, 1.6180159383988326, 1.4915874290769686, 0.5324490864859761]",2.3546313872763927,0.9225654629750232,"[2.35451802 2.35451802 2.35451802 2.35451802 2.35451802 0.86207424
 1.12341683 0.9468185  0.8559005  0.6654754 ]",2.354518015719646,0.8620742360644783,5,12,60,8.242408514022827,1,775.0,0.0,0.0,310,gnm,36,12,60,10.0,0.9002,0.25,-0.1829,0.8754559896056233
known,static_conjecture,regular_311,15.024977014574633,"[1.939728885902348, 2.4820251520106194, 1.7369845853965227, 2.4296810453420115, 1.7225811633996417, 1.6647475936904597, 2.111123387797532, 1.1919665142408078, 1.243986589309997, 0.9429503624152573]",1.939728885902348,1.6647475936904597,"[2.09196429 2.09196429 2.09196429 2.09196429 2.09196429 0.86207424
 1.12341683 0.9468185  0.8559005  0.6654754 ]",2.091964285714286,0.8620742360644783,5,12,18,6.888002157211304,1,2407.0,0.0,0.0,311,regular,16,12,18,3.0,0.0833,0.4167,0.0,0.9390610634109146
known,static_conjecture,gnm_312,40.03187496786568,"[2.7804186227074337, 2.276712663705485, 2.769087355427884, 2.1189463177113153, 2.2864241947592863, 0.9545490895543726, 2.5378384248359604, 2.343372441010052, 2.208988097456756, 0.8318340549737331]",2.7804186227074337,0.9545490895543726,"[2.24680432 2.24680432 2.24680432 2.24680432 2.24680432 0.86207424
 1.12341683 0.9468185  0.8559005  0.6654754 ]",2.2468043214617266,0.8620742360644783,5,20,80,10.926997423171995,1,502.0,0.0,0.0,312,gnm,55,20,80,8.0,0.4403,0.25,0.0349,0.7278522721430124
known,static_conjecture,gnm_313,31.139112053382,"[2.56439498066221, 2.5184772970008646, 2.4113228646747524, 2.6345484635264, 0.6174673348788926, 1.5059362479781209, 2.944228383054159, 2.815725233207571, 1.6230767745093644, 0.674472259594467]",2.56439498066221,1.5059362479781209,"[2.24823179 2.24823179 2.24823179 2.24823179 2.24823179 0.86207424
 1.12341683 0.9468185  0.8559005  0.6654754 ]",2.248231786530492,0.8620742360644783,5,18,60,11.458595991134644,1,885.0,0.0,0.0,313,gnm,43,18,60,6.6667,0.3974,0.2222,-0.0407,0.7241653965902791
known,static_conjecture,gnm_314,44.05726393727805,"[2.3357722107167085, 2.923463285230614, 2.337246733046231, 2.914953785416754, 2.32125851688913, 0.8254305226422786, 2.8062277340450095, 2.593570058594071, 2.3933279681671245, 0.6968462350385449]",2.3357722107167085,0.8254305226422786,"[2.32203687 2.32203687 2.32203687 2.32203687 2.32203687 0.86207424
 1.12341683 0.9468185  0.8559005  0.6654754 ]",2.3220368730687198,0.8620742360644783,5,17,88,7.883685350418091,1,522.0,0.0,0.0,314,gnm,57,17,88,10.3529,0.6469,0.1765,-0.1193,0.7729344550399658
known,static_conjecture,watts_315,7.949281806794971,"[0.5179474136479489, 2.293804335410107, 1.9186338502757372, 2.896857212202246, 0.9328084336549461, 1.4481696155900596, 2.070605300241241, -0.008308150281681572, 1.6180112981062347, 0.2931759894177628]",0.5179474136479489,1.4481696155900596,"[1.47857312 1.47857312 1.47857312 1.47857312 1.47857312 0.86207424
 1.12341683 0.9468185  0.8559005  0.6654754 ]",1.4785731244064575,0.8620742360644783,5,9,9,2.995643615722656,1,1339.0,0.0,0.0,315,watts,9,9,9,2.0,0.0,0.4444,-0.4063,0.8832535340883302
known,static_conjecture,regular_316,5.999981635703588,"[3.1399089024652618, 1.945284495231831, 2.759157538312624, 2.5330439699630505, 1.6353266559442339, 0.8796578394317112, 2.2407552417738668, 1.880995741183982, 1.7937335456722674, 0.9463736072528851]",3.1399089024652618,0.8796578394317112,"[1.56614833 1.56614833 1.56614833 1.56614833 1.56614833 0.86207424
 1.12341683 0.9468185  0.8559005  0.6654754 ]",1.5661483253588515,0.8620742360644783,5,7,7,2.1530041694641118,1,801.0,0.0,0.0,316,regular,6,7,7,2.0,0.0,0.4286,0.0,0.9999969392839313
known,static_conjecture,barabasi_317,8.02579188500957,"[1.8044335789372004, 2.04419166048314, 1.5734785279221981, 2.5527968356867925, 0.5805635182872653, 1.1508076102045268, 2.804820152354118, 0.7183606706002379, 1.566652583609807, 1.2183258607834957]",1.8044335789372004,1.1508076102045268,"[1.55371901 1.55371901 1.55371901 1.55371901 1.55371901 0.86207424
 1.12341683 0.9468185  0.8559005  0.6654754 ]",1.5537190082644627,0.8620742360644783,5,11,10,2.765479803085327,1,857.0,0.0,0.0,317,barabasi,10,11,10,1.8182,0.0,0.5455,-0.4368,0.802579188500957
known,static_conjecture,gnm_318,42.08833626170492,"[2.358403499435419, 2.9612073030456108, 2.4076802380061832, 2.396171787636317, 2.3804981129979597, 0.8019248291279288, 2.7126220536002545, 2.453348701328674, 2.4271351710807525, 0.8687017861347556]",2.358403499435419,0.8019248291279288,"[2.37710715 2.37710715 2.37710715 2.37710715 2.37710715 0.86207424
 1.12341683 0.9468185  0.8559005  0.6654754 ]",2.377107153798028,0.8620742360644783,5,16,84,8.67497706413269,1,478.0,0.0,0.0,318,gnm,53,16,84,10.5,0.7155,0.1875,-0.1143,0.79411955210764
known,static_conjecture,watts_319,15.253738246941207,"[2.689751985120276, 0.07621954544121332, 0.17157698190402235, 3.118764433935869, 2.448469495605139, -0.3387142227329473, 3.0981511119607403, 3.085103976524737, 2.5996919721450205, 1.8415200165492298]",2.689751985120276,-0.3387142227329473,"[1.57079633 1.57079633 1.57079633 1.57079633 1.57079633 0.86207424
 1.12341683 0.9468185  0.8559005  0.6654754 ]",1.5707963267948966,0.8620742360644783,5,18,18,5.931802988052368,1,1482.0,0.0,0.0,319,watts,18,18,18,2.0,0.0,0.5,-0.4545,0.8474299026078449
known,static_conjecture,regular_320,6.000004341461168,"[3.140956487668653, 0.8799398350249836, 3.0901151030132947, 2.975007779678708, 2.106190031694877, 0.9960002156228882, 2.7253043248289304, 1.4032856488329577, 1.8344380772119133, 0.6932372109025932]",3.140956487668653,0.9960002156228882,"[1.56614833 1.56614833 1.56614833 1.56614833 1.56614833 0.86207424
 1.12341683 0.9468185  0.8559005  0.6654754 ]",1.5661483253588515,0.8620742360644783,5,7,7,0.8057632446289062,1,620.0,0.0,0.0,320,regular,6,7,7,2.0,0.0,0.4286,0.0,1.0
known,static_conjecture,gnm_321,15.8701804485886,"[2.9280383797979783, 2.033264129595437, 1.8065537206466884, 1.7877275521211224, 1.7491708899276777, 0.8923053146148573, 2.8422555548516426, 2.465837317504474, 1.9511661862179412, 0.2378473669013335]",2.9280383797979783,0.8923053146148573,"[1.96365347 1.96365347 1.96365347 1.96365347 1.96365347 0.86207424
 1.12341683 0.9468185  0.8559005  0.6654754 ]",1.9636534696520396,0.8620742360644783,5,9,29,7.520067691802978,1,2174.0,0.0,0.0,321,gnm,19,9,29,6.4444,0.7847,0.3333,-0.2485,0.8352726551888737
known,static_conjecture,watts_322,13.17795710785914,"[2.748041933440767, 1.725523953561854, 1.9666228244063975, 1.5083342753269422, 2.3726917905443763, -1.8347380158219697, 2.3192264555121733, 2.336888013380484, 2.009084242921512, 1.3123023231307986]",2.748041933440767,-1.8347380158219695,"[1.57079633 1.57079633 1.57079633 1.57079633 1.57079633 0.86207424
 1.12341683 0.9468185  0.8559005  0.6654754 ]",1.5707963267948966,0.8620742360644783,5,16,16,4.650499582290649,1,1264.0,0.0,0.0,322,watts,15,16,16,2.0,0.1458,0.5,-0.0667,0.878530473857276
known,static_conjecture,regular_323,6.000008039349131,"[3.1411321194734168, 0.8814454668406639, 3.091039720528541, 2.9736316499777224, 2.10512861385918, 1.0057127538780908, 2.7423979584923672, 1.3841946205658195, 1.836222907170398, 0.6927214976164395]",3.1411321194734168,1.0057127538780908,"[1.56614833 1.56614833 1.56614833 1.56614833 1.56614833 0.86207424
 1.12341683 0.9468185  0.8559005  0.6654754 ]",1.5661483253588515,0.8620742360644783,5,7,7,1.542499542236328,1,819.0,0.0,0.0,323,regular,6,7,7,2.0,0.0,0.4286,0.0,1.0
known,static_conjecture,gnm_324,58.25584114456492,"[2.9629814887462587, 1.6035971797004358, 2.6919657405448776, 2.3337474287020292, 2.377687353915202, 1.0980868094870317, 2.3328545535664578, 2.3576396807245072, 1.572240173288431, 0.7892003366923591]",2.9629814887462587,1.0980868094870315,"[2.29833726 2.29833726 2.29833726 2.29833726 2.29833726 0.86207424
 1.12341683 0.9468185  0.8559005  0.6654754 ]",2.298337263693809,0.8620742360644783,5,19,102,20.61373353004456,1,885.0,0.0,0.0,324,gnm,66,19,102,10.7368,0.6095,0.2105,-0.1032,0.8826642597661352
known,static_conjecture,watts_325,11.29901581564108,"[1.5299682405216857, 0.610938047318462, 1.228154167226827, 2.481447509919045, 1.1388701087683422, 1.109712722086519, 3.1415127120911848, 1.1629159217172267, 1.6815368608727161, 1.3465063791537761]",1.5299682405216857,1.109712722086519,"[1.54166667 1.54166667 1.54166667 1.54166667 1.54166667 0.86207424
 1.12341683 0.9468185  0.8559005  0.6654754 ]",1.541666666666667,0.8620742360644783,5,14,14,1.4204308986663818,1,1180.0,0.0,0.0,325,watts,14,14,14,2.0,0.0,0.5,-0.1951,0.8070725582600772
known,static_conjecture,gnm_326,34.02859391367103,"[1.754325065304111, 2.2495966639225324, 2.4249959731980324, 2.2147825673815973, 2.3547165752602224, 1.596171798049069, 1.5698053925286983, 1.31570177845679, 1.600102920655219, 1.5204395859690012]",1.754325065304111,1.596171798049069,"[2.23988211 2.23988211 2.23988211 2.23988211 2.23988211 0.86207424
 1.12341683 0.9468185  0.8559005  0.6654754 ]",2.2398821080456344,0.8620742360644783,5,14,61,7.997629404067993,1,704.0,0.0,0.0,326,gnm,41,14,61,8.7143,0.6912,0.2143,-0.1563,0.8299657052114886
known,static_conjecture,watts_327,7.9220681284971,"[1.5459053757277408, 2.1063167584883002, 2.2672659520551424, 2.6109868091524877, 1.1814556799299778, 0.7421261071926233, 1.8816465007391976, 1.5659959221761512, 1.5727565671634158, 0.8820673528264316]",1.5459053757277408,0.7421261071926233,"[1.46995192 1.46995192 1.46995192 1.46995192 1.46995192 0.86207424
 1.12341683 0.9468185  0.8559005  0.6654754 ]",1.4699519230769231,0.8620742360644783,5,10,10,2.84506893157959,1,1295.0,0.0,0.0,327,watts,9,10,10,2.0,0.0,0.5,-0.3889,0.8802297920552333
known,static_conjecture,barabasi_328,8.598791559466326,"[1.7175121348205824, 2.218356483520928, 1.5694004342422954, 3.133000215750962, 3.1113328611620448, 1.2282093628222872, 2.7422921210139237, 1.7219531655310685, 1.8912784021506313, 1.4972025986840287]",1.7175121348205824,1.2282093628222872,"[2.22437983 2.22437983 2.22437983 2.22437983 2.22437983 0.86207424
 1.12341683 0.9468185  0.8559005  0.6654754 ]",2.2243798306956206,0.8620742360644783,5,10,9,2.186408042907715,1,1022.0,0.0,0.0,328,barabasi,9,10,9,1.8,0.0,0.8,-0.7727,0.9554212843851473
known,static_conjecture,watts_329,5.440485418512253,"[0.5558506057130286, 2.248102021072036, 1.4805694435571082, 2.547560908754117, 1.7220254271254465, 1.451519984442474, 2.0872149596571896, 0.07318783083992132, 1.6145633260784804, 0.28122744083467244]",0.5558506057130286,1.451519984442474,"[1.46995192 1.46995192 1.46995192 1.46995192 1.46995192 0.86207424
 1.12341683 0.9468185  0.8559005  0.6654754 ]",1.4699519230769231,0.8620742360644783,5,6,6,3.761152982711792,1,1246.0,0.0,0.0,329,watts,6,6,6,2.0,0.0,0.5,-0.0909,0.9067475697520422
known,static_conjecture,barabasi_330,21.88193308793912,"[1.3618918782286533, 2.0193689633821874, 1.470873183393576, 2.7376674231076326, 1.5334008494568123, 0.021246720634439255, 2.916463502035473, 1.6063931147624295, 1.6009223849679213, 0.2527765614451774]",1.361891878228653,0.0212467206344392,"[1.56141975 1.56141975 1.56141975 1.56141975 1.56141975 0.86207424
 1.12341683 0.9468185  0.8559005  0.6654754 ]",1.5614197530864198,0.8620742360644783,5,18,32,6.302556037902832,1,724.0,0.0,0.0,330,barabasi,27,18,32,3.5556,0.2915,0.4444,-0.2647,0.8104419662199674
known,static_conjecture,watts_331,10.723621568366523,"[1.5919525510907517, 2.932310541921219, 1.5849702318313077, 2.760198959518331, 1.1331047466754811, 0.686346644177033, 3.13193453512545, 2.029766324213189, 1.847089056103981, 1.6053772103846258]",1.5919525510907515,0.686346644177033,"[1.53033274 1.53033274 1.53033274 1.53033274 1.53033274 0.86207424
 1.12341683 0.9468185  0.8559005  0.6654754 ]",1.5303327429149798,0.8620742360644783,5,8,16,4.743207931518555,1,1092.0,0.0,0.0,331,watts,13,8,16,4.0,0.475,0.375,-0.1111,0.8248939667974249
known,static_conjecture,watts_332,17.4207502067392,"[1.5854130527573518, 3.140207709618248, 1.9004064006597459, 3.025073396008003, 1.1030183444153319, -0.16593803418262798, 3.1333838836671766, 1.9290653928794483, 2.417445296839329, 1.5588108203127289]",1.5854130527573518,-0.1659380341826279,"[1.54166667 1.54166667 1.54166667 1.54166667 1.54166667 0.86207424
 1.12341683 0.9468185  0.8559005  0.6654754 ]",1.541666666666667,0.8620742360644783,5,13,26,12.496418952941896,1,1605.0,0.0,0.0,332,watts,20,13,26,4.0,0.3256,0.3077,-0.1798,0.87103751033696
known,static_conjecture,regular_333,14.06310472524775,"[3.067600821773334, 0.9591907236379311, 3.139371301004844, 2.3736844170596862, 1.2689625394145019, 0.29488572141790304, 3.0333213490844804, 1.945969278099434, 2.4506554351331093, 0.5375346694343799]",3.067600821773334,0.294885721417903,"[3.14159265 3.14159265 3.14159265 3.14159265 3.14159265 0.86207424
 1.12341683 0.9468185  0.8559005  0.6654754 ]",3.141592653589793,0.8620742360644783,5,16,16,9.639414310455322,1,1483.0,0.0,0.0,333,regular,16,16,16,2.0,0.0,0.4375,0.0,0.8789440453279844
known,static_conjecture,watts_334,26.49494882796381,"[2.956764159001881, 2.7196552484172907, 1.6447764787318917, 1.57295869167725, 1.572851792126089, 0.4972384143364258, 2.658404470105351, 2.532923866157114, 2.343002103316792, 0.5911591267860181]",2.956764159001881,0.4972384143364258,"[1.78522594 1.78522594 1.78522594 1.78522594 1.78522594 0.86207424
 1.12341683 0.9468185  0.8559005  0.6654754 ]",1.7852259415015197,0.8620742360644783,5,19,38,7.872259140014648,1,1069.0,0.0,0.0,334,watts,30,19,38,4.0,0.2526,0.3158,-0.266,0.883164960932127
known,static_conjecture,watts_335,9.008174711169977,"[1.7206159453846883, 2.1393127636311973, 2.1266210243835273, 2.5888121415296106, 1.5546129140723113, 1.3306623203160122, 1.4466435289412152, 1.9936752325178277, 1.8569534575621471, 1.4991888385911176]",1.7206159453846883,1.3306623203160122,"[1.54166667 1.54166667 1.54166667 1.54166667 1.54166667 0.86207424
 1.12341683 0.9468185  0.8559005  0.6654754 ]",1.541666666666667,0.8620742360644783,5,11,11,3.720618724822998,1,1851.0,0.0,0.0,335,watts,10,11,11,2.0,0.2121,0.4545,-0.0476,0.9008174711169976
known,static_conjecture,gnm_336,20.55804953412729,"[2.865788607055649, 1.9439110687620476, 2.371516419633944, 2.2853257705692873, 2.292249483362477, 0.8924698031606078, 2.2112997962973977, 1.5351658679705995, 0.8241287612491699, 0.9111327766577262]",2.865788607055649,0.8924698031606078,"[2.26731968 2.26731968 2.26731968 2.26731968 2.26731968 0.86207424
 1.12341683 0.9468185  0.8559005  0.6654754 ]",2.2673196796907646,0.8620742360644783,5,11,40,6.39511251449585,1,756.0,0.0,0.0,336,gnm,26,11,40,7.2727,0.7543,0.2727,-0.1179,0.7906942128510496
known,static_conjecture,barabasi_337,6.181820095834468,"[2.8140029125265213, 2.3447573057290363, 1.9869698420312143, 2.108847749944831, 2.2921287576708442, 0.7290531042874252, 3.1376789127030635, 1.3636717675385586, 1.2809640631846362, 0.20742922778872144]",2.8140029125265213,0.7290531042874252,"[2.28139837 2.28139837 2.28139837 2.28139837 2.28139837 0.86207424
 1.12341683 0.9468185  0.8559005  0.6654754 ]",2.281398371365477,0.8620742360644783,5,8,7,1.965437412261963,1,869.0,0.0,0.0,337,barabasi,7,8,7,1.75,0.0,0.5,-0.2353,0.8831171565477811
known,static_conjecture,gnm_338,15.758479440458643,"[1.6359776819435627, 1.6905042664370347, 2.589752607268678, 2.0784950986274495, 1.7928118267078372, 0.5613158678171165, 1.352719136435385, 1.5629430590382363, 0.8330049657888845, -0.1743068178220852]",1.6359776819435627,0.5613158678171165,"[1.96365347 1.96365347 1.96365347 1.96365347 1.96365347 0.86207424
 1.12341683 0.9468185  0.8559005  0.6654754 ]",1.9636534696520396,0.8620742360644783,5,9,27,8.199187994003296,1,1596.0,0.0,0.0,338,gnm,19,9,27,6.0,0.7437,0.3333,-0.3269,0.8293936547609813
known,static_conjecture,regular_339,27.256588449850447,"[3.01456724347051, 1.6537534759084755, 1.9737285797642892, 3.1384196616664917, 1.503840809150099, 0.6424219229574375, 2.7180773750384324, 1.953120850427735, 1.875070135676801, 0.5965051438603618]",3.01456724347051,0.6424219229574375,"[3.14159265 3.14159265 3.14159265 3.14159265 3.14159265 0.86207424
 1.12341683 0.9468185  0.8559005  0.6654754 ]",3.141592653589793,0.8620742360644783,5,19,38,9.18513560295105,1,997.0,0.0,0.0,339,regular,32,19,38,4.0,0.1842,0.3158,0.0,0.8517683890578265
known,static_conjecture,gnm_340,11.713453637091106,"[2.8744997612091945, 1.9082183950343348, 1.8222761413984196, 2.6019684507562015, 2.381627718628186, 0.15700954943913784, 2.875979865548423, 1.3529418916028382, 1.6830203264742845, -0.09920113811113906]",2.8744997612091945,0.1570095494391378,"[1.96365347 1.96365347 1.96365347 1.96365347 1.96365347 0.86207424
 1.12341683 0.9468185  0.8559005  0.6654754 ]",1.9636534696520396,0.8620742360644783,5,9,17,-0.0773954391479492,1,832.0,0.0,0.0,340,gnm,13,9,17,3.7778,0.3296,0.3333,-0.2593,0.9010348951608543
known,static_conjecture,watts_341,24.3038565430384,"[1.4265300794543407, 2.9710053458957133, 1.6050116337889544, 3.100792125796495, 1.5350860370390231, 0.354571772465633, 2.6635749321198876, 0.35481942110485315, 3.1413623298280244, 0.3229137511626487]",1.4265300794543407,0.354571772465633,"[1.60794062 1.60794062 1.60794062 1.60794062 1.60794062 0.86207424
 1.12341683 0.9468185  0.8559005  0.6654754 ]",1.6079406229419628,0.8620742360644783,5,19,38,9.19453191757202,1,1039.0,0.0,0.0,341,watts,30,19,38,4.0,0.3211,0.3684,0.0764,0.8101285514346134
known,static_conjecture,watts_342,10.82934417547205,"[0.22543099240325737, 1.797435114714243, 1.7577283103582557, 2.9853369430661036, 0.7546845370361477, 2.612396385252851, 1.4481403595865796, 0.7861390969069291, 1.925691724659196, 1.3254619399640188]",0.2254309924032573,2.612396385252851,"[1.54166667 1.54166667 1.54166667 1.54166667 1.54166667 0.86207424
 1.12341683 0.9468185  0.8559005  0.6654754 ]",1.541666666666667,0.8620742360644783,5,12,12,3.595181703567505,1,1462.0,0.0,0.0,342,watts,12,12,12,2.0,0.0,0.5,-0.35,0.9024453479560042
known,static_conjecture,regular_343,22.134515312457825,"[2.878456405826633, 1.9983557857765022, 1.842689224547819, 1.8978423911454594, 1.9346248760941764, 0.08782797949012527, 2.6156679042255826, 2.643302327971643, 2.7220206204071378, 1.341623258432127]",2.878456405826633,0.0878279794901252,"[1.97142857 1.97142857 1.97142857 1.97142857 1.97142857 0.86207424
 1.12341683 0.9468185  0.8559005  0.6654754 ]",1.971428571428571,0.8620742360644783,5,14,28,6.766285181045532,1,1063.0,0.0,0.0,343,regular,24,14,28,4.0,0.1786,0.4286,0.0,0.9222714713524094
known,static_conjecture,gnm_344,27.663282288160445,"[2.9326591428543853, 2.2346922601229693, 2.9911282228961102, 2.4321088564951445, 2.44387702857593, 0.8963826331990139, 2.090253331665705, 3.022125153469847, 1.5744324589447154, 0.5584501542026208]",2.9326591428543853,0.8963826331990139,"[2.31998808 2.31998808 2.31998808 2.31998808 2.31998808 0.86207424
 1.12341683 0.9468185  0.8559005  0.6654754 ]",2.3199880783480817,0.8620742360644783,5,12,53,10.606680631637571,1,1299.0,0.0,0.0,344,gnm,33,12,53,8.8333,0.795,0.1667,-0.1439,0.8382812814594074
known,static_conjecture,regular_345,22.556040560844107,"[2.760185521536708, 1.944428922107256, 2.64648459706788, 2.544698292297026, 2.444576920892808, 1.0562685215493834, 1.5943115399389423, 1.735422993531833, 1.565187783282636, 0.7615732636841286]",2.760185521536708,1.0562685215493834,"[3.14159265 3.14159265 3.14159265 3.14159265 3.14159265 0.86207424
 1.12341683 0.9468185  0.8559005  0.6654754 ]",3.141592653589793,0.8620742360644783,5,16,32,5.917336702346802,1,776.0,0.0,0.0,345,regular,26,16,32,4.0,0.1562,0.375,0.0,0.8675400215709271
known,static_conjecture,watts_346,9.419631584785314,"[1.4903309152531836, 2.177543797621378, 1.2549080978195088, 1.8353926901774906, 1.4800779270676303, 0.934546577970361, 1.8321648931046108, 0.751311343103513, 0.9652787475799848, 0.773344721885334]",1.4903309152531836,0.934546577970361,"[1.54166667 1.54166667 1.54166667 1.54166667 1.54166667 0.86207424
 1.12341683 0.9468185  0.8559005  0.6654754 ]",1.541666666666667,0.8620742360644783,5,12,12,5.662609338760376,1,1382.0,0.0,0.0,346,watts,11,12,12,2.0,0.1389,0.5,0.0476,0.8563301440713922
known,static_conjecture,barabasi_347,44.15659119555961,"[3.033367386875057, 2.942185189811778, 2.8988990418259943, 2.8721675499908734, 2.722729828691023, 0.5097372691670996, 1.9872061453378482, 0.3198000564219575, 1.7901179001561232, 0.07031581462582243]",3.033367386875057,0.5097372691670996,"[2.82025253 2.82025253 2.82025253 2.82025253 2.82025253 0.86207424
 1.12341683 0.9468185  0.8559005  0.6654754 ]",2.820252525252526,0.8620742360644783,5,20,64,16.96377968788147,1,1096.0,0.0,0.0,347,barabasi,48,20,64,6.4,0.3331,0.4,-0.2613,0.9199289832408253
known,static_conjecture,watts_348,9.432638056491538,"[1.877998176963045, 0.892262997302959, 1.7935763658485424, 2.7898892143624168, 1.4291202660165192, 0.2670503972702375, 2.7764700203920927, 2.376047313972456, 2.3726803048270666, 0.705855317483594]",1.877998176963045,0.2670503972702375,"[1.54166667 1.54166667 1.54166667 1.54166667 1.54166667 0.86207424
 1.12341683 0.9468185  0.8559005  0.6654754 ]",1.541666666666667,0.8620742360644783,5,11,11,3.683579206466675,1,1300.0,0.0,0.0,348,watts,11,11,11,2.0,0.0,0.5455,-0.3509,0.8575125505901398
known,static_conjecture,barabasi_349,10.750243612145704,"[0.8298569521260621, 0.6001335990445507, 1.3621682868524498, 3.1415841650015417, 0.7741773947519268, 1.4382995064101487, 3.141330057326155, 1.3010520497844238, 2.121126749678342, 1.3246431794808164]",0.8298569521260621,1.4382995064101487,"[1.55102041 1.55102041 1.55102041 1.55102041 1.55102041 0.86207424
 1.12341683 0.9468185  0.8559005  0.6654754 ]",1.5510204081632653,0.8620742360644783,5,14,13,2.955360174179077,1,753.0,0.0,0.0,349,barabasi,13,14,13,1.8571,0.0,0.5714,-0.404,0.8269418163189003
known,static_conjecture,watts_350,18.995124700505528,"[1.3222516938734414, 3.1414836656257847, 1.5481801915468816, 3.141516502198998, 1.5549013079094525, 0.899535561243746, 2.8017316438161517, 2.6180130221059286, 2.441817487269879, 0.967265080548396]",1.3222516938734414,0.899535561243746,"[1.54166667 1.54166667 1.54166667 1.54166667 1.54166667 0.86207424
 1.12341683 0.9468185  0.8559005  0.6654754 ]",1.541666666666667,0.8620742360644783,5,15,30,6.387154579162598,1,788.0,0.0,0.0,350,watts,24,15,30,4.0,0.3254,0.4,-0.2568,0.7914635291877303
known,static_conjecture,barabasi_351,5.770280690495042,"[3.1268588309394554, 2.202516980357273, 3.140655929028272, 2.2303946673300477, 2.3777666920065466, 1.9937202095008861, 1.836362367830712, 3.1405372972271426, 1.719271439303522, 1.1441010077629659]",3.1268588309394554,1.993720209500886,"[2.20232017 2.20232017 2.20232017 2.20232017 2.20232017 0.86207424
 1.12341683 0.9468185  0.8559005  0.6654754 ]",2.202320171604711,0.8620742360644783,5,8,7,4.784091949462891,1,1257.0,0.0,0.0,351,barabasi,7,8,7,1.75,0.0,0.625,-0.4848,0.8243258129278631
known,static_conjecture,barabasi_352,8.02578931286326,"[1.8043563296985061, 2.0451031560929973, 1.5726044941524815, 2.5534159126306424, 0.5793549241301688, 1.1512106512082867, 2.8055343324394406, 0.7165628368964281, 1.5665764623558303, 1.2207486941480683]",1.804356329698506,1.1512106512082867,"[1.55371901 1.55371901 1.55371901 1.55371901 1.55371901 0.86207424
 1.12341683 0.9468185  0.8559005  0.6654754 ]",1.5537190082644627,0.8620742360644783,5,11,10,3.1758692264556885,1,880.0,0.0,0.0,352,barabasi,10,11,10,1.8182,0.0,0.5455,-0.4368,0.8025789312863261
known,static_conjecture,barabasi_353,5.462464860963337,"[2.2644472900534103, 2.4005831919070317, 2.280149596200462, 2.7031834448876477, 2.3185899464603765, -0.12237414688154313, 2.3664407524996793, 1.1965978406598317, 1.4468025691466364, 0.2225970415000151]",2.2644472900534103,-0.1223741468815431,"[2.17599942 2.17599942 2.17599942 2.17599942 2.17599942 0.86207424
 1.12341683 0.9468185  0.8559005  0.6654754 ]",2.1759994235088223,0.8620742360644783,5,7,6,3.687277793884277,1,1509.0,0.0,0.0,353,barabasi,6,7,6,1.7143,0.0,0.7143,-0.776,0.9104108101605561
known,static_conjecture,watts_354,8.478463156702455,"[2.6731429261733988, 0.22373679204507044, 1.1902247703964912, 2.072425857970263, 2.353682357363053, 1.2820200066861898, 2.5891061378385656, 1.5517017930412074, 1.4247811071831769, 0.26730437434641574]",2.6731429261733988,1.2820200066861898,"[1.46995192 1.46995192 1.46995192 1.46995192 1.46995192 0.86207424
 1.12341683 0.9468185  0.8559005  0.6654754 ]",1.4699519230769231,0.8620742360644783,5,10,10,4.060651063919067,1,1694.0,0.0,0.0,354,watts,10,10,10,2.0,0.0,0.5,-0.1111,0.8478463156702455
known,static_conjecture,gnm_355,23.307986157830967,"[2.9789608978844173, 2.346591331425759, 2.4473136655062855, 1.955866498498624, 2.3735950092167055, 0.4437602676155301, 3.141549084857195, 1.563355437047825, 1.5675896485876473, 0.28514965420034766]",2.9789608978844173,0.4437602676155301,"[2.29734595 2.29734595 2.29734595 2.29734595 2.29734595 0.86207424
 1.12341683 0.9468185  0.8559005  0.6654754 ]",2.297345950587266,0.8620742360644783,5,16,35,3.67484712600708,1,824.0,0.0,0.0,355,gnm,27,16,35,4.375,0.2509,0.375,-0.2836,0.8632587465863322
known,static_conjecture,barabasi_356,15.09701036112286,"[2.8790733206659365, 2.7988398395165355, 3.044609317270516, 3.1415595589944703, 1.1089198004074028, 0.39381836059789244, 3.1153167924611536, 2.723035989022574, 2.2322136177783802, 1.4024688869101003]",2.8790733206659365,0.3938183605978924,"[2.02054698 2.02054698 2.02054698 2.02054698 2.02054698 0.86207424
 1.12341683 0.9468185  0.8559005  0.6654754 ]",2.0205469814888097,0.8620742360644783,5,19,18,5.481312990188599,1,1197.0,0.0,0.0,356,barabasi,18,19,18,1.8947,0.0,0.6842,-0.3074,0.8387227978401589
known,static_conjecture,regular_357,7.999884278951709,"[2.903166997954555, 2.8271464681841327, 2.6178685234713646, 2.36510951476762, 2.55372587693027, 1.1904851988426302, 2.071602980744319, 1.1449261277265617, 1.8647916855558564, 0.5610837171878889]",2.903166997954555,1.1904851988426302,"[1.29838057 1.29838057 1.29838057 1.29838057 1.29838057 0.86207424
 1.12341683 0.9468185  0.8559005  0.6654754 ]",1.2983805668016195,0.8620742360644783,5,9,9,1.329946756362915,1,836.0,0.0,0.0,357,regular,8,9,9,2.0,0.0,0.4444,0.0,0.9999855348689636
known,static_conjecture,gnm_358,25.66626720171221,"[2.874270954934538, 2.8118653529971005, 2.763636360671032, 2.050322806822209, 1.8765345436873666, 1.2382004813044183, 1.5917299823138684, 1.5649699334812288, 1.578664316349546, 0.678231980837523]",2.874270954934538,1.2382004813044185,"[2.05138228 2.05138228 2.05138228 2.05138228 2.05138228 0.86207424
 1.12341683 0.9468185  0.8559005  0.6654754 ]",2.051382283067096,0.8620742360644783,5,13,42,4.6662023067474365,1,689.0,0.0,0.0,358,gnm,30,13,42,6.4615,0.5084,0.2308,-0.0571,0.8555422400570737
known,static_conjecture,gnm_359,40.09275392986717,"[2.3354056015340046, 2.3603598632205354, 2.3145335317123448, 2.307563143541133, 2.636505650888441, 1.073786131706947, 2.3818920031136024, 2.197471801073087, 1.934487410908136, 0.7636789069367784]",2.335405601534005,1.073786131706947,"[2.40223343 2.40223343 2.40223343 2.40223343 2.40223343 0.86207424
 1.12341683 0.9468185  0.8559005  0.6654754 ]",2.4022334314426144,0.8620742360644783,5,13,75,17.404441356658936,1,1281.0,0.0,0.0,359,gnm,42,13,75,11.5385,0.9587,0.1538,-0.1364,0.9545893792825517
known,static_conjecture,watts_360,12.65986680973037,"[2.8244862413348235, 0.5843316313523529, 2.3883886529773033, 2.8641724225298457, 0.8312813940470877, 0.3605324913492961, 2.0814724548678356, 1.4099512002974843, 1.6889126472505382, 0.9022709439177994]",2.8244862413348235,0.3605324913492961,"[1.54166667 1.54166667 1.54166667 1.54166667 1.54166667 0.86207424
 1.12341683 0.9468185  0.8559005  0.6654754 ]",1.541666666666667,0.8620742360644783,5,15,15,4.898718595504761,1,2043.0,0.0,0.0,360,watts,14,15,15,2.0,0.0,0.4,-0.0714,0.9042762006950265
known,static_conjecture,gnm_361,10.519994824796754,"[2.927369883752874, 2.7979480640942045, 2.0608130399057885, 1.8352470277374238, 2.0237522734702122, 1.4797208357075702, 1.5762149101778324, 0.7183181627176756, 1.2155491668490526, -0.08621355417452028]",2.927369883752874,1.4797208357075702,"[1.96365347 1.96365347 1.96365347 1.96365347 1.96365347 0.86207424
 1.12341683 0.9468185  0.8559005  0.6654754 ]",1.9636534696520396,0.8620742360644783,5,9,16,2.080385208129883,1,668.0,0.0,0.0,361,gnm,14,9,16,3.5556,0.1704,0.3333,-0.1,0.7514282017711967
known,static_conjecture,barabasi_362,26.06576013520508,"[0.19782307029792767, 1.110594586603657, 3.139698992661544, 3.141592653589793, 3.141387942655931, 1.2912249855291495, 3.1412085135393877, 3.1267217182063565, 1.6106984683221408, 1.3699642934798428]",0.1978230702979276,1.2912249855291495,"[1.78133323 1.78133323 1.78133323 1.78133323 1.78133323 0.86207424
 1.12341683 0.9468185  0.8559005  0.6654754 ]",1.7813332284785572,0.8620742360644783,5,17,42,6.770137786865234,1,714.0,0.0,0.0,362,barabasi,33,17,42,4.9412,0.4131,0.3529,-0.2963,0.7898715192486387
known,static_conjecture,gnm_363,82.04893199058148,"[3.0492673096547547, 2.794360856198611, 2.786059382774525, 2.7883666379068206, 2.474992091011309, 1.4081781927863104, 2.4060494695179364, 1.8258422607717788, 1.4914028008296725, 1.0756369454689425]",3.0492673096547547,1.4081781927863104,"[2.73484823 2.73484823 2.73484823 2.73484823 2.73484823 0.86207424
 1.12341683 0.9468185  0.8559005  0.6654754 ]",2.73484823207763,0.8620742360644783,5,19,168,45.79741430282593,1,1341.0,0.0,0.0,363,gnm,90,19,168,17.6842,0.9828,0.1053,-0.115,0.9116547998953498
known,static_conjecture,barabasi_364,41.673603778136766,"[3.025095079197074, 3.1319545960672137, 2.9303825322425165, 2.8670377730839256, 3.141587885993265, 0.5057391310368502, 3.0814400050484516, 1.9128431163521822, 2.2237595649882156, -0.4508587202906332]",3.025095079197074,0.5057391310368502,"[2.81434975 2.81434975 2.81434975 2.81434975 2.81434975 0.86207424
 1.12341683 0.9468185  0.8559005  0.6654754 ]",2.814349747474748,0.8620742360644783,5,20,64,16.293174266815186,1,889.0,0.0,0.0,364,barabasi,47,20,64,6.4,0.4649,0.35,-0.3207,0.8866724208114205
known,static_conjecture,barabasi_365,5.343734042336848,"[2.8136230155541706, 2.545628091926401, 1.4737439663191312, 2.2074199594674617, 2.5791192641793637, 0.10132372102544032, 3.0244884859772863, 1.4223799283310332, 1.9294545997513506, 0.26078212602430484]",2.8136230155541706,0.1013237210254403,"[2.23017809 2.23017809 2.23017809 2.23017809 2.23017809 0.86207424
 1.12341683 0.9468185  0.8559005  0.6654754 ]",2.230178092584108,0.8620742360644783,5,7,6,2.263744115829468,1,1589.0,0.0,0.0,365,barabasi,6,7,6,1.7143,0.0,0.5714,-0.3333,0.8906223403894747
known,static_conjecture,barabasi_366,15.470769627227202,"[2.3639461247763465, 2.12237177331885, 1.3755423671657465, 1.5137157565157042, 2.3975324086083094, 1.4886456517026814, 1.9495884639364005, 1.9449167798437286, 1.2112016724019987, 1.3697062178449169]",2.3639461247763465,1.4886456517026814,"[1.92364268 1.92364268 1.92364268 1.92364268 1.92364268 0.86207424
 1.12341683 0.9468185  0.8559005  0.6654754 ]",1.9236426767676769,0.8620742360644783,5,20,19,7.966188430786133,1,1156.0,0.0,0.0,366,barabasi,19,20,19,1.9,0.0,0.55,-0.2572,0.814251033011958
known,static_conjecture,gnm_367,28.291263422012698,"[2.3658008835668314, 2.3312437015229612, 2.3912813280994336, 2.365848394808857, 2.6829999229234787, 0.19160462231992312, 2.841466823208832, 2.249446846814757, 2.3845576956141583, 0.8049205827859743]",2.3658008835668314,0.1916046223199231,"[2.34961337 2.34961337 2.34961337 2.34961337 2.34961337 0.86207424
 1.12341683 0.9468185  0.8559005  0.6654754 ]",2.349613372840608,0.8620742360644783,5,12,55,4.036215543746948,1,634.0,0.0,0.0,367,gnm,35,12,55,9.1667,0.8419,0.1667,-0.0827,0.8083218120575056
known,static_conjecture,barabasi_368,5.488860661891778,"[2.8435391703493673, 2.604256410064206, 2.491093647122305, 0.5881000153261796, 3.011624290872774, 0.6153085734023513, 2.203314850126109, 1.79822016600706, 2.5752151586933185, 0.40127476351185765]",2.8435391703493678,0.6153085734023513,"[2.34870595 2.34870595 2.34870595 2.34870595 2.34870595 0.86207424
 1.12341683 0.9468185  0.8559005  0.6654754 ]",2.34870594630933,0.8620742360644783,5,7,6,11.230818510055542,1,3174.0,0.0,0.0,368,barabasi,6,7,6,1.7143,0.0,0.4286,-0.3333,0.9148101103152962
known,static_conjecture,gnm_369,13.861742490914366,"[2.6210807537232954, 1.8135123743251262, 2.2739803303035555, 2.3174544641907304, 1.7849965367798424, 0.6489083728522178, 1.322032311854546, 1.0479223080879212, 1.1103563445124958, 0.8369755380999813]",2.6210807537232954,0.6489083728522178,"[1.85651061 1.85651061 1.85651061 1.85651061 1.85651061 0.86207424
 1.12341683 0.9468185  0.8559005  0.6654754 ]",1.856510612509182,0.8620742360644783,5,8,24,4.363303899765015,1,963.0,0.0,0.0,369,gnm,16,8,24,6.0,0.8357,0.25,-0.1831,0.8663589056821479
known,static_conjecture,watts_370,17.771431765980562,"[1.696687880399679, 2.999584324950848, 1.3391584055032797, 3.1382775851981437, 1.1785870363719022, 0.13258332953206753, 3.1405017364216175, 1.9220111799228736, 3.136196358479908, 1.4960971456544114]",1.696687880399679,0.1325833295320675,"[1.54166667 1.54166667 1.54166667 1.54166667 1.54166667 0.86207424
 1.12341683 0.9468185  0.8559005  0.6654754 ]",1.541666666666667,0.8620742360644783,5,14,28,5.865976095199585,1,910.0,0.0,0.0,370,watts,22,14,28,4.0,0.267,0.3571,0.0314,0.8077923529991164
known,static_conjecture,regular_371,5.999975409161925,"[3.1399438377566837, 1.9452666643018244, 2.7602742680771817, 2.5321004822198088, 1.634546438289978, 0.8880633629920693, 2.2396761408854515, 1.8813511951603243, 1.7916477673406592, 0.9489391242467349]",3.139943837756684,0.8880633629920693,"[1.56614833 1.56614833 1.56614833 1.56614833 1.56614833 0.86207424
 1.12341683 0.9468185  0.8559005  0.6654754 ]",1.5661483253588515,0.8620742360644783,5,7,7,1.293614149093628,1,802.0,0.0,0.0,371,regular,6,7,7,2.0,0.0,0.4286,0.0,0.9999959015269875
known,static_conjecture,gnm_372,6.952778075297829,"[2.8477564216675018, 2.1703595734666172, 1.6311724213106173, 2.888566184477785, 2.211363883474073, 1.3390213088841034, 2.474686040031089, 0.7920386118345104, 1.5630735276044743, 0.462315771180293]",2.8477564216675018,1.3390213088841034,"[1.85651061 1.85651061 1.85651061 1.85651061 1.85651061 0.86207424
 1.12341683 0.9468185  0.8559005  0.6654754 ]",1.856510612509182,0.8620742360644783,5,6,11,4.6472272872924805,1,1461.0,0.0,0.0,372,gnm,7,6,11,3.6667,0.7667,0.3333,-0.4474,0.9932540107568327
known,static_conjecture,gnm_373,15.448671292135938,"[2.813714526754021, 2.048082003331341, 2.6301889783296906, 1.7180184057343721, 2.00691465631688, 1.1957235985503298, 1.5739893380381638, 1.5642616639079217, 0.7434181808577096, 1.5103058943327057]",2.813714526754021,1.1957235985503298,"[1.9395973  1.9395973  1.9395973  1.9395973  1.9395973  0.86207424
 1.12341683 0.9468185  0.8559005  0.6654754 ]",1.9395972990335737,0.8620742360644783,5,12,23,2.63916277885437,1,1042.0,0.0,0.0,373,gnm,18,12,23,3.8333,0.4278,0.3333,-0.3586,0.8582595162297744
known,static_conjecture,gnm_374,35.255832874458704,"[3.0233918724214437, 2.91241981194012, 1.5802669073579876, 2.6740948888748988, 1.7376852780785863, 2.002522080448055, 1.8971292116623304, 1.5744413922309413, 1.5642337200616434, 0.18727811015763188]",3.023391872421444,2.002522080448055,"[2.25030343 2.25030343 2.25030343 2.25030343 2.25030343 0.86207424
 1.12341683 0.9468185  0.8559005  0.6654754 ]",2.250303434153897,0.8620742360644783,5,16,55,28.527096033096317,1,1967.0,0.0,0.0,374,gnm,38,16,55,6.875,0.4774,0.25,-0.2387,0.9277850756436501
known,static_conjecture,regular_375,9.570336233646684,"[1.7335314750367146, 1.7275166010969598, 1.905460938851187, 2.1784561369736886, 1.444147950513632, 0.41984551046932395, 1.3429385141860548, 0.426448882354465, 1.8943158509230007, 0.586554590946776]",1.7335314750367146,0.4198455104693239,"[1.55020243 1.55020243 1.55020243 1.55020243 1.55020243 0.86207424
 1.12341683 0.9468185  0.8559005  0.6654754 ]",1.5502024291497978,0.8620742360644783,5,8,12,2.76155161857605,1,1561.0,0.0,0.0,375,regular,10,8,12,3.0,0.25,0.375,0.0,0.9570336233646684
known,static_conjecture,barabasi_376,11.808535255380116,"[1.8814942196553743, 1.611121996522424, 1.9360210910493505, 1.8651965530837795, 1.5329940652342846, -0.16383187530525442, 2.6340643868389235, 1.834517453914743, 1.2826776763120122, 1.4950257992018967]",1.8814942196553743,-0.1638318753052544,"[1.55       1.55       1.55       1.55       1.55       0.86207424
 1.12341683 0.9468185  0.8559005  0.6654754 ]",1.55,0.8620742360644783,5,15,14,5.370895862579346,1,1270.0,0.0,0.0,376,barabasi,14,15,14,1.8667,0.0,0.6,-0.4039,0.8434668039557226
known,static_conjecture,gnm_377,14.758902168658096,"[2.7935529727199846, 2.6546350122810023, 1.245495919973269, 2.0234633468520196, 2.2325510338767285, 1.0584135718226872, 2.392533287334283, 1.2666590220820098, 1.5342429030102085, 0.7573061256847784]",2.7935529727199846,1.0584135718226872,"[1.85651061 1.85651061 1.85651061 1.85651061 1.85651061 0.86207424
 1.12341683 0.9468185  0.8559005  0.6654754 ]",1.856510612509182,0.8620742360644783,5,8,25,4.40671181678772,1,995.0,0.0,0.0,377,gnm,16,8,25,6.25,0.8643,0.25,-0.1905,0.922431385541131
known,static_conjecture,regular_378,9.565642729625097,"[1.7325451863899812, 1.7284881879691885, 1.9142043971989549, 2.19168928041841, 1.4382471992587318, 0.4149796968862096, 1.333139591023797, 0.43014484901260797, 1.8716825046649428, 0.5590858532606435]",1.7325451863899812,0.4149796968862096,"[1.55020243 1.55020243 1.55020243 1.55020243 1.55020243 0.86207424
 1.12341683 0.9468185  0.8559005  0.6654754 ]",1.5502024291497978,0.8620742360644783,5,8,12,4.326148509979248,1,1566.0,0.0,0.0,378,regular,10,8,12,3.0,0.25,0.375,0.0,0.9565642729625097
known,static_conjecture,barabasi_379,20.866862041684275,"[1.5823122187029426, 1.9067248655753752, 1.9353158668680561, 1.070188180048743, 3.1414215955578606, -1.4852558246962113, 1.9126526193857858, 1.5856849162304658, 1.531479173765284, 0.8717145733054259]",1.5823122187029426,-1.485255824696211,"[1.56708974 1.56708974 1.56708974 1.56708974 1.56708974 0.86207424
 1.12341683 0.9468185  0.8559005  0.6654754 ]",1.5670897378559268,0.8620742360644783,5,17,30,7.996332883834839,1,1039.0,0.0,0.0,379,barabasi,26,17,30,3.5294,0.1699,0.4706,-0.3043,0.8025716169878567
known,static_conjecture,gnm_380,30.550763724090903,"[2.964109234644128, 2.1481916979311957, 1.3992496795883667, 2.3603990056232917, 2.4556299231448637, 1.724141338068249, 3.038168348357343, 2.880879653636158, 1.574214641878689, 1.7566885510677812]",2.964109234644128,1.724141338068249,"[2.24806714 2.24806714 2.24806714 2.24806714 2.24806714 0.86207424
 1.12341683 0.9468185  0.8559005  0.6654754 ]",2.248067138322228,0.8620742360644783,5,16,49,7.252716541290283,1,862.0,0.0,0.0,380,gnm,36,16,49,6.125,0.3991,0.3125,-0.1683,0.8486323256691918
known,static_conjecture,gnm_381,7.743231742676928,"[2.6591313739555305, 1.7748545472454333, 2.4038577844040216, 1.6174030968534456, 2.1111352707998483, 1.1702902855855106, 2.3623733824260795, 2.313843967288293, 2.426746699297051, 1.5652690628526322]",2.6591313739555305,1.1702902855855106,"[2.1422249  2.1422249  2.1422249  2.1422249  2.1422249  0.86207424
 1.12341683 0.9468185  0.8559005  0.6654754 ]",2.142224898223468,0.8620742360644783,5,10,10,3.9268252849578857,1,1084.0,0.0,0.0,381,gnm,9,10,10,2.0,0.1667,0.4,-0.1765,0.8603590825196586
known,static_conjecture,regular_382,5.999929800091869,"[3.13973335255192, 1.9485019987789527, 2.744392570430844, 2.538163772043955, 1.651419116966006, 0.8255833413619106, 2.251079331035645, 1.8826602267302701, 1.7983272419034155, 0.9341807307799231]",3.13973335255192,0.8255833413619106,"[1.56614833 1.56614833 1.56614833 1.56614833 1.56614833 0.86207424
 1.12341683 0.9468185  0.8559005  0.6654754 ]",1.5661483253588515,0.8620742360644783,5,7,7,2.548330545425415,1,596.0,0.0,0.0,382,regular,6,7,7,2.0,0.0,0.4286,0.0,0.9999883000153115
known,static_conjecture,watts_383,8.90497204317245,"[0.3102988186454452, 2.5572273478793957, 0.8961169382341685, 1.8147188005172967, 2.6635482976119493, 1.452925575917543, 2.0777209795610148, 1.594892115297342, 1.9430198977183926, 0.22358868538967555]",0.3102988186454452,1.452925575917543,"[1.46995192 1.46995192 1.46995192 1.46995192 1.46995192 0.86207424
 1.12341683 0.9468185  0.8559005  0.6654754 ]",1.4699519230769231,0.8620742360644783,5,10,10,13.293001890182495,1,2854.0,0.0,0.0,383,watts,10,10,10,2.0,0.0,0.5,0.0426,0.890497204317245
known,static_conjecture,watts_384,14.84904264256841,"[1.8387998575118618, 2.547620548147111, 1.5750439029566112, 1.6615777801455605, 1.6617143130911778, 0.09158199585175089, 2.634896546306387, 1.0742598985119376, 2.0669815462959353, 0.8788367090943432]",1.8387998575118616,0.0915819958517508,"[1.54166667 1.54166667 1.54166667 1.54166667 1.54166667 0.86207424
 1.12341683 0.9468185  0.8559005  0.6654754 ]",1.541666666666667,0.8620742360644783,5,11,22,7.622199535369873,1,1758.0,0.0,0.0,384,watts,18,11,22,4.0,0.3818,0.3636,-0.1131,0.8249468134760227
known,static_conjecture,gnm_385,13.403273862731725,"[1.386442489336867, 1.5423274181594495, 1.425974130872325, 3.0254806250627073, 1.4450725946028822, 1.653167396260384, 2.0854135463795, 1.4327452438095745, 1.6694396851566395, 0.3031159207765878]",1.386442489336867,1.653167396260384,"[1.47813572 1.47813572 1.47813572 1.47813572 1.47813572 0.86207424
 1.12341683 0.9468185  0.8559005  0.6654754 ]",1.4781357232613213,0.8620742360644783,5,11,18,3.5411453247070312,1,820.0,0.0,0.0,385,gnm,16,11,18,3.2727,0.0606,0.4545,-0.3333,0.8377046164207328
known,static_conjecture,barabasi_386,5.462558114886633,"[2.261882805197461, 2.402139373029229, 2.2807345253161726, 2.7031075182551603, 2.320206567082246, -0.12145820129596693, 2.3683137279177267, 1.1970972138236773, 1.446627612066307, 0.22265476666140277]",2.261882805197461,-0.1214582012959669,"[2.17599942 2.17599942 2.17599942 2.17599942 2.17599942 0.86207424
 1.12341683 0.9468185  0.8559005  0.6654754 ]",2.1759994235088223,0.8620742360644783,5,7,6,5.612897872924805,1,1480.0,0.0,0.0,386,barabasi,6,7,6,1.7143,0.0,0.7143,-0.776,0.9104263524811055
known,static_conjecture,gnm_387,30.237518532954244,"[0.7498117652856231, 2.619141233848637, 2.753806113911483, 3.039438315404908, 1.2040264798546203, 1.5477394038717505, 2.99798140467437, 3.1415297615280955, 1.870902228884421, 1.6729049681402168]",0.7498117652856231,1.5477394038717505,"[2.30686053 2.30686053 2.30686053 2.30686053 2.30686053 0.86207424
 1.12341683 0.9468185  0.8559005  0.6654754 ]",2.3068605293227487,0.8620742360644783,5,20,46,14.803308248519896,1,1022.0,0.0,0.0,387,gnm,35,20,46,4.6,0.2349,0.4,0.0697,0.8639291009415498
known,static_conjecture,regular_388,6.749800384202899,"[2.748767502846592, 3.1415901407071978, 3.1415345631724936, 3.1415843120413465, 3.1415901003526443, 1.4694129265306115, 2.9840534513194954, 2.4011312758886367, 1.7973378562256754, 1.1660387315127911]",2.748767502846592,1.4694129265306115,"[1.29838057 1.29838057 1.29838057 1.29838057 1.29838057 0.86207424
 1.12341683 0.9468185  0.8559005  0.6654754 ]",1.2983805668016195,0.8620742360644783,5,9,9,1.0652942657470703,1,623.0,0.0,0.0,388,regular,8,9,9,2.0,0.0,0.4444,0.0,0.8437250480253624
known,static_conjecture,gnm_389,11.324853674575024,"[1.785407778841952, 1.8476874375975787, 1.9179356566305712, 2.049992310062481, 2.074697757250175, 0.6498805003083783, 2.801240533170575, 2.362199985845991, 2.3257109465884365, 0.7554907347216409]",1.785407778841952,0.6498805003083783,"[1.82079633 1.82079633 1.82079633 1.82079633 1.82079633 0.86207424
 1.12341683 0.9468185  0.8559005  0.6654754 ]",1.8207963267948968,0.8620742360644783,5,7,19,4.393169164657593,1,1510.0,0.0,0.0,389,gnm,12,7,19,5.4286,0.8857,0.2857,-0.2667,0.9437378062145854
known,static_conjecture,regular_390,12.510891453223678,"[1.3724744559008326, 2.971418483123873, 1.8134356760033383, 2.0399484375821437, 1.490387888143096, 2.38296411499417, -0.1697351601557096, 0.9930358013301157, 0.9153594017641116, 0.6275328507129508]",1.3724744559008326,2.38296411499417,"[1.35020243 1.35020243 1.35020243 1.35020243 1.35020243 0.86207424
 1.12341683 0.9468185  0.8559005  0.6654754 ]",1.3502024291497978,0.8620742360644783,5,10,15,4.48784613609314,1,1746.0,0.0,0.0,390,regular,13,10,15,3.0,0.0,0.4,0.0,0.9623762656325906
known,static_conjecture,regular_391,13.300844667537453,"[1.4515959215824, 1.8353162853352185, 2.198317263948676, 2.728939189881293, 1.852457022519239, 1.2539098696413142, 2.8007947139523584, 1.3135837089457847, 1.6585114283609594, 1.1099954600471835]",1.4515959215824,1.2539098696413142,"[2.09196429 2.09196429 2.09196429 2.09196429 2.09196429 0.86207424
 1.12341683 0.9468185  0.8559005  0.6654754 ]",2.091964285714286,0.8620742360644783,5,12,18,3.928059101104736,1,905.0,0.0,0.0,391,regular,14,12,18,3.0,0.3333,0.3333,0.0,0.9500603333955323
known,static_conjecture,watts_392,10.792088580194918,"[1.569502175995766, 1.8323216162001121, 1.8742774069632242, 1.787380895875931, 0.5889746715128032, 0.9418732337992599, 2.5682657905484043, 1.4973180035577625, 1.1551618123224268, 1.3466918190586201]",1.569502175995766,0.94187323379926,"[1.54166667 1.54166667 1.54166667 1.54166667 1.54166667 0.86207424
 1.12341683 0.9468185  0.8559005  0.6654754 ]",1.541666666666667,0.8620742360644783,5,13,13,3.3951549530029297,1,699.0,0.0,0.0,392,watts,12,13,13,2.0,0.1795,0.4615,-0.1304,0.8993407150162431
known,static_conjecture,regular_393,25.91066637597442,"[3.137437635077468, 1.8011217971226148, 3.075887096879155, 2.099151252813482, 3.0497174421780615, 1.3474031739564536, 1.9923785020788203, 0.5565729949599387, 1.902610150291537, 0.9786314751285686]",3.137437635077468,1.3474031739564536,"[3.14159265 3.14159265 3.14159265 3.14159265 3.14159265 0.86207424
 1.12341683 0.9468185  0.8559005  0.6654754 ]",3.141592653589793,0.8620742360644783,5,18,36,7.480459690093994,1,868.0,0.0,0.0,393,regular,28,18,36,4.0,0.1667,0.3333,0.0,0.9253809419990864
known,static_conjecture,gnm_394,23.504122711770343,"[2.414529445707711, 2.734691726852258, 2.2623741066283167, 2.246711715823888, 3.0175290180348404, 0.7681776713236167, 2.3658650076323418, 2.0224657651961726, 2.2555153591810293, 0.9358257513094306]",2.414529445707711,0.7681776713236167,"[2.30356428 2.30356428 2.30356428 2.30356428 2.30356428 0.86207424
 1.12341683 0.9468185  0.8559005  0.6654754 ]",2.3035642785404056,0.8620742360644783,5,11,45,9.104049921035768,1,1212.0,0.0,0.0,394,gnm,28,11,45,8.1818,0.813,0.2727,-0.1923,0.839432953991798
known,static_conjecture,gnm_395,44.71527562663442,"[2.4308846707202556, 2.4060246415376585, 2.425107250141168, 2.311728980981706, 1.5600079852528217, 1.5716551489247816, 2.181289566711844, 1.5679298442896918, 1.3381206386187656, 0.977931870795264]",2.430884670720256,1.5716551489247816,"[2.2945584  2.2945584  2.2945584  2.2945584  2.2945584  0.86207424
 1.12341683 0.9468185  0.8559005  0.6654754 ]",2.2945584045022787,0.8620742360644783,5,15,82,10.283697843551636,1,635.0,0.0,0.0,395,gnm,52,15,82,10.9333,0.7591,0.2,-0.107,0.8599091466660466
known,static_conjecture,watts_396,7.81504199768824,"[1.4076082327816772, 2.778791379936786, 1.5946165429201355, 1.6619582842800185, 1.6743097004306993, 0.4465356980505322, 2.11183959845263, 2.712148439371738, 2.388339173624722, 0.7650761666191439]",1.4076082327816772,0.4465356980505322,"[1.63924033 1.63924033 1.63924033 1.63924033 1.63924033 0.86207424
 1.12341683 0.9468185  0.8559005  0.6654754 ]",1.6392403283850654,0.8620742360644783,5,6,12,2.740875720977783,1,1288.0,0.0,0.0,396,watts,9,6,12,4.0,0.7278,0.3333,-0.2766,0.8683379997431379
known,static_conjecture,barabasi_397,4.791510790174471,"[1.7496968428975574, 2.7999202769779, 2.5190103982171923, 3.1310416451928313, 1.5749493589907493, 1.0551747095153097, 1.8498844628091908, 0.9634703937773934, 1.754967952393819, 0.40946527901909435]",1.7496968428975574,1.0551747095153097,"[2.18690907 2.18690907 2.18690907 2.18690907 2.18690907 0.86207424
 1.12341683 0.9468185  0.8559005  0.6654754 ]",2.1869090704617022,0.8620742360644783,5,6,5,1.069775104522705,1,971.0,0.0,0.0,397,barabasi,5,6,5,1.6667,0.0,0.6667,-0.7391,0.9583021580348943
known,static_conjecture,gnm_398,42.640998803016096,"[1.5977929342816117, 2.3251923983266303, 2.499877159727723, 2.8150965828842027, 2.927220423126064, 1.3919075166495565, 1.5826516393757797, 1.4299150445249675, 1.9063970216012869, 1.8269375979895073]",1.5977929342816115,1.3919075166495565,"[2.24886357 2.24886357 2.24886357 2.24886357 2.24886357 0.86207424
 1.12341683 0.9468185  0.8559005  0.6654754 ]",2.248863568630475,0.8620742360644783,5,17,68,21.074216842651367,1,1628.0,0.0,0.0,398,gnm,49,17,68,8.0,0.4669,0.2941,-0.0771,0.8702244653676754
known,static_conjecture,watts_399,13.383960322313126,"[3.141592653589793, 1.8619712448148196, 1.4117107752085158, 1.1277376571718933, 1.5836235331285735, 1.5645239828253368, 2.065925214699833, 0.6390459460758291, 1.2532447476745945, 0.43540261003530717]",3.141592653589793,1.5645239828253368,"[1.57079633 1.57079633 1.57079633 1.57079633 1.57079633 0.86207424
 1.12341683 0.9468185  0.8559005  0.6654754 ]",1.5707963267948966,0.8620742360644783,5,17,17,4.413653373718262,1,1049.0,0.0,0.0,399,watts,16,17,17,2.0,0.0,0.5294,-0.2065,0.8364975201445704
known,static_conjecture,barabasi_400,11.716666748404496,"[1.258158833825929, 3.0615230346529683, -0.8721351051148234, 3.0515102057847954, 0.5545305383116037, 0.09562765158098031, 3.141592653589793, 2.0402534387926314, 2.192012242116757, 1.3211285201161855]",1.258158833825929,0.0956276515809803,"[1.55       1.55       1.55       1.55       1.55       0.86207424
 1.12341683 0.9468185  0.8559005  0.6654754 ]",1.55,0.8620742360644783,5,15,14,5.149427652359009,1,1639.0,0.0,0.0,400,barabasi,14,15,14,1.8667,0.0,0.6,-0.659,0.8369047677431782
known,static_conjecture,barabasi_401,13.875646875713002,"[2.941490571943996, 2.82563782315495, 1.2602560195922603, 2.7132668013663572, 1.5639249060377192, 2.1213095479351978, 1.9295203841844657, 0.18984234561885827, 1.2979066614211865, 0.33226654606119194]",2.941490571943996,2.1213095479351978,"[1.93834438 1.93834438 1.93834438 1.93834438 1.93834438 0.86207424
 1.12341683 0.9468185  0.8559005  0.6654754 ]",1.938344381313132,0.8620742360644783,5,16,15,6.851646900177002,1,1846.0,0.0,0.0,401,barabasi,15,16,15,1.875,0.0,0.625,-0.6768,0.9250431250475335
known,static_conjecture,watts_402,12.499473039968352,"[0.25898426564956045, 0.8544445329502182, 2.7136706228916845, 2.550549368496646, 1.087260821882898, 0.9976362207198853, 3.1414209028562547, 1.2866887194985657, 1.6934845857899292, 1.40931791226008]",0.2589842656495604,0.9976362207198852,"[1.54166667 1.54166667 1.54166667 1.54166667 1.54166667 0.86207424
 1.12341683 0.9468185  0.8559005  0.6654754 ]",1.541666666666667,0.8620742360644783,5,15,15,8.234949588775635,1,2284.0,0.0,0.0,402,watts,14,15,15,2.0,0.14,0.5333,-0.3825,0.8928195028548823
known,static_conjecture,barabasi_403,15.28319138442218,"[1.3858438150036165, 3.135442058880047, 1.5772036735532706, 2.847951664415265, 0.41567367269742156, 0.010881592469514213, 3.1276823678386103, 2.1262025263199202, 1.7968624151098571, -0.19244440801475432]",1.3858438150036163,0.0108815924695142,"[1.54148586 1.54148586 1.54148586 1.54148586 1.54148586 0.86207424
 1.12341683 0.9468185  0.8559005  0.6654754 ]",1.5414858645627878,0.8620742360644783,5,13,22,2.892564535140991,1,1286.0,0.0,0.0,403,barabasi,17,13,22,3.3846,0.62,0.4615,-0.491,0.8990112579071871
known,static_conjecture,watts_404,9.19997216716638,"[2.9468039990302053, 1.6094492157838785, 2.069391993181056, 1.5385794893680695, 2.317720960452997, 1.2288193778431453, 2.379632831464196, 2.5204745124235637, 2.1851755646229125, -0.1832596559307909]",2.9468039990302053,1.228819377843145,"[1.76771255 1.76771255 1.76771255 1.76771255 1.76771255 0.86207424
 1.12341683 0.9468185  0.8559005  0.6654754 ]",1.7677125506072873,0.8620742360644783,5,7,14,4.825841426849365,1,1805.0,0.0,0.0,404,watts,10,7,14,4.0,0.5381,0.2857,-0.0182,0.9199972167166379
known,static_conjecture,barabasi_405,24.16305609050339,"[1.6362863891178534, 1.7953167176949019, 1.5489389797144955, 2.8098232184753575, 1.3616118966801505, 0.4835194501285662, 2.909536780676749, 1.4310918445949254, 1.5451453676484301, 0.23424878512263841]",1.6362863891178534,0.4835194501285662,"[1.561875   1.561875   1.561875   1.561875   1.561875   0.86207424
 1.12341683 0.9468185  0.8559005  0.6654754 ]",1.561875,0.8620742360644783,5,20,36,12.005062580108644,1,1114.0,0.0,0.0,405,barabasi,29,20,36,3.6,0.4326,0.45,-0.3387,0.8332088307070135
known,static_conjecture,watts_406,14.019691166373727,"[2.6351978918362247, 1.8386884315325096, 2.6805947508242753, 3.0843129397077416, 1.6947557906206328, 1.2741415517046815, 2.208281977334094, 2.1238629570022685, 1.9563864832884912, 0.7154275950028803]",2.6351978918362247,1.2741415517046817,"[1.57079633 1.57079633 1.57079633 1.57079633 1.57079633 0.86207424
 1.12341683 0.9468185  0.8559005  0.6654754 ]",1.5707963267948966,0.8620742360644783,5,17,17,5.1205222606658936,1,1515.0,0.0,0.0,406,watts,17,17,17,2.0,0.0,0.4706,0.0058,0.8246877156690428
known,static_conjecture,watts_407,14.135766291389894,"[1.5947340942881914, 1.9649259915706407, 1.1887023726520676, 1.8065570515333444, 2.371536328988714, 0.6814385283033992, 2.0374728928085264, 1.6425421200304333, 0.7911753145079496, 0.20375784654767065]",1.5947340942881914,0.6814385283033992,"[1.57079633 1.57079633 1.57079633 1.57079633 1.57079633 0.86207424
 1.12341683 0.9468185  0.8559005  0.6654754 ]",1.5707963267948966,0.8620742360644783,5,17,17,3.2889444828033447,1,857.0,0.0,0.0,407,watts,17,17,17,2.0,0.0,0.5294,-0.5241,0.8315156641994055
known,static_conjecture,barabasi_408,26.481962971664775,"[3.0048020253427272, 2.910219446647483, 1.5791781011652388, 1.6875713419834564, 2.651524997254776, 0.4414216211879415, 1.980232584745574, 1.5813438620641933, 1.4628871479347447, 0.19776378329982414]",3.0048020253427272,0.4414216211879415,"[1.75400095 1.75400095 1.75400095 1.75400095 1.75400095 0.86207424
 1.12341683 0.9468185  0.8559005  0.6654754 ]",1.7540009469696969,0.8620742360644783,5,16,39,5.51478910446167,1,976.0,0.0,0.0,408,barabasi,30,16,39,4.875,0.4633,0.375,-0.216,0.8827320990554924
known,static_conjecture,barabasi_409,8.555301759184934,"[1.4121854515860786, 2.0823343093444437, 1.369166255850841, 2.1095275174707657, 1.589052039903851, 0.7905042636095483, 1.7170927639492826, 1.0478363436660056, 1.1105668713514842, 0.46464152490405475]",1.4121854515860786,0.7905042636095483,"[1.55371901 1.55371901 1.55371901 1.55371901 1.55371901 0.86207424
 1.12341683 0.9468185  0.8559005  0.6654754 ]",1.5537190082644627,0.8620742360644783,5,11,10,3.2150022983551025,1,1314.0,0.0,0.0,409,barabasi,10,11,10,1.8182,0.0,0.5455,-0.6092,0.8555301759184933
known,static_conjecture,gnm_410,34.60350796058693,"[2.406315750009804, 2.3071740213022025, 2.519398734640032, 2.2976090985734325, 2.2874852092153546, 0.7846212365618794, 1.852980002736833, 1.5797005940212183, 1.5351157781939795, 0.7306047134952238]",2.406315750009804,0.7846212365618794,"[2.29598009 2.29598009 2.29598009 2.29598009 2.29598009 0.86207424
 1.12341683 0.9468185  0.8559005  0.6654754 ]",2.295980089862011,0.8620742360644783,5,14,69,9.22341012954712,1,678.0,0.0,0.0,410,gnm,44,14,69,9.8571,0.761,0.2143,-0.2183,0.7864433627406121
known,static_conjecture,watts_411,16.332370596445184,"[1.342340930292496, 3.140441941344914, 1.5250767849875833, 3.1415708427677083, 1.5799060109530307, 0.8867975265213323, 2.7435126580135, 2.6825422357576296, 2.3669183493294215, 1.1109140094159227]",1.342340930292496,0.8867975265213323,"[1.54166667 1.54166667 1.54166667 1.54166667 1.54166667 0.86207424
 1.12341683 0.9468185  0.8559005  0.6654754 ]",1.541666666666667,0.8620742360644783,5,13,26,3.1487393379211426,1,645.0,0.0,0.0,411,watts,20,13,26,4.0,0.3846,0.3077,-0.1155,0.8166185298222592
known,static_conjecture,barabasi_412,11.904172301533665,"[1.6419819002944986, 1.5134489071142019, -0.2782483077833521, 2.6781434350571596, 1.2897435039621838, 1.8453850676642505, 3.141033461726055, 1.8948501770441222, 1.7926739951433783, 1.3809136489797735]",1.6419819002944986,1.8453850676642505,"[1.55555556 1.55555556 1.55555556 1.55555556 1.55555556 0.86207424
 1.12341683 0.9468185  0.8559005  0.6654754 ]",1.5555555555555556,0.8620742360644783,5,15,14,4.823834180831909,1,1392.0,0.0,0.0,412,barabasi,14,15,14,1.8667,0.0,0.6667,-0.5091,0.850298021538119
known,static_conjecture,barabasi_413,9.344149112188552,"[1.5566895100928768, 1.9211576675272442, 1.9003068330607098, 1.831099414450559, -0.08173370755264166, 0.9194610888628227, 2.757000912225429, 1.737140546520779, 2.1006752670409394, 0.8214240600245577]",1.5566895100928768,0.9194610888628229,"[1.55034722 1.55034722 1.55034722 1.55034722 1.55034722 0.86207424
 1.12341683 0.9468185  0.8559005  0.6654754 ]",1.5503472222222223,0.8620742360644783,5,12,11,2.709404468536377,1,996.0,0.0,0.0,413,barabasi,11,12,11,1.8333,0.0,0.5833,-0.5365,0.8494681011080502
known,static_conjecture,gnm_414,46.09896965547895,"[2.181346338549211, 2.408040866039751, 2.1491010519623166, 1.9323011676547175, 2.5771499321396787, 1.5594557221363492, 1.7486194489498474, 1.58008564385079, 1.5722373650549173, -0.21079604751749895]",2.181346338549211,1.5594557221363492,"[2.34865779 2.34865779 2.34865779 2.34865779 2.34865779 0.86207424
 1.12341683 0.9468185  0.8559005  0.6654754 ]",2.348657794090501,0.8620742360644783,5,16,83,11.394917964935305,1,735.0,0.0,0.0,414,gnm,52,16,83,10.375,0.6823,0.1875,-0.0018,0.8865186472207491
known,static_conjecture,barabasi_415,11.85951551863947,"[1.3066598456626768, 2.1158045110012984, 2.1170539888109134, 1.6590907411345062, 1.5658649567582945, 0.18225925464788606, 1.1793726305157666, 1.1619135810559076, 1.3275815998309435, 0.5491693948518681]",1.3066598456626768,0.182259254647886,"[1.55555556 1.55555556 1.55555556 1.55555556 1.55555556 0.86207424
 1.12341683 0.9468185  0.8559005  0.6654754 ]",1.5555555555555556,0.8620742360644783,5,15,14,6.494122505187988,1,1466.0,0.0,0.0,415,barabasi,14,15,14,1.8667,0.0,0.5333,-0.3971,0.8471082513313907
known,static_conjecture,regular_416,9.999991207106728,"[2.184259475984477, 2.2632231168211288, 2.186620287579432, 2.3124714809056335, 2.0460165497310294, 1.0961020559562993, 0.8285471277601183, 0.9546888991392384, 0.8782820973457797, 0.9583797239506793]",2.184259475984477,1.0961020559562993,"[1.24210526 1.24210526 1.24210526 1.24210526 1.24210526 0.86207424
 1.12341683 0.9468185  0.8559005  0.6654754 ]",1.2421052631578946,0.8620742360644783,5,10,10,5.9190757274627686,1,1121.0,0.0,0.0,416,regular,10,10,10,2.0,0.0,0.5,0.0,0.9999991207106728
known,static_conjecture,regular_417,24.23344046403607,"[2.8236598566601345, 1.740623971880158, 3.106544403316022, 2.66625451741837, 2.1203768989636114, 1.2676532386309867, 1.8294089393170474, 0.6807087759327948, 1.76249698287751, 1.4239636769869688]",2.8236598566601345,1.267653238630987,"[3.14159265 3.14159265 3.14159265 3.14159265 3.14159265 0.86207424
 1.12341683 0.9468185  0.8559005  0.6654754 ]",3.141592653589793,0.8620742360644783,5,17,34,8.759445905685425,1,1375.0,0.0,0.0,417,regular,26,17,34,4.0,0.2059,0.3529,0.0,0.9320554024629258
known,static_conjecture,regular_418,13.500215750941152,"[1.4288181537461782, 1.2867947239004933, 1.261988739511699, 1.2597682552991822, 1.2427192655684083, 0.5584035181550802, 2.042419591492338, 1.9451020688147969, 1.8497316317869474, 0.15847117242632994]",1.4288181537461782,0.5584035181550802,"[1.1        1.1        1.1        1.1        1.1        0.86207424
 1.12341683 0.9468185  0.8559005  0.6654754 ]",1.1,0.8620742360644783,5,9,18,5.820152759552002,1,1620.0,0.0,0.0,418,regular,14,9,18,4.0,0.3889,0.3333,0.0,0.9643011250672251
known,static_conjecture,barabasi_419,6.539103746748424,"[2.872894529333405, 2.1639139445689803, 2.8846846232553514, 2.260804742163498, 1.9631504323104751, 1.7468020990955944, 1.8707243587522737, 1.5925683563063353, 1.3141097913467126, 0.1851852457336943]",2.872894529333405,1.7468020990955944,"[2.18324468 2.18324468 2.18324468 2.18324468 2.18324468 0.86207424
 1.12341683 0.9468185  0.8559005  0.6654754 ]",2.183244677593048,0.8620742360644783,5,8,7,5.895904779434204,1,1390.0,0.0,0.0,419,barabasi,7,8,7,1.75,0.0,0.75,-0.7386,0.9341576781069177
known,static_conjecture,watts_420,14.080639920864918,"[2.8576519821473685, 2.006487828050825, 1.7504088885017912, 1.4164644935371475, 1.1716290395225062, 1.699166521876781, 2.722766300866718, 1.2667269173918831, 1.9008947993835905, 0.18558850684298886]",2.8576519821473685,1.699166521876781,"[1.49076923 1.49076923 1.49076923 1.49076923 1.49076923 0.86207424
 1.12341683 0.9468185  0.8559005  0.6654754 ]",1.4907692307692306,0.8620742360644783,5,10,20,7.533823251724243,1,1949.0,0.0,0.0,420,watts,16,10,20,4.0,0.4367,0.4,-0.1733,0.8800399950540574
known,static_conjecture,watts_421,27.70772467724453,"[2.84733902714337, 1.675093293879054, 1.5916757712129412, 1.5449527976888717, 2.1150076654037773, 1.2245985360644327, 2.5675017482624547, 2.267997072394585, 2.0954506471539056, 1.4068169681043348]",2.84733902714337,1.2245985360644327,"[1.83625087 1.83625087 1.83625087 1.83625087 1.83625087 0.86207424
 1.12341683 0.9468185  0.8559005  0.6654754 ]",1.836250872249442,0.8620742360644783,5,20,40,10.021268367767334,1,891.0,0.0,0.0,421,watts,31,20,40,4.0,0.235,0.3,-0.12,0.8937975702336945
known,static_conjecture,watts_422,18.202492726649623,"[1.4712132517534435, 3.10731210638634, 1.3889830695233067, 3.141556816275306, 1.2596878191120355, 1.1218253193628627, 3.0690540505494823, 2.593176004163954, 2.4461163077233645, 1.404927416974283]",1.4712132517534435,1.121825319362863,"[1.54166667 1.54166667 1.54166667 1.54166667 1.54166667 0.86207424
 1.12341683 0.9468185  0.8559005  0.6654754 ]",1.541666666666667,0.8620742360644783,5,14,28,1.2299752235412598,1,778.0,0.0,0.0,422,watts,22,14,28,4.0,0.3014,0.2857,0.0467,0.8273860330295283
known,static_conjecture,barabasi_423,4.558908899364724,"[2.568624815472236, 2.4207997311768454, 1.7631036016799337, 1.4610231926051704, 2.3862853255385783, 1.7900540403843694, 2.0107049848584424, 1.175666051015765, 2.6947529883328136, 1.305876786240928]",2.568624815472236,1.7900540403843694,"[2.28139837 2.28139837 2.28139837 2.28139837 2.28139837 0.86207424
 1.12341683 0.9468185  0.8559005  0.6654754 ]",2.281398371365477,0.8620742360644783,5,6,5,1.6999881267547607,1,1509.0,0.0,0.0,423,barabasi,5,6,5,1.6667,0.0,0.5,-0.3333,0.9117817798729447
known,static_conjecture,watts_424,16.57986245392419,"[1.5854247672974475, 1.8191928884655861, 0.5768017942852096, 3.141563640914189, 3.0151514433805815, 0.9910294572511227, 2.615237231121268, 0.8969945113591243, 1.1507358106679748, 0.7957446091513468]",1.5854247672974475,0.9910294572511228,"[1.57079633 1.57079633 1.57079633 1.57079633 1.57079633 0.86207424
 1.12341683 0.9468185  0.8559005  0.6654754 ]",1.5707963267948966,0.8620742360644783,5,20,20,5.052173852920532,1,830.0,0.0,0.0,424,watts,19,20,20,2.0,0.0,0.5,0.1065,0.8726243396802205
known,static_conjecture,watts_425,4.742350578693731,"[0.2505585378303647, 3.0463836299132856, 2.531064230510002, 3.131931713253429, 0.7506651136221395, 2.4513427956223306, 2.167434860531702, 1.9921464752146276, 2.9787023620432804, 1.3366466104196624]",0.2505585378303647,2.4513427956223306,"[1.48824786 1.48824786 1.48824786 1.48824786 1.48824786 0.86207424
 1.12341683 0.9468185  0.8559005  0.6654754 ]",1.4882478632478633,0.8620742360644783,5,6,6,2.090766668319702,1,1788.0,0.0,0.0,425,watts,5,6,6,2.0,0.25,0.6667,-0.68,0.9484701157387463
known,static_conjecture,barabasi_426,11.696971999459384,"[1.3775011584526355, 2.051024402614015, 2.094454359221398, 1.6104007225715287, 1.5877197223461745, 0.1767602085252485, 1.2221372137556938, 1.1056285408062845, 1.334230321446888, 0.6304985162453507]",1.3775011584526355,0.1767602085252485,"[1.55555556 1.55555556 1.55555556 1.55555556 1.55555556 0.86207424
 1.12341683 0.9468185  0.8559005  0.6654754 ]",1.5555555555555556,0.8620742360644783,5,15,14,2.9250528812408447,1,1002.0,0.0,0.0,426,barabasi,14,15,14,1.8667,0.0,0.6667,-0.4255,0.8354979999613846
known,static_conjecture,regular_427,29.265982377257163,"[3.139377510838056, 1.4129834419536826, 2.828830021466376, 1.8899315708143476, 1.4868860499986687, 1.5205524892060045, 2.2261483958809447, 1.8815994148973383, 2.3400232044156684, 0.6463050322872286]",3.139377510838056,1.5205524892060045,"[3.14159265 3.14159265 3.14159265 3.14159265 3.14159265 0.86207424
 1.12341683 0.9468185  0.8559005  0.6654754 ]",3.141592653589793,0.8620742360644783,5,20,40,18.414069414138797,1,1627.0,0.0,0.0,427,regular,32,20,40,4.0,0.175,0.35,0.0,0.9145619492892864
known,static_conjecture,regular_428,14.726313980703369,"[1.3872147534858539, 2.8124174817026475, 1.2328636520753258, 1.0595826989666897, 0.13840105402152728, 0.929970874284245, 2.536372427520507, 2.1616849570615315, 0.37931383448693, 0.8569851867749005]",1.387214753485854,0.929970874284245,"[1.35020243 1.35020243 1.35020243 1.35020243 1.35020243 0.86207424
 1.12341683 0.9468185  0.8559005  0.6654754 ]",1.3502024291497978,0.8620742360644783,5,10,15,4.805963039398193,1,2724.0,0.0,0.0,428,regular,15,10,15,3.0,0.0,0.5,0.0,0.9817542653802246
known,static_conjecture,barabasi_429,15.267475957508458,"[1.8066823187893193, 2.7002077653576153, 1.472252862955052, 1.6987160192727075, 1.5731898306381717, 1.3822091075337288, 1.9941924042564936, 2.036002257440534, 2.8281946401892624, 1.3961248020055887]",1.8066823187893195,1.3822091075337288,"[1.65066443 1.65066443 1.65066443 1.65066443 1.65066443 0.86207424
 1.12341683 0.9468185  0.8559005  0.6654754 ]",1.6506644299299014,0.8620742360644783,5,13,22,4.786726474761963,1,999.0,0.0,0.0,429,barabasi,18,13,22,3.3846,0.3608,0.3846,-0.303,0.8481931087504698
known,static_conjecture,regular_430,9.94780255818337,"[2.4134928894959256, 2.1634619475981847, 2.3097239242043672, 1.8736824022419134, 1.6854055109091854, -0.24969612582517406, 2.2885169315906033, 1.2291159526325632, 1.0557318898291386, 0.9894350909581046]",2.4134928894959256,-0.249696125825174,"[1.53632918 1.53632918 1.53632918 1.53632918 1.53632918 0.86207424
 1.12341683 0.9468185  0.8559005  0.6654754 ]",1.5363291750727188,0.8620742360644783,5,11,11,3.377003669738769,1,1393.0,0.0,0.0,430,regular,10,11,11,2.0,0.0,0.4545,0.0,0.994780255818337
known,static_conjecture,regular_431,27.525659563611782,"[2.9343005680828993, 1.956333087960137, 2.879591874936133, 2.6030026030757663, 3.1310438157068834, 0.9041436616352507, 1.6402377410890594, 1.1723412663435033, 1.3194453142186964, 0.47018346693123947]",2.9343005680828997,0.9041436616352508,"[3.14159265 3.14159265 3.14159265 3.14159265 3.14159265 0.86207424
 1.12341683 0.9468185  0.8559005  0.6654754 ]",3.141592653589793,0.8620742360644783,5,19,38,10.514509201049805,1,1244.0,0.0,0.0,431,regular,30,19,38,4.0,0.0789,0.3158,0.0,0.9175219854537261
known,static_conjecture,regular_432,27.82191622409542,"[2.7543649474449836, 1.8293283382179446, 2.9225446084010867, 3.0520477065276146, 1.7134294274394088, 1.4108050243807315, 2.112953338569124, 0.4425109653858498, 2.0207627680215356, 0.9946668419964249]",2.754364947444984,1.4108050243807315,"[3.14159265 3.14159265 3.14159265 3.14159265 3.14159265 0.86207424
 1.12341683 0.9468185  0.8559005  0.6654754 ]",3.141592653589793,0.8620742360644783,5,18,36,7.324174404144287,1,1382.0,0.0,0.0,432,regular,30,18,36,4.0,0.0556,0.3333,0.0,0.9273972074698473
known,static_conjecture,regular_433,23.81498714514844,"[2.9818045829990476, 1.907635473341749, 2.9235626220449644, 2.3964355986931225, 2.3021372582903536, 0.9019856187209536, 1.712916061009789, 1.9829097692493294, 1.59262645163178, 0.5956144241791865]",2.981804582999048,0.9019856187209536,"[3.14159265 3.14159265 3.14159265 3.14159265 3.14159265 0.86207424
 1.12341683 0.9468185  0.8559005  0.6654754 ]",3.141592653589793,0.8620742360644783,5,17,34,5.491666316986084,1,814.0,0.0,0.0,433,regular,26,17,34,4.0,0.1176,0.3529,0.0,0.9159610440441708
known,static_conjecture,gnm_434,36.571619846193904,"[2.254632001892614, 2.2761014479135255, 2.295348012613147, 2.2162751510365277, 2.2512948016363037, 0.8815261930595645, 2.7155998089314703, 2.513203638686438, 2.2759076337250734, 0.948415458837983]",2.254632001892614,0.8815261930595645,"[2.26482842 2.26482842 2.26482842 2.26482842 2.26482842 0.86207424
 1.12341683 0.9468185  0.8559005  0.6654754 ]",2.264828415010765,0.8620742360644783,5,17,73,9.06818175315857,1,617.0,0.0,0.0,434,gnm,49,17,73,8.5882,0.5362,0.2353,-0.0601,0.7463595886978348
known,static_conjecture,watts_435,10.373941983597742,"[1.5545631170237189, 1.8382008430083263, 1.686211213623773, 1.9469470604677803, 0.5567418889374325, 0.97100470796687, 2.5424623304807286, 1.5345820432005168, 1.1274318987054297, 1.3261879558602356]",1.5545631170237189,0.97100470796687,"[1.54166667 1.54166667 1.54166667 1.54166667 1.54166667 0.86207424
 1.12341683 0.9468185  0.8559005  0.6654754 ]",1.541666666666667,0.8620742360644783,5,12,12,1.715501308441162,1,709.0,0.0,0.0,435,watts,12,12,12,2.0,0.0,0.5,-0.1429,0.8644951652998119
known,static_conjecture,barabasi_436,7.605299794010389,"[2.756733704079746, 1.2743918888131378, 2.9475692844969426, 2.8246817505155515, 3.014591174301237, 0.28362091281296514, 2.9203475314529306, 1.8079204544161116, 2.0820493400711224, 0.7333241383751452]",2.756733704079746,0.2836209128129651,"[2.28139837 2.28139837 2.28139837 2.28139837 2.28139837 0.86207424
 1.12341683 0.9468185  0.8559005  0.6654754 ]",2.281398371365477,0.8620742360644783,5,10,9,2.105228900909424,1,1082.0,0.0,0.0,436,barabasi,9,10,9,1.8,0.0,0.5,-0.2558,0.8450333104455987
known,static_conjecture,watts_437,9.850523901092007,"[2.4173504210023165, 0.4244237192083302, 2.248994497673899, 2.8505750794646487, 0.5180495619500509, 1.4323303175757887, 2.1557783141171347, 1.3010767982972848, 1.6766222525384649, 0.38046406947801614]",2.4173504210023165,1.4323303175757889,"[1.54166667 1.54166667 1.54166667 1.54166667 1.54166667 0.86207424
 1.12341683 0.9468185  0.8559005  0.6654754 ]",1.541666666666667,0.8620742360644783,5,12,12,4.667713403701782,1,1775.0,0.0,0.0,437,watts,11,12,12,2.0,0.1389,0.5,0.1818,0.8955021728265461
known,static_conjecture,gnm_438,25.446613360873897,"[3.0169925706863836, 1.9425731822152663, 2.840118014042135, 1.8852646225771212, 1.5395620071914484, 1.7736438829165055, 2.5317555723155376, 1.5866487522553836, 1.3280124804853062, 0.5991519390200871]",3.016992570686384,1.7736438829165055,"[1.96487096 1.96487096 1.96487096 1.96487096 1.96487096 0.86207424
 1.12341683 0.9468185  0.8559005  0.6654754 ]",1.9648709606669572,0.8620742360644783,5,14,41,7.535200119018555,1,1272.0,0.0,0.0,438,gnm,29,14,41,5.8571,0.4416,0.2857,-0.2102,0.877469426237031
known,static_conjecture,barabasi_439,4.775469539490587,"[2.659040716826808, 2.3614181043029694, 2.2733810013189064, 3.0362519095204954, 2.13857723177204, 1.699727776570565, 2.0238121673616547, 1.8073813365991505, 0.991395214967179, 0.18825412175037565]",2.659040716826808,1.699727776570565,"[2.28139837 2.28139837 2.28139837 2.28139837 2.28139837 0.86207424
 1.12341683 0.9468185  0.8559005  0.6654754 ]",2.281398371365477,0.8620742360644783,5,6,5,3.8077685832977295,1,2113.0,0.0,0.0,439,barabasi,5,6,5,1.6667,0.0,0.5,-0.6667,0.9550939078981173
known,static_conjecture,gnm_440,60.07294298680563,"[2.967069281051482, 1.9646652110538334, 2.094011748643118, 3.141231232926378, 2.6109761870440695, 0.9223319241391416, 2.5273879729054096, 1.8588263348882257, 1.2819657202414527, 0.6417358746250144]",2.967069281051482,0.9223319241391416,"[2.51454223 2.51454223 2.51454223 2.51454223 2.51454223 0.86207424
 1.12341683 0.9468185  0.8559005  0.6654754 ]",2.514542228094913,0.8620742360644783,5,17,116,23.03265142440796,1,984.0,0.0,0.0,440,gnm,70,17,116,13.6471,0.8393,0.1765,-0.0928,0.858184899811509
known,static_conjecture,watts_441,10.340045667259972,"[2.8278214532120636, 2.629708526460586, 2.1805970127855288, 1.5825872386352622, 1.4437461295544973, 1.3047790612943577, 1.6208132086978868, 1.3626785498717773, 0.6435657719250059, 0.24552671202965495]",2.827821453212064,1.3047790612943575,"[1.8668712  1.8668712  1.8668712  1.8668712  1.8668712  0.86207424
 1.12341683 0.9468185  0.8559005  0.6654754 ]",1.8668712044534412,0.8620742360644783,5,8,16,4.953165531158447,1,1555.0,0.0,0.0,441,watts,12,8,16,4.0,0.5625,0.25,-0.0159,0.8616704722716643
known,static_conjecture,barabasi_442,9.064833435993918,"[1.742090602971525, 1.9633289521912074, 0.8923537452613683, 2.855768741295422, 1.445802130665675, 0.587552635132563, 2.799966560683295, 1.3434729641291017, 1.5429069995071862, 0.20108675426275324]",1.742090602971525,0.587552635132563,"[1.56382002 1.56382002 1.56382002 1.56382002 1.56382002 0.86207424
 1.12341683 0.9468185  0.8559005  0.6654754 ]",1.563820018365473,0.8620742360644783,5,11,10,2.8907289505004883,1,1137.0,0.0,0.0,442,barabasi,10,11,10,1.8182,0.0,0.7273,-0.6531,0.9064833435993919
known,static_conjecture,gnm_443,22.59941573598917,"[2.7473206045464194, 2.1780340248753394, 2.1312542885654375, 2.231903614692725, 1.7941481281643197, 0.9818132988341931, 2.7471326815877735, 2.2641624616215714, 2.049360063599573, 0.70748915474803]",2.74732060454642,0.9818132988341932,"[2.1422249  2.1422249  2.1422249  2.1422249  2.1422249  0.86207424
 1.12341683 0.9468185  0.8559005  0.6654754 ]",2.142224898223468,0.8620742360644783,5,10,43,7.741690635681152,1,992.0,0.0,0.0,443,gnm,25,10,43,8.6,0.9611,0.2,-0.2524,0.9039766294395668
known,static_conjecture,barabasi_444,4.47701103799227,"[2.0126140793634564, 2.69004847914794, 2.0765475251056844, 1.8890353893451635, 2.0526097982822, 1.2981476124503897, 2.8720210259223813, 2.674406107677293, 1.8120742638359237, 1.3823775031399932]",2.0126140793634564,1.2981476124503897,"[2.28139837 2.28139837 2.28139837 2.28139837 2.28139837 0.86207424
 1.12341683 0.9468185  0.8559005  0.6654754 ]",2.281398371365477,0.8620742360644783,5,6,5,5.477379322052002,1,1743.0,0.0,0.0,444,barabasi,5,6,5,1.6667,0.0,0.5,-0.3333,0.895402207598454
known,static_conjecture,regular_445,21.74993874780874,"[2.9890319663826874, 1.988449002249887, 2.3736985891329345, 2.04711532027063, 2.019957863082933, 0.7168184797886435, 1.5390483208901966, 0.13648428938635476, 1.1841870250645843, -0.19124492952193517]",2.9890319663826874,0.7168184797886435,"[1.97142857 1.97142857 1.97142857 1.97142857 1.97142857 0.86207424
 1.12341683 0.9468185  0.8559005  0.6654754 ]",1.971428571428571,0.8620742360644783,5,15,30,8.359000205993652,1,1342.0,0.0,0.0,445,regular,24,15,30,4.0,0.2,0.3333,0.0,0.9062474478253643
known,static_conjecture,gnm_446,31.127064480806474,"[2.9958176702095596, 2.3061003493418166, 2.287682790298711, 2.237061896969859, 2.291833370959953, 1.9870588535886804, 1.5754720620535614, 1.484160537179374, 1.5611261461261674, 0.2518477360117621]",2.99581767020956,1.9870588535886804,"[2.26948118 2.26948118 2.26948118 2.26948118 2.26948118 0.86207424
 1.12341683 0.9468185  0.8559005  0.6654754 ]",2.2694811806301467,0.8620742360644783,5,17,48,6.26433539390564,1,827.0,0.0,0.0,446,gnm,36,17,48,5.6471,0.3095,0.2941,-0.1616,0.864640680022402
known,static_conjecture,gnm_447,59.55553770715301,"[2.419964993291803, 2.8626121987529065, 2.344874083485413, 2.265748943962522, 2.3895357819377114, 0.8367034592582373, 2.662804538559292, 0.7906379912249002, 2.381110630714897, 0.7383395596739792]",2.419964993291803,0.8367034592582373,"[2.37385356 2.37385356 2.37385356 2.37385356 2.37385356 0.86207424
 1.12341683 0.9468185  0.8559005  0.6654754 ]",2.3738535561597764,0.8620742360644783,5,19,119,15.195080518722534,1,581.0,0.0,0.0,447,gnm,73,19,119,12.5263,0.7112,0.1579,-0.1398,0.8158292836596303
known,static_conjecture,watts_448,9.403739336259603,"[2.7946715471817347, 1.6884721532290579, 2.0814351343546273, 1.5704122231135473, 2.4224136020203506, 1.2781880229196894, 2.2696475456434824, 0.9144228918321909, 2.1730170186742654, -0.15554795723193765]",2.7946715471817347,1.2781880229196894,"[1.76771255 1.76771255 1.76771255 1.76771255 1.76771255 0.86207424
 1.12341683 0.9468185  0.8559005  0.6654754 ]",1.7677125506072873,0.8620742360644783,5,7,14,4.465221881866455,1,2253.0,0.0,0.0,448,watts,10,7,14,4.0,0.5381,0.2857,-0.0182,0.9403739336259603
known,static_conjecture,watts_449,16.105156827375854,"[1.6114314906341094, 3.0190522034901583, 1.9339355671008371, 3.0266706295772408, 1.4170475279132009, 0.05175839553064819, 2.7415492556540837, 1.9773838657199985, 2.3701444409915657, 1.5077821293946814]",1.6114314906341094,0.0517583955306481,"[1.54166667 1.54166667 1.54166667 1.54166667 1.54166667 0.86207424
 1.12341683 0.9468185  0.8559005  0.6654754 ]",1.541666666666667,0.8620742360644783,5,12,24,3.75080132484436,1,843.0,0.0,0.0,449,watts,20,12,24,4.0,0.3889,0.3333,-0.2043,0.8052578413687927
known,static_conjecture,regular_450,18.17792264449278,"[3.141592653589793, 2.924884707777043, 3.1174690403415752, 1.1317709326702485, 3.141586418798303, 1.4819781661973659, 3.141508729122781, 2.1266988964495646, 1.9037102475899248, 0.9312567447231261]",3.141592653589793,1.481978166197366,"[3.14159265 3.14159265 3.14159265 3.14159265 3.14159265 0.86207424
 1.12341683 0.9468185  0.8559005  0.6654754 ]",3.141592653589793,0.8620742360644783,5,16,24,1.7926712036132812,1,751.0,0.0,0.0,450,regular,22,16,24,3.0,0.0625,0.4375,0.0,0.8262692111133082
known,static_conjecture,gnm_451,91.20582803543908,"[2.7158687131095407, 2.7881547925273082, 3.0069811660995605, 2.8956971142281533, 2.606170471797025, 1.0072404622240132, 2.218063753601086, 1.6113805121952125, 1.238862298843109, 0.8812895443177067]",2.7158687131095407,1.0072404622240132,"[2.75614987 2.75614987 2.75614987 2.75614987 2.75614987 0.86207424
 1.12341683 0.9468185  0.8559005  0.6654754 ]",2.7561498730378577,0.8620742360644783,5,20,189,47.08245706558228,1,973.0,0.0,0.0,451,gnm,100,20,189,18.9,0.9947,0.1,-0.1053,0.9120582803543908
known,static_conjecture,gnm_452,13.62978739241666,"[1.6036731326063043, 1.3056965120849808, 1.435237772665562, 2.7175480121615565, 1.722098753122506, 0.0072419652457137995, 2.083159134238179, 1.5793741214892725, 1.576281088346287, 0.29953091117687014]",1.6036731326063045,0.0072419652457137,"[1.47788784 1.47788784 1.47788784 1.47788784 1.47788784 0.86207424
 1.12341683 0.9468185  0.8559005  0.6654754 ]",1.4778878421398665,0.8620742360644783,5,13,18,2.8401668071746826,1,887.0,0.0,0.0,452,gnm,17,13,18,2.7692,0.059,0.4615,-0.1934,0.8017521995539212
known,static_conjecture,gnm_453,61.827902602640286,"[2.3637802278291757, 2.360443091875141, 3.1322698982397075, 2.7944392891548926, 2.798401845883191, 1.5051338857949095, 3.1155338784637614, 2.282140984152684, 3.1411912486732714, 2.879677024412732]",2.363780227829176,1.5051338857949097,"[2.72195585 2.72195585 2.72195585 2.72195585 2.72195585 0.86207424
 1.12341683 0.9468185  0.8559005  0.6654754 ]",2.721955849601761,0.8620742360644783,5,16,117,18.151053190231323,1,869.0,0.0,0.0,453,gnm,64,16,117,14.625,0.9754,0.125,-0.1354,0.9660609781662545
known,static_conjecture,barabasi_454,8.38391453007663,"[2.9092069744558007, 2.682441887874229, 2.6188425011816303, 2.6329849175876006, 1.8301680734568277, 2.1201619473224413, 1.9637669741717763, 1.8269671829306153, 1.7492960153042887, 1.5485940489119503]",2.9092069744558007,2.1201619473224413,"[2.28139837 2.28139837 2.28139837 2.28139837 2.28139837 0.86207424
 1.12341683 0.9468185  0.8559005  0.6654754 ]",2.281398371365477,0.8620742360644783,5,10,9,4.00611424446106,1,1755.0,0.0,0.0,454,barabasi,9,10,9,1.8,0.0,0.5,-0.4178,0.9315460588974034
known,static_conjecture,barabasi_455,6.7437132700950215,"[1.7756019695603267, 3.07656706258184, 2.860590617166338, 2.503879154793082, 1.572016901742911, 1.7049694695853603, 0.8992717174814152, 1.839570531329035, 1.1593379951499294, 0.4055138503618735]",1.775601969560327,1.7049694695853603,"[2.18324468 2.18324468 2.18324468 2.18324468 2.18324468 0.86207424
 1.12341683 0.9468185  0.8559005  0.6654754 ]",2.183244677593048,0.8620742360644783,5,8,7,10.831335306167604,1,2084.0,0.0,0.0,455,barabasi,7,8,7,1.75,0.0,0.75,-0.8007,0.9633876100135745
known,static_conjecture,barabasi_456,4.775469539490587,"[2.659040716826808, 2.3614181043029694, 2.2733810013189064, 3.0362519095204954, 2.13857723177204, 1.699727776570565, 2.0238121673616547, 1.8073813365991505, 0.991395214967179, 0.18825412175037565]",2.659040716826808,1.699727776570565,"[2.28139837 2.28139837 2.28139837 2.28139837 2.28139837 0.86207424
 1.12341683 0.9468185  0.8559005  0.6654754 ]",2.281398371365477,0.8620742360644783,5,6,5,6.628751039505005,1,2113.0,0.0,0.0,456,barabasi,5,6,5,1.6667,0.0,0.5,-0.6667,0.9550939078981173
known,static_conjecture,barabasi_457,13.91232655731329,"[1.6895375584816636, 1.876484217514271, 1.883708722603211, 1.827257877670689, 2.127869292956957, 0.44462272619602367, -0.33728250464127396, 1.8268783075599935, 1.3902356736935586, 1.656536623720842]",1.6895375584816636,0.4446227261960236,"[1.93398431 1.93398431 1.93398431 1.93398431 1.93398431 0.72080711
 0.07118902 0.12350619 1.23570971 1.4231607 ]",1.933984306735172,0.7208071062769887,5,17,16,8.773018598556519,1,1244.0,0.0,0.0,457,barabasi,16,17,16,1.8824,0.0,0.6471,-0.542,0.8695204098320807
known,static_conjecture,regular_458,24.076645189677308,"[2.810139054989749, 1.7592322943691936, 2.93325817972392, 3.0192117487781114, 1.747416876010095, 1.3411808523624735, 2.20604845162654, 0.47790613040999386, 1.834277072193938, 1.080450540576363]",2.810139054989749,1.3411808523624735,"[3.14159265 3.14159265 3.14159265 3.14159265 3.14159265 0.86207424
 1.12341683 0.9468185  0.8559005  0.6654754 ]",3.141592653589793,0.8620742360644783,5,16,32,17.467599868774414,1,1223.0,0.0,0.0,458,regular,26,16,32,4.0,0.0938,0.375,0.0,0.9260248149875887
known,static_conjecture,barabasi_459,24.7973384044264,"[1.4838917843739345, 1.4690994496832845, 1.7609797377922398, 2.9780268042333042, 1.196493105909204, 1.4756483430633007, 2.0084756509669734, 1.5962637796999366, 1.5849152471068364, 0.2611483924891488]",1.4838917843739343,1.4756483430633007,"[1.561875   1.561875   1.561875   1.561875   1.561875   0.86207424
 1.12341683 0.9468185  0.8559005  0.6654754 ]",1.561875,0.8620742360644783,5,20,36,15.290733575820925,1,994.0,0.0,0.0,459,barabasi,29,20,36,3.6,0.3126,0.45,-0.234,0.8550806346353932
known,static_conjecture,watts_460,12.047995108738007,"[1.7790277314031337, 2.7061555792349097, 1.463879630643759, 1.6313115316533189, 1.6171978356077075, 1.3948601808345713, 3.1373739446599584, 2.771072964086652, 1.4748743105956048, 0.7536196271983715]",1.7790277314031335,1.3948601808345713,"[1.63924033 1.63924033 1.63924033 1.63924033 1.63924033 0.86207424
 1.12341683 0.9468185  0.8559005  0.6654754 ]",1.6392403283850654,0.8620742360644783,5,9,18,8.047402620315552,1,1458.0,0.0,0.0,460,watts,14,9,18,4.0,0.4519,0.3333,-0.2699,0.860571079195572
known,static_conjecture,regular_461,6.749807040414453,"[2.7488358126142973, 3.141576780978151, 3.1415476908714908, 3.1415769079938025, 3.1415880634439404, 1.4670233358558837, 2.9890726809047585, 2.400228573609578, 1.794221196444707, 1.1669844108756435]",2.7488358126142973,1.4670233358558835,"[1.29838057 1.29838057 1.29838057 1.29838057 1.29838057 0.86207424
 1.12341683 0.9468185  0.8559005  0.6654754 ]",1.2983805668016195,0.8620742360644783,5,9,9,3.877936124801636,1,625.0,0.0,0.0,461,regular,8,9,9,2.0,0.0,0.4444,0.0,0.8437258800518066
known,static_conjecture,regular_462,20.7007166704709,"[2.987560799232246, 1.8061019071492228, 2.432996699471591, 1.5967380565332903, 1.6819320446727195, 0.6186286277312314, 3.1015122162703967, 3.1070038903117547, 2.8181174465376264, 0.6877489744998535]",2.987560799232246,0.6186286277312314,"[1.97142857 1.97142857 1.97142857 1.97142857 1.97142857 0.86207424
 1.12341683 0.9468185  0.8559005  0.6654754 ]",1.971428571428571,0.8620742360644783,5,14,28,25.59541869163513,1,1601.0,0.0,0.0,462,regular,22,14,28,4.0,0.1071,0.3571,0.0,0.9409416668395864
known,static_conjecture,gnm_463,13.411798549889056,"[2.1598345853242042, 2.3522099333838065, 1.9474705565867119, 1.3984824603997936, 2.08854098004899, -0.0029761817610221555, 3.1402466732311813, 1.13041262067095, 3.1359337140992296, 1.3299024256122358]",2.159834585324204,-0.0029761817610221,"[2.1422249  2.1422249  2.1422249  2.1422249  2.1422249  0.86207424
 1.12341683 0.9468185  0.8559005  0.6654754 ]",2.142224898223468,0.8620742360644783,5,10,20,16.537532091140747,1,1654.0,0.0,0.0,463,gnm,15,10,20,4.0,0.39,0.3,-0.3964,0.894119903325937
known,static_conjecture,gnm_464,16.838612077069158,"[2.9921661334489453, 2.6449122380623513, 3.03099334382348, 1.8928714885695612, 2.007960548740499, 0.5443766980082896, 3.1415735391673865, 3.1414497264319348, 2.941680686855702, 1.3613456786344784]",2.9921661334489453,0.5443766980082896,"[2.1422249  2.1422249  2.1422249  2.1422249  2.1422249  0.86207424
 1.12341683 0.9468185  0.8559005  0.6654754 ]",2.142224898223468,0.8620742360644783,5,10,27,18.824952363967896,1,1273.0,0.0,0.0,464,gnm,19,10,27,5.4,0.5929,0.3,-0.2288,0.8862427408983767
known,static_conjecture,gnm_465,7.652033656845759,"[2.7904633309934495, 2.097717551697152, 2.641045563067115, 1.8157744954645518, 1.652393003766206, 0.966247282531538, 3.1155161460069722, 1.0617458247184857, 2.5965916256369628, 1.93188405720732]",2.790463330993449,0.966247282531538,"[1.96365347 1.96365347 1.96365347 1.96365347 1.96365347 0.86207424
 1.12341683 0.9468185  0.8559005  0.6654754 ]",1.9636534696520396,0.8620742360644783,5,9,10,5.300182342529297,1,751.0,0.0,0.0,465,gnm,9,9,10,2.2222,0.2963,0.5556,-0.4286,0.850225961871751
known,static_conjecture,regular_466,15.696356544815249,"[3.124618533617027, 2.0169583039359087, 3.1218272312121593, 2.762094839652346, 0.9619863511432976, 1.3240479263609337, 2.601320335805033, 1.103044970930371, 1.9888817927153322, 1.150561671871034]",3.124618533617027,1.3240479263609335,"[3.14159265 3.14159265 3.14159265 3.14159265 3.14159265 0.86207424
 1.12341683 0.9468185  0.8559005  0.6654754 ]",3.141592653589793,0.8620742360644783,5,18,18,6.54592490196228,1,950.0,0.0,0.0,466,regular,18,18,18,2.0,0.0,0.4444,0.0,0.8720198080452916
known,static_conjecture,watts_467,14.444801813154672,"[1.1743827714808175, 1.9096224714659595, 0.15639528941915634, 3.0029139881552123, 1.586288892899372, 1.383658111698563, 2.5891143514801853, 2.1627027964551684, 2.055273613262088, 0.1390656963742071]",1.1743827714808177,1.383658111698563,"[1.54166667 1.54166667 1.54166667 1.54166667 1.54166667 0.86207424
 1.12341683 0.9468185  0.8559005  0.6654754 ]",1.541666666666667,0.8620742360644783,5,11,22,12.675370931625366,1,1244.0,0.0,0.0,467,watts,16,11,22,4.0,0.4667,0.2727,-0.0115,0.902800113322167
known,static_conjecture,regular_468,11.793712995544816,"[0.6894374498483082, 2.787988339021477, 0.9533796219746635, 1.7565492670414482, 0.8290686362670272, 1.7040398982456701, 2.9012976511935626, 2.412178440825948, 2.6832040214694444, 1.3603193923881771]",0.6894374498483082,1.70403989824567,"[1.35020243 1.35020243 1.35020243 1.35020243 1.35020243 0.86207424
 1.12341683 0.9468185  0.8559005  0.6654754 ]",1.3502024291497978,0.8620742360644783,5,10,15,25.47663164138794,1,2174.0,0.0,0.0,468,regular,13,10,15,3.0,0.3,0.4,0.0,0.9072086919649858
known,static_conjecture,barabasi_469,12.857175716369216,"[1.7670293467560612, 2.6696218814987507, 1.6548192095397005, 3.048689296415769, 1.573343021171514, 1.2811707481963817, 2.1841706321913232, 1.612887192969242, 1.900207208726546, 0.8026106614372359]",1.7670293467560612,1.2811707481963817,"[1.54449958 1.54449958 1.54449958 1.54449958 1.54449958 0.86207424
 1.12341683 0.9468185  0.8559005  0.6654754 ]",1.5444995848675187,0.8620742360644783,5,12,20,9.988847732543944,1,823.0,0.0,0.0,469,barabasi,16,12,20,3.3333,0.5731,0.5,-0.5026,0.803573482273076
known,static_conjecture,barabasi_470,11.224102196224434,"[1.8251495770362536, 1.544883677318853, 1.8787744577725822, 2.3510074886158714, 1.5733736284457347, 0.7264954207932872, 2.252357527036179, 1.2610081670648938, 1.1587036124673324, 0.4274632147261951]",1.8251495770362536,0.7264954207932872,"[1.55102041 1.55102041 1.55102041 1.55102041 1.55102041 0.86207424
 1.12341683 0.9468185  0.8559005  0.6654754 ]",1.5510204081632653,0.8620742360644783,5,14,13,9.38213348388672,1,955.0,0.0,0.0,470,barabasi,13,14,13,1.8571,0.0,0.5714,-0.4082,0.8633924766326488
known,static_conjecture,watts_471,12.187516353204344,"[2.9517402623186495, 2.909584824814727, 1.4888844507421377, 1.4899388700812746, 1.662389368794237, 0.43787747113431696, 3.1415482242401076, 2.813921773965823, 1.8457233533962538, 0.3073403609903619]",2.951740262318649,0.4378774711343169,"[1.63924033 1.63924033 1.63924033 1.63924033 1.63924033 0.86207424
 1.12341683 0.9468185  0.8559005  0.6654754 ]",1.6392403283850654,0.8620742360644783,5,9,18,13.91093921661377,1,1179.0,0.0,0.0,471,watts,14,9,18,4.0,0.4667,0.3333,-0.3419,0.8705368823717389
known,static_conjecture,barabasi_472,7.465440334092733,"[3.1415897633926937, 2.7562255824882422, 3.141590483292824, 2.4427296990176215, 2.132941942278699, 0.9319553688993751, 2.5845190445315254, 0.9111706381271243, 1.8054985583279342, 1.4173868941402614]",3.1415897633926937,0.9319553688993752,"[2.21419442 2.21419442 2.21419442 2.21419442 2.21419442 0.86207424
 1.12341683 0.9468185  0.8559005  0.6654754 ]",2.214194423997056,0.8620742360644783,5,10,9,5.538297176361084,1,1043.0,0.0,0.0,472,barabasi,9,10,9,1.8,0.0,0.6,-0.5995,0.8294933704547481
known,static_conjecture,watts_473,7.10258934017719,"[1.7922609155904552, 0.9987005259937077, 1.4978052938476112, 2.924369506076705, 1.1656749063490777, 1.640878858849248, 2.031529770801253, 1.8327102904708719, 1.3424214266727577, 0.21276369648853896]",1.7922609155904552,1.640878858849248,"[1.48824786 1.48824786 1.48824786 1.48824786 1.48824786 0.86207424
 1.12341683 0.9468185  0.8559005  0.6654754 ]",1.4882478632478633,0.8620742360644783,5,9,9,9.248356342315674,1,1258.0,0.0,0.0,473,watts,8,9,9,2.0,0.1593,0.6667,-0.4595,0.8878236675221487
known,static_conjecture,regular_474,5.999896122190301,"[3.132482718790718, 2.058511124545414, 3.074878153066278, 2.498793815898317, 1.8088482814944318, 1.2624115206885822, 2.6772135167194975, 1.8135036521180483, 0.6477746327063141, 1.123455361287685]",3.132482718790718,1.2624115206885822,"[1.56614833 1.56614833 1.56614833 1.56614833 1.56614833 0.86207424
 1.12341683 0.9468185  0.8559005  0.6654754 ]",1.5661483253588515,0.8620742360644783,5,7,7,6.909745454788208,1,1172.0,0.0,0.0,474,regular,6,7,7,2.0,0.0,0.4286,0.0,0.9999826870317169
known,static_conjecture,gnm_475,40.92379317498968,"[3.050422842509724, 2.413857775510254, 2.2479680310724968, 2.2420328659242577, 2.2995633886743443, 0.587504165507971, 1.57063251093547, 0.9233801339505932, 1.5707495785012604, 0.3044576096767192]",3.050422842509724,0.587504165507971,"[2.24962072 2.24962072 2.24962072 2.24962072 2.24962072 0.86207424
 1.12341683 0.9468185  0.8559005  0.6654754 ]",2.2496207241853257,0.8620742360644783,5,18,71,18.126879930496216,1,656.0,0.0,0.0,475,gnm,48,18,71,7.8889,0.4727,0.2778,-0.0978,0.8525790244789517
known,static_conjecture,gnm_476,32.335313502632275,"[2.149892987406691, 1.9984256480487494, 2.2888933141845227, 2.716643099371774, 2.022469964916336, 1.5722448035772096, 1.5712155233999725, 1.4060742596915285, 1.8118398283005428, 1.5675903241840818]",2.149892987406691,1.5722448035772096,"[2.07791143 2.07791143 2.07791143 2.07791143 2.07791143 0.86207424
 1.12341683 0.9468185  0.8559005  0.6654754 ]",2.0779114279909416,0.8620742360644783,5,15,54,17.366788625717163,1,840.0,0.0,0.0,476,gnm,37,15,54,7.2,0.5493,0.3333,-0.2237,0.8739273919630345
known,static_conjecture,gnm_477,25.621137331315,"[2.304620235563805, 2.3826986843407907, 2.3803425400196754, 2.3744583639954833, 2.894116460609105, 0.7593374040164105, 2.6382154596447718, 2.459682233727368, 2.50683207796009, 0.6061446853824171]",2.304620235563805,0.7593374040164105,"[2.36945465 2.36945465 2.36945465 2.36945465 2.36945465 0.86207424
 1.12341683 0.9468185  0.8559005  0.6654754 ]",2.3694546470353,0.8620742360644783,5,11,49,13.794384241104126,1,731.0,0.0,0.0,477,gnm,30,11,49,8.9091,0.8776,0.1818,-0.1406,0.8540379110438334
known,static_conjecture,regular_478,29.822290733866488,"[2.9275904912333712, 1.9650879319737458, 3.0282822399475, 2.1226655176659595, 3.0641146848689, 0.16497309030607699, 2.3058792550325506, 0.35362305278173517, 2.012789844494176, 0.8556661449120978]",2.9275904912333712,0.1649730903060769,"[3.14159265 3.14159265 3.14159265 3.14159265 3.14159265 0.86207424
 1.12341683 0.9468185  0.8559005  0.6654754 ]",3.141592653589793,0.8620742360644783,5,20,40,33.008217573165894,1,2001.0,0.0,0.0,478,regular,32,20,40,4.0,0.125,0.3,0.0,0.9319465854333278
known,static_conjecture,watts_479,7.269255128587929,"[2.078280992280236, 1.3386495631153663, 1.983988410759987, 2.0638788941080497, 1.5634723188520705, 0.12614443892791746, 2.4721340580082813, 1.2263889691576768, 1.1384723071493275, 0.27421372464243]",2.078280992280236,0.1261444389279174,"[1.47746394 1.47746394 1.47746394 1.47746394 1.47746394 0.86207424
 1.12341683 0.9468185  0.8559005  0.6654754 ]",1.4774639423076923,0.8620742360644783,5,8,8,6.5882790088653564,1,2157.0,0.0,0.0,479,watts,8,8,8,2.0,0.0,0.625,-0.3968,0.9086568910734911
known,static_conjecture,barabasi_480,8.187117879452373,"[2.8759461405545528, 3.141433413501698, 2.6554751453963266, 2.6948320278993743, 1.7325186818961618, 1.5150989090143605, 2.075344033690879, 1.8275263791731713, 1.7639863829595637, 1.4711910096082723]",2.8759461405545528,1.5150989090143605,"[2.1846071  2.1846071  2.1846071  2.1846071  2.1846071  0.86207424
 1.12341683 0.9468185  0.8559005  0.6654754 ]",2.184607103422893,0.8620742360644783,5,10,9,10.268410682678224,1,1693.0,0.0,0.0,480,barabasi,9,10,9,1.8,0.0,0.7,-0.5992,0.909679764383597
known,static_conjecture,watts_481,7.866377807418758,"[1.2961238250883278, 2.648147289170544, 2.030695542927047, 1.827257199328122, 1.7135124439462572, 1.1131824948751983, 1.5477558809366467, 1.944372471452981, 1.1189447324629893, -0.16161760786849197]",1.2961238250883278,1.1131824948751985,"[1.63924033 1.63924033 1.63924033 1.63924033 1.63924033 0.86207424
 1.12341683 0.9468185  0.8559005  0.6654754 ]",1.6392403283850654,0.8620742360644783,5,6,12,10.08795714378357,1,1530.0,0.0,0.0,481,watts,8,6,12,4.0,0.9,0.3333,-0.4545,0.9832972259273447
known,static_conjecture,watts_482,9.709460085787727,"[1.692837422314986, 1.806156345183238, 1.9864831922654955, 1.7666915342173364, 1.326479581040933, 1.0502557172034108, 1.1051195353600662, 1.0588016422977813, 1.2632469927734054, 0.3685822957334218]",1.692837422314986,1.0502557172034108,"[1.54166667 1.54166667 1.54166667 1.54166667 1.54166667 0.86207424
 1.12341683 0.9468185  0.8559005  0.6654754 ]",1.541666666666667,0.8620742360644783,5,11,11,13.558454036712646,1,1941.0,0.0,0.0,482,watts,11,11,11,2.0,0.0,0.5455,-0.0476,0.8826781896170661
known,static_conjecture,watts_483,16.322059307170147,"[1.6802207241039717, 1.1835771837514462, 2.6366482425475883, 2.5579460069364366, 1.3029653289095822, -0.07846905972505931, 2.169069290241146, 2.0295439661027874, 1.8080036682843321, 1.5768494317634254]",1.6802207241039715,-0.0784690597250593,"[1.57079633 1.57079633 1.57079633 1.57079633 1.57079633 0.86207424
 1.12341683 0.9468185  0.8559005  0.6654754 ]",1.5707963267948966,0.8620742360644783,5,19,19,7.750555038452148,1,1199.0,0.0,0.0,483,watts,19,19,19,2.0,0.0,0.5263,-0.0857,0.8590557530089551
known,static_conjecture,barabasi_484,8.07248827371166,"[2.825472847292408, 2.776301344849764, 1.676745154506746, 0.9664548156047107, 2.108191947274765, 1.928141359661005, 1.943126520045088, 1.9489617575197535, 1.782456847402682, 1.3273881387661564]",2.825472847292408,1.928141359661005,"[2.21419442 2.21419442 2.21419442 2.21419442 2.21419442 0.86207424
 1.12341683 0.9468185  0.8559005  0.6654754 ]",2.214194423997056,0.8620742360644783,5,10,9,3.057868242263794,1,1169.0,0.0,0.0,484,barabasi,9,10,9,1.8,0.0,0.6,-0.6981,0.8969431415235177
known,static_conjecture,gnm_485,58.83299801577432,"[2.9796393940947925, 2.438288290808348, 2.702311274875597, 2.7430695198462534, 2.3984541840073352, 0.9073285602376562, 2.161419648127385, 1.5788820731436757, 1.5645864508302978, 0.9201001047863838]",2.9796393940947925,0.9073285602376562,"[2.54449997 2.54449997 2.54449997 2.54449997 2.54449997 0.86207424
 1.12341683 0.9468185  0.8559005  0.6654754 ]",2.544499965149832,0.8620742360644783,5,17,115,23.45847725868225,1,692.0,0.0,0.0,485,gnm,67,17,115,13.5294,0.8616,0.1765,-0.0902,0.8781044479966317
known,static_conjecture,gnm_486,23.16993451361649,"[2.3587347489955874, 1.6703458622737393, 2.021392798130909, 1.9016316973202534, 2.362992280646846, 0.7888986040695294, 2.356980499703219, 1.5617442460693547, 1.3715498128795942, 0.7819472354010899]",2.3587347489955874,0.7888986040695294,"[2.05831733 2.05831733 2.05831733 2.05831733 2.05831733 0.86207424
 1.12341683 0.9468185  0.8559005  0.6654754 ]",2.058317333343594,0.8620742360644783,5,14,43,9.600672483444214,1,696.0,0.0,0.0,486,gnm,32,14,43,6.1429,0.5202,0.2857,-0.1091,0.7240604535505153
known,static_conjecture,gnm_487,14.086312683453457,"[2.74493463063881, 2.5684139080295347, 2.2445859668672217, 2.01874882307858, 2.2298650750805047, 0.980730030032199, 1.1709319950987669, 0.8982822909499507, 1.1537365894935632, 0.9700785150320437]",2.74493463063881,0.980730030032199,"[2.1422249  2.1422249  2.1422249  2.1422249  2.1422249  0.86207424
 1.12341683 0.9468185  0.8559005  0.6654754 ]",2.142224898223468,0.8620742360644783,5,10,27,15.082682132720947,1,1052.0,0.0,0.0,487,gnm,20,10,27,5.4,0.5014,0.3,-0.0946,0.7043156341726728
known,static_conjecture,barabasi_488,7.684500543587745,"[2.619567255372229, 2.0794597516486633, 1.979821111004017, 2.0315426453651946, 1.9465948451899933, 1.466584093301579, 2.565214013374559, 1.166456625955612, 1.8107872191457317, 1.3769866017061063]",2.619567255372229,1.466584093301579,"[2.21419442 2.21419442 2.21419442 2.21419442 2.21419442 0.86207424
 1.12341683 0.9468185  0.8559005  0.6654754 ]",2.214194423997056,0.8620742360644783,5,10,9,6.92759370803833,1,916.0,0.0,0.0,488,barabasi,9,10,9,1.8,0.0,0.6,-0.5217,0.8538333937319718
known,static_conjecture,watts_489,18.85579483767788,"[1.5456760101910907, 2.8971090063146097, 1.586816327765665, 2.8326439539397086, 1.5854996104291992, 0.6951106506766425, 2.339385661164229, 1.0983675847138217, 2.397235651327805, 0.7892344343719124]",1.545676010191091,0.6951106506766425,"[1.54166667 1.54166667 1.54166667 1.54166667 1.54166667 0.86207424
 1.12341683 0.9468185  0.8559005  0.6654754 ]",1.541666666666667,0.8620742360644783,5,15,30,12.806315660476685,1,763.0,0.0,0.0,489,watts,23,15,30,4.0,0.3933,0.4,-0.1966,0.81981716685556
known,static_conjecture,gnm_490,7.2246359345153905,"[2.7198304783180354, 1.9267598282662097, 2.484782087316338, 1.8372923151785445, 2.8586425413767027, 0.9731489152248709, 2.4089275992008297, 2.1420825637368726, 2.008534875459876, 0.9571103037156671]",2.719830478318036,0.9731489152248708,"[1.85651061 1.85651061 1.85651061 1.85651061 1.85651061 0.86207424
 1.12341683 0.9468185  0.8559005  0.6654754 ]",1.856510612509182,0.8620742360644783,5,6,10,6.70530891418457,1,1101.0,0.0,0.0,490,gnm,8,6,10,3.3333,0.8333,0.5,-0.6667,0.9030794918144238
known,static_conjecture,watts_491,23.74280494101576,"[2.8928046890556685, 1.4780756706704388, 2.14418333426516, 2.2052596469975203, 1.2993785412072199, 0.14016257508918728, 3.1387197134507163, 1.2055915965745077, 1.5646380480603577, 1.3439346445352547]",2.8928046890556685,0.1401625750891872,"[1.57079633 1.57079633 1.57079633 1.57079633 1.57079633 0.86207424
 1.12341683 0.9468185  0.8559005  0.6654754 ]",1.5707963267948966,0.8620742360644783,5,17,34,18.72110676765442,1,1384.0,0.0,0.0,491,watts,27,17,34,4.0,0.2672,0.4118,-0.1197,0.8793631459635466
known,static_conjecture,barabasi_492,5.474770749689924,"[2.803078099567706, 2.654304029642015, 3.0803499360289464, 2.5881305820946654, 2.1173886330317195, 2.0241457278927037, 1.602304956462954, 1.8399711640364405, 1.7588669197266937, 1.4703066893394838]",2.803078099567706,2.024145727892704,"[2.23017809 2.23017809 2.23017809 2.23017809 2.23017809 0.86207424
 1.12341683 0.9468185  0.8559005  0.6654754 ]",2.230178092584108,0.8620742360644783,5,7,6,6.008371114730835,1,1272.0,0.0,0.0,492,barabasi,6,7,6,1.7143,0.0,0.5714,-0.5,0.9124617916149873
known,static_conjecture,regular_493,17.891328963510773,"[2.6544259444524476, 1.8632779154361168, 1.6200443056386822, 2.1321353372633665, 1.5027319987629082, 1.53087399891823, 2.4394719197780828, 2.5625993238102844, 2.12058841548839, 0.810902577159457]",2.654425944452448,1.53087399891823,"[1.97142857 1.97142857 1.97142857 1.97142857 1.97142857 0.86207424
 1.12341683 0.9468185  0.8559005  0.6654754 ]",1.971428571428571,0.8620742360644783,5,13,26,19.520716428756717,1,1248.0,0.0,0.0,493,regular,20,13,26,4.0,0.3846,0.3077,0.0,0.8945664481755387
known,static_conjecture,barabasi_494,4.790060121948045,"[1.988379655732056, 2.455007563011347, 2.647150823700984, 1.698913040869717, 2.3864836591085146, 0.14682205971085732, 2.720097200183069, 0.9632047412414088, 2.8432999965587014, 0.21169004571624123]",1.988379655732056,0.1468220597108573,"[2.28139837 2.28139837 2.28139837 2.28139837 2.28139837 0.86207424
 1.12341683 0.9468185  0.8559005  0.6654754 ]",2.281398371365477,0.8620742360644783,5,6,5,5.557207584381104,1,1211.0,0.0,0.0,494,barabasi,5,6,5,1.6667,0.0,0.5,-0.6667,0.958012024389609
known,static_conjecture,watts_495,11.42812331289942,"[2.58617022946498, 0.34687518043755106, 2.5987901814323884, 2.1889747665527026, 1.119688246118156, 1.356668239586294, 2.2559444814406997, 1.0103007697747217, 1.6167902004842967, 0.7639957578460014]",2.58617022946498,1.356668239586294,"[1.54166667 1.54166667 1.54166667 1.54166667 1.54166667 0.86207424
 1.12341683 0.9468185  0.8559005  0.6654754 ]",1.541666666666667,0.8620742360644783,5,13,13,20.22498726844788,1,1977.0,0.0,0.0,495,watts,13,13,13,2.0,0.0,0.5385,-0.0833,0.8790864086845708
known,static_conjecture,gnm_496,8.428265527632902,"[1.4128048493778032, 2.910089739169707, 2.8489606322296366, 1.662563648593717, 2.068966922196913, 1.1324506989572587, 2.5447929763655486, 1.690537802292479, 1.9778096680570347, 0.4587278056074995]",1.4128048493778032,1.1324506989572587,"[1.85651061 1.85651061 1.85651061 1.85651061 1.85651061 0.86207424
 1.12341683 0.9468185  0.8559005  0.6654754 ]",1.856510612509182,0.8620742360644783,5,6,13,11.084183692932127,1,1440.0,0.0,0.0,496,gnm,9,6,13,4.3333,0.9,0.3333,-0.4444,0.936473947514767
known,static_conjecture,gnm_497,10.860903625110854,"[1.2920603538203568, 1.4749198714500196, 2.4353052314345716, 2.488817886354501, 2.232102731187238, 0.8029383357020337, 2.701744415947868, 0.8359798462460497, 1.5722315399616424, 0.6532735572730564]",1.2920603538203568,0.8029383357020337,"[1.57309547 1.57309547 1.57309547 1.57309547 1.57309547 0.86207424
 1.12341683 0.9468185  0.8559005  0.6654754 ]",1.57309546998624,0.8620742360644783,5,12,16,17.891427040100098,1,1580.0,0.0,0.0,497,gnm,13,12,16,2.6667,0.1917,0.5833,-0.4333,0.8354541250085272
known,static_conjecture,barabasi_498,8.574353758834956,"[2.792649313172989, 1.4919911142577562, 1.7211887348217172, 2.672008048374744, 0.4875598802892389, 0.9908261078510485, 2.9810406869935235, 1.186134752484499, 1.8500817821354256, 1.3461938980637012]",2.792649313172989,0.9908261078510484,"[1.55165289 1.55165289 1.55165289 1.55165289 1.55165289 0.86207424
 1.12341683 0.9468185  0.8559005  0.6654754 ]",1.5516528925619837,0.8620742360644783,5,11,10,12.988426446914673,1,1740.0,0.0,0.0,498,barabasi,10,11,10,1.8182,0.0,0.6364,-0.4651,0.8574353758834956
known,static_conjecture,watts_499,5.391396210885432,"[2.268514847486915, 1.3191047554731405, 1.66044422403327, 2.9435231859539686, 1.4598445351780562, 0.37695472698002264, 2.0491132390166493, 2.6236877186912397, 1.6753904768277135, 0.71097212051246]",2.268514847486915,0.3769547269800226,"[1.46995192 1.46995192 1.46995192 1.46995192 1.46995192 0.86207424
 1.12341683 0.9468185  0.8559005  0.6654754 ]",1.4699519230769231,0.8620742360644783,5,6,6,6.888041019439697,1,1502.0,0.0,0.0,499,watts,6,6,6,2.0,0.0,0.5,-0.0909,0.898566035147572
known,static_conjecture,barabasi_500,11.99917262037984,"[0.2867883098350432, 1.7106287491725074, 1.342291691926589, 2.4413227616662585, 1.30468403199257, 1.9472367889305684, 3.14068715964617, 2.3537315394038196, 1.769415720314012, 1.3796150497300788]",0.2867883098350432,1.9472367889305684,"[1.55555556 1.55555556 1.55555556 1.55555556 1.55555556 0.86207424
 1.12341683 0.9468185  0.8559005  0.6654754 ]",1.5555555555555556,0.8620742360644783,5,15,14,14.611445903778076,1,1496.0,0.0,0.0,500,barabasi,14,15,14,1.8667,0.0,0.6667,-0.4837,0.85708375859856
known,static_conjecture,gnm_501,82.68631180407708,"[2.4198148286149284, 2.4404142820310897, 2.8671966759996526, 3.1395393435907026, 2.8535811380009255, 1.568883602156957, 2.946793226585185, 3.100838808685405, 2.3990515641504673, 1.4282928517753128]",2.4198148286149284,1.568883602156957,"[2.65395064 2.65395064 2.65395064 2.65395064 2.65395064 0.86207424
 1.12341683 0.9468185  0.8559005  0.6654754 ]",2.6539506391377348,0.8620742360644783,5,19,160,37.82073163986206,1,823.0,0.0,0.0,501,gnm,90,19,160,16.8421,0.9349,0.1053,-0.0991,0.9187367978230786
known,static_conjecture,regular_502,5.999969584710328,"[3.139898311988464, 1.9448188317668698, 2.7594620965307675, 2.5335147653147416, 1.6347686336228304, 0.8802805754840703, 2.240533519754316, 1.8808657154754975, 1.7943170204754673, 0.9458498483462244]",3.139898311988464,0.8802805754840703,"[1.56614833 1.56614833 1.56614833 1.56614833 1.56614833 0.86207424
 1.12341683 0.9468185  0.8559005  0.6654754 ]",1.5661483253588515,0.8620742360644783,5,7,7,1.2387781143188477,1,564.0,0.0,0.0,502,regular,6,7,7,2.0,0.0,0.4286,0.0,0.9999949307850547
known,static_conjecture,barabasi_503,5.459350721961073,"[2.910989612111596, 2.421531535304772, 1.663002601529029, 1.584655224970922, 1.9659585525236536, 1.9712556823780265, 2.8060609115211816, 2.8978825376762942, 2.253848164279438, 1.6525609195772815]",2.910989612111596,1.9712556823780265,"[2.23017809 2.23017809 2.23017809 2.23017809 2.23017809 0.86207424
 1.12341683 0.9468185  0.8559005  0.6654754 ]",2.230178092584108,0.8620742360644783,5,7,6,2.95227575302124,1,1541.0,0.0,0.0,503,barabasi,6,7,6,1.7143,0.0,0.5714,-0.7143,0.9098917869935121
known,static_conjecture,gnm_504,14.696787758278884,"[2.7657115578971934, 2.5201170948494633, 2.3170948603854398, 2.1453347455805485, 1.5656724127921073, 1.2293752409176708, 1.580016100221119, 0.66777019539309, 0.9118786340980608, 0.6454198393268904]",2.7657115578971934,1.2293752409176708,"[1.74829742 1.74829742 1.74829742 1.74829742 1.74829742 0.86207424
 1.12341683 0.9468185  0.8559005  0.6654754 ]",1.748297419065092,0.8620742360644783,5,12,21,16.540812730789185,1,1449.0,0.0,0.0,504,gnm,17,12,21,3.5,0.2944,0.3333,-0.2679,0.8645169269575814
known,static_conjecture,watts_505,13.458329658943567,"[2.8572981089684175, 2.8109681016896406, 1.7396687319055353, 1.560175397953357, 1.6122031323375503, 0.4540784220743504, 2.315937032336912, 0.5615652139430063, 2.6009467017487817, 1.0030641529009459]",2.857298108968417,0.4540784220743504,"[1.57079633 1.57079633 1.57079633 1.57079633 1.57079633 0.86207424
 1.12341683 0.9468185  0.8559005  0.6654754 ]",1.5707963267948966,0.8620742360644783,5,16,16,17.637553691864014,1,1498.0,0.0,0.0,505,watts,15,16,16,2.0,0.0,0.4375,-0.0667,0.8972219772629045
known,static_conjecture,barabasi_506,7.622360492633305,"[2.9239412135341505, 2.8524357656921926, 2.9738154450717005, 2.8738801635587206, 2.4457073618376235, 1.9932256887957536, 1.7325447542091075, 1.7670159931054075, 1.8339791669838195, 0.18166997861945297]",2.9239412135341505,1.9932256887957536,"[2.20255013 2.20255013 2.20255013 2.20255013 2.20255013 0.86207424
 1.12341683 0.9468185  0.8559005  0.6654754 ]",2.2025501301817094,0.8620742360644783,5,9,8,7.438443422317505,1,1259.0,0.0,0.0,506,barabasi,8,9,8,1.7778,0.0,0.7778,-0.8195,0.9527950615791632
known,static_conjecture,barabasi_507,8.070826482091604,"[2.708362702268127, 1.8704930846608234, 2.3586089901544893, 2.2084797333826773, 2.316863578268471, 0.24360843915092345, 3.129927650855193, 1.336582287252345, 1.7302776417598387, 0.26883776820041705]",2.708362702268127,0.2436084391509234,"[2.1846071  2.1846071  2.1846071  2.1846071  2.1846071  0.86207424
 1.12341683 0.9468185  0.8559005  0.6654754 ]",2.184607103422893,0.8620742360644783,5,10,9,8.356984615325928,1,1323.0,0.0,0.0,507,barabasi,9,10,9,1.8,0.0,0.7,-0.6758,0.8967584980101783
known,static_conjecture,watts_508,9.818538011109922,"[2.3712375284232703, 1.88535804347623, 2.1474279000842387, 2.1813969256389987, 0.44336485454093677, 1.4803062927335193, 2.572474831128128, 0.9173877051652177, 1.914084945355326, 1.7887508570341237]",2.3712375284232703,1.480306292733519,"[1.76771255 1.76771255 1.76771255 1.76771255 1.76771255 0.86207424
 1.12341683 0.9468185  0.8559005  0.6654754 ]",1.7677125506072873,0.8620742360644783,5,7,14,13.139736413955688,1,1626.0,0.0,0.0,508,watts,10,7,14,4.0,0.5,0.2857,0.0,0.9818538011109922
known,static_conjecture,regular_509,16.05565194060417,"[3.0116323574124726, -0.6484423795866758, 2.393254737550282, 2.9511158782995124, 1.2812484400473578, 2.1673848208975364, 1.8559047326516234, 1.9794573532044684, 2.250420184902414, 0.4135998083356797]",3.0116323574124726,2.1673848208975364,"[3.14159265 3.14159265 3.14159265 3.14159265 3.14159265 0.86207424
 1.12341683 0.9468185  0.8559005  0.6654754 ]",3.141592653589793,0.8620742360644783,5,18,18,8.289454698562622,1,1359.0,0.0,0.0,509,regular,18,18,18,2.0,0.0,0.4444,0.0,0.8919806633668984
known,static_conjecture,barabasi_510,10.370383812675543,"[0.26027404772992324, 1.0727284622956392, 1.2504720396144569, 3.141549210129145, 1.283704765142467, 1.2482396141914465, 2.987255525656353, 2.6711551890032883, 2.2512085272441644, 1.3796708055295595]",0.2602740477299232,1.2482396141914465,"[1.55029586 1.55029586 1.55029586 1.55029586 1.55029586 0.86207424
 1.12341683 0.9468185  0.8559005  0.6654754 ]",1.5502958579881656,0.8620742360644783,5,13,12,8.140100717544556,1,1315.0,0.0,0.0,510,barabasi,12,13,12,1.8462,0.0,0.6154,-0.5354,0.8641986510562952
known,static_conjecture,barabasi_511,41.93222132567784,"[3.042231571182597, 3.1254222810131664, 2.937313227382414, 2.883728369663338, 2.8325577273738016, 1.8041772931791082, 1.8295431477545243, 0.3608227056118516, 1.8355289834212765, 0.18006908936514399]",3.042231571182597,1.804177293179108,"[2.81434975 2.81434975 2.81434975 2.81434975 2.81434975 0.86207424
 1.12341683 0.9468185  0.8559005  0.6654754 ]",2.814349747474748,0.8620742360644783,5,20,64,29.090113401412964,1,1220.0,0.0,0.0,511,barabasi,46,20,64,6.4,0.4965,0.35,-0.1275,0.9115700288190834
known,static_conjecture,watts_512,14.273139081616485,"[2.878234964335658, 2.496222422290327, 1.8421053623596082, 1.4446740064824106, 1.6905025437334347, 0.5852763704184916, 2.7364394633137543, 1.7372796212972101, 0.7145367426342925, -0.13751264227431173]",2.878234964335658,0.5852763704184916,"[1.57079633 1.57079633 1.57079633 1.57079633 1.57079633 0.86207424
 1.12341683 0.9468185  0.8559005  0.6654754 ]",1.5707963267948966,0.8620742360644783,5,17,17,12.882389068603516,1,1632.0,0.0,0.0,512,watts,16,17,17,2.0,0.0,0.4706,0.15,0.8920711926010303
known,static_conjecture,gnm_513,19.31422940716675,"[1.9659470702922117, 2.842409671519524, 2.7298114463500935, 1.4963925112729122, 2.0977033482104734, 1.9154155538156186, 1.8640381682328675, 1.0235877815537773, 1.248458444334695, 0.8896936831102544]",1.965947070292212,1.9154155538156183,"[1.96365347 1.96365347 1.96365347 1.96365347 1.96365347 0.86207424
 1.12341683 0.9468185  0.8559005  0.6654754 ]",1.9636534696520396,0.8620742360644783,5,9,35,15.812130689620972,1,842.0,0.0,0.0,513,gnm,20,9,35,7.7778,0.9722,0.2222,-0.25,0.9657114703583375
known,static_conjecture,regular_514,14.874979956560969,"[3.141592653589793, 1.0009924245765176, 3.141490207453854, 0.7189250240264176, 1.2757596044907271, 0.9140729068835531, 1.9782867317175956, 3.028854558465986, 2.423109740983593, 0.5688256850030304]",3.141592653589793,0.9140729068835532,"[3.14159265 3.14159265 3.14159265 3.14159265 3.14159265 0.86207424
 1.12341683 0.9468185  0.8559005  0.6654754 ]",3.141592653589793,0.8620742360644783,5,17,17,13.147589445114136,1,1077.0,0.0,0.0,514,regular,16,17,17,2.0,0.0,0.4118,0.0,0.9296862472850606
known,static_conjecture,barabasi_515,16.51965086857343,"[1.4108334635437871, 2.824759539054984, 1.5769771329934161, 2.770271629038065, 1.5687303097045766, 0.6844345471294451, 2.695078993262612, 2.693415710103775, 2.385475358888529, 0.8116356087261406]",1.4108334635437871,0.6844345471294451,"[1.58200089 1.58200089 1.58200089 1.58200089 1.58200089 0.86207424
 1.12341683 0.9468185  0.8559005  0.6654754 ]",1.5820008881939218,0.8620742360644783,5,14,24,11.35100030899048,1,781.0,0.0,0.0,515,barabasi,19,14,24,3.4286,0.5384,0.5714,-0.5195,0.8694553088722857
known,static_conjecture,barabasi_516,13.97498093381773,"[1.7275468370827896, 2.6587885240538163, 1.5939820714923965, 1.4718285282165011, 1.7559968270697315, 1.3390474923688436, 2.915332794709368, 1.116202311361359, 1.7506142368950468, 0.8466199047436083]",1.7275468370827896,1.3390474923688436,"[1.64371229 1.64371229 1.64371229 1.64371229 1.64371229 0.86207424
 1.12341683 0.9468185  0.8559005  0.6654754 ]",1.6437122941281777,0.8620742360644783,5,12,20,13.922844648361206,1,1088.0,0.0,0.0,516,barabasi,16,12,20,3.3333,0.3093,0.5,-0.3492,0.8734363083636081
known,static_conjecture,regular_517,15.383939579923885,"[2.8789584032280984, 2.1946621220611355, 1.4829980705976742, 1.930232017534751, 3.0272838080259303, 0.12825631388553432, 1.9245908939620513, 2.4246866422368663, 1.2986845322591987, -1.4186043226794918]",2.8789584032280984,0.1282563138855343,"[1.97142857 1.97142857 1.97142857 1.97142857 1.97142857 0.86207424
 1.12341683 0.9468185  0.8559005  0.6654754 ]",1.971428571428571,0.8620742360644783,5,11,22,27.434842824935917,1,1961.0,0.0,0.0,517,regular,16,11,22,4.0,0.3636,0.2727,0.0,0.9614962237452428
known,static_conjecture,barabasi_518,26.31662413910327,"[0.8747322040564627, 2.467349494387559, 3.0822046195807147, 2.7047662844520497, 1.2521167947114182, 1.5656357085326698, 2.144430353030356, 0.7200676407303738, 1.8095547858900902, 1.4844925444433472]",0.8747322040564627,1.5656357085326698,"[1.76040286 1.76040286 1.76040286 1.76040286 1.76040286 0.86207424
 1.12341683 0.9468185  0.8559005  0.6654754 ]",1.760402856691919,0.8620742360644783,5,16,39,21.994349718093872,1,1496.0,0.0,0.0,518,barabasi,32,16,39,4.875,0.2884,0.4375,-0.0351,0.8223945043469771
known,static_conjecture,barabasi_519,8.405737333468263,"[2.934883701919402, 2.7182485515886974, 2.624233235110995, 2.6219196078619804, 2.1306803099473246, 0.5567304667156968, 1.935670206326051, 1.8259235056975807, 1.7354912671382383, 1.5399226984634475]",2.934883701919402,0.5567304667156968,"[2.38013342 2.38013342 2.38013342 2.38013342 2.38013342 0.86207424
 1.12341683 0.9468185  0.8559005  0.6654754 ]",2.380133419212367,0.8620742360644783,5,10,9,5.775522708892822,1,976.0,0.0,0.0,519,barabasi,9,10,9,1.8,0.0,0.4,-0.5882,0.933970814829807
known,static_conjecture,barabasi_520,11.266241389583056,"[0.24298987582475243, 1.0867345708094676, 1.288083355087792, 3.07874365386638, 1.2559261465205385, 1.2734729601177208, 2.9246691143853996, 3.133678724015531, 1.782625095424624, 1.3971171912754559]",0.2429898758247524,1.2734729601177208,"[1.55102041 1.55102041 1.55102041 1.55102041 1.55102041 0.86207424
 1.12341683 0.9468185  0.8559005  0.6654754 ]",1.5510204081632653,0.8620742360644783,5,14,13,12.283254861831663,1,1427.0,0.0,0.0,520,barabasi,13,14,13,1.8571,0.0,0.5714,-0.4341,0.8666339530448505
known,static_conjecture,barabasi_521,17.70243474895064,"[2.227293303804437, 2.2933242247833303, 1.5403639398633526, 1.7400260804811896, 1.5862929764706257, 1.472473001189798, 2.068322288883631, 0.6603357962508968, 2.8265660914489503, 1.2666034439589686]",2.227293303804437,1.472473001189798,"[1.54933333 1.54933333 1.54933333 1.54933333 1.54933333 0.86207424
 1.12341683 0.9468185  0.8559005  0.6654754 ]",1.5493333333333337,0.8620742360644783,5,15,26,867.1592001914978,1,2189.0,0.0,0.0,521,barabasi,22,15,26,3.4667,0.5966,0.6,-0.4471,0.8046561249523019
known,static_conjecture,regular_522,11.868042598675483,"[0.4216137108344844, 0.7845773788664174, 3.09776829423436, 1.7082137190492466, 0.9128271258050713, 1.46732091481747, 2.961042712758831, 2.2806953687895386, 2.536169434912419, 1.3483240123335283]",0.4216137108344844,1.46732091481747,"[1.35020243 1.35020243 1.35020243 1.35020243 1.35020243 0.86207424
 1.12341683 0.9468185  0.8559005  0.6654754 ]",1.3502024291497978,0.8620742360644783,5,10,15,9.064412832260132,1,1581.0,0.0,0.0,522,regular,13,10,15,3.0,0.2,0.4,0.0,0.912926353744268
known,static_conjecture,watts_523,9.6659017562073,"[3.104955879056546, 2.1561220233533085, 2.4457282549793087, 1.6905533064730545, 1.7643310425283514, 0.009378601586450288, 2.838964552257118, 2.4476372598400182, 1.3437679256769517, 1.068008983905845]",3.104955879056546,0.0093786015864502,"[1.54166667 1.54166667 1.54166667 1.54166667 1.54166667 0.86207424
 1.12341683 0.9468185  0.8559005  0.6654754 ]",1.541666666666667,0.8620742360644783,5,11,11,4.917842388153076,1,1095.0,0.0,0.0,523,watts,10,11,11,2.0,0.0,0.4545,0.0,0.9665901756207299
known,static_conjecture,regular_524,19.488190740906457,"[1.3897536622701456, 2.6337339811526745, 2.8564622709400798, 2.644444373162494, 2.488676150860109, -0.614339375785521, 2.1529036909177286, 1.4278947333238716, 1.6286512454129176, 0.8821535968322961]",1.3897536622701456,-0.614339375785521,"[3.14159265 3.14159265 3.14159265 3.14159265 3.14159265 0.86207424
 1.12341683 0.9468185  0.8559005  0.6654754 ]",3.141592653589793,0.8620742360644783,5,16,24,5.9333038330078125,1,952.0,0.0,0.0,524,regular,22,16,24,3.0,0.0625,0.375,0.0,0.8858268518593845
known,static_conjecture,watts_525,11.18577149267776,"[1.716077176667551, 2.8096206812064004, 0.43345373574722873, 2.7339774593024018, 1.9715720946731814, 1.6008976325015645, 1.8201247352533816, 1.6629013623667608, 1.5027565984999778, 1.2468100931278912]",1.716077176667551,1.6008976325015645,"[1.63924033 1.63924033 1.63924033 1.63924033 1.63924033 0.86207424
 1.12341683 0.9468185  0.8559005  0.6654754 ]",1.6392403283850654,0.8620742360644783,5,9,18,2.4381303787231445,1,660.0,0.0,0.0,525,watts,14,9,18,4.0,0.4593,0.3333,-0.0,0.7989836780484115
known,static_conjecture,gnm_526,32.71079158365453,"[2.9751206969765214, 2.2845166065420344, 2.1685404930604024, 2.267657803344566, 2.3112177601441077, 0.8991495407695653, 2.9357124453350085, 2.5784301370526848, 2.341278187425, 0.8146554523473215]",2.9751206969765214,0.8991495407695653,"[2.25250437 2.25250437 2.25250437 2.25250437 2.25250437 0.86207424
 1.12341683 0.9468185  0.8559005  0.6654754 ]",2.252504372912907,0.8620742360644783,5,14,65,12.5476336479187,1,789.0,0.0,0.0,526,gnm,42,14,65,9.2857,0.706,0.2143,-0.0691,0.7788283710393936
known,static_conjecture,watts_527,7.936603605980053,"[2.178361065821112, 2.4819927277834903, 1.1616857995353167, 1.140824060628627, 2.1211940813463235, 1.5607890898236754, 3.141256910962934, 1.1426059975729146, 1.7449947231486367, 0.7522456134399127]",2.178361065821112,1.5607890898236754,"[1.63924033 1.63924033 1.63924033 1.63924033 1.63924033 0.86207424
 1.12341683 0.9468185  0.8559005  0.6654754 ]",1.6392403283850654,0.8620742360644783,5,6,12,4.764136791229248,1,1497.0,0.0,0.0,527,watts,9,6,12,4.0,0.7278,0.3333,-0.2766,0.8818448451088947
known,static_conjecture,gnm_528,62.03194770937232,"[2.2034179094747506, 2.5656142279286374, 2.581989254108201, 2.3363683120448226, 2.584461116475251, 0.6926919712359377, 1.887390106946939, 0.9833742222297297, 1.0281610588043344, -0.43845163397929066]",2.2034179094747506,0.6926919712359377,"[2.36720346 2.36720346 2.36720346 2.36720346 2.36720346 0.86207424
 1.12341683 0.9468185  0.8559005  0.6654754 ]",2.367203458268531,0.8620742360644783,5,20,124,21.699002981185917,1,535.0,0.0,0.0,528,gnm,78,20,124,12.4,0.6408,0.2,-0.0333,0.7952813808893887
known,static_conjecture,watts_529,27.942369422180505,"[2.962704178065402, 2.7673630970285865, 1.5580895734846867, 1.656324138042331, 1.4677933492154, 0.4689105845983942, 2.5044590473398642, 1.5845731156091332, 2.4962116072480502, 1.5466579363765471]",2.962704178065402,0.4689105845983942,"[1.67125087 1.67125087 1.67125087 1.67125087 1.67125087 0.86207424
 1.12341683 0.9468185  0.8559005  0.6654754 ]",1.671250872249442,0.8620742360644783,5,20,40,20.24985980987549,1,1587.0,0.0,0.0,529,watts,32,20,40,4.0,0.2733,0.35,0.1955,0.8731990444431408
known,static_conjecture,watts_530,8.990077610632465,"[0.7422795267731448, 2.275451302885883, 1.7646439793700113, 1.8444346987852684, 1.5072281584953222, 1.3745138979127494, 0.6824088944694751, 1.2194450522279388, 1.0911829527893195, 0.31032991489423256]",0.7422795267731448,1.3745138979127494,"[1.54166667 1.54166667 1.54166667 1.54166667 1.54166667 0.86207424
 1.12341683 0.9468185  0.8559005  0.6654754 ]",1.541666666666667,0.8620742360644783,5,11,11,9.708683729171751,1,1832.0,0.0,0.0,530,watts,10,11,11,2.0,0.197,0.4545,-0.1,0.8990077610632465
known,static_conjecture,barabasi_531,7.622224196291299,"[2.9210927514014875, 2.85474523338857, 2.975034686133914, 2.875075752754014, 2.4461599418682214, 1.9905163911591526, 1.7328200796125248, 1.764885001155999, 1.8355915653387345, 0.17984507965189622]",2.9210927514014875,1.9905163911591528,"[2.20255013 2.20255013 2.20255013 2.20255013 2.20255013 0.86207424
 1.12341683 0.9468185  0.8559005  0.6654754 ]",2.2025501301817094,0.8620742360644783,5,9,8,7.37246823310852,1,1409.0,0.0,0.0,531,barabasi,8,9,8,1.7778,0.0,0.7778,-0.8195,0.9527780245364124
known,static_conjecture,watts_532,7.680258454049181,"[1.75580610055365, 2.575070446561328, 2.203038203757708, 3.0855144648231754, 0.6324421698862722, 1.4962585868835143, 3.141123347138846, 2.023263899085533, 2.28254423463306, 1.4081331655935476]",1.75580610055365,1.4962585868835143,"[1.63924033 1.63924033 1.63924033 1.63924033 1.63924033 0.86207424
 1.12341683 0.9468185  0.8559005  0.6654754 ]",1.6392403283850654,0.8620742360644783,5,6,12,13.40207052230835,1,1857.0,0.0,0.0,532,watts,8,6,12,4.0,0.8444,0.3333,-0.4348,0.9600323067561476
known,static_conjecture,watts_533,15.402079455957972,"[2.732766712523115, 2.003621315256772, 1.9236022387064478, 1.8459050636531167, 1.8750629928278655, -1.3991850968574182, 2.9475330207156913, 2.718452563453112, 1.4987363515431968, 1.3663323025182716]",2.732766712523115,-1.3991850968574182,"[1.57079633 1.57079633 1.57079633 1.57079633 1.57079633 0.86207424
 1.12341683 0.9468185  0.8559005  0.6654754 ]",1.5707963267948966,0.8620742360644783,5,18,18,5.87450385093689,1,987.0,0.0,0.0,533,watts,18,18,18,2.0,0.0,0.5,-0.0286,0.855671080886554
known,static_conjecture,watts_534,7.524673623325228,"[1.5562730626313708, 1.2795448810293502, 0.6755829021412566, 3.1330908614599036, 2.9929212916010393, 0.4007242426130105, 1.800257595170994, 1.6045089322217465, 0.5060831398394481, 0.7364806224650572]",1.5562730626313708,0.4007242426130105,"[1.46869065 1.46869065 1.46869065 1.46869065 1.46869065 0.86207424
 1.12341683 0.9468185  0.8559005  0.6654754 ]",1.4686906457739792,0.8620742360644783,5,9,9,3.7656400203704834,1,1032.0,0.0,0.0,534,watts,9,9,9,2.0,0.0,0.5556,-0.3012,0.8360748470361364
known,static_conjecture,regular_535,24.2662747177726,"[2.8264177751841197, 1.7964327288463813, 1.9018213173573424, 2.5779753454290715, 3.134250070757254, -0.19334428786821012, 2.1708616930109423, 1.3733375598706499, 1.193876027119066, 0.5074489243952529]",2.82641777518412,-0.1933442878682101,"[3.14159265 3.14159265 3.14159265 3.14159265 3.14159265 0.86207424
 1.12341683 0.9468185  0.8559005  0.6654754 ]",3.141592653589793,0.8620742360644783,5,17,34,16.15140461921692,1,1065.0,0.0,0.0,535,regular,28,17,34,4.0,0.1471,0.3529,0.0,0.8666526684918786
known,static_conjecture,watts_536,25.310193936959948,"[2.9049314284982577, 3.1412156058421834, 3.1415913989132696, 1.4154765795986504, 2.2811096200598824, 1.478962375266817, 2.8310957087369513, 2.1863626298744743, 1.553148728581092, 1.33562222378808]",2.9049314284982577,1.478962375266817,"[1.78522594 1.78522594 1.78522594 1.78522594 1.78522594 0.86207424
 1.12341683 0.9468185  0.8559005  0.6654754 ]",1.7852259415015197,0.8620742360644783,5,19,38,12.019947528839111,1,801.0,0.0,0.0,536,watts,30,19,38,4.0,0.293,0.3158,0.0576,0.8436731312319983
known,static_conjecture,gnm_537,8.142157419810246,"[2.8419572245148337, 1.9538832889595128, 1.7734897716399853, 1.8123300020794348, 1.7286251690632397, 0.14694024177672416, 3.1412799568879954, 1.174384860639979, 3.132237504013945, 1.294112898590734]",2.8419572245148337,0.1469402417767241,"[1.82079633 1.82079633 1.82079633 1.82079633 1.82079633 0.86207424
 1.12341683 0.9468185  0.8559005  0.6654754 ]",1.8207963267948968,0.8620742360644783,5,7,11,3.108792304992676,1,881.0,0.0,0.0,537,gnm,9,7,11,3.1429,0.381,0.4286,0.0833,0.904684157756694
known,static_conjecture,barabasi_538,10.620101636886082,"[1.7929152491800848, 2.1660088138630234, 1.5909035233048119, 2.288002231433471, 0.12550997175375997, 1.2121757644049138, 2.743291683379951, 0.411293596745584, 1.6252353628558156, 1.5382293602449255]",1.7929152491800848,1.2121757644049138,"[1.56055227 1.56055227 1.56055227 1.56055227 1.56055227 0.86207424
 1.12341683 0.9468185  0.8559005  0.6654754 ]",1.5605522682445758,0.8620742360644783,5,13,12,12.52265763282776,1,1649.0,0.0,0.0,538,barabasi,12,13,12,1.8462,0.0,0.6923,-0.4118,0.8850084697405068
known,static_conjecture,regular_539,21.05354931135625,"[2.897675419890759, 2.1188051363289597, 2.329992192267815, 1.8022903057702608, 1.660420369330874, 0.1463863679891113, 2.9972767790358494, 2.9771135753901277, 2.295374743011047, 1.1302766809607836]",2.897675419890759,0.1463863679891113,"[1.97142857 1.97142857 1.97142857 1.97142857 1.97142857 0.86207424
 1.12341683 0.9468185  0.8559005  0.6654754 ]",1.971428571428571,0.8620742360644783,5,15,30,17.913436889648438,1,1004.0,0.0,0.0,539,regular,22,15,30,4.0,0.2333,0.3333,0.0,0.9569795141525568
known,static_conjecture,barabasi_540,31.585138514218,"[2.9795969511052007, 3.141592653589793, 2.409163650996478, 1.943617903110636, 1.6314954124445893, 1.2885183574478138, 2.2795337746743085, 1.5979682864984224, 3.137247236826374, 0.25158072394815817]",2.9795969511052007,1.2885183574478138,"[1.83719536 1.83719536 1.83719536 1.83719536 1.83719536 0.86207424
 1.12341683 0.9468185  0.8559005  0.6654754 ]",1.8371953608103184,0.8620742360644783,5,19,48,18.34456205368042,1,1010.0,0.0,0.0,540,barabasi,36,19,48,5.0526,0.2753,0.3684,-0.2128,0.8773649587282777
known,static_conjecture,barabasi_541,5.488860661891778,"[2.8435391703493673, 2.604256410064206, 2.491093647122305, 0.5881000153261796, 3.011624290872774, 0.6153085734023513, 2.203314850126109, 1.79822016600706, 2.5752151586933185, 0.40127476351185765]",2.8435391703493678,0.6153085734023513,"[2.34870595 2.34870595 2.34870595 2.34870595 2.34870595 0.86207424
 1.12341683 0.9468185  0.8559005  0.6654754 ]",2.34870594630933,0.8620742360644783,5,7,6,8.731650114059448,1,3174.0,0.0,0.0,541,barabasi,6,7,6,1.7143,0.0,0.4286,-0.3333,0.9148101103152962
known,static_conjecture,regular_542,11.647630363758251,"[2.869369053191684, 1.679416837225622, 2.7264525620820725, 2.795090488458072, 2.024611569097312, 1.0890481108743237, 2.6805839167495016, 2.0794415219308267, 1.789765437898918, 1.4802559585606194]",2.869369053191684,1.0890481108743235,"[1.56614833 1.56614833 1.56614833 1.56614833 1.56614833 0.86207424
 1.12341683 0.9468185  0.8559005  0.6654754 ]",1.5661483253588515,0.8620742360644783,5,7,14,16.600935697555542,1,1966.0,0.0,0.0,542,regular,12,7,14,4.0,0.4286,0.4286,0.0,0.970635863646521
known,static_conjecture,gnm_543,32.947641934687866,"[1.5975265548192752, 2.2595756023063336, 2.23391851982763, 3.141582451648248, 3.1415807357486334, 1.2220114553691743, 3.138979458653545, 2.393260290606434, 1.5999050025451087, 1.0477940513082742]",1.5975265548192752,1.2220114553691743,"[2.26617582 2.26617582 2.26617582 2.26617582 2.26617582 0.86207424
 1.12341683 0.9468185  0.8559005  0.6654754 ]",2.266175817630496,0.8620742360644783,5,18,55,13.365305423736572,1,641.0,0.0,0.0,543,gnm,41,18,55,6.1111,0.3185,0.2778,-0.0496,0.803601022797265
known,static_conjecture,watts_544,13.044300977338892,"[2.772780457084791, 2.4597812971511566, 2.419127732312764, 1.4494084871071333, 1.6344256002548314, 1.3489636272524157, 1.5668707125085446, 0.7068246016801861, 0.5548358966625995, 0.9104954809671808]",2.772780457084791,1.3489636272524157,"[1.72872217 1.72872217 1.72872217 1.72872217 1.72872217 0.86207424
 1.12341683 0.9468185  0.8559005  0.6654754 ]",1.7287221659919028,0.8620742360644783,5,10,20,8.496546745300293,1,974.0,0.0,0.0,544,watts,14,10,20,4.0,0.5133,0.3,-0.1538,0.9317357840956352
known,static_conjecture,watts_545,10.740447042613258,"[1.0724394089739069, 2.3288871223364493, 2.06786279279516, 1.8680227300503374, 1.3887227877490818, 1.6658224801600157, 1.0420281818021226, 1.1430227696251514, 1.2395040124004195, 0.33996980240245855]",1.0724394089739069,1.6658224801600157,"[1.54166667 1.54166667 1.54166667 1.54166667 1.54166667 0.86207424
 1.12341683 0.9468185  0.8559005  0.6654754 ]",1.541666666666667,0.8620742360644783,5,13,13,18.000117540359497,1,1754.0,0.0,0.0,545,watts,12,13,13,2.0,0.1667,0.4615,-0.3241,0.8950372535511049
known,static_conjecture,watts_546,10.791489685294437,"[1.4397999355684057, 3.0563353092262013, 1.328213998339665, 1.4463705960915771, 1.801174579735962, 1.1254538995642391, 2.6860063465470865, 1.2450389168209364, 1.6278661095371048, 0.6534518192795986]",1.4397999355684057,1.1254538995642391,"[1.53033274 1.53033274 1.53033274 1.53033274 1.53033274 0.86207424
 1.12341683 0.9468185  0.8559005  0.6654754 ]",1.5303327429149798,0.8620742360644783,5,8,16,10.222378730773926,1,908.0,0.0,0.0,546,watts,12,8,16,4.0,0.5583,0.375,-0.2222,0.8992908071078697
known,static_conjecture,regular_547,13.766331014524845,"[2.332168114540005, 1.26759270298342, 2.1281979612053896, 2.4326448850949403, 2.0165987840181647, -0.12781868253293574, 3.1414940029673772, 1.730063208312787, 2.0822052699951903, 1.3277215237117939]",2.332168114540005,-0.1278186825329357,"[2.09196429 2.09196429 2.09196429 2.09196429 2.09196429 0.86207424
 1.12341683 0.9468185  0.8559005  0.6654754 ]",2.091964285714286,0.8620742360644783,5,12,18,14.083701848983765,1,1123.0,0.0,0.0,547,regular,16,12,18,3.0,0.1667,0.3333,0.0,0.8603956884078028
known,static_conjecture,barabasi_548,6.876334450272999,"[1.8848714543074887, 2.0972210189154605, 2.827683444740205, 1.974389054010414, 3.118513077914268, 1.2509441417036187, 2.7044965638632004, 1.6854227328376745, 0.34704856164616804, 1.6933119475888232]",1.8848714543074887,1.250944141703619,"[2.33235845 2.33235845 2.33235845 2.33235845 2.33235845 0.86207424
 1.12341683 0.9468185  0.8559005  0.6654754 ]",2.332358447270728,0.8620742360644783,5,9,8,9.689667224884031,1,1338.0,0.0,0.0,548,barabasi,8,9,8,1.7778,0.0,0.4444,-0.4737,0.8595418062841249
known,static_conjecture,gnm_549,25.68258051703928,"[2.0806195015696405, 2.346849518065664, 2.1096113153835927, 2.4599410187301203, 2.069730485657389, 0.9389951257355698, 1.1811764173850197, 0.9524208357203946, 1.0437360117714758, 0.9040039126331858]",2.0806195015696405,0.9389951257355698,"[2.07640271 2.07640271 2.07640271 2.07640271 2.07640271 0.86207424
 1.12341683 0.9468185  0.8559005  0.6654754 ]",2.07640271091866,0.8620742360644783,5,14,51,13.55190896987915,1,667.0,0.0,0.0,549,gnm,35,14,51,7.2857,0.5372,0.2857,-0.0458,0.7337880147725508
known,static_conjecture,gnm_550,11.525455791443846,"[1.8666686591804014, 1.485071862189105, 3.1055881026125642, 1.695427670577935, 1.9037937802583866, 0.18139932963847863, 3.1277031418952888, 1.1134772570004272, 2.8730694984029634, 1.2954193064550865]",1.8666686591804011,0.1813993296384786,"[1.85651061 1.85651061 1.85651061 1.85651061 1.85651061 0.86207424
 1.12341683 0.9468185  0.8559005  0.6654754 ]",1.856510612509182,0.8620742360644783,5,8,17,10.96402883529663,1,987.0,0.0,0.0,550,gnm,13,8,17,4.25,0.5542,0.5,-0.3262,0.8865735224187574
known,static_conjecture,barabasi_551,6.181820095834468,"[2.8140029125265213, 2.3447573057290363, 1.9869698420312143, 2.108847749944831, 2.2921287576708442, 0.7290531042874252, 3.1376789127030635, 1.3636717675385586, 1.2809640631846362, 0.20742922778872144]",2.8140029125265213,0.7290531042874252,"[2.28139837 2.28139837 2.28139837 2.28139837 2.28139837 0.86207424
 1.12341683 0.9468185  0.8559005  0.6654754 ]",2.281398371365477,0.8620742360644783,5,8,7,4.6534600257873535,1,869.0,0.0,0.0,551,barabasi,7,8,7,1.75,0.0,0.5,-0.2353,0.8831171565477811
known,static_conjecture,barabasi_552,30.675917568705795,"[3.0003367820109887, 2.892146626223279, 3.141592653589793, 1.8067465702701044, 1.7257111332851451, 2.099181125188597, 2.9803396693801694, 1.9651586300060924, 1.5932099351082158, 1.3884958365598195]",3.0003367820109887,2.099181125188597,"[1.81359428 1.81359428 1.81359428 1.81359428 1.81359428 0.86207424
 1.12341683 0.9468185  0.8559005  0.6654754 ]",1.813594276094276,0.8620742360644783,5,18,45,23.444146633148197,1,1380.0,0.0,0.0,552,barabasi,37,18,45,5.0,0.2972,0.3889,-0.3361,0.8290788532082647
known,static_conjecture,watts_553,9.253788077082843,"[2.982012033093218, 2.7829486991978625, 0.9802017215475267, 2.9820633357826187, 1.8938085415771395, 0.4513569081623028, 1.8139808082805993, 1.633919265536537, 1.4753067071547346, 0.1544094494230055]",2.982012033093218,0.4513569081623028,"[1.48238815 1.48238815 1.48238815 1.48238815 1.48238815 0.86207424
 1.12341683 0.9468185  0.8559005  0.6654754 ]",1.482388147566719,0.8620742360644783,5,7,14,6.510820150375366,1,1252.0,0.0,0.0,553,watts,10,7,14,4.0,0.8095,0.4286,-0.4933,0.9253788077082843
known,static_conjecture,barabasi_554,11.93220260877259,"[0.2553771641234179, 0.3549084383313623, 2.2036981406175125, 2.746038685395056, 0.9457509276248457, 1.141235285173806, 2.841697164446642, 3.1415072991085493, 1.756925788022176, 1.7269239052149459]",0.2553771641234179,1.141235285173806,"[1.55       1.55       1.55       1.55       1.55       0.86207424
 1.12341683 0.9468185  0.8559005  0.6654754 ]",1.55,0.8620742360644783,5,15,14,21.26156234741211,1,1902.0,0.0,0.0,554,barabasi,14,15,14,1.8667,0.0,0.6,-0.5029,0.8523001863408993
known,static_conjecture,barabasi_555,9.813906979513227,"[1.882620790701206, 1.5808888145448703, 1.5903201884304738, 2.0269085028073435, 0.3538525833670815, 0.8141924099345115, 2.7497495822059013, 2.438419331452778, 1.3122949492646228, 1.372581427580388]",1.882620790701206,0.8141924099345115,"[1.56203704 1.56203704 1.56203704 1.56203704 1.56203704 0.86207424
 1.12341683 0.9468185  0.8559005  0.6654754 ]",1.5620370370370371,0.8620742360644783,5,12,11,6.884480714797974,1,704.0,0.0,0.0,555,barabasi,11,12,11,1.8333,0.0,0.5,-0.5867,0.8921733617739297
known,static_conjecture,barabasi_556,16.73990684855902,"[2.9451436807319875, 2.8353731871391226, 1.6167370133416878, 1.4251835778403108, 1.6651140017015855, 0.47070943555801725, 3.1270286706276464, 2.927635835154992, 1.8513460069749657, 0.1669360777870526]",2.9451436807319875,0.4707094355580172,"[1.6486856  1.6486856  1.6486856  1.6486856  1.6486856  0.86207424
 1.12341683 0.9468185  0.8559005  0.6654754 ]",1.6486856028961292,0.8620742360644783,5,14,24,24.069640398025516,1,1559.0,0.0,0.0,556,barabasi,19,14,24,3.4286,0.2905,0.2857,-0.2447,0.8810477288715274
known,static_conjecture,watts_557,13.725592442049017,"[2.900743888803209, 3.103887669636724, 0.4982668367967461, 3.055194953580646, 0.5365155275974594, 1.8333944185466458, 3.031177374855219, 2.584850286102919, 1.7886391949784854, 1.3671617967798877]",2.900743888803209,1.8333944185466455,"[1.72872217 1.72872217 1.72872217 1.72872217 1.72872217 0.86207424
 1.12341683 0.9468185  0.8559005  0.6654754 ]",1.7287221659919028,0.8620742360644783,5,10,20,22.52945041656494,1,1881.0,0.0,0.0,557,watts,15,10,20,4.0,0.44,0.3,-0.0256,0.9150394961366011
known,static_conjecture,regular_558,29.673576413167613,"[2.8517499084895688, 2.1677607727623536, 3.042964828917804, 2.06121350206179, 3.060754342533362, 0.11514542159949655, 1.9008304171041819, 2.311101788244934, 1.9950085814495078, 0.9111261937837319]",2.8517499084895688,0.1151454215994965,"[3.14159265 3.14159265 3.14159265 3.14159265 3.14159265 0.86207424
 1.12341683 0.9468185  0.8559005  0.6654754 ]",3.141592653589793,0.8620742360644783,5,20,40,26.392826795578003,1,1440.0,0.0,0.0,558,regular,32,20,40,4.0,0.175,0.35,0.0,0.9272992629114879
known,static_conjecture,barabasi_559,5.4794678599027975,"[2.8514283566955276, 1.2060637030886605, 2.6910223736583663, 1.489634584854405, 2.1561276018915114, 0.2674721985823444, 3.112594299537843, 2.8947695308769585, 1.675245989159708, 1.375879532099062]",2.851428356695528,0.2674721985823444,"[2.17599942 2.17599942 2.17599942 2.17599942 2.17599942 0.86207424
 1.12341683 0.9468185  0.8559005  0.6654754 ]",2.1759994235088223,0.8620742360644783,5,7,6,4.598374605178833,1,1903.0,0.0,0.0,559,barabasi,6,7,6,1.7143,0.0,0.7143,-0.7143,0.913244643317133
known,static_conjecture,regular_560,7.997082337755273,"[2.7822348293745485, 2.1817342780183235, 1.6109698760884044, 1.8717211234248545, 1.620225328138849, 0.8586149587438803, 1.5901963763517941, 0.4836266676046935, 2.056600727237327, 0.628314052159022]",2.7822348293745485,0.8586149587438803,"[1.70442584 1.70442584 1.70442584 1.70442584 1.70442584 0.86207424
 1.12341683 0.9468185  0.8559005  0.6654754 ]",1.704425837320574,0.8620742360644783,5,6,12,10.863352060317991,1,1777.0,0.0,0.0,560,regular,8,6,12,4.0,0.6667,0.3333,0.0,0.9996352922194092
known,static_conjecture,watts_561,12.935212446655337,"[2.7084083738845326, 1.7364677157386306, 2.260737600623851, 1.5762167340152906, 3.1414041477066137, 1.2172400081628982, 2.277516284209481, 0.9517223478465104, 1.4088851523338741, 0.7542873969599865]",2.7084083738845326,1.2172400081628982,"[1.57079633 1.57079633 1.57079633 1.57079633 1.57079633 0.86207424
 1.12341683 0.9468185  0.8559005  0.6654754 ]",1.5707963267948966,0.8620742360644783,5,16,16,20.407835721969604,1,1679.0,0.0,0.0,561,watts,15,16,16,2.0,0.1354,0.5,-0.1808,0.8623474964436891
known,static_conjecture,barabasi_562,26.47999864868409,"[3.000496195097031, 2.7988782508825327, 1.636273563880434, 1.9416646044681314, 1.5701574551519346, 0.4356576470356633, 2.6578777466963865, 2.3505143085494185, 2.3763756712631547, 0.7658049388628049]",3.000496195097031,0.4356576470356633,"[1.74564591 1.74564591 1.74564591 1.74564591 1.74564591 0.86207424
 1.12341683 0.9468185  0.8559005  0.6654754 ]",1.7456459122474746,0.8620742360644783,5,16,39,21.41283488273621,1,1300.0,0.0,0.0,562,barabasi,31,16,39,4.875,0.3328,0.3125,-0.1648,0.854193504796261
known,static_conjecture,gnm_563,31.487114740666332,"[0.7421610519805866, 2.6012838894659183, 2.7326624529297394, 3.084706544157126, 1.9370182604688462, 1.5639143186720321, 2.9488528236819755, 3.138387023257285, 1.8531574358185794, 1.6025479670818525]",0.7421610519805866,1.563914318672032,"[2.31875807 2.31875807 2.31875807 2.31875807 2.31875807 0.86207424
 1.12341683 0.9468185  0.8559005  0.6654754 ]",2.318758070049566,0.8620742360644783,5,20,48,20.1972393989563,1,1070.0,0.0,0.0,563,gnm,37,20,48,4.8,0.2165,0.4,-0.1357,0.85100310109909
known,static_conjecture,barabasi_564,8.093643987482132,"[2.93775377539254, 2.027839879534615, 2.005829091953271, 2.8116968748598987, 1.9170289024120069, 0.2572138117303805, 2.958379681001922, 1.210372448770806, 1.6171886860945315, 0.37917471612296216]",2.93775377539254,0.2572138117303805,"[2.1846071  2.1846071  2.1846071  2.1846071  2.1846071  0.86207424
 1.12341683 0.9468185  0.8559005  0.6654754 ]",2.184607103422893,0.8620742360644783,5,10,9,3.772805213928223,1,1186.0,0.0,0.0,564,barabasi,9,10,9,1.8,0.0,0.7,-0.5952,0.8992937763869036
known,static_conjecture,watts_565,5.686547874032385,"[1.593364523906454, 2.776388014419692, 2.0780920571880643, 2.631563640939567, 1.6080528111418175, 0.6339508368437428, 2.2847746509999958, 1.572447280790699, 1.9291106079319025, 0.910907387338054]",1.593364523906454,0.6339508368437428,"[1.46995192 1.46995192 1.46995192 1.46995192 1.46995192 0.86207424
 1.12341683 0.9468185  0.8559005  0.6654754 ]",1.4699519230769231,0.8620742360644783,5,8,8,1.7254068851470947,1,579.0,0.0,0.0,565,watts,7,8,8,2.0,0.2083,0.5,-0.1429,0.8123639820046265
known,static_conjecture,watts_566,9.038898490249268,"[2.9892671710811527, 2.996325790013785, 3.1298008907142596, 2.2173893052317415, 1.6319905711008782, 1.7351819543278073, 1.4862553318169345, 1.7487043559522624, 1.502728420648706, 1.3508710766363767]",2.9892671710811527,1.7351819543278073,"[1.48238815 1.48238815 1.48238815 1.48238815 1.48238815 0.86207424
 1.12341683 0.9468185  0.8559005  0.6654754 ]",1.482388147566719,0.8620742360644783,5,7,14,7.256068706512451,1,1093.0,0.0,0.0,566,watts,10,7,14,4.0,0.6048,0.4286,-0.2651,0.9038898490249269
known,static_conjecture,gnm_567,78.01747060097728,"[2.1786365041826583, 3.1397833637667434, 2.7581691321876445, 2.8092747994909737, 2.6285818734990594, 1.5918338524716047, 3.1247896782450595, 3.065524307844525, 2.758346854847975, 1.545453486648447]",2.1786365041826583,1.5918338524716047,"[2.71869845 2.71869845 2.71869845 2.71869845 2.71869845 0.86207424
 1.12341683 0.9468185  0.8559005  0.6654754 ]",2.7186984544264425,0.8620742360644783,5,18,149,29.737386226654053,1,600.0,0.0,0.0,567,gnm,81,18,149,16.5556,0.9736,0.1111,-0.1098,0.9631786493947812
known,static_conjecture,barabasi_568,29.63286625969774,"[2.954022210307306, 3.141587694457974, 1.718357999204395, 1.887926360264478, 2.621493576601254, 1.9221855899332514, 1.3746364193157459, 1.6690745971767544, 1.3399320771981151, 0.15646156593047722]",2.954022210307306,1.9221855899332516,"[1.79816218 1.79816218 1.79816218 1.79816218 1.79816218 0.86207424
 1.12341683 0.9468185  0.8559005  0.6654754 ]",1.7981621773288434,0.8620742360644783,5,18,45,19.0015242099762,1,1269.0,0.0,0.0,568,barabasi,35,18,45,5.0,0.3319,0.2778,-0.1333,0.8466533217056497
known,static_conjecture,regular_569,9.624866480608034,"[3.1351789562618455, 1.9097551613365646, 2.8586077659348037, 3.0129220660938776, 1.7699648693531387, 0.6795689543180872, 1.9587253936954006, 0.5539915427231499, 2.578633171865188, 0.7606631152372243]",3.135178956261845,0.6795689543180872,"[1.56614833 1.56614833 1.56614833 1.56614833 1.56614833 0.86207424
 1.12341683 0.9468185  0.8559005  0.6654754 ]",1.5661483253588515,0.8620742360644783,5,7,14,4.886895179748535,1,1243.0,0.0,0.0,569,regular,10,7,14,4.0,0.5,0.2857,0.0,0.9624866480608034
known,static_conjecture,barabasi_570,17.13433508706953,"[2.973975607839567, 2.7576055705732614, 1.6566028414028986, 2.229576749545669, 1.5580202833771013, 0.48515277935758927, 2.671197435025168, 2.3696208481489673, 2.360670525680888, 0.7914345394917663]",2.973975607839567,0.4851527793575892,"[1.65126539 1.65126539 1.65126539 1.65126539 1.65126539 0.86207424
 1.12341683 0.9468185  0.8559005  0.6654754 ]",1.651265392181458,0.8620742360644783,5,14,24,10.13571834564209,1,798.0,0.0,0.0,570,barabasi,19,14,24,3.4286,0.3912,0.3571,-0.356,0.9018071098457647
known,static_conjecture,gnm_571,86.40782098004402,"[2.6086635206778244, 2.68898415103813, 3.141436435512788, 2.665134175432788, 2.631652510917036, 0.00025178316290482716, 3.0772291189116947, 1.6347028764912777, 2.8319868539776714, 1.6179222586881776]",2.6086635206778244,0.0002517831629048,"[2.71394204 2.71394204 2.71394204 2.71394204 2.71394204 0.86207424
 1.12341683 0.9468185  0.8559005  0.6654754 ]",2.7139420391983355,0.8620742360644783,5,19,166,32.50152277946472,1,626.0,0.0,0.0,571,gnm,90,19,166,17.4737,0.9708,0.1053,-0.1156,0.9600868997782669
known,static_conjecture,regular_572,17.487433332514858,"[2.00373675795682, 2.9575467818059202, 3.141592653589793, 3.1414448329844715, 3.141592653589793, 1.2286247842453943, 2.134423774049796, 1.0984457105760863, 1.704900164918473, 0.4885378789491036]",2.00373675795682,1.2286247842453943,"[3.14159265 3.14159265 3.14159265 3.14159265 3.14159265 0.86207424
 1.12341683 0.9468185  0.8559005  0.6654754 ]",3.141592653589793,0.8620742360644783,5,16,24,6.543411016464233,1,801.0,0.0,0.0,572,regular,20,16,24,3.0,0.1875,0.375,0.0,0.8743716666257428
known,static_conjecture,regular_573,14.46625128554806,"[1.8939039259457384, 2.5910380457516684, 2.731001722332782, 1.809056298486565, 1.871020357461632, 1.6672215911181667, 2.6636455050884313, 1.8041411076664902, 2.1750561549623995, 0.38293260993703065]",1.8939039259457384,1.6672215911181667,"[2.09196429 2.09196429 2.09196429 2.09196429 2.09196429 0.86207424
 1.12341683 0.9468185  0.8559005  0.6654754 ]",2.091964285714286,0.8620742360644783,5,12,18,28.74872064590454,1,2373.0,0.0,0.0,573,regular,16,12,18,3.0,0.0833,0.4167,0.0,0.9041407053467537
known,static_conjecture,gnm_574,18.514686226172437,"[3.027616673652405, 2.9180470310929487, 2.8869886212022466, 2.8267676346736783, 2.7257275390390276, 0.4644915707227668, 1.9057995297474957, 1.8259638713139217, 1.7910814113919444, 0.1442398928782942]",3.027616673652405,0.4644915707227668,"[2.0601272  2.0601272  2.0601272  2.0601272  2.0601272  0.86207424
 1.12341683 0.9468185  0.8559005  0.6654754 ]",2.0601271998521806,0.8620742360644783,5,11,27,24.549309730529785,1,1548.0,0.0,0.0,574,gnm,20,11,27,4.9091,0.5359,0.3636,-0.3556,0.9257343113086218
known,static_conjecture,watts_575,5.695073525555017,"[1.5048562887303205, 0.306463379421358, 1.0716885260583022, 2.5940740765251222, 0.8227367368098925, 1.7720011552896484, 3.141467934166303, 2.226499318251057, 1.837743011127435, 1.367670212244636]",1.5048562887303203,1.7720011552896484,"[1.4696821  1.4696821  1.4696821  1.4696821  1.4696821  0.86207424
 1.12341683 0.9468185  0.8559005  0.6654754 ]",1.469682103610675,0.8620742360644783,5,7,7,9.65335774421692,1,1886.0,0.0,0.0,575,watts,6,7,7,2.0,0.1429,0.5714,-0.0606,0.9491789209258362
known,static_conjecture,gnm_576,32.21059853749193,"[2.348848089289061, 2.3628973538617064, 2.3970842884885597, 2.503905285706686, 2.3766920680551245, 0.9320407464599225, 2.477949097687246, 0.7350309415337362, 2.239022750149868, 0.940306071861407]",2.348848089289061,0.9320407464599224,"[2.39631563 2.39631563 2.39631563 2.39631563 2.39631563 0.86207424
 1.12341683 0.9468185  0.8559005  0.6654754 ]",2.3963156252958497,0.8620742360644783,5,12,62,19.38034558296204,1,843.0,0.0,0.0,576,gnm,36,12,62,10.3333,0.9405,0.1667,-0.1923,0.8947388482636648
known,static_conjecture,gnm_577,12.957713807682646,"[1.3064498656202894, 1.715337142749924, 1.949908863401062, 1.5747658543520913, 1.5778418353854309, 1.1009306986723637, 0.9327679086701477, 1.1164816360712213, 1.1146089544138742, 0.7811359078202342]",1.3064498656202894,1.1009306986723637,"[1.47736761 1.47736761 1.47736761 1.47736761 1.47736761 0.86207424
 1.12341683 0.9468185  0.8559005  0.6654754 ]",1.477367608836907,0.8620742360644783,5,15,17,6.649374008178711,1,754.0,0.0,0.0,577,gnm,16,15,17,2.2667,0.0556,0.4667,-0.1818,0.8098571129801654
known,static_conjecture,watts_578,17.96213436554488,"[2.1033605251655123, 3.1231719560177873, 1.3221685569960093, 3.0529315356677538, 2.600277600202111, 1.165622733245038, 1.9854960887760467, 2.0186182748589387, 2.369676817985189, 1.7328616055000672]",2.1033605251655123,1.165622733245038,"[1.54166667 1.54166667 1.54166667 1.54166667 1.54166667 0.86207424
 1.12341683 0.9468185  0.8559005  0.6654754 ]",1.541666666666667,0.8620742360644783,5,13,26,20.04941415786743,1,1648.0,0.0,0.0,578,watts,20,13,26,4.0,0.2718,0.3077,0.2518,0.898106718277244
known,static_conjecture,watts_579,7.405084273430567,"[1.8526630871811713, 2.359751302298611, 1.8862240631613232, 2.560836847689983, 1.2792737301003432, 1.2342058730529808, 2.889915791438743, 1.976798574371473, 1.828011464312539, -0.17613542856800862]",1.8526630871811716,1.2342058730529808,"[1.47857312 1.47857312 1.47857312 1.47857312 1.47857312 0.86207424
 1.12341683 0.9468185  0.8559005  0.6654754 ]",1.4785731244064575,0.8620742360644783,5,9,9,10.341508388519289,1,2457.0,0.0,0.0,579,watts,8,9,9,2.0,0.2593,0.4444,-0.0588,0.9256355341788208
known,static_conjecture,barabasi_580,17.181606723487977,"[2.976149778113151, 2.7646706009711024, 1.6453439853688234, 1.918247647059852, 1.5792750316310114, 0.4559169058338112, 2.644259822839051, 0.7994758695830002, 2.3683870074242774, 0.8418701348650898]",2.976149778113151,0.4559169058338112,"[1.64896558 1.64896558 1.64896558 1.64896558 1.64896558 0.86207424
 1.12341683 0.9468185  0.8559005  0.6654754 ]",1.6489655788320818,0.8620742360644783,5,14,24,9.071629285812378,1,763.0,0.0,0.0,580,barabasi,20,14,24,3.4286,0.4027,0.5,-0.5338,0.8590803361743988
known,static_conjecture,watts_581,19.002764993998102,"[1.8295650272343589, 2.9299367871666475, 1.3091941955493458, 2.7688229860156515, 2.226216998926809, 1.4349486445972852, 1.7420759876473464, 2.012660302830838, 1.8176866209835776, 1.5532537793801486]",1.8295650272343589,1.4349486445972852,"[1.54166667 1.54166667 1.54166667 1.54166667 1.54166667 0.86207424
 1.12341683 0.9468185  0.8559005  0.6654754 ]",1.541666666666667,0.8620742360644783,5,14,28,17.565983533859253,1,1562.0,0.0,0.0,581,watts,22,14,28,4.0,0.3619,0.3571,-0.2844,0.8637620451817319
known,static_conjecture,regular_582,21.88743936209397,"[1.371115798538869, 1.0443768551493176, 1.6897101150869118, 2.471106772699838, 3.141592653589793, 0.9719997263516942, 2.643396747512172, 2.26247727491553, 2.2224125375797117, 0.7285742997930935]",1.371115798538869,0.9719997263516942,"[3.14159265 3.14159265 3.14159265 3.14159265 3.14159265 0.86207424
 1.12341683 0.9468185  0.8559005  0.6654754 ]",3.141592653589793,0.8620742360644783,5,18,27,10.823487281799316,1,1047.0,0.0,0.0,582,regular,23,18,27,3.0,0.0556,0.3889,0.0,0.9516277983519118
known,static_conjecture,watts_583,25.678680609613536,"[2.977271853796636, 2.7241770086286667, 1.6626133977666098, 1.5119685513461933, 1.5654773190638644, 0.5142653670231849, 2.703810132659979, 2.2579376735732004, 2.319595000308341, 0.8936364109413164]",2.977271853796636,0.5142653670231849,"[1.72736198 1.72736198 1.72736198 1.72736198 1.72736198 0.86207424
 1.12341683 0.9468185  0.8559005  0.6654754 ]",1.7273619833605531,0.8620742360644783,5,18,36,11.287439107894896,1,791.0,0.0,0.0,583,watts,30,18,36,4.0,0.1944,0.3333,0.2,0.8559560203204513
known,static_conjecture,barabasi_584,5.34332529274468,"[2.809908475406002, 1.3528538210462548, 2.5027667242619955, 1.866723257307945, 1.9237708669840912, 1.740066828401814, 3.1414825483847215, 2.805256273514781, 1.6650582485446008, 1.3611796585648799]",2.809908475406002,1.740066828401814,"[2.23017809 2.23017809 2.23017809 2.23017809 2.23017809 0.86207424
 1.12341683 0.9468185  0.8559005  0.6654754 ]",2.230178092584108,0.8620742360644783,5,7,6,2.0813913345336914,1,970.0,0.0,0.0,584,barabasi,6,7,6,1.7143,0.0,0.5714,-0.4483,0.8905542154574467
known,static_conjecture,barabasi_585,13.599084267239942,"[1.4889597896645204, 2.90590222610132, 1.6502326521888735, 2.7185732108045375, 1.8927199155297405, 1.2648591630804136, 1.7200788285447066, 2.0147316260309656, 1.7982951551439605, 1.4962315601424898]",1.4889597896645204,1.2648591630804136,"[1.58616513 1.58616513 1.58616513 1.58616513 1.58616513 0.86207424
 1.12341683 0.9468185  0.8559005  0.6654754 ]",1.5861651317447056,0.8620742360644783,5,12,20,7.410285472869873,1,780.0,0.0,0.0,585,barabasi,15,12,20,3.3333,0.521,0.3333,-0.1461,0.9066056178159961
known,static_conjecture,barabasi_586,14.960376124700185,"[2.8692674556119897, 2.714949748167222, 1.3999182861914743, 2.2619727547858415, 2.23428773646338, 0.5626763611053721, 1.8434465862378513, 1.483055800714288, 1.436285577229021, 0.15808127023967472]",2.8692674556119897,0.5626763611053721,"[1.93069117 1.93069117 1.93069117 1.93069117 1.93069117 0.86207424
 1.12341683 0.9468185  0.8559005  0.6654754 ]",1.9306911709689487,0.8620742360644783,5,18,17,6.550693511962891,1,974.0,0.0,0.0,586,barabasi,17,18,17,1.8889,0.0,0.6111,-0.4937,0.8800221249823638
known,static_conjecture,watts_587,6.3572514214974944,"[1.9362219050277027, 1.6132773765217736, 2.901292250133242, 0.7307026245124806, 1.8560518691893106, 1.4758910743771736, 0.5393260605807803, 0.4473437214397721, 1.2678310302682503, 1.4843794877974015]",1.9362219050277027,1.4758910743771736,"[1.4696821  1.4696821  1.4696821  1.4696821  1.4696821  0.86207424
 1.12341683 0.9468185  0.8559005  0.6654754 ]",1.469682103610675,0.8620742360644783,5,7,7,8.673486948013306,1,2619.0,0.0,0.0,587,watts,7,7,7,2.0,0.0,0.5714,-0.0769,0.908178774499642
known,static_conjecture,watts_588,7.999986775427714,"[2.746623959505332, 2.5044309467528114, 2.5039221154352855, 2.408705734197664, 2.4672412507552006, 0.6718645881587372, 2.147359853600779, 0.9062265649982861, 1.7764468013265042, 1.0299607248552982]",2.746623959505332,0.6718645881587372,"[1.46995192 1.46995192 1.46995192 1.46995192 1.46995192 0.86207424
 1.12341683 0.9468185  0.8559005  0.6654754 ]",1.4699519230769231,0.8620742360644783,5,8,8,2.763369083404541,1,447.0,0.0,0.0,588,watts,8,8,8,2.0,0.0,0.5,0.0,0.9999983469284642
known,static_conjecture,gnm_589,62.12457128678621,"[2.9804010533237557, 2.573816682273258, 2.9330784015553313, 2.481149966341943, 2.418782970052888, 0.9646620320141734, 2.335498853733607, 1.5588366401762468, 1.5733224047250505, 0.7893742747561396]",2.980401053323756,0.9646620320141734,"[2.44342171 2.44342171 2.44342171 2.44342171 2.44342171 0.86207424
 1.12341683 0.9468185  0.8559005  0.6654754 ]",2.443421705171295,0.8620742360644783,5,18,121,20.847766876220703,1,565.0,0.0,0.0,589,gnm,75,18,121,13.4444,0.7807,0.1667,-0.1388,0.8283276171571494
known,static_conjecture,gnm_590,69.80897230416218,"[1.6638171557063497, 3.139627839027107, 2.818688030921543, 2.0076632619858414, 3.108270951230004, 0.7670937559032854, 3.134675900639925, 3.1324598674051396, 2.630985191252255, 0.26861888111547766]",1.6638171557063497,0.7670937559032854,"[2.42834228 2.42834228 2.42834228 2.42834228 2.42834228 0.86207424
 1.12341683 0.9468185  0.8559005  0.6654754 ]",2.428342276747592,0.8620742360644783,5,19,127,39.06131196022034,1,836.0,0.0,0.0,590,gnm,76,19,127,13.3684,0.767,0.1579,-0.1136,0.9185391092652919
known,static_conjecture,gnm_591,58.87311898984685,"[2.2935045461592667, 3.138777181789138, 3.140283520347711, 3.1326599325706326, 2.2773297011724716, 0.6718821024924357, 2.431692050146096, 1.5807624493864252, 1.5999381037117506, 1.1382958877070497]",2.2935045461592667,0.6718821024924357,"[2.51520184 2.51520184 2.51520184 2.51520184 2.51520184 0.86207424
 1.12341683 0.9468185  0.8559005  0.6654754 ]",2.515201842022507,0.8620742360644783,5,17,114,26.12242293357849,1,716.0,0.0,0.0,591,gnm,68,17,114,13.4118,0.8398,0.1176,-0.0938,0.8657811616153949
known,static_conjecture,barabasi_592,16.215855281908922,"[1.5971449411023473, 2.814940101977782, 1.7058397062799624, 2.818722518339293, 2.0422441874947634, 1.9576884408001145, 3.1411924829056432, 2.00351918094541, 1.8248584996149504, -0.05520600395256939]",1.5971449411023473,1.9576884408001145,"[1.54557823 1.54557823 1.54557823 1.54557823 1.54557823 0.86207424
 1.12341683 0.9468185  0.8559005  0.6654754 ]",1.545578231292517,0.8620742360644783,5,14,24,18.526983976364136,1,1284.0,0.0,0.0,592,barabasi,18,14,24,3.4286,0.6186,0.4286,-0.4983,0.9008808489949401
known,static_conjecture,watts_593,7.866659278053703,"[1.2956139568661138, 2.637301903580183, 2.0416103387799995, 1.8275338891564932, 1.7144921381675098, 1.1136340153457829, 1.5472834648067, 1.9434214466725446, 1.118973619783494, -0.1620452927041649]",1.2956139568661138,1.1136340153457829,"[1.63924033 1.63924033 1.63924033 1.63924033 1.63924033 0.86207424
 1.12341683 0.9468185  0.8559005  0.6654754 ]",1.6392403283850654,0.8620742360644783,5,6,12,9.271177530288696,1,1434.0,0.0,0.0,593,watts,8,6,12,4.0,0.9,0.3333,-0.4545,0.9833324097567129
known,static_conjecture,barabasi_594,5.475235132822832,"[2.8935170318895382, 2.1834057717145203, 1.7993930719796125, 3.060508476071824, 1.6778947661608736, 1.9129256561210872, 3.089656567135212, 2.2561557296335426, 2.200027568333593, 0.3234872883846904]",2.8935170318895382,1.9129256561210872,"[2.17599942 2.17599942 2.17599942 2.17599942 2.17599942 0.86207424
 1.12341683 0.9468185  0.8559005  0.6654754 ]",2.1759994235088223,0.8620742360644783,5,7,6,4.984667778015137,1,1020.0,0.0,0.0,594,barabasi,6,7,6,1.7143,0.0,0.7143,-0.7143,0.9125391888038054
known,static_conjecture,gnm_595,74.49792285367285,"[2.364207476909188, 2.2888059599804746, 2.4256742474623345, 2.7551030860424786, 2.611549814641795, 0.7830879682628982, 1.5723557512061346, 0.7894032661713349, 1.5914967327172111, 0.4008268900793405]",2.364207476909188,0.7830879682628982,"[2.47114783 2.47114783 2.47114783 2.47114783 2.47114783 0.86207424
 1.12341683 0.9468185  0.8559005  0.6654754 ]",2.471147827644778,0.8620742360644783,5,20,144,47.42622184753418,1,831.0,0.0,0.0,595,gnm,88,20,144,14.4,0.761,0.2,-0.0553,0.8465673051553733
known,static_conjecture,gnm_596,14.690026220061554,"[2.9046133846911646, 2.0591090756245847, 1.8785108616661446, 2.7213304525480293, 2.443259304777205, 0.9841761314642232, 1.476971969156535, 0.7547485203523733, 1.1500237838447027, 0.784598688388776]",2.9046133846911646,0.9841761314642232,"[1.96365347 1.96365347 1.96365347 1.96365347 1.96365347 0.86207424
 1.12341683 0.9468185  0.8559005  0.6654754 ]",1.9636534696520396,0.8620742360644783,5,9,28,14.001184463500977,1,1378.0,0.0,0.0,596,gnm,19,9,28,6.2222,0.7513,0.2222,-0.2037,0.7731592747400818
known,static_conjecture,gnm_597,34.123614215253895,"[2.2858963816792146, 2.611393995580233, 2.655612752587418, 2.260512548750457, 2.373074247003851, 0.5371799275731026, 2.1789253828407364, 2.1843716925782823, 2.3741287254476404, 0.6713634905271477]",2.2858963816792146,0.5371799275731026,"[2.1997586  2.1997586  2.1997586  2.1997586  2.1997586  0.86207424
 1.12341683 0.9468185  0.8559005  0.6654754 ]",2.199758601520082,0.8620742360644783,5,15,68,15.120303392410278,1,614.0,0.0,0.0,597,gnm,43,15,68,9.0667,0.6615,0.2667,-0.2089,0.7935724236105557
known,static_conjecture,barabasi_598,4.65176614056783,"[2.188396892115895, 3.1409664886858613, 2.758422018349451, 2.1390494492871093, 1.5647535385228233, 1.557719330748834, 1.614286222950121, 1.2003410534738825, 1.184359556436984, 0.41090073965379975]",2.188396892115895,1.557719330748834,"[2.18690907 2.18690907 2.18690907 2.18690907 2.18690907 0.86207424
 1.12341683 0.9468185  0.8559005  0.6654754 ]",2.1869090704617022,0.8620742360644783,5,6,5,3.119623899459839,1,823.0,0.0,0.0,598,barabasi,5,6,5,1.6667,0.0,0.6667,-0.7391,0.9303532281135659
known,static_conjecture,barabasi_599,21.81470778922151,"[1.4849237460938733, 3.1328756172020045, 0.03570228097879165, 3.115144840939501, 1.941352931093957, 1.4166759300579908, 2.68993436597586, 2.253399516556108, 1.762649325611008, 1.231911408626018]",1.4849237460938731,1.4166759300579908,"[1.56364266 1.56364266 1.56364266 1.56364266 1.56364266 0.86207424
 1.12341683 0.9468185  0.8559005  0.6654754 ]",1.5636426592797783,0.8620742360644783,5,19,34,8.004512548446655,1,661.0,0.0,0.0,599,barabasi,27,19,34,3.5789,0.3336,0.4737,-0.2896,0.8079521403415375
known,static_conjecture,regular_600,7.993387238813739,"[2.8964524638811717, 1.672054900774846, 1.7861497250485083, 1.971281692874764, 1.8338364973513344, 0.9048344967343313, 2.264235379032514, 1.9539025836049082, 1.7652532030361252, 0.5972973562349727]",2.896452463881172,0.9048344967343313,"[1.70442584 1.70442584 1.70442584 1.70442584 1.70442584 0.86207424
 1.12341683 0.9468185  0.8559005  0.6654754 ]",1.704425837320574,0.8620742360644783,5,6,12,3.540571928024292,1,1110.0,0.0,0.0,600,regular,8,6,12,4.0,0.6667,0.3333,0.0,0.9991734048517174
known,static_conjecture,watts_601,20.716435422051244,"[1.794533640858161, 3.1307604684414634, 1.1531523149080276, 2.7781558075339916, 2.118204014467897, 0.8374776080030624, 2.1901399338266296, 2.0310894513985027, 1.8113994955330988, 1.507114225889518]",1.794533640858161,0.8374776080030624,"[1.54166667 1.54166667 1.54166667 1.54166667 1.54166667 0.86207424
 1.12341683 0.9468185  0.8559005  0.6654754 ]",1.541666666666667,0.8620742360644783,5,15,30,27.728918075561523,1,1586.0,0.0,0.0,601,watts,24,15,30,4.0,0.2689,0.3333,-0.1111,0.8631848092521351
known,static_conjecture,gnm_602,45.942901631338415,"[1.987761658173561, 2.0272323693805827, 2.413218304835066, 3.141559525752076, 3.1411267438804877, 0.7989750072902917, 3.028022162872671, 2.741860452111805, 2.1955055828724657, 1.1979433367475965]",1.987761658173561,0.7989750072902917,"[2.35556424 2.35556424 2.35556424 2.35556424 2.35556424 0.86207424
 1.12341683 0.9468185  0.8559005  0.6654754 ]",2.3555642441661067,0.8620742360644783,5,15,91,25.26753854751587,1,698.0,0.0,0.0,602,gnm,55,15,91,12.1333,0.8522,0.1333,-0.118,0.835325484206153
known,static_conjecture,barabasi_603,12.894111637697348,"[1.7433272546344099, 1.2262134458649174, 2.3020830513274984, 1.7672141351722863, 1.5665613941228544, 1.159124801382415, 1.8135844689175122, 1.5221364006259261, 1.2384653049674443, 0.37870312831986475]",1.74332725463441,1.159124801382415,"[1.55555556 1.55555556 1.55555556 1.55555556 1.55555556 0.86207424
 1.12341683 0.9468185  0.8559005  0.6654754 ]",1.5555555555555556,0.8620742360644783,5,15,14,10.583533763885498,1,1051.0,0.0,0.0,603,barabasi,14,15,14,1.8667,0.0,0.5333,-0.3792,0.9210079741212391
known,static_conjecture,regular_604,22.85904077141804,"[2.983001523987644, 2.5189836406576243, 1.8066628926954267, 1.7912970226491456, 1.778388785961268, 0.5408713078336025, 1.5668770212952754, 1.3976736878053748, 2.2219619615764286, 1.2130292160921283]",2.983001523987644,0.5408713078336025,"[1.97142857 1.97142857 1.97142857 1.97142857 1.97142857 0.86207424
 1.12341683 0.9468185  0.8559005  0.6654754 ]",1.971428571428571,0.8620742360644783,5,15,30,28.0366325378418,1,1493.0,0.0,0.0,604,regular,26,15,30,4.0,0.0333,0.4,0.0,0.8791938758237708
known,static_conjecture,watts_605,16.869276134224826,"[1.7036140892599714, 1.1448598116335567, 1.334046540932389, 1.984459899657736, 2.363219751120429, -0.33663062530344956, 2.433023095430606, 1.628172650529701, 1.232776105665656, 0.28717366888944135]",1.7036140892599714,-0.3366306253034495,"[1.57079633 1.57079633 1.57079633 1.57079633 1.57079633 0.86207424
 1.12341683 0.9468185  0.8559005  0.6654754 ]",1.5707963267948966,0.8620742360644783,5,20,20,14.954947233200071,1,1667.0,0.0,0.0,605,watts,20,20,20,2.0,0.0,0.55,-0.2613,0.8434638067112413
known,static_conjecture,barabasi_606,22.60008758845422,"[2.2610387306455824, 2.648377773479034, 1.1767035762336386, 2.8271113064243987, 2.07007351072838, 1.519136651613711, 1.4677579426059681, 1.9901427671606728, 1.8125051376708883, -0.10091184136540012]",2.2610387306455824,1.519136651613711,"[1.5890873  1.5890873  1.5890873  1.5890873  1.5890873  0.86207424
 1.12341683 0.9468185  0.8559005  0.6654754 ]",1.5890873015873015,0.8620742360644783,5,18,32,17.32221508026123,1,1540.0,0.0,0.0,606,barabasi,26,18,32,3.5556,0.339,0.5,-0.5105,0.86923413801747
known,static_conjecture,barabasi_607,21.919976250972105,"[0.17029322345268116, 3.065245563847979, 0.40702680821748993, 3.068961167834752, 1.114749202275954, 1.1606542605730492, 3.081118827159923, 0.5392199687577985, 2.275613109051158, 1.644772388545778]",0.1702932234526811,1.1606542605730492,"[1.56342753 1.56342753 1.56342753 1.56342753 1.56342753 0.86207424
 1.12341683 0.9468185  0.8559005  0.6654754 ]",1.5634275278738947,0.8620742360644783,5,17,30,22.933579683303837,1,1911.0,0.0,0.0,607,barabasi,26,17,30,3.5294,0.2451,0.4706,-0.2935,0.8430760096527733
known,static_conjecture,watts_608,11.642664051864926,"[1.4324235085251642, 3.075860716464974, 3.1415666593044116, 2.109363787397931, 3.056353653321372, 1.4745055760063557, 2.3552716973924976, 2.2826308401411426, 2.008883438822286, 0.8181145964113548]",1.4324235085251642,1.4745055760063557,"[1.63924033 1.63924033 1.63924033 1.63924033 1.63924033 0.86207424
 1.12341683 0.9468185  0.8559005  0.6654754 ]",1.6392403283850654,0.8620742360644783,5,9,18,25.373752117156982,1,1517.0,0.0,0.0,608,watts,13,9,18,4.0,0.5889,0.3333,-0.3043,0.8955895424511482
known,static_conjecture,barabasi_609,5.748450631121841,"[3.1415027198777423, 2.218438790507685, 3.1415053576566487, 2.227441028207286, 2.369128239452616, 1.856050038072361, 3.1358121076541408, 1.8468542261915364, 1.7281988214735633, 1.135824681465722]",3.1415027198777423,1.856050038072361,"[2.20232017 2.20232017 2.20232017 2.20232017 2.20232017 0.86207424
 1.12341683 0.9468185  0.8559005  0.6654754 ]",2.202320171604711,0.8620742360644783,5,8,7,5.656538724899292,1,550.0,0.0,0.0,609,barabasi,7,8,7,1.75,0.0,0.625,-0.4848,0.8212072330174058
known,static_conjecture,watts_610,5.790377956664599,"[1.3261111367549936, 2.0245070846489073, 0.8506651612540596, 2.9423332803462943, 2.1323366734469094, 0.15905618815926675, 2.528530701160336, 1.8972309523456872, 1.0771781614877285, 0.15253906406538803]",1.3261111367549936,0.1590561881592667,"[1.48238815 1.48238815 1.48238815 1.48238815 1.48238815 0.86207424
 1.12341683 0.9468185  0.8559005  0.6654754 ]",1.482388147566719,0.8620742360644783,5,7,7,16.192282676696777,1,1621.0,0.0,0.0,610,watts,6,7,7,2.0,0.0,0.4286,-0.0769,0.9650629927774332
known,static_conjecture,gnm_611,15.258809096818553,"[1.9508022496482897, 2.5084076898637813, 1.5876375669678722, 2.7392715451099567, 2.133491394841942, 1.5123640037343111, 1.5411079910235195, 2.08076480236262, 1.8713441606724186, 1.5617702795620212]",1.9508022496482895,1.5123640037343111,"[1.47615542 1.47615542 1.47615542 1.47615542 1.47615542 0.86207424
 1.12341683 0.9468185  0.8559005  0.6654754 ]",1.476155418307674,0.8620742360644783,5,14,20,33.21148133277893,1,1437.0,0.0,0.0,611,gnm,19,14,20,2.8571,0.0476,0.4286,-0.2314,0.8030952156220291
known,static_conjecture,gnm_612,34.50901658286906,"[1.5715854966654645, 1.8607562276930019, 3.021882888260331, 2.726588776483265, 1.9896821257667534, 2.258500146745348, 3.141592417862872, 1.4021489626492538, 1.8495678068432662, 1.5823533641811434]",1.5715854966654643,2.258500146745348,"[2.259822   2.259822   2.259822   2.259822   2.259822   0.86207424
 1.12341683 0.9468185  0.8559005  0.6654754 ]",2.25982200442808,0.8620742360644783,5,18,55,37.35054159164429,1,804.0,0.0,0.0,612,gnm,41,18,55,6.1111,0.3383,0.2778,-0.0977,0.8416833312894892
known,static_conjecture,barabasi_613,8.70073858253761,"[0.29361438682620566, 1.5746760253643557, 1.9229648280648555, 3.124952035734018, 0.7138558652353361, 1.1082210774509713, 3.1342404768109198, 2.5702432535345734, 1.8709768169264094, 1.3727053765710295]",0.2936143868262056,1.108221077450971,"[1.55165289 1.55165289 1.55165289 1.55165289 1.55165289 0.86207424
 1.12341683 0.9468185  0.8559005  0.6654754 ]",1.5516528925619837,0.8620742360644783,5,11,10,7.433891773223877,1,775.0,0.0,0.0,613,barabasi,10,11,10,1.8182,0.0,0.6364,-0.7722,0.870073858253761
known,static_conjecture,gnm_614,37.38430275033302,"[2.993417488389343, 2.9877797247062094, 2.4223783348492427, 2.381514578745475, 2.3455578499158785, 0.8169167117786457, 2.7691155711015942, 2.164678433833087, 1.5813988191277588, 0.5863143684241727]",2.993417488389343,0.8169167117786457,"[2.38598222 2.38598222 2.38598222 2.38598222 2.38598222 0.86207424
 1.12341683 0.9468185  0.8559005  0.6654754 ]",2.385982219942534,0.8620742360644783,5,13,70,53.31241035461426,1,976.0,0.0,0.0,614,gnm,41,13,70,10.7692,0.9122,0.1538,-0.2111,0.9118122622032444
known,static_conjecture,gnm_615,50.61711786430509,"[2.3525592273633844, 2.0573728625228385, 2.4844057567543345, 2.5280078422115455, 3.132830654290726, 0.7700310964736461, 2.3616352292885185, 1.183152512541966, 2.3875343705882677, 0.7170170243104512]",2.3525592273633844,0.7700310964736461,"[2.42012931 2.42012931 2.42012931 2.42012931 2.42012931 0.86207424
 1.12341683 0.9468185  0.8559005  0.6654754 ]",2.420129307537464,0.8620742360644783,5,17,100,67.80566573143005,1,595.0,0.0,0.0,615,gnm,62,17,100,11.7647,0.7593,0.1765,-0.1391,0.8164051268436304
known,static_conjecture,regular_616,9.658061194082478,"[1.8437718131369651, 1.3938253877780742, 1.1300096572329985, 2.64188676763235, 1.424631269381294, 1.2516221275644965, 2.4589296459566046, 1.2337407448399915, 1.4727581155364378, 0.07820549709946306]",1.8437718131369647,1.2516221275644963,"[1.55020243 1.55020243 1.55020243 1.55020243 1.55020243 0.86207424
 1.12341683 0.9468185  0.8559005  0.6654754 ]",1.5502024291497978,0.8620742360644783,5,8,12,28.20463395118713,1,1970.0,0.0,0.0,616,regular,10,8,12,3.0,0.0,0.375,0.0,0.9658061194082478
known,static_conjecture,regular_617,11.693933053715991,"[2.636124071620287, 0.7667506253934674, 1.2542449769190824, 2.085145586588888, 3.132827563381401, 1.0412952808911942, 1.9032391379404445, 0.7898006875554144, 0.817233540060863, 1.2788221020559618]",2.636124071620287,1.0412952808911942,"[1.53632918 1.53632918 1.53632918 1.53632918 1.53632918 0.86207424
 1.12341683 0.9468185  0.8559005  0.6654754 ]",1.5363291750727188,0.8620742360644783,5,13,13,22.8328640460968,1,1702.0,0.0,0.0,617,regular,12,13,13,2.0,0.0,0.4615,0.0,0.9744944211429992
known,static_conjecture,gnm_618,13.514224632231898,"[2.968007286691777, 2.8168241713906323, 2.725010571220296, 2.157770881647517, 1.9544188774591547, 2.042664319264265, 1.8115229499127645, 1.6851273404424787, 1.574451356527057, 1.493489681264172]",2.968007286691777,2.042664319264265,"[2.1422249  2.1422249  2.1422249  2.1422249  2.1422249  0.86207424
 1.12341683 0.9468185  0.8559005  0.6654754 ]",2.142224898223468,0.8620742360644783,5,10,20,29.389958381652832,1,1565.0,0.0,0.0,618,gnm,14,10,20,4.0,0.54,0.4,-0.2893,0.9653017594451355
known,static_conjecture,watts_619,9.268098168904544,"[2.820051238239369, 1.68610977177572, 1.740401601884987, 1.541392079488147, 0.10985251623484618, 1.1236799735215561, 2.3076070339677104, 2.3365596154798216, 1.3628098638260933, 1.024322479772509]",2.820051238239369,1.123679973521556,"[1.48238815 1.48238815 1.48238815 1.48238815 1.48238815 0.86207424
 1.12341683 0.9468185  0.8559005  0.6654754 ]",1.482388147566719,0.8620742360644783,5,7,14,22.9963014125824,1,1596.0,0.0,0.0,619,watts,11,7,14,4.0,0.5286,0.4286,-0.1966,0.8425543789913221
known,static_conjecture,barabasi_620,5.46264541585424,"[2.2582171640381588, 2.405661326804189, 2.28116720859206, 2.7019872163871366, 2.3205014548029164, -0.12184033799827695, 2.3690017824435747, 1.197418486106269, 1.4464035611681423, 0.22250706924688157]",2.2582171640381588,-0.1218403379982769,"[2.17599942 2.17599942 2.17599942 2.17599942 2.17599942 0.86207424
 1.12341683 0.9468185  0.8559005  0.6654754 ]",2.1759994235088223,0.8620742360644783,5,7,6,13.444149732589722,1,1496.0,0.0,0.0,620,barabasi,6,7,6,1.7143,0.0,0.7143,-0.776,0.9104409026423733
known,static_conjecture,gnm_621,56.758983193234464,"[2.5680938877163024, 2.8835772957370254, 2.7970195471453323, 2.5021008832078886, 2.599080083943746, 0.682996516232009, 1.7385268174471964, 1.9915279915657953, 1.5524242106003463, 0.7855409713597564]",2.5680938877163024,0.682996516232009,"[2.52543075 2.52543075 2.52543075 2.52543075 2.52543075 0.86207424
 1.12341683 0.9468185  0.8559005  0.6654754 ]",2.525430746832403,0.8620742360644783,5,17,113,70.3680329322815,1,599.0,0.0,0.0,621,gnm,67,17,113,13.2941,0.8476,0.1765,-0.0955,0.8471490028840964
known,static_conjecture,barabasi_622,14.00358014088972,"[2.967066745665676, 2.819590462119126, 3.1321452565791716, 3.141592653589793, 2.7758023403637067, 2.052580205141968, 0.06596013488114844, 2.767781579120397, 2.1853568976285667, 0.18457934044230107]",2.967066745665676,2.052580205141968,"[1.53703704 1.53703704 1.53703704 1.53703704 1.53703704 0.86207424
 1.12341683 0.9468185  0.8559005  0.6654754 ]",1.5370370370370372,0.8620742360644783,5,12,20,31.03012752532959,1,1375.0,0.0,0.0,622,barabasi,16,12,20,3.3333,0.6845,0.4167,-0.3761,0.8752237588056075
known,static_conjecture,barabasi_623,7.6226478141744,"[2.918242105022218, 2.8522367611648427, 2.972096910791763, 2.8788842117186695, 2.44765458177772, 1.9891676012153936, 1.7404316028227256, 1.7600312582820017, 1.833052446606404, 0.17756009485788626]",2.918242105022218,1.9891676012153936,"[2.20255013 2.20255013 2.20255013 2.20255013 2.20255013 0.86207424
 1.12341683 0.9468185  0.8559005  0.6654754 ]",2.2025501301817094,0.8620742360644783,5,9,8,14.865385055541992,1,1263.0,0.0,0.0,623,barabasi,8,9,8,1.7778,0.0,0.7778,-0.8195,0.9528309767718
known,static_conjecture,gnm_624,8.413756185580496,"[1.85840989161959, 1.6170306795642047, 1.5709965979961251, 1.4586275273288192, 2.5976593177342115, 0.6206998952763293, 2.042729102262739, 0.9463503330440999, 2.319309222831583, 0.22256072512289604]",1.85840989161959,0.6206998952763293,"[1.85651061 1.85651061 1.85651061 1.85651061 1.85651061 0.86207424
 1.12341683 0.9468185  0.8559005  0.6654754 ]",1.856510612509182,0.8620742360644783,5,8,11,30.318893671035767,1,2293.0,0.0,0.0,624,gnm,10,8,11,2.75,0.2,0.5,-0.5439,0.8413756185580497
known,static_conjecture,barabasi_625,8.989099198846148,"[0.28606932902368176, 1.7275004020219433, 1.8111066855818883, 2.884671894367975, 0.7566547017903977, 1.0400209397008406, 3.126540955654849, 2.776657504551578, 1.7038434574248087, 1.3560715900702371]",0.2860693290236817,1.0400209397008406,"[1.55371901 1.55371901 1.55371901 1.55371901 1.55371901 0.86207424
 1.12341683 0.9468185  0.8559005  0.6654754 ]",1.5537190082644627,0.8620742360644783,5,11,10,12.593636274337769,1,983.0,0.0,0.0,625,barabasi,10,11,10,1.8182,0.0,0.5455,-0.7816,0.8989099198846148
known,static_conjecture,regular_626,12.80652470004361,"[1.4050384329322028, 1.242904935705924, 1.3444188589971828, 0.23121022768332394, 1.4480516302568827, 0.5346904397924075, 2.05808275953848, 2.0978115745610806, 1.9206658467610522, 0.8321376368888234]",1.4050384329322028,0.5346904397924075,"[1.1        1.1        1.1        1.1        1.1        0.86207424
 1.12341683 0.9468185  0.8559005  0.6654754 ]",1.1,0.8620742360644783,5,9,18,34.7623724937439,1,2052.0,0.0,0.0,626,regular,14,9,18,4.0,0.3889,0.3333,0.0,0.9147517642888293
known,static_conjecture,gnm_627,12.6363389173775,"[1.6055093734531327, 1.8179451656865697, 3.0575221969593893, 2.5789797209419874, 2.264871112730292, 1.3064521541252627, 2.0888920536352624, 0.7548253396761337, 1.7595962836206465, -0.00868938821718784]",1.6055093734531327,1.3064521541252627,"[2.1422249  2.1422249  2.1422249  2.1422249  2.1422249  0.86207424
 1.12341683 0.9468185  0.8559005  0.6654754 ]",2.142224898223468,0.8620742360644783,5,10,18,23.206158876419067,1,1192.0,0.0,0.0,627,gnm,15,10,18,3.6,0.33,0.4,-0.2026,0.8424225944918333
known,static_conjecture,gnm_628,8.796704643171324,"[2.950940598329119, 3.1414227422955925, 2.676735936417793, 1.434031055921182, 1.8226517298080125, 0.5437670998194337, 3.0843327373957194, 1.1009647108615996, 1.6475316732343357, 0.8330929123120778]",2.950940598329119,0.5437670998194337,"[1.82079633 1.82079633 1.82079633 1.82079633 1.82079633 0.86207424
 1.12341683 0.9468185  0.8559005  0.6654754 ]",1.8207963267948968,0.8620742360644783,5,7,12,21.09459948539734,1,1460.0,0.0,0.0,628,gnm,10,7,12,3.4286,0.4381,0.4286,-0.3448,0.8796704643171325
known,static_conjecture,regular_629,12.119331837789606,"[-0.2025467574995396, 2.8962506484481203, 1.9847356162650587, 1.467363997801729, 0.7543269397063171, 2.277856985669538, 1.8449801350106156, 0.9309565316276608, 2.1681023871637013, 1.3699322507751865]",-0.2025467574995396,2.277856985669538,"[1.35020243 1.35020243 1.35020243 1.35020243 1.35020243 0.86207424
 1.12341683 0.9468185  0.8559005  0.6654754 ]",1.3502024291497978,0.8620742360644783,5,10,15,28.01697301864624,1,1457.0,0.0,0.0,629,regular,13,10,15,3.0,0.2,0.4,0.0,0.9322562952145851
known,static_conjecture,watts_630,11.960223602637996,"[1.7934967631892116, 2.4377704768252446, 1.678568717750265, 1.6254246422710668, 1.6260604744542713, 1.4516881568906967, 1.6178292911051986, 1.204152795333926, 1.4674419331822177, 0.7252066327169974]",1.7934967631892116,1.4516881568906967,"[1.63924033 1.63924033 1.63924033 1.63924033 1.63924033 0.86207424
 1.12341683 0.9468185  0.8559005  0.6654754 ]",1.6392403283850654,0.8620742360644783,5,9,18,21.14362406730652,1,997.0,0.0,0.0,630,watts,13,9,18,4.0,0.4185,0.3333,-0.1284,0.9200172002029228
known,static_conjecture,watts_631,17.455408651160027,"[1.5840674741679366, 1.7927652877333995, 1.565216294568938, 2.7361038319814224, 1.4473052191018771, 0.18993418754285155, 2.9343907072611595, 1.5876633838218148, 1.625609758151573, 0.2579786040888499]",1.5840674741679366,0.1899341875428515,"[1.54166667 1.54166667 1.54166667 1.54166667 1.54166667 0.86207424
 1.12341683 0.9468185  0.8559005  0.6654754 ]",1.541666666666667,0.8620742360644783,5,13,26,19.73994016647339,1,654.0,0.0,0.0,631,watts,21,13,26,4.0,0.2846,0.3077,-0.3094,0.8312099357695251
known,static_conjecture,barabasi_632,34.10848706735347,"[2.9896253921196, 3.141590671548731, 3.1415608246336353, 2.870817571050484, 1.1895676556238723, 1.2183662710418286, 2.948549483374137, 1.0054222813239302, 1.865370062876997, 1.4951890052232792]",2.9896253921196,1.2183662710418286,"[1.85904672 1.85904672 1.85904672 1.85904672 1.85904672 0.86207424
 1.12341683 0.9468185  0.8559005  0.6654754 ]",1.859046717171716,0.8620742360644783,5,20,51,45.60206174850464,1,879.0,0.0,0.0,632,barabasi,42,20,51,5.1,0.2343,0.35,-0.2869,0.8121068349369874
known,static_conjecture,regular_633,27.50660846842853,"[3.1415713189547736, 2.9716692126786906, 2.7034489238989647, 3.141592653589793, 1.676558526306035, 1.2637235475200224, 2.128703728753705, 1.5590447387575352, 2.741964753166149, 0.7397924262834996]",3.1415713189547736,1.2637235475200224,"[3.14159265 3.14159265 3.14159265 3.14159265 3.14159265 0.86207424
 1.12341683 0.9468185  0.8559005  0.6654754 ]",3.141592653589793,0.8620742360644783,5,19,38,39.6986026763916,1,998.0,0.0,0.0,633,regular,32,19,38,4.0,0.1842,0.3684,0.0,0.8595815146383916
known,static_conjecture,barabasi_634,20.173187446319965,"[1.680154141237277, 2.817036652802786, 0.5564291872154566, 3.1068037837685383, 1.5342344029452426, 1.3302038562215184, 1.758149242699445, 1.144712564141941, 0.6434205194396221, 1.1680440223484907]",1.680154141237277,1.3302038562215184,"[1.55842945 1.55842945 1.55842945 1.55842945 1.55842945 0.86207424
 1.12341683 0.9468185  0.8559005  0.6654754 ]",1.5584294502114573,0.8620742360644783,5,17,30,24.77848219871521,1,748.0,0.0,0.0,634,barabasi,25,17,30,3.5294,0.298,0.4118,-0.2958,0.8069274978527986
known,static_conjecture,watts_635,5.802764666534358,"[0.3143455454666896, 2.5061157252539497, 1.805929571783336, 3.141047397401429, 0.7749981167124824, 1.4358348441095656, 1.9738242660332859, -0.09770006262121737, 1.7509944528832428, 0.2279895818484356]",0.3143455454666896,1.4358348441095656,"[1.4696821  1.4696821  1.4696821  1.4696821  1.4696821  0.86207424
 1.12341683 0.9468185  0.8559005  0.6654754 ]",1.469682103610675,0.8620742360644783,5,7,7,15.633690118789673,1,1549.0,0.0,0.0,635,watts,6,7,7,2.0,0.0,0.5714,-0.4583,0.9671274444223931
known,static_conjecture,barabasi_636,10.908454223784087,"[1.943803283462243, 1.5948653772511308, 1.9660854026992314, 1.825527226687061, -0.0932398155939545, 1.2808377113857436, 2.7345138597523047, 1.938585610066702, 2.0182767356928166, 0.8515447745493943]",1.943803283462243,1.2808377113857436,"[1.56055227 1.56055227 1.56055227 1.56055227 1.56055227 0.86207424
 1.12341683 0.9468185  0.8559005  0.6654754 ]",1.5605522682445758,0.8620742360644783,5,13,12,16.328059911727905,1,1019.0,0.0,0.0,636,barabasi,12,13,12,1.8462,0.0,0.6923,-0.6256,0.9090378519820073
known,static_conjecture,regular_637,15.353416635386637,"[1.970809601567002, 1.4114934694757189, 2.0431546226686153, 3.099977571020425, 3.0973497879206104, 1.2140205708718639, 2.3730177430269648, 2.1852059866683713, 1.4038423689040067, 1.2567843007136597]",1.970809601567002,1.214020570871864,"[2.09196429 2.09196429 2.09196429 2.09196429 2.09196429 0.86207424
 1.12341683 0.9468185  0.8559005  0.6654754 ]",2.091964285714286,0.8620742360644783,5,14,21,22.05329728126526,1,1053.0,0.0,0.0,637,regular,17,14,21,3.0,0.4286,0.3571,0.0,0.9031421550227433
known,static_conjecture,gnm_638,17.662036692336187,"[1.952340573486934, 2.859112812665656, 2.078007302942652, 3.0454382636064823, 2.9576337690632295, 1.5204715239875592, 1.9695799585092904, 1.3087836422477883, 1.9386750815977203, 1.2052870616855627]",1.952340573486934,1.5204715239875592,"[1.96365347 1.96365347 1.96365347 1.96365347 1.96365347 0.86207424
 1.12341683 0.9468185  0.8559005  0.6654754 ]",1.9636534696520396,0.8620742360644783,5,9,30,33.689751625061035,1,1300.0,0.0,0.0,638,gnm,20,9,30,6.6667,0.7926,0.2222,-0.2698,0.8831018346168094
known,static_conjecture,regular_639,25.8815921619007,"[3.0485517795741144, 1.9825906548297842, 3.0791460409761378, 1.660606825202694, 2.9865691306838613, 0.22844966999469332, 3.139527631626496, 1.0029356630905344, 1.1905034902879774, 0.5526626553922599]",3.0485517795741144,0.2284496699946933,"[3.14159265 3.14159265 3.14159265 3.14159265 3.14159265 0.86207424
 1.12341683 0.9468185  0.8559005  0.6654754 ]",3.141592653589793,0.8620742360644783,5,18,36,51.77040648460388,1,1718.0,0.0,0.0,639,regular,28,18,36,4.0,0.1111,0.3333,0.0,0.9243425772107392
known,static_conjecture,gnm_640,78.65119655274539,"[2.4874715407518426, 2.7616916095652604, 2.5983909058089436, 2.9769519052470974, 2.44918858459862, 0.027015140975797762, 3.130840528952759, 3.028230097541721, 2.5681296836323257, 1.6699363003756817]",2.487471540751842,0.0270151409757977,"[2.59980373 2.59980373 2.59980373 2.59980373 2.59980373 0.86207424
 1.12341683 0.9468185  0.8559005  0.6654754 ]",2.599803725268731,0.8620742360644783,5,19,154,83.00402212142944,1,629.0,0.0,0.0,640,gnm,88,19,154,16.2105,0.9001,0.1053,-0.0899,0.8937635971902885
known,static_conjecture,gnm_641,11.878942112723053,"[2.3062381716031184, 3.139328226440694, 2.1493988003938815, 2.4044627715226623, 3.045623554796841, 3.1053675386154715, 0.5760345316529283, 1.9240213434731626, 2.057839776445349, 0.5724251816403895]",2.3062381716031184,3.1053675386154715,"[2.1422249  2.1422249  2.1422249  2.1422249  2.1422249  0.86207424
 1.12341683 0.9468185  0.8559005  0.6654754 ]",2.142224898223468,0.8620742360644783,5,10,23,23.98538899421692,1,1263.0,0.0,0.0,641,gnm,17,10,23,4.6,0.5026,0.3,-0.1852,0.6987613007484148
known,static_conjecture,regular_642,11.012419576785575,"[0.21671960899705364, 1.4277190299729887, 3.1415412687342252, 1.275761340553775, 1.1268995879773818, 0.9906261479968634, 2.462222394593079, 2.0252474354586165, 0.027951476221000953, -0.21232374902694673]",0.2167196089970536,0.9906261479968634,"[1.35020243 1.35020243 1.35020243 1.35020243 1.35020243 0.86207424
 1.12341683 0.9468185  0.8559005  0.6654754 ]",1.3502024291497978,0.8620742360644783,5,10,15,23.570590257644653,1,1569.0,0.0,0.0,642,regular,12,10,15,3.0,0.3,0.4,0.0,0.9177016313987979
known,static_conjecture,barabasi_643,23.15034342599654,"[0.8686716678086431, 3.135037526086316, 0.6393348225967441, 3.14117948353527, 1.909653334118432, 1.647838565168418, 3.1343133325352435, 3.0021538671981887, 1.9064384151283993, 1.1990197025186293]",0.8686716678086431,1.647838565168418,"[1.5890873  1.5890873  1.5890873  1.5890873  1.5890873  0.86207424
 1.12341683 0.9468185  0.8559005  0.6654754 ]",1.5890873015873015,0.8620742360644783,5,20,36,30.232094526290894,1,867.0,0.0,0.0,643,barabasi,31,20,36,3.6,0.4038,0.5,-0.4105,0.7467852718063399
known,static_conjecture,watts_644,11.594928198734817,"[1.5644385649074701, 1.8489312643127631, 1.5969424102335392, 2.1157142918702236, -0.11529390371202455, 0.5514013227453887, 2.613878057989275, 1.551036363439818, 2.0047072795131298, 0.8394178536656296]",1.56443856490747,0.5514013227453887,"[1.54166667 1.54166667 1.54166667 1.54166667 1.54166667 0.86207424
 1.12341683 0.9468185  0.8559005  0.6654754 ]",1.541666666666667,0.8620742360644783,5,14,14,12.22632646560669,1,840.0,0.0,0.0,644,watts,13,14,14,2.0,0.0,0.6429,-0.5556,0.8919175537488321
known,static_conjecture,watts_645,6.613630462712479,"[-0.3234523764558913, 1.4589988054787244, 2.1800427508367703, 2.8249855302674334, 0.8180111632424517, 0.9851850088429841, 2.926693565395351, 1.6904687621261947, 2.427292051125729, 1.3716670576474235]",-0.3234523764558913,0.985185008842984,"[1.46995192 1.46995192 1.46995192 1.46995192 1.46995192 0.86207424
 1.12341683 0.9468185  0.8559005  0.6654754 ]",1.4699519230769231,0.8620742360644783,5,8,8,17.309734106063843,1,1677.0,0.0,0.0,645,watts,7,8,8,2.0,0.125,0.5,-0.0256,0.9448043518160684
known,static_conjecture,gnm_646,29.960215050558787,"[2.3302824132453557, 2.3066810357071477, 2.4145678784485223, 2.5465039323854315, 2.8338662520195026, 0.8109094264277557, 3.1104283152643197, 2.351390071601031, 1.8979772697790194, 1.0761021033847769]",2.330282413245356,0.8109094264277557,"[2.36130807 2.36130807 2.36130807 2.36130807 2.36130807 0.86207424
 1.12341683 0.9468185  0.8559005  0.6654754 ]",2.361308067631244,0.8620742360644783,5,12,56,47.49324631690979,1,1028.0,0.0,0.0,646,gnm,34,12,56,9.3333,0.8624,0.1667,-0.2058,0.8811827956046702
known,static_conjecture,watts_647,12.027526126519438,"[3.140733645491789, 1.870109203019512, 1.741271251024981, 1.7090054212510317, 2.861025901648951, 0.5441110350840581, 2.6438169445651862, 1.161227654754267, 1.6965014032364256, 0.34018637513330574]",3.140733645491789,0.5441110350840581,"[1.57079633 1.57079633 1.57079633 1.57079633 1.57079633 0.86207424
 1.12341683 0.9468185  0.8559005  0.6654754 ]",1.5707963267948966,0.8620742360644783,5,16,16,23.73759436607361,1,1096.0,0.0,0.0,647,watts,16,16,16,2.0,0.0,0.5625,-0.1034,0.7517203829074649
known,static_conjecture,regular_648,23.51837938540169,"[2.8553865878248725, 1.7093663755859687, 3.120347027872892, 2.836002412387365, 1.6778012151835369, 1.1487619631540364, 1.258345483175369, 1.257873349132308, 2.0957064865752346, 1.190984179761972]",2.8553865878248725,1.1487619631540364,"[3.14159265 3.14159265 3.14159265 3.14159265 3.14159265 0.86207424
 1.12341683 0.9468185  0.8559005  0.6654754 ]",3.141592653589793,0.8620742360644783,5,16,32,38.92699575424194,1,1456.0,0.0,0.0,648,regular,26,16,32,4.0,0.1562,0.3125,0.0,0.9045530532846804
known,static_conjecture,regular_649,6.749831527600691,"[2.748868445670004, 3.141584771698573, 3.1415474563779853, 3.141582263667603, 3.141592015333722, 1.473473194733891, 2.985178152854349, 2.3992265280756944, 1.7904836279617466, 1.1699131331074004]",2.748868445670004,1.473473194733891,"[1.29838057 1.29838057 1.29838057 1.29838057 1.29838057 0.86207424
 1.12341683 0.9468185  0.8559005  0.6654754 ]",1.2983805668016195,0.8620742360644783,5,9,9,8.486951351165771,1,733.0,0.0,0.0,649,regular,8,9,9,2.0,0.0,0.4444,0.0,0.8437289409500863
known,static_conjecture,watts_650,17.54774066229619,"[2.356863052646549, 1.2946670811680185, 2.6753439383198896, 2.9386122066936227, 0.3258724869706616, 0.06482311443141552, 1.867687981560878, 1.9761225707989787, 1.192975040241683, 0.7386556306742592]",2.356863052646549,0.0648231144314155,"[1.57079633 1.57079633 1.57079633 1.57079633 1.57079633 0.86207424
 1.12341683 0.9468185  0.8559005  0.6654754 ]",1.5707963267948966,0.8620742360644783,5,20,20,21.26051998138428,1,1417.0,0.0,0.0,650,watts,20,20,20,2.0,0.0,0.5,-0.0256,0.8773870331148095
known,static_conjecture,watts_651,10.314204605723187,"[2.7608404228663375, 0.6630177887815452, 1.8183137705437813, 1.7984867551024846, 2.553738439905181, 0.14906500271233858, 2.5864562896482317, 1.5328320199932373, 1.3604211697159885, 0.21815139546317325]",2.760840422866337,0.1490650027123385,"[1.54166667 1.54166667 1.54166667 1.54166667 1.54166667 0.86207424
 1.12341683 0.9468185  0.8559005  0.6654754 ]",1.541666666666667,0.8620742360644783,5,12,12,22.66156268119812,1,1845.0,0.0,0.0,651,watts,12,12,12,2.0,0.0,0.5,-0.3448,0.8595170504769323
known,static_conjecture,watts_652,13.52211324135137,"[1.7698971770269707, 1.7747277390154097, 1.499370800203438, 0.8691873851293896, 3.141567529139051, 1.2740570202459953, 2.8450399272341187, 1.8661577093288955, 1.2958428769936998, 2.081231517755824]",1.7698971770269707,1.274057020245995,"[1.57079633 1.57079633 1.57079633 1.57079633 1.57079633 0.86207424
 1.12341683 0.9468185  0.8559005  0.6654754 ]",1.5707963267948966,0.8620742360644783,5,17,17,41.10327410697937,1,1811.0,0.0,0.0,652,watts,16,17,17,2.0,0.0,0.5294,-0.4749,0.8451320775844606
known,static_conjecture,watts_653,7.411203630693546,"[1.5559598839354967, 1.7524337606331093, 0.907768875045911, 2.783152553942157, 2.2366354860666338, 0.6292539460945413, 2.585601849956287, 0.04980187052241097, 2.89186342188259, 0.1835257347947402]",1.555959883935497,0.6292539460945413,"[1.47857312 1.47857312 1.47857312 1.47857312 1.47857312 0.86207424
 1.12341683 0.9468185  0.8559005  0.6654754 ]",1.4785731244064575,0.8620742360644783,5,9,9,13.298776388168337,1,1070.0,0.0,0.0,653,watts,9,9,9,2.0,0.0,0.4444,-0.4063,0.8234670700770607
known,static_conjecture,regular_654,25.435508792736435,"[2.8220022881151534, 1.808815240399824, 3.0716610715447477, 2.768774623743556, 2.7942275399303425, 1.3476061215962927, 1.91724770814763, 2.2114610011919256, 0.4880511035390569, 0.25767048100164647]",2.8220022881151534,1.347606121596293,"[3.14159265 3.14159265 3.14159265 3.14159265 3.14159265 0.86207424
 1.12341683 0.9468185  0.8559005  0.6654754 ]",3.141592653589793,0.8620742360644783,5,16,32,43.20505714416504,1,1264.0,0.0,0.0,654,regular,28,16,32,4.0,0.125,0.4375,0.0,0.9084110283120156
known,static_conjecture,barabasi_655,6.297765631184404,"[2.8692203055100807, 2.5612732965293104, 2.8686825001758054, 0.27131637325255287, 2.9931871317739573, 2.1718736065114395, 2.0874282094133347, 2.1692002870221474, 1.9176387040939544, 0.6674281241629603]",2.8692203055100807,2.1718736065114395,"[2.28139837 2.28139837 2.28139837 2.28139837 2.28139837 0.86207424
 1.12341683 0.9468185  0.8559005  0.6654754 ]",2.281398371365477,0.8620742360644783,5,8,7,30.131329774856567,1,2807.0,0.0,0.0,655,barabasi,7,8,7,1.75,0.0,0.5,0.0,0.8996808044549149
known,static_conjecture,gnm_656,36.544815379454526,"[2.9179139257364843, 2.6059567750760397, 2.29716309850195, 2.2122731173226082, 2.3668225566499164, 1.114442077511461, 1.570333830941539, 1.5515618548605916, 1.570323055854809, 0.8054540093888207]",2.9179139257364843,1.114442077511461,"[2.24751413 2.24751413 2.24751413 2.24751413 2.24751413 0.86207424
 1.12341683 0.9468185  0.8559005  0.6654754 ]",2.247514129006866,0.8620742360644783,5,17,60,64.21166777610779,1,1047.0,0.0,0.0,656,gnm,42,17,60,7.0588,0.4531,0.3529,-0.2283,0.8701146518917744
known,static_conjecture,gnm_657,7.911217874925754,"[2.5734295572121426, 0.7708124743163856, 1.8800285825066538, 1.935725112043365, 2.216843111223361, 1.5809396716751138, 2.624321644128033, 1.8632804221581303, 1.368101759833082, 0.19826294980377224]",2.5734295572121426,1.5809396716751138,"[1.85651061 1.85651061 1.85651061 1.85651061 1.85651061 0.86207424
 1.12341683 0.9468185  0.8559005  0.6654754 ]",1.856510612509182,0.8620742360644783,5,8,11,20.82415580749512,1,1645.0,0.0,0.0,657,gnm,9,8,11,2.75,0.4333,0.375,-0.2865,0.8790242083250838
known,static_conjecture,barabasi_658,9.193747117705303,"[1.582005982598056, 1.8781885762081372, 2.2230589320695353, 1.508214657394401, 1.7131482269970486, -0.5275717710709131, 1.2122992637271817, 0.9994363382175011, 1.37004735148744, 0.7358269874829861]",1.582005982598056,-0.5275717710709131,"[1.55555556 1.55555556 1.55555556 1.55555556 1.55555556 0.86207424
 1.12341683 0.9468185  0.8559005  0.6654754 ]",1.5555555555555556,0.8620742360644783,5,12,11,16.617674589157104,1,1147.0,0.0,0.0,658,barabasi,11,12,11,1.8333,0.0,0.6667,-0.4194,0.835795192518664
known,static_conjecture,watts_659,24.59913998956829,"[1.6177575877799648, 1.871244804313911, 2.2673291019522535, 0.7456566985233539, 1.587703436181983, -0.13735992809827519, 1.9334037108197464, 1.5812234615447989, 0.8326397667898358, 1.5724490135367615]",1.6177575877799648,-0.1373599280982751,"[1.57079633 1.57079633 1.57079633 1.57079633 1.57079633 0.86207424
 1.12341683 0.9468185  0.8559005  0.6654754 ]",1.5707963267948966,0.8620742360644783,5,18,36,28.547134399414062,1,1001.0,0.0,0.0,659,watts,30,18,36,4.0,0.2722,0.3889,-0.1571,0.8199713329856096
known,static_conjecture,gnm_660,44.53023827622592,"[2.4414458526312433, 2.7215828150466033, 2.2835880252778034, 2.200568250102643, 2.231791712457521, 0.8497099589640503, 2.0833216939100705, 1.8096555296403791, 0.9768944468571907, 0.774732806517953]",2.4414458526312437,0.8497099589640503,"[2.24717198 2.24717198 2.24717198 2.24717198 2.24717198 0.86207424
 1.12341683 0.9468185  0.8559005  0.6654754 ]",2.2471719811868844,0.8620742360644783,5,20,89,39.38653588294983,1,498.0,0.0,0.0,660,gnm,60,20,89,8.9,0.4106,0.2,-0.0534,0.7421706379370987
known,static_conjecture,gnm_661,32.3472785192248,"[2.0190877624710337, 2.4238171557590915, 3.1141192471551453, 2.3847640452291774, 2.925868657410061, 1.7139108556649574, 1.3257725109506244, 0.9884292585583838, 0.9161901864604427, 0.7575302737640977]",2.0190877624710337,1.7139108556649574,"[2.3900957  2.3900957  2.3900957  2.3900957  2.3900957  0.86207424
 1.12341683 0.9468185  0.8559005  0.6654754 ]",2.390095696246789,0.8620742360644783,5,12,61,1839.8902776241305,1,877.0,0.0,0.0,661,gnm,36,12,61,10.1667,0.923,0.1667,-0.1499,0.8985355144229111
known,static_conjecture,regular_662,12.495507415797874,"[1.5054073933157492, 1.648272099447914, 0.1060338859446625, 0.4526991203028691, 1.4917101962172483, 0.39162357502610734, 3.128873415820655, 2.7775876053941975, 2.036846245686733, 0.8362735019224905]",1.5054073933157492,0.3916235750261073,"[1.1        1.1        1.1        1.1        1.1        0.86207424
 1.12341683 0.9468185  0.8559005  0.6654754 ]",1.1,0.8620742360644783,5,9,18,4.81624698638916,1,1329.0,0.0,0.0,662,regular,14,9,18,4.0,0.3889,0.3333,0.0,0.8925362439855624
known,static_conjecture,regular_663,14.981064668629422,"[3.0206229471509696, 0.995637562027629, 3.011012646263352, 2.752702424636782, 0.6412478609571899, 2.0963657443008628, 3.1103681912477628, 2.6284594241280628, 1.7800255522585617, 0.7494546841417463]",3.0206229471509696,2.0963657443008628,"[3.14159265 3.14159265 3.14159265 3.14159265 3.14159265 0.86207424
 1.12341683 0.9468185  0.8559005  0.6654754 ]",3.141592653589793,0.8620742360644783,5,17,17,5.12211012840271,1,1213.0,0.0,0.0,663,regular,16,17,17,2.0,0.0,0.4118,0.0,0.9363165417893389
known,static_conjecture,gnm_664,16.63501538001531,"[2.9112000394012902, 1.3488365661273418, 1.644843300254531, 2.1983970829576123, 1.6248196974509312, 0.19608097693290338, 3.1228001158442, 3.141591483245457, 3.140330184268285, 1.3015166656028159]",2.9112000394012902,0.1960809769329033,"[1.78157803 1.78157803 1.78157803 1.78157803 1.78157803 0.86207424
 1.12341683 0.9468185  0.8559005  0.6654754 ]",1.7815780268195724,0.8620742360644783,5,13,25,1.8483977317810056,1,683.0,0.0,0.0,664,gnm,20,13,25,3.8462,0.3154,0.4615,-0.2917,0.8317507690007655
known,static_conjecture,barabasi_665,6.220240433705726,"[2.8199673599637842, 2.1346158960178965, 2.2250905422422007, 2.1195380231325998, 2.216045650152058, 0.6808225078878929, 3.0568870831469117, 1.311975699555143, 1.3121604108918912, 0.2531434468323519]",2.819967359963784,0.6808225078878929,"[2.28139837 2.28139837 2.28139837 2.28139837 2.28139837 0.86207424
 1.12341683 0.9468185  0.8559005  0.6654754 ]",2.281398371365477,0.8620742360644783,5,8,7,1.8575246334075928,1,1260.0,0.0,0.0,665,barabasi,7,8,7,1.75,0.0,0.5,-0.2353,0.8886057762436751
known,static_conjecture,barabasi_666,7.159913662679397,"[2.9015414944093387, 1.7110374684014236, 2.002226489555578, 1.981026099928257, 1.958796403709707, 1.7878743121152065, 3.1414704412274856, 1.2656184967111384, 1.795280859306116, 1.391769733537957]",2.9015414944093387,1.7878743121152063,"[2.24017012 2.24017012 2.24017012 2.24017012 2.24017012 0.86207424
 1.12341683 0.9468185  0.8559005  0.6654754 ]",2.2401701165955554,0.8620742360644783,5,9,8,0.897789478302002,1,575.0,0.0,0.0,666,barabasi,8,9,8,1.7778,0.0,0.5556,-0.5556,0.8949892078349246
known,static_conjecture,gnm_667,64.68124467622685,"[2.608364678568548, 2.521508307897471, 2.566067599888487, 3.05425724648836, 2.195111401057516, 1.66593186460571, 3.141291940519473, 1.569603944340188, 2.309799215576475, 1.5629975560729856]",2.608364678568548,1.66593186460571,"[2.62659678 2.62659678 2.62659678 2.62659678 2.62659678 0.86207424
 1.12341683 0.9468185  0.8559005  0.6654754 ]",2.626596777474692,0.8620742360644783,5,17,124,20.83469009399414,1,780.0,0.0,0.0,667,gnm,71,17,124,14.5882,0.9176,0.1176,-0.1348,0.9110034461440402
known,static_conjecture,watts_668,14.93953491569042,"[1.5725034871673171, 1.8876794797016714, 2.5539450286391046, 1.505738528561769, 1.7987089734788657, 0.9133747189402606, 1.278162224194428, 0.8854613680903455, 1.5349732490106236, 0.9030492027487771]",1.5725034871673171,0.9133747189402606,"[1.57079633 1.57079633 1.57079633 1.57079633 1.57079633 0.86207424
 1.12341683 0.9468185  0.8559005  0.6654754 ]",1.5707963267948966,0.8620742360644783,5,18,18,6.211865186691284,1,1282.0,0.0,0.0,668,watts,18,18,18,2.0,0.0,0.4444,0.0156,0.829974161982801
known,static_conjecture,barabasi_669,6.929596714456579,"[2.700296062402984, 2.4968080206608647, 2.5629909569638927, 1.9723621303187326, 2.25512767403784, 1.4193349200962118, 1.6641170283098359, 0.9289059371012607, 1.2347826369957118, 0.2766441918527638]",2.700296062402984,1.4193349200962118,"[2.18690907 2.18690907 2.18690907 2.18690907 2.18690907 0.86207424
 1.12341683 0.9468185  0.8559005  0.6654754 ]",2.1869090704617022,0.8620742360644783,5,9,8,-0.2660295963287353,1,1008.0,0.0,0.0,669,barabasi,8,9,8,1.7778,0.0,0.6667,-0.3846,0.8661995893070724
known,static_conjecture,regular_670,6.862315390328149,"[1.9213090669378448, 2.0251923916215326, 3.0059443892021296, 1.2834272262717854, 1.8344634602742766, 2.4351900088474663, 2.74008392166398, 1.5760326521562826, 2.306076007542425, 0.7681219192183131]",1.9213090669378448,2.4351900088474663,"[1.75020243 1.75020243 1.75020243 1.75020243 1.75020243 0.86207424
 1.12341683 0.9468185  0.8559005  0.6654754 ]",1.7502024291497975,0.8620742360644783,5,6,9,2.76699447631836,1,1701.0,0.0,0.0,670,regular,7,6,9,3.0,0.3333,0.3333,0.0,0.9803307700468784
known,static_conjecture,gnm_671,39.535390247641125,"[2.2390081472241903, 2.3146828013549303, 2.7223978449760056, 2.303147061870865, 2.6703298176265076, 0.8087995401120844, 2.0388282901073724, 1.0810198312349282, 1.4063334840589228, 0.7006928785467261]",2.2390081472241903,0.8087995401120844,"[2.24663108 2.24663108 2.24663108 2.24663108 2.24663108 0.86207424
 1.12341683 0.9468185  0.8559005  0.6654754 ]",2.2466310781391656,0.8620742360644783,5,19,79,10.276783466339111,1,516.0,0.0,0.0,671,gnm,55,19,79,8.3158,0.426,0.2632,-0.1553,0.7188252772298387
known,static_conjecture,barabasi_672,11.35219496893392,"[1.4737873083757278, 0.7416975021023585, 1.3628843343821428, 2.386495854887394, 0.6329053515519766, 1.2459334533307134, 3.1403278402308104, 1.4262710093085675, 1.8319793039920071, 1.364109986292775]",1.4737873083757278,1.2459334533307134,"[1.55555556 1.55555556 1.55555556 1.55555556 1.55555556 0.86207424
 1.12341683 0.9468185  0.8559005  0.6654754 ]",1.5555555555555556,0.8620742360644783,5,15,14,3.676729679107666,1,923.0,0.0,0.0,672,barabasi,14,15,14,1.8667,0.0,0.5333,-0.3987,0.8108710692095658
known,static_conjecture,gnm_673,9.66487499262439,"[2.8592866242550468, 1.9760290056005194, 2.756540303979897, 1.8588522362350555, 1.7551995001658993, 0.954823297719431, 2.6813500449025565, 0.8739113098053395, 1.5269691657993392, 0.6837226432012631]",2.8592866242550468,0.954823297719431,"[1.82079633 1.82079633 1.82079633 1.82079633 1.82079633 0.86207424
 1.12341683 0.9468185  0.8559005  0.6654754 ]",1.8207963267948968,0.8620742360644783,5,7,17,3.276746988296509,1,1240.0,0.0,0.0,673,gnm,11,7,17,4.8571,0.819,0.2857,-0.3333,0.8786249993294901
known,static_conjecture,regular_674,10.860943671852644,"[2.4053744181245067, 2.174585124820047, 2.277313623955577, 1.8824647282233582, 1.7030567124507208, -0.2518749289866537, 2.288355018773882, 1.260090066346069, 1.0679167554774556, 0.930508026018892]",2.4053744181245067,-0.2518749289866537,"[1.53632918 1.53632918 1.53632918 1.53632918 1.53632918 0.86207424
 1.12341683 0.9468185  0.8559005  0.6654754 ]",1.5363291750727188,0.8620742360644783,5,12,12,4.938753843307495,1,1524.0,0.0,0.0,674,regular,12,12,12,2.0,0.0,0.4167,0.0,0.9050786393210536
known,static_conjecture,gnm_675,68.59997563557593,"[2.4527723916117288, 2.6068501281525327, 2.6951564065507707, 2.983447034660134, 2.704289863777515, 1.5636402632904711, 1.4976740376503628, 1.0904330641950968, 1.2955249022569528, 1.6244730411824817]",2.4527723916117288,1.5636402632904711,"[2.55538461 2.55538461 2.55538461 2.55538461 2.55538461 0.86207424
 1.12341683 0.9468185  0.8559005  0.6654754 ]",2.5553846106018447,0.8620742360644783,5,18,132,18.82718801498413,1,740.0,0.0,0.0,675,gnm,79,18,132,14.6667,0.8695,0.1667,-0.1198,0.8683541219693156
known,static_conjecture,watts_676,7.023557390365156,"[0.9632616223892558, 3.1414525931604347, 1.8365774767858296, 3.1415919926457896, 0.7716974265869678, 3.0801900123745325, 1.5222186823182535, 2.3168064925582463, 2.6574002153102407, 1.336040564641736]",0.9632616223892558,3.0801900123745325,"[1.46869065 1.46869065 1.46869065 1.46869065 1.46869065 0.86207424
 1.12341683 0.9468185  0.8559005  0.6654754 ]",1.4686906457739792,0.8620742360644783,5,9,9,1.2138705253601074,1,692.0,0.0,0.0,676,watts,8,9,9,2.0,0.1667,0.5556,-0.2717,0.8779446737956444
known,static_conjecture,gnm_677,17.357255315637303,"[2.985955208542788, 2.9295180516905233, 2.156494119816921, 2.179886426866034, 2.5309412217734053, 0.8491191859796876, 1.1123734154860956, 0.7337765923912882, 1.5545383247580322, 0.7278343785808341]",2.985955208542788,0.8491191859796876,"[2.1422249  2.1422249  2.1422249  2.1422249  2.1422249  0.86207424
 1.12341683 0.9468185  0.8559005  0.6654754 ]",2.142224898223468,0.8620742360644783,5,10,31,5.297699451446533,1,1096.0,0.0,0.0,677,gnm,21,10,31,6.2,0.704,0.3,-0.2022,0.8265359674113002
known,static_conjecture,watts_678,13.489587070018974,"[3.140853062401173, 2.7413479604618205, 2.3779017066839856, 1.5359221975857817, 1.5620724118109264, 1.2977377431796109, 1.819407348028663, 0.9265448173704114, 1.3180870301583036, 0.6647127992573194]",3.140853062401173,1.2977377431796109,"[1.57079633 1.57079633 1.57079633 1.57079633 1.57079633 0.86207424
 1.12341683 0.9468185  0.8559005  0.6654754 ]",1.5707963267948966,0.8620742360644783,5,17,17,4.605005264282227,1,1090.0,0.0,0.0,678,watts,17,17,17,2.0,0.0,0.5294,-0.2897,0.793505121765822
known,static_conjecture,gnm_679,71.5326431867915,"[2.4917983231778065, 2.4514936896703206, 2.4410486731327916, 2.4555408426528724, 2.463667434470789, 0.8703824910435309, 2.6835114280971415, 0.9845774395958469, 2.2963197031725047, 1.2096096125307083]",2.4917983231778065,0.8703824910435309,"[2.46601462 2.46601462 2.46601462 2.46601462 2.46601462 0.86207424
 1.12341683 0.9468185  0.8559005  0.6654754 ]",2.4660146154072287,0.8620742360644783,5,20,143,18.02743077278137,1,522.0,0.0,0.0,679,gnm,88,20,143,14.3,0.7653,0.15,-0.0831,0.8128709453044489
known,static_conjecture,gnm_680,31.16226869086219,"[2.2198574445923915, 2.3770165246408888, 2.2760973001789435, 2.406104825180775, 2.378511096239857, 0.7751089020453152, 3.013813680694075, 1.597295492461872, 1.7766290563647469, 0.7425529428545816]",2.2198574445923915,0.7751089020453152,"[2.38481554 2.38481554 2.38481554 2.38481554 2.38481554 0.86207424
 1.12341683 0.9468185  0.8559005  0.6654754 ]",2.3848155447960955,0.8620742360644783,5,12,59,8.268906831741333,1,866.0,0.0,0.0,680,gnm,35,12,59,9.8333,0.9092,0.1667,-0.1624,0.890350534024634
known,static_conjecture,regular_681,17.79335981711663,"[2.7710033473061157, 2.1506110584696936, 1.5760859831858016, 2.4085913058914636, 1.868304306310563, 1.0524273810260145, 2.361875045064455, 0.8152704955858348, 1.7061805556608747, 0.8013314420305964]",2.771003347306116,1.0524273810260143,"[1.97142857 1.97142857 1.97142857 1.97142857 1.97142857 0.86207424
 1.12341683 0.9468185  0.8559005  0.6654754 ]",1.971428571428571,0.8620742360644783,5,13,26,4.662561655044556,1,952.0,0.0,0.0,681,regular,20,13,26,4.0,0.3077,0.3077,0.0,0.8896679908558316
known,static_conjecture,gnm_682,60.87169591260892,"[2.3578189734708634, 2.6877543983590666, 2.464483974369247, 2.7001422630486376, 2.5135822398904875, 0.7890370279016093, 1.5702813102648057, 1.571014955077051, 0.78930532789278, 0.5051626858974814]",2.3578189734708634,0.7890370279016093,"[2.41877845 2.41877845 2.41877845 2.41877845 2.41877845 0.86207424
 1.12341683 0.9468185  0.8559005  0.6654754 ]",2.4187784460487967,0.8620742360644783,5,18,118,24.465461254119877,1,1144.0,0.0,0.0,682,gnm,72,18,118,13.1111,0.758,0.1667,-0.0243,0.8454402210084573
known,static_conjecture,barabasi_683,7.64024305278307,"[2.703360109137674, 2.9290918160682757, 1.6698642632889804, 1.851789429380862, 2.5312597905579475, 2.820428539263156, 3.14159192611395, 1.5005292623528281, 0.8072338919710357, 0.21788226844955988]",2.703360109137674,2.820428539263156,"[2.28139837 2.28139837 2.28139837 2.28139837 2.28139837 0.86207424
 1.12341683 0.9468185  0.8559005  0.6654754 ]",2.281398371365477,0.8620742360644783,5,10,9,3.2472777366638184,1,1897.0,0.0,0.0,683,barabasi,9,10,9,1.8,0.0,0.5,-0.1818,0.8489158947536745
known,static_conjecture,gnm_684,45.11140074398252,"[3.0208109053115018, 2.9024498222125263, 1.6905752437597077, 1.9573173769839096, 3.054462528724881, 2.0403313907532055, 1.7820014038903156, 1.5820065418183553, 1.5767235785521734, -0.15575043260257154]",3.0208109053115018,2.040331390753205,"[2.24754238 2.24754238 2.24754238 2.24754238 2.24754238 0.86207424
 1.12341683 0.9468185  0.8559005  0.6654754 ]",2.247542380494559,0.8620742360644783,5,20,71,18.885469675064087,1,1122.0,0.0,0.0,684,gnm,51,20,71,7.1,0.4052,0.3,-0.1548,0.8845372694898533
known,static_conjecture,watts_685,22.248917648700107,"[2.774371898515173, 1.9293275597106203, 1.3621095150188163, 1.8641378918263525, 1.332365742221501, 1.3715727699413844, 3.1238947091634732, 2.754219374111285, 1.677575536250035, 0.9532220167300145]",2.774371898515173,1.3715727699413844,"[1.79593837 1.79593837 1.79593837 1.79593837 1.79593837 0.86207424
 1.12341683 0.9468185  0.8559005  0.6654754 ]",1.795938372249442,0.8620742360644783,5,16,32,7.530076265335083,1,1241.0,0.0,0.0,685,watts,26,16,32,4.0,0.2312,0.3125,-0.0407,0.8557276018730811
known,static_conjecture,regular_686,27.187252789432485,"[1.726855304463391, 1.9529543374625598, 3.1341119412048464, -0.08225544105580529, 0.45369807867763257, 1.017738517459057, 2.787573113462477, 2.387443978987907, 2.2260407002905285, 1.3684994986942043]",1.726855304463391,1.017738517459057,"[3.14159265 3.14159265 3.14159265 3.14159265 3.14159265 0.86207424
 1.12341683 0.9468185  0.8559005  0.6654754 ]",3.141592653589793,0.8620742360644783,5,18,36,14.64003086090088,1,2362.0,0.0,0.0,686,regular,30,18,36,4.0,0.1389,0.3333,0.0,0.9062417596477494
known,static_conjecture,gnm_687,55.62065341017384,"[2.982969852186633, 2.692719695525124, 2.596606191400146, 2.0989268278778264, 2.531521562629943, 1.0588865410757362, 2.239363990991399, 1.5932614533875944, 0.8036877803035416, 1.6578831473149203]",2.982969852186633,1.0588865410757362,"[2.43718885 2.43718885 2.43718885 2.43718885 2.43718885 0.86207424
 1.12341683 0.9468185  0.8559005  0.6654754 ]",2.437188846598864,0.8620742360644783,5,17,108,24.7606520652771,1,1145.0,0.0,0.0,687,gnm,66,17,108,12.7059,0.7751,0.1176,-0.1176,0.8427371728814218
known,static_conjecture,watts_688,8.509002858953744,"[2.1860625672978498, 1.3984516216436784, 2.505941414059716, 1.8989259522273407, 1.481727233098657, -0.11254858327127958, 2.9024398498076267, 2.34106905842918, 1.4794909831759238, 1.0171688190727304]",2.1860625672978498,-0.1125485832712795,"[1.46995192 1.46995192 1.46995192 1.46995192 1.46995192 0.86207424
 1.12341683 0.9468185  0.8559005  0.6654754 ]",1.4699519230769231,0.8620742360644783,5,10,10,4.384011268615723,1,2122.0,0.0,0.0,688,watts,10,10,10,2.0,0.0,0.5,0.1667,0.8509002858953745
known,static_conjecture,gnm_689,71.03177738758066,"[2.5092301055208512, 2.92352578224796, 2.4497330324434152, 2.936979763956826, 2.4743817211609214, 0.9429640875282571, 2.402312829845184, 0.821192695558189, 2.1194307747196754, 0.7525926070509457]",2.5092301055208512,0.9429640875282572,"[2.4608751  2.4608751  2.4608751  2.4608751  2.4608751  0.86207424
 1.12341683 0.9468185  0.8559005  0.6654754 ]",2.460875098807379,0.8620742360644783,5,20,142,17.412583351135254,1,511.0,0.0,0.0,689,gnm,86,20,142,14.2,0.7406,0.15,-0.0905,0.8259508998555891
known,static_conjecture,gnm_690,87.86918645596982,"[2.998279861476231, 2.650990550116511, 2.859506623561227, 2.5643881982852785, 2.6178750794471144, -0.023854115234217176, 3.141446259659104, 1.5704426290970877, 2.8897830664374773, 1.608038017064945]",2.998279861476231,-0.0238541152342171,"[2.73484823 2.73484823 2.73484823 2.73484823 2.73484823 0.86207424
 1.12341683 0.9468185  0.8559005  0.6654754 ]",2.73484823207763,0.8620742360644783,5,19,168,20.643357276916504,1,676.0,0.0,0.0,690,gnm,90,19,168,17.6842,0.9828,0.1053,-0.115,0.9763242939552202
known,static_conjecture,barabasi_691,9.655475864144725,"[1.8267392007677148, 1.5641928967180476, 1.8388423423493994, 2.3385003931087507, 1.5718993904857468, 0.7339106367002695, 2.3371979724984993, 1.2077924325034615, 1.173314695220511, 0.39860709276307155]",1.8267392007677148,0.7339106367002695,"[1.55165289 1.55165289 1.55165289 1.55165289 1.55165289 0.86207424
 1.12341683 0.9468185  0.8559005  0.6654754 ]",1.5516528925619837,0.8620742360644783,5,11,10,1.6423892974853516,1,982.0,0.0,0.0,691,barabasi,10,11,10,1.8182,0.0,0.6364,-0.6667,0.9655475864144725
known,static_conjecture,barabasi_692,12.271825578292407,"[1.7797920604604678, 1.1088023516641736, 2.396804508050337, 2.3479681977909435, 1.06894152794433, 0.18416366913733934, 2.0019391768125256, 1.7487860675520392, 1.7279982505483589, 0.2100787292009471]",1.7797920604604678,0.1841636691373393,"[1.55555556 1.55555556 1.55555556 1.55555556 1.55555556 0.86207424
 1.12341683 0.9468185  0.8559005  0.6654754 ]",1.5555555555555556,0.8620742360644783,5,15,14,4.513893365859985,1,1617.0,0.0,0.0,692,barabasi,14,15,14,1.8667,0.0,0.5333,-0.5322,0.8765589698780291
known,static_conjecture,gnm_693,14.20526020518264,"[1.8383152478080313, 1.4899416988166763, 3.0803654500330797, 2.0230684915159447, 2.7749125471917915, 0.34788263117767393, 1.4384995480059104, 1.4070105421657704, 1.6576431473450488, 1.1869136232422315]",1.8383152478080316,0.3478826311776739,"[1.96365347 1.96365347 1.96365347 1.96365347 1.96365347 0.86207424
 1.12341683 0.9468185  0.8559005  0.6654754 ]",1.9636534696520396,0.8620742360644783,5,9,24,4.235193729400635,1,1115.0,0.0,0.0,693,gnm,17,9,24,5.3333,0.6407,0.2222,-0.2203,0.8356035414813318
known,static_conjecture,regular_694,13.4352884149568,"[1.9507315940155059, 2.6514706944898205, 1.2569405939738836, 1.1588232471267155, 2.512339848498498, 1.117765832441965, 2.2669953931966838, 1.7617658013673156, 1.6349268888091981, 0.8746215958260801]",1.9507315940155057,1.117765832441965,"[1.59388889 1.59388889 1.59388889 1.59388889 1.59388889 0.86207424
 1.12341683 0.9468185  0.8559005  0.6654754 ]",1.593888888888889,0.8620742360644783,5,15,15,4.329612493515015,1,889.0,0.0,0.0,694,regular,14,15,15,2.0,0.0,0.4,0.0,0.9596634582111999
known,static_conjecture,watts_695,14.57265500128689,"[1.5887320485875025, 3.1305848115096495, 1.3243592607145667, 3.1401300380281443, 0.5554404705369658, 0.9027073926444267, 2.5275005716799024, 2.7796291905574515, 2.12232692273032, 1.3136847318852243]",1.5887320485875025,0.9027073926444268,"[1.54166667 1.54166667 1.54166667 1.54166667 1.54166667 0.86207424
 1.12341683 0.9468185  0.8559005  0.6654754 ]",1.541666666666667,0.8620742360644783,5,11,22,3.965242624282837,1,1018.0,0.0,0.0,695,watts,17,11,22,4.0,0.3212,0.3636,-0.0574,0.8572150000756994
known,static_conjecture,gnm_696,20.339584334981737,"[2.9870185611827473, 2.1088095311230908, 2.0113545943972433, 2.114728481104906, 2.1326942288076585, 1.819538093778566, 1.987207554690293, 1.5483920303689767, 1.549842165183704, 1.069506573204529]",2.9870185611827478,1.819538093778566,"[2.1422249  2.1422249  2.1422249  2.1422249  2.1422249  0.86207424
 1.12341683 0.9468185  0.8559005  0.6654754 ]",2.142224898223468,0.8620742360644783,5,10,36,3.250282526016236,1,574.0,0.0,0.0,696,gnm,24,10,36,7.2,0.7836,0.3,-0.2286,0.847482680624239
known,static_conjecture,gnm_697,18.86474328725194,"[2.877445868665763, 2.137397927618747, 3.108248352275504, 2.4374973676004092, 2.2150772365432854, 0.7574217899017268, 3.044791756043324, 2.554363878406514, 2.311565504747373, 0.863381839777277]",2.877445868665763,0.7574217899017268,"[2.20785187 2.20785187 2.20785187 2.20785187 2.20785187 0.86207424
 1.12341683 0.9468185  0.8559005  0.6654754 ]",2.207851870528532,0.8620742360644783,5,11,37,3.1962575912475586,1,813.0,0.0,0.0,697,gnm,25,11,37,6.7273,0.6739,0.2727,-0.1575,0.7545897314900776
known,static_conjecture,regular_698,21.94860496289729,"[2.8151285250326326, 1.7759979388719085, 1.483833980799218, 2.062153733189011, 2.18432834040046, 1.3087821695715975, 1.9530743238142265, 0.49233228038841015, 1.631626795001309, 0.25949707852863035]",2.815128525032633,1.3087821695715975,"[1.97142857 1.97142857 1.97142857 1.97142857 1.97142857 0.86207424
 1.12341683 0.9468185  0.8559005  0.6654754 ]",1.971428571428571,0.8620742360644783,5,15,30,9.490386486053469,1,1443.0,0.0,0.0,698,regular,24,15,30,4.0,0.1667,0.3333,0.0,0.914525206787387
known,static_conjecture,barabasi_699,4.775469539490587,"[2.659040716826808, 2.3614181043029694, 2.2733810013189064, 3.0362519095204954, 2.13857723177204, 1.699727776570565, 2.0238121673616547, 1.8073813365991505, 0.991395214967179, 0.18825412175037565]",2.659040716826808,1.699727776570565,"[2.28139837 2.28139837 2.28139837 2.28139837 2.28139837 0.86207424
 1.12341683 0.9468185  0.8559005  0.6654754 ]",2.281398371365477,0.8620742360644783,5,6,5,7.309191703796387,1,2113.0,0.0,0.0,699,barabasi,5,6,5,1.6667,0.0,0.5,-0.6667,0.9550939078981173
known,static_conjecture,watts_700,16.27936637675317,"[1.7691829888324904, 0.9917678911621794, 2.7710256897372174, 0.5594460123001053, 2.3728722008691667, -0.10352980818499657, 2.502366557397907, 1.6823146439967516, 1.1514163745687847, 1.7796217305480373]",1.7691829888324904,-0.1035298081849965,"[1.57079633 1.57079633 1.57079633 1.57079633 1.57079633 0.86207424
 1.12341683 0.9468185  0.8559005  0.6654754 ]",1.5707963267948966,0.8620742360644783,5,19,19,9.551356315612791,1,1925.0,0.0,0.0,700,watts,18,19,19,2.0,0.0,0.5263,-0.2667,0.9044092431529539
known,static_conjecture,gnm_701,24.175340582585637,"[1.5682507058777062, 2.9078452864789734, 2.932218786347886, 2.196343706340188, 1.2804640990246474, 0.8270670933953537, 3.0219185227167777, 1.5577799265040833, 1.2939166998562128, 1.474972204381738]",1.5682507058777062,0.8270670933953537,"[2.02746891 2.02746891 2.02746891 2.02746891 2.02746891 0.86207424
 1.12341683 0.9468185  0.8559005  0.6654754 ]",2.027468906694828,0.8620742360644783,5,13,41,6.697135925292969,1,1116.0,0.0,0.0,701,gnm,29,13,41,6.3077,0.4976,0.3077,0.0365,0.8336324338822634
known,static_conjecture,regular_702,26.304931916030714,"[2.987073146109871, 1.2802865315487506, 2.7724824997243873, 2.9972494256523, 1.6870641571012004, 2.1168338731260867, 1.974955564170087, 0.3722886192872777, 1.8793398158017185, 1.2069851944272543]",2.987073146109871,2.1168338731260867,"[3.14159265 3.14159265 3.14159265 3.14159265 3.14159265 0.86207424
 1.12341683 0.9468185  0.8559005  0.6654754 ]",3.141592653589793,0.8620742360644783,5,18,36,12.791538715362549,1,1669.0,0.0,0.0,702,regular,28,18,36,4.0,0.1944,0.3333,0.0,0.9394618541439541
known,static_conjecture,barabasi_703,20.115791976618635,"[1.5548787916490867, 0.10030775967674034, 1.2178201147044108, 3.14158819734821, 1.2965801828906538, 1.6781060304817452, 3.0060175748431024, 1.337625320712382, 2.1544674026333133, 1.6214221445973875]",1.5548787916490867,1.6781060304817452,"[1.56141975 1.56141975 1.56141975 1.56141975 1.56141975 0.86207424
 1.12341683 0.9468185  0.8559005  0.6654754 ]",1.5614197530864198,0.8620742360644783,5,18,32,6.190869331359863,1,901.0,0.0,0.0,703,barabasi,25,18,32,3.5556,0.4798,0.4444,-0.3638,0.8046316790647454
known,static_conjecture,gnm_704,43.47825930624642,"[2.92070166733187, 1.6288385097170632, 2.9849547284532747, 1.7215663466018891, 3.1413136178865675, 1.1549185377412057, 3.1259176894593432, 1.5651746223179241, 1.4475574176703399, 0.8692903119319795]",2.92070166733187,1.1549185377412057,"[2.25811284 2.25811284 2.25811284 2.25811284 2.25811284 0.86207424
 1.12341683 0.9468185  0.8559005  0.6654754 ]",2.2581128356377063,0.8620742360644783,5,19,73,16.97588086128235,1,1166.0,0.0,0.0,704,gnm,52,19,73,7.6842,0.5143,0.2632,-0.0986,0.8361203712739697
known,static_conjecture,barabasi_705,17.120010200814182,"[2.984996153080756, 2.772999676405695, 1.6552223517675184, 1.9990950520726227, 1.5633497289414855, 0.48242442559958926, 2.7024776871681953, 0.8211885336161242, 2.4591637596146714, 0.9213888629277589]",2.984996153080756,0.4824244255995892,"[1.64737697 1.64737697 1.64737697 1.64737697 1.64737697 0.86207424
 1.12341683 0.9468185  0.8559005  0.6654754 ]",1.6473769724900742,0.8620742360644783,5,14,24,3.42139744758606,1,804.0,0.0,0.0,705,barabasi,19,14,24,3.4286,0.4095,0.4286,-0.3267,0.9010531684639043
known,static_conjecture,watts_706,11.938337642624475,"[1.7940171998131798, 2.5497302568683855, 1.5971892133346017, 1.5188025071640716, 1.680922498366355, 1.3959219412400947, 2.717306519534043, 1.0718582032767907, 1.9346848732579884, 0.8488679363632029]",1.7940171998131798,1.3959219412400947,"[1.63924033 1.63924033 1.63924033 1.63924033 1.63924033 0.86207424
 1.12341683 0.9468185  0.8559005  0.6654754 ]",1.6392403283850654,0.8620742360644783,5,9,18,4.042438507080078,1,1367.0,0.0,0.0,706,watts,13,9,18,4.0,0.5704,0.3333,-0.0746,0.9183336648172673
known,static_conjecture,watts_707,11.632747073974766,"[1.6583239478232292, 1.8812197402281672, 1.9549910059015811, 2.74018005385601, 1.4632977799485365, 1.3264297158887652, 2.373694540838197, 1.3681156274168336, 1.544174398434738, 0.4351704027278823]",1.6583239478232292,1.3264297158887652,"[1.54166667 1.54166667 1.54166667 1.54166667 1.54166667 0.86207424
 1.12341683 0.9468185  0.8559005  0.6654754 ]",1.541666666666667,0.8620742360644783,5,14,14,2.95435094833374,1,960.0,0.0,0.0,707,watts,13,14,14,2.0,0.0,0.5,-0.037,0.8948266979980589
known,static_conjecture,gnm_708,36.91777313539743,"[1.5469787440150993, 3.1412072340001584, 3.1384202650237283, 2.4843100851705597, 2.4136622748117933, 1.303629376935449, 2.5647378919478436, 1.2914291961917344, 1.5710107153752602, 1.2734074286602786]",1.5469787440150993,1.303629376935449,"[2.25005386 2.25005386 2.25005386 2.25005386 2.25005386 0.86207424
 1.12341683 0.9468185  0.8559005  0.6654754 ]",2.250053855423748,0.8620742360644783,5,17,64,7.382404088973999,1,544.0,0.0,0.0,708,gnm,45,17,64,7.5294,0.4758,0.2353,-0.164,0.8203949585643874
known,static_conjecture,gnm_709,40.59545230459841,"[2.9282459275131716, 2.3199627021094194, 2.370729093310601, 2.3571848640537993, 2.3171886788861014, 0.6894220748792205, 2.54679859278677, 2.4289443810190274, 2.2528174808060344, 1.0475394713800388]",2.928245927513172,0.6894220748792205,"[2.32564819 2.32564819 2.32564819 2.32564819 2.32564819 0.86207424
 1.12341683 0.9468185  0.8559005  0.6654754 ]",2.3256481864241385,0.8620742360644783,5,16,81,7.471080541610718,1,573.0,0.0,0.0,709,gnm,52,16,81,10.125,0.652,0.1875,-0.0651,0.780681775088431
known,static_conjecture,barabasi_710,5.319467734828777,"[2.25469226140961, 2.565603399362577, 2.8005290837326147, 2.201560822534515, 2.2447250581188953, 0.24591584561292434, 1.6834554598788793, 1.564842870359136, 1.3474607496344042, 0.28392429053760104]",2.25469226140961,0.2459158456129243,"[2.23017809 2.23017809 2.23017809 2.23017809 2.23017809 0.86207424
 1.12341683 0.9468185  0.8559005  0.6654754 ]",2.230178092584108,0.8620742360644783,5,7,6,4.028252363204956,1,1781.0,0.0,0.0,710,barabasi,6,7,6,1.7143,0.0,0.5714,-0.7143,0.8865779558047961
known,static_conjecture,gnm_711,23.348579530899865,"[2.9012064265159125, 2.2729335017471564, 2.107613293180177, 2.199670110853953, 2.276121807486887, 0.9550114901085643, 2.5756922658066936, 0.9805971551689077, 2.3246101286748244, 0.9889141809895319]",2.9012064265159125,0.9550114901085645,"[2.21839685 2.21839685 2.21839685 2.21839685 2.21839685 0.86207424
 1.12341683 0.9468185  0.8559005  0.6654754 ]",2.2183968512618724,0.8620742360644783,5,12,46,5.040081262588501,1,626.0,0.0,0.0,711,gnm,31,12,46,7.6667,0.6766,0.25,-0.1012,0.7531799848677376
known,static_conjecture,gnm_712,18.253967169428503,"[0.2132629898767022, 3.141592653589793, 2.582527053985146, 1.105048331779156, 2.564247873370329, 2.078730066333093, 3.045964520829574, 1.5643424665755497, 1.5865842976587554, 0.8773850641854213]",0.2132629898767022,2.078730066333093,"[1.96365347 1.96365347 1.96365347 1.96365347 1.96365347 0.86207424
 1.12341683 0.9468185  0.8559005  0.6654754 ]",1.9636534696520396,0.8620742360644783,5,9,32,6.863013505935669,1,1387.0,0.0,0.0,712,gnm,20,9,32,7.1111,0.8847,0.2222,-0.2444,0.9126983584714251
known,static_conjecture,gnm_713,40.8410911741482,"[2.4652942598704994, 2.26358716399762, 1.7397835546349394, 3.079298073844871, 2.8218556204014638, 1.5715142137328102, 1.250650431531887, 1.9565144603943065, 0.8419424481829121, 0.19813279123759342]",2.4652942598704994,1.5715142137328102,"[2.25492366 2.25492366 2.25492366 2.25492366 2.25492366 0.86207424
 1.12341683 0.9468185  0.8559005  0.6654754 ]",2.254923656892252,0.8620742360644783,5,18,64,11.20602297782898,1,911.0,0.0,0.0,713,gnm,48,18,64,7.1111,0.3571,0.2778,-0.1156,0.8508560661280874
known,static_conjecture,gnm_714,17.02359839526794,"[2.9705616418075214, 2.7036047189473873, 1.6482404606407153, 2.1218105226036252, 1.5725003519107041, 0.4614438414863728, 2.6406504056116162, 0.7462315057213892, 2.327516326185637, 0.8269987418106989]",2.9705616418075214,0.4614438414863728,"[1.66282035 1.66282035 1.66282035 1.66282035 1.66282035 0.86207424
 1.12341683 0.9468185  0.8559005  0.6654754 ]",1.6628203544575726,0.8620742360644783,5,14,24,2.105496883392334,1,913.0,0.0,0.0,714,gnm,19,14,24,3.4286,0.2429,0.3571,-0.089,0.8959788629088389
known,static_conjecture,gnm_715,90.71018417690014,"[2.3071419448245734, 2.5675324368943264, 2.8977726054320936, 3.070574096743971, 2.6224123614732706, -0.005853117078774479, 2.9789142081927213, 2.7121324095631714, 2.5886310279232054, 1.5658277659729374]",2.3071419448245734,-0.0058531170787744,"[2.61753181 2.61753181 2.61753181 2.61753181 2.61753181 0.86207424
 1.12341683 0.9468185  0.8559005  0.6654754 ]",2.617531813822585,0.8620742360644783,5,20,173,26.37721610069275,1,597.0,0.0,0.0,715,gnm,98,20,173,17.3,0.9115,0.1,-0.1041,0.9256141242540831
known,static_conjecture,regular_716,17.09085814154458,"[2.306008058195443, 2.127447479993314, 3.1270003177723122, 2.89298405308683, 2.467528988176716, 0.6805850301921849, 1.9835867493885977, 1.4170974050987275, 2.586582062353429, 0.8263436220897327]",2.306008058195443,0.6805850301921849,"[3.14159265 3.14159265 3.14159265 3.14159265 3.14159265 0.86207424
 1.12341683 0.9468185  0.8559005  0.6654754 ]",3.141592653589793,0.8620742360644783,5,19,19,7.156593084335327,1,2286.0,0.0,0.0,716,regular,18,19,19,2.0,0.0,0.4211,0.0,0.9494921189746989
known,static_conjecture,barabasi_717,6.414860538416406,"[2.8447752281245235, 2.5593522482777926, 1.8854391814855231, 1.367016592009885, 2.6048897745455046, 2.0609233069617305, 2.7450346942936656, 1.508078706206559, 2.287337380942662, 1.7617438001898158]",2.8447752281245235,2.0609233069617305,"[2.28139837 2.28139837 2.28139837 2.28139837 2.28139837 0.86207424
 1.12341683 0.9468185  0.8559005  0.6654754 ]",2.281398371365477,0.8620742360644783,5,8,7,1.5498871803283691,1,1229.0,0.0,0.0,717,barabasi,7,8,7,1.75,0.0,0.5,-0.4933,0.9164086483452009
known,static_conjecture,gnm_718,5.809274428229401,"[2.7596593852492726, 3.0621572354719704, 1.7938309811152573, 1.8461687504213153, 1.6297126235337056, 1.1757327982792316, 3.099064365485682, 2.3087015420659265, 2.3671432678328377, 0.8281170734216707]",2.759659385249273,1.1757327982792316,"[1.82079633 1.82079633 1.82079633 1.82079633 1.82079633 0.86207424
 1.12341683 0.9468185  0.8559005  0.6654754 ]",1.8207963267948968,0.8620742360644783,5,7,8,1.8268945217132568,1,1363.0,0.0,0.0,718,gnm,7,7,8,2.2857,0.3333,0.4286,-0.0667,0.8298963468899144
known,static_conjecture,regular_719,19.507071220443688,"[2.790159944197943, 2.0836792377583953, 1.857305555561551, 1.9200004828342125, 1.962756188876561, 0.050808227386942795, 2.633973697250867, 2.719719991507455, 2.822747375521189, 1.4062499809824778]",2.790159944197943,0.0508082273869427,"[1.97142857 1.97142857 1.97142857 1.97142857 1.97142857 0.86207424
 1.12341683 0.9468185  0.8559005  0.6654754 ]",1.971428571428571,0.8620742360644783,5,13,26,6.174155950546265,1,1263.0,0.0,0.0,719,regular,20,13,26,4.0,0.2692,0.3846,0.0,0.9753535610221844
known,static_conjecture,regular_720,5.99999769761998,"[3.1411085102812173, 1.8876633740135966, 2.4846030359461757, 1.914827305595883, 2.1507067533798825, 0.2668826805886114, 1.538110524526513, 0.8593898546550551, 1.3016610633935606, 0.3659333614752983]",3.1411085102812173,0.2668826805886114,"[1.56614833 1.56614833 1.56614833 1.56614833 1.56614833 0.86207424
 1.12341683 0.9468185  0.8559005  0.6654754 ]",1.5661483253588515,0.8620742360644783,5,7,7,0.7161259651184082,1,520.0,0.0,0.0,720,regular,6,7,7,2.0,0.0,0.4286,0.0,0.9999996162699967
known,static_conjecture,watts_721,16.28874526056235,"[1.7008492536729591, 1.7372578071833025, 1.4478565015124318, 2.793292071463059, 1.4492749509718328, 0.4482559729945378, 2.8996238741786735, 1.2679194570673071, 1.5564386301082915, 0.23143796173836195]",1.7008492536729591,0.4482559729945378,"[1.54166667 1.54166667 1.54166667 1.54166667 1.54166667 0.86207424
 1.12341683 0.9468185  0.8559005  0.6654754 ]",1.541666666666667,0.8620742360644783,5,12,24,4.005727529525757,1,911.0,0.0,0.0,721,watts,19,12,24,4.0,0.2722,0.3333,0.087,0.8573023821348605
known,static_conjecture,barabasi_722,12.949533489316387,"[2.0309987188525778, 1.4878211083330668, 2.390881311637261, 3.043417869429981, 2.950017156476015, 1.7769934279287631, 2.82162514481613, 1.980293434714492, 1.2624108499722826, 1.8585122065496134]",2.0309987188525778,1.7769934279287631,"[2.02933098 2.02933098 2.02933098 2.02933098 2.02933098 0.86207424
 1.12341683 0.9468185  0.8559005  0.6654754 ]",2.02933097718254,0.8620742360644783,5,16,15,7.671881198883057,1,2126.0,0.0,0.0,722,barabasi,15,16,15,1.875,0.0,0.6875,-0.576,0.8633022326210925
known,static_conjecture,gnm_723,8.510507768988646,"[2.9065309513656175, 1.921945520345059, 3.057422211743169, 2.139766913750158, 3.0452546521509167, 1.7758874249328143, 2.1324167096463458, 1.2665836931249115, 2.0759250552765045, 0.7974606696889196]",2.906530951365617,1.7758874249328145,"[1.82079633 1.82079633 1.82079633 1.82079633 1.82079633 0.86207424
 1.12341683 0.9468185  0.8559005  0.6654754 ]",1.8207963267948968,0.8620742360644783,5,7,12,2.687572479248047,1,1939.0,0.0,0.0,723,gnm,9,7,12,3.4286,0.6524,0.4286,-0.3333,0.9456119743320718
known,static_conjecture,barabasi_724,21.27447857830613,"[2.970746655996593, 2.795804743007476, 1.6477893193100797, 2.00425824047082, 1.5628744772005692, 0.44731541565265037, 2.657531564609608, 2.368927470215274, 2.3276398790093547, 0.7564639536159148]",2.970746655996593,0.4473154156526503,"[1.65000824 1.65000824 1.65000824 1.65000824 1.65000824 0.86207424
 1.12341683 0.9468185  0.8559005  0.6654754 ]",1.6500082385895536,0.8620742360644783,5,17,30,9.507404327392578,1,1467.0,0.0,0.0,724,barabasi,25,17,30,3.5294,0.3895,0.5294,-0.4112,0.8509791431322452
known,static_conjecture,gnm_725,55.57386331077031,"[2.376806878730511, 2.519384048683133, 2.9747757070528182, 2.467219888162852, 2.3308365076675495, 0.7969811853774775, 2.7739600600796948, 2.7408126013170033, 1.4735522890095325, 0.6938912968729466]",2.376806878730511,0.7969811853774775,"[2.46912522 2.46912522 2.46912522 2.46912522 2.46912522 0.86207424
 1.12341683 0.9468185  0.8559005  0.6654754 ]",2.469125216876466,0.8620742360644783,5,17,111,13.191722393035889,1,584.0,0.0,0.0,725,gnm,67,17,111,13.0588,0.803,0.1765,-0.0826,0.8294606464294075
known,static_conjecture,barabasi_726,25.75881511082912,"[2.996729437492953, 1.7409413683618244, 1.861388035166219, 1.3096569192036684, 1.7602984869074505, 1.771009648423263, 2.989491832630672, 2.0884131393633467, 1.5306087396622505, 0.7517951223101021]",2.996729437492953,1.771009648423263,"[1.75400095 1.75400095 1.75400095 1.75400095 1.75400095 0.86207424
 1.12341683 0.9468185  0.8559005  0.6654754 ]",1.7540009469696969,0.8620742360644783,5,16,39,6.749373912811279,1,854.0,0.0,0.0,726,barabasi,29,16,39,4.875,0.4006,0.375,-0.1825,0.8882350038216937
known,static_conjecture,regular_727,21.77304514717629,"[2.8239930858520887, 2.058762849437524, 1.8697062894481715, 1.9425339308087533, 1.9903252219812897, 0.06433285747410075, 2.6520822485958475, 2.7458353612012267, 2.8747843624985236, 1.446277051128917]",2.8239930858520887,0.0643328574741007,"[1.97142857 1.97142857 1.97142857 1.97142857 1.97142857 0.86207424
 1.12341683 0.9468185  0.8559005  0.6654754 ]",1.971428571428571,0.8620742360644783,5,15,30,5.960759878158569,1,1316.0,0.0,0.0,727,regular,22,15,30,4.0,0.2333,0.3333,0.0,0.989683870326195
known,static_conjecture,regular_728,16.75074545747008,"[3.0175423291345345, 1.044751702340455, 2.9543477819196973, 2.7604763352968575, 0.6272456221198534, 2.1287842917820416, 3.1303131979876335, 2.6006209596281074, 1.781825575273961, 0.7588957078587018]",3.0175423291345345,2.1287842917820416,"[3.14159265 3.14159265 3.14159265 3.14159265 3.14159265 0.86207424
 1.12341683 0.9468185  0.8559005  0.6654754 ]",3.141592653589793,0.8620742360644783,5,19,19,5.195282220840454,1,1204.0,0.0,0.0,728,regular,18,19,19,2.0,0.0,0.4211,0.0,0.930596969859449
known,static_conjecture,gnm_729,35.05754194900283,"[2.293036447323571, 2.2406952076080344, 2.318791866184543, 2.320675127219152, 2.23589924057666, 0.857427397299643, 2.648790242741729, 1.2308901280524318, 2.373339618912296, 1.0710868590362987]",2.293036447323571,0.857427397299643,"[2.25365113 2.25365113 2.25365113 2.25365113 2.25365113 0.86207424
 1.12341683 0.9468185  0.8559005  0.6654754 ]",2.253651133830544,0.8620742360644783,5,17,70,6.634701490402222,1,503.0,0.0,0.0,729,gnm,48,17,70,8.2353,0.4958,0.2353,-0.058,0.7303654572708923
known,static_conjecture,regular_730,13.324252732586087,"[2.890594613015348, 1.1377705371810487, 1.6112165138174022, 2.319314312282485, 1.7658846056367463, 0.6173498507856059, 2.159855733030897, 1.5247315492387554, 1.2035596133873356, 0.6308671939556264]",2.890594613015348,0.6173498507856059,"[1.53632918 1.53632918 1.53632918 1.53632918 1.53632918 0.86207424
 1.12341683 0.9468185  0.8559005  0.6654754 ]",1.5363291750727188,0.8620742360644783,5,15,15,3.2287139892578125,1,873.0,0.0,0.0,730,regular,14,15,15,2.0,0.0,0.4667,0.0,0.9517323380418634
known,static_conjecture,watts_731,17.66822451329776,"[2.7071097874409498, 0.2337811046582505, 2.570540854636151, 2.6025106506401783, 1.778735433633297, 1.231550073643037, 2.539575575011315, 1.9351838198724882, 1.7799756882989373, 1.5811102700291193]",2.7071097874409498,1.231550073643037,"[1.57079633 1.57079633 1.57079633 1.57079633 1.57079633 0.86207424
 1.12341683 0.9468185  0.8559005  0.6654754 ]",1.5707963267948966,0.8620742360644783,5,20,20,10.846038579940796,1,1989.0,0.0,0.0,731,watts,20,20,20,2.0,0.0,0.5,-0.0784,0.883411225664888
known,static_conjecture,watts_732,7.689484350826097,"[1.8648344763990365, 1.7539257984463306, 1.4817365830961333, 2.6023244204404374, 1.326232387242214, 1.223587379328639, 2.8507624148667645, 1.933096723502301, 1.51058145485156, 0.20445197121496794]",1.8648344763990363,1.223587379328639,"[1.46995192 1.46995192 1.46995192 1.46995192 1.46995192 0.86207424
 1.12341683 0.9468185  0.8559005  0.6654754 ]",1.4699519230769231,0.8620742360644783,5,10,10,-0.1569409370422363,1,857.0,0.0,0.0,732,watts,9,10,10,2.0,0.2167,0.5,-0.2766,0.8543871500917886
known,static_conjecture,gnm_733,36.73249826762588,"[2.372695661072406, 1.9927875973349016, 2.7200084590596667, 2.162861603315164, 2.4498697751803378, 0.7836555190482318, 1.5707635136903764, 0.7849111050944919, 1.9549220160884473, -0.0027894930427171142]",2.372695661072406,0.7836555190482318,"[2.24661498 2.24661498 2.24661498 2.24661498 2.24661498 0.86207424
 1.12341683 0.9468185  0.8559005  0.6654754 ]",2.2466149806706595,0.8620742360644783,5,19,68,15.524436950683594,1,1055.0,0.0,0.0,733,gnm,49,19,68,7.1579,0.4283,0.2105,-0.1425,0.7496428217882832
known,static_conjecture,watts_734,20.07331425822531,"[1.79376802532639, 2.8600541765939886, 1.361862330619469, 2.761668838403853, 2.0869508546452042, 1.3867264285721135, 1.7268013152232742, 1.9504273407857573, 1.7724417872565315, 1.4538955399134716]",1.79376802532639,1.3867264285721137,"[1.54166667 1.54166667 1.54166667 1.54166667 1.54166667 0.86207424
 1.12341683 0.9468185  0.8559005  0.6654754 ]",1.541666666666667,0.8620742360644783,5,15,30,7.636607885360718,1,1500.0,0.0,0.0,734,watts,23,15,30,4.0,0.5222,0.3333,-0.1441,0.872752793835883
known,static_conjecture,barabasi_735,14.11650749893158,"[2.918830389626748, 2.313558341971524, 2.8288145702733782, 2.033718629172898, 1.790614290604537, 1.9560833834512272, 1.7481197089583043, 1.689860179568448, 1.4018313538772698, 0.16611586026248742]",2.918830389626748,1.9560833834512272,"[1.93417654 1.93417654 1.93417654 1.93417654 1.93417654 0.86207424
 1.12341683 0.9468185  0.8559005  0.6654754 ]",1.9341765404914195,0.8620742360644783,5,17,16,6.623310327529907,1,1636.0,0.0,0.0,735,barabasi,16,17,16,1.8824,0.0,0.5882,-0.5175,0.8822817186832238
known,static_conjecture,gnm_736,33.66581381263927,"[2.4151799078159355, 2.9593260316138656, 2.4101195025326088, 2.408660402549023, 2.4252632844802373, 0.8559990654778977, 2.632580823688027, 0.8599530809614406, 2.517283262685408, 0.8192484730061014]",2.4151799078159355,0.8559990654778977,"[2.40967576 2.40967576 2.40967576 2.40967576 2.40967576 0.86207424
 1.12341683 0.9468185  0.8559005  0.6654754 ]",2.409675762866846,0.8620742360644783,5,12,65,6.727902173995972,1,774.0,0.0,0.0,736,gnm,36,12,65,10.8333,0.9848,0.1667,-0.1818,0.9351614947955353
known,static_conjecture,barabasi_737,7.923703437627297,"[2.5665690021122725, 2.1440975181498674, 1.928613323969493, 2.407041060738348, 2.551957585565972, 1.4753047888551563, 2.828573729757925, 2.9478171246959257, 1.9854044750130229, 1.7838705840328009]",2.5665690021122725,1.4753047888551565,"[2.28139837 2.28139837 2.28139837 2.28139837 2.28139837 0.86207424
 1.12341683 0.9468185  0.8559005  0.6654754 ]",2.281398371365477,0.8620742360644783,5,10,9,4.503618478775024,1,1526.0,0.0,0.0,737,barabasi,9,10,9,1.8,0.0,0.5,-0.2203,0.8804114930696997
known,static_conjecture,regular_738,14.981018886714905,"[3.02086285382467, 0.9967722844501818, 3.010517644641293, 2.7528230229828674, 0.6415061021250725, 2.094226178081164, 3.110491454749422, 2.6285295690692507, 1.7796439088311502, 0.7493992932023152]",3.02086285382467,2.094226178081164,"[3.14159265 3.14159265 3.14159265 3.14159265 3.14159265 0.86207424
 1.12341683 0.9468185  0.8559005  0.6654754 ]",3.141592653589793,0.8620742360644783,5,17,17,4.4745869636535645,1,1199.0,0.0,0.0,738,regular,16,17,17,2.0,0.0,0.4706,0.0,0.9363136804196815
known,static_conjecture,barabasi_739,21.18655959868184,"[1.730792923817679, 2.6764794672464833, 0.3567943420051271, 3.1149312551944415, 1.2604495901301782, 1.211846212674417, 2.9351502771482805, 2.5511666011684557, 2.243753010297744, 1.9663113637801959]",1.730792923817679,1.211846212674417,"[1.56141975 1.56141975 1.56141975 1.56141975 1.56141975 0.86207424
 1.12341683 0.9468185  0.8559005  0.6654754 ]",1.5614197530864198,0.8620742360644783,5,18,32,6.1758012771606445,1,934.0,0.0,0.0,739,barabasi,24,18,32,3.5556,0.4882,0.4444,-0.3219,0.8827733166117433
known,static_conjecture,barabasi_740,11.862270277400713,"[1.3983400242876707, 2.391917455582595, 1.6794046123817932, 1.4824864464904168, 0.0982395765264347, 0.35069835719403875, 3.0565723076342026, 1.9469399955689144, 1.5199624760061687, 1.2701171592714613]",1.398340024287671,0.3506983571940387,"[1.55929705 1.55929705 1.55929705 1.55929705 1.55929705 0.86207424
 1.12341683 0.9468185  0.8559005  0.6654754 ]",1.559297052154195,0.8620742360644783,5,14,13,2.4542453289031982,1,935.0,0.0,0.0,740,barabasi,13,14,13,1.8571,0.0,0.7143,-0.651,0.912482329030824
known,static_conjecture,regular_741,23.842322579400665,"[2.9746459035886232, 2.039383763745956, 2.9765904692119425, 2.8655163020210876, 1.7553344305859206, 0.24142060863484135, 1.7302918415860873, 2.1196136621734833, 1.4191507632452196, 0.6856998293795706]",2.9746459035886232,0.2414206086348413,"[3.14159265 3.14159265 3.14159265 3.14159265 3.14159265 0.86207424
 1.12341683 0.9468185  0.8559005  0.6654754 ]",3.141592653589793,0.8620742360644783,5,16,32,6.686983823776245,1,1253.0,0.0,0.0,741,regular,26,16,32,4.0,0.0625,0.375,0.0,0.9170124069000256
known,static_conjecture,watts_742,28.10255084217536,"[2.9809333465568635, 2.7302246876298506, 1.656206141666174, 2.1964160826815524, 1.5714718945195196, 0.49806026635323686, 2.6575055292690895, 0.7936651196478491, 2.3658623713926117, 0.7911034857727871]",2.9809333465568635,0.4980602663532368,"[1.67125087 1.67125087 1.67125087 1.67125087 1.67125087 0.86207424
 1.12341683 0.9468185  0.8559005  0.6654754 ]",1.671250872249442,0.8620742360644783,5,20,40,7.29413914680481,1,661.0,0.0,0.0,742,watts,32,20,40,4.0,0.2317,0.35,0.1063,0.87820471381798
known,static_conjecture,gnm_743,7.798876171760639,"[1.5920559965926335, 2.961049693279912, 1.4911169655301983, 1.7702898390951365, 2.0345783736416285, 0.3798250269464888, 3.117057789904025, 1.780966758276937, 1.59068567464129, 1.3734755844342126]",1.5920559965926335,0.3798250269464888,"[1.82079633 1.82079633 1.82079633 1.82079633 1.82079633 0.86207424
 1.12341683 0.9468185  0.8559005  0.6654754 ]",1.8207963267948968,0.8620742360644783,5,7,12,1.457869291305542,1,729.0,0.0,0.0,743,gnm,9,7,12,3.4286,0.7952,0.4286,-0.5185,0.8665417968622933
known,static_conjecture,barabasi_744,19.138998785709067,"[1.6210071370625103, 2.9337577292457753, 0.4417351758781878, 2.642301283727522, 1.6361722952199917, 1.0401461876306102, 1.727170246218967, 1.3596226162574108, 1.0424329788250573, 0.6845871195900897]",1.6210071370625103,1.0401461876306102,"[1.56082899 1.56082899 1.56082899 1.56082899 1.56082899 0.86207424
 1.12341683 0.9468185  0.8559005  0.6654754 ]",1.5608289930555557,0.8620742360644783,5,16,28,5.194404125213623,1,893.0,0.0,0.0,744,barabasi,24,16,28,3.5,0.2536,0.4375,-0.4176,0.7974582827378778
known,static_conjecture,barabasi_745,8.786340142235032,"[1.5867382603974005, 1.8738146517561252, 1.1203222855068706, 2.468228533251774, 0.44202642317997864, 0.8196532685268142, 2.640626727630198, 1.6806999900219708, 1.27799826180072, 1.318285043047056]",1.5867382603974003,0.8196532685268142,"[1.55371901 1.55371901 1.55371901 1.55371901 1.55371901 0.86207424
 1.12341683 0.9468185  0.8559005  0.6654754 ]",1.5537190082644627,0.8620742360644783,5,11,10,2.976904392242432,1,797.0,0.0,0.0,745,barabasi,10,11,10,1.8182,0.0,0.5455,-0.3248,0.8786340142235032
known,static_conjecture,regular_746,19.61853516754708,"[2.8449483760973555, 1.8299193423315645, 1.829134276347874, 1.944322168599077, 1.9618552957809698, 1.4065239973790458, 2.2052794342087534, 2.6404562455632803, 2.7488754681542567, 1.3504003988821283]",2.8449483760973555,1.4065239973790458,"[1.97142857 1.97142857 1.97142857 1.97142857 1.97142857 0.86207424
 1.12341683 0.9468185  0.8559005  0.6654754 ]",1.971428571428571,0.8620742360644783,5,13,26,6.5136682987213135,1,1199.0,0.0,0.0,746,regular,22,13,26,4.0,0.2692,0.3077,0.0,0.8917515985248673
known,static_conjecture,watts_747,10.375184638823455,"[1.9300046408420353, 1.6692228184305717, 0.21886190592502092, 2.6998557554256237, 0.8030727847802206, 1.500182207248396, 2.297397867808602, 1.3724895397410388, 2.014172345100525, 1.340570337718257]",1.9300046408420355,1.500182207248396,"[1.54166667 1.54166667 1.54166667 1.54166667 1.54166667 0.86207424
 1.12341683 0.9468185  0.8559005  0.6654754 ]",1.541666666666667,0.8620742360644783,5,12,12,2.676652431488037,1,905.0,0.0,0.0,747,watts,11,12,12,2.0,0.0,0.5,-0.5652,0.943198603529405
known,static_conjecture,watts_748,5.986356794908261,"[1.3115337939317313, 1.5135551365625017, 1.6895043095529014, 2.3715458625304415, 1.66949240352274, 1.5210664365208926, 2.1587872866399245, 1.7170934783010192, 1.6867895074481356, 0.3533697023272734]",1.3115337939317313,1.5210664365208926,"[1.48238815 1.48238815 1.48238815 1.48238815 1.48238815 0.86207424
 1.12341683 0.9468185  0.8559005  0.6654754 ]",1.482388147566719,0.8620742360644783,5,7,7,4.274585723876953,1,2075.0,0.0,0.0,748,watts,7,7,7,2.0,0.0,0.4286,-0.1667,0.8551938278440373
known,static_conjecture,watts_749,24.19850441532922,"[2.9724340783833982, 2.7108201644634766, 1.6693687643939112, 1.5935850379546599, 1.5729897977954534, 0.508904984669597, 2.690831326053215, 0.7576201680856283, 2.350006661496689, 0.8054665139936241]",2.9724340783833982,0.508904984669597,"[1.66123357 1.66123357 1.66123357 1.66123357 1.66123357 0.86207424
 1.12341683 0.9468185  0.8559005  0.6654754 ]",1.6612335712113795,0.8620742360644783,5,17,34,6.339430570602417,1,893.0,0.0,0.0,749,watts,27,17,34,4.0,0.3451,0.3529,-0.0303,0.8962409042714526
known,static_conjecture,gnm_750,27.988075833723013,"[2.9214890692676154, 3.060100756684839, 1.792609606727311, 1.4387368550721322, 1.8292543862837651, 0.3264836201463126, 2.414594307347625, 1.6019152161040628, 0.8441055534169613, -0.03494281027649475]",2.9214890692676154,0.3264836201463126,"[1.88321672 1.88321672 1.88321672 1.88321672 1.88321672 0.86207424
 1.12341683 0.9468185  0.8559005  0.6654754 ]",1.8832167221114464,0.8620742360644783,5,15,43,10.370930433273315,1,1190.0,0.0,0.0,750,gnm,33,15,43,5.7333,0.3839,0.3333,-0.1794,0.8481235101128186
known,static_conjecture,barabasi_751,11.693276563702284,"[0.7061732685441028, 2.529513964889544, 0.3583159690140565, 2.960220318062968, 0.8606395896338876, 1.3501669547059563, 3.140806635552222, 2.9113338668277526, 1.3857771601081998, 1.2980276312730192]",0.7061732685441028,1.3501669547059565,"[1.55555556 1.55555556 1.55555556 1.55555556 1.55555556 0.86207424
 1.12341683 0.9468185  0.8559005  0.6654754 ]",1.5555555555555556,0.8620742360644783,5,15,14,5.608867645263672,1,1477.0,0.0,0.0,751,barabasi,14,15,14,1.8667,0.0,0.6667,-0.614,0.8352340402644488
known,static_conjecture,gnm_752,27.139155454860926,"[2.867057577120727, 2.6556245479803477, 2.3112808894482066, 2.2830054410853258, 2.253978056912087, 1.1628801491887701, 1.574844147175443, 1.5555165148575352, 1.5758500583005661, 0.7587390428964079]",2.867057577120727,1.16288014918877,"[2.24669077 2.24669077 2.24669077 2.24669077 2.24669077 0.86207424
 1.12341683 0.9468185  0.8559005  0.6654754 ]",2.246690773348813,0.8620742360644783,5,17,43,6.630767583847046,1,750.0,0.0,0.0,752,gnm,31,17,43,5.0588,0.4363,0.2941,-0.1643,0.8754566275761589
known,static_conjecture,regular_753,9.228907574288314,"[1.2368977915807275, 1.6743607180102826, 2.3186367073061565, 3.021993572634005, 1.5647444709207528, 0.5233757411655191, 2.3508791357525256, 2.6552671937685672, 0.8072446443792868, 0.0747230308525951]",1.2368977915807275,0.5233757411655191,"[1.55020243 1.55020243 1.55020243 1.55020243 1.55020243 0.86207424
 1.12341683 0.9468185  0.8559005  0.6654754 ]",1.5502024291497978,0.8620742360644783,5,8,12,3.0339183807373047,1,1333.0,0.0,0.0,753,regular,10,8,12,3.0,0.25,0.375,0.0,0.9228907574288314
known,static_conjecture,regular_754,15.597212140552198,"[2.9758994666241767, 1.3745859101963946, 1.7650770308625794, 2.1375146394003073, 2.470877714923358, 0.5329439508207422, 2.1961100715790676, 1.8793598332025208, 1.5620470198400627, 0.8494012770772779]",2.9758994666241767,0.5329439508207422,"[1.97142857 1.97142857 1.97142857 1.97142857 1.97142857 0.86207424
 1.12341683 0.9468185  0.8559005  0.6654754 ]",1.971428571428571,0.8620742360644783,5,11,22,5.067443132400513,1,1759.0,0.0,0.0,754,regular,16,11,22,4.0,0.1818,0.3636,0.0,0.9748257587845124
known,static_conjecture,barabasi_755,19.166949056721837,"[1.4782548159771034, 2.0074301117851077, 1.423042085297937, 3.020849473544571, 1.7103681299560356, 1.329514951147176, 1.9424747113407226, 1.3768612924748864, 1.6942176278459493, 0.8210871316867686]",1.4782548159771034,1.329514951147176,"[1.56082899 1.56082899 1.56082899 1.56082899 1.56082899 0.86207424
 1.12341683 0.9468185  0.8559005  0.6654754 ]",1.5608289930555557,0.8620742360644783,5,16,28,7.066468954086304,1,1216.0,0.0,0.0,755,barabasi,23,16,28,3.5,0.403,0.4375,-0.2798,0.833345611161819
known,static_conjecture,barabasi_756,19.29096151048388,"[1.6994605114289851, 3.068550843700387, 1.7808446726560305, 2.5679050107970633, 1.63017198961086, 0.32389294111732225, 2.4497087654753877, 1.392103926567156, 1.840103336703137, 1.4878528253160623]",1.6994605114289851,0.3238929411173222,"[1.55442708 1.55442708 1.55442708 1.55442708 1.55442708 0.86207424
 1.12341683 0.9468185  0.8559005  0.6654754 ]",1.5544270833333331,0.8620742360644783,5,16,28,8.526497602462769,1,1421.0,0.0,0.0,756,barabasi,23,16,28,3.5,0.2507,0.375,-0.2142,0.83873745697756
known,static_conjecture,watts_757,5.38456190218767,"[0.6426382979780859, 3.1090841666309394, 1.5924010808209519, 2.972998925904009, 1.4362816337758175, 1.9496699806124154, 1.5356131443269045, 1.810737058894761, 2.979580938210649, 0.9308619063681378]",0.6426382979780859,1.9496699806124156,"[1.4696821  1.4696821  1.4696821  1.4696821  1.4696821  0.86207424
 1.12341683 0.9468185  0.8559005  0.6654754 ]",1.469682103610675,0.8620742360644783,5,7,7,2.1252782344818115,1,1418.0,0.0,0.0,757,watts,6,7,7,2.0,0.2381,0.5714,-0.1667,0.897426983697945
known,static_conjecture,regular_758,10.792069585029529,"[2.379571471061353, 2.2741071749515758, 2.029573039806136, 2.8576638331853896, -2.0723670123978604, 0.23538660436567854, 2.9142777339682113, 2.209166673358452, 1.8532615723671118, 1.1516163651651181]",2.379571471061353,0.2353866043656785,"[1.53632918 1.53632918 1.53632918 1.53632918 1.53632918 0.86207424
 1.12341683 0.9468185  0.8559005  0.6654754 ]",1.5363291750727188,0.8620742360644783,5,12,12,3.333254814147949,1,1287.0,0.0,0.0,758,regular,12,12,12,2.0,0.0,0.4167,0.0,0.8993391320857941
known,static_conjecture,watts_759,14.450261681704472,"[1.1757428445665308, 1.908825216131785, 0.16057908881845165, 3.0045142090553982, 1.5873164028582998, 1.3827011156832354, 2.586157920102738, 2.161929136935869, 2.064373383047984, 0.1296544465223871]",1.1757428445665308,1.3827011156832354,"[1.54166667 1.54166667 1.54166667 1.54166667 1.54166667 0.86207424
 1.12341683 0.9468185  0.8559005  0.6654754 ]",1.541666666666667,0.8620742360644783,5,11,22,4.144152402877808,1,1219.0,0.0,0.0,759,watts,16,11,22,4.0,0.4667,0.2727,-0.0115,0.9031413551065295
known,static_conjecture,barabasi_760,15.911345187708395,"[2.768520972858755, 1.9049061732998451, 1.3605976145131655, 1.4353687984548475, 2.376168900489291, 1.1247307143802843, 1.7467522047926314, 2.3852532139614393, 1.3176906124805559, 1.3856933039588308]",2.768520972858755,1.1247307143802845,"[1.9214899  1.9214899  1.9214899  1.9214899  1.9214899  0.86207424
 1.12341683 0.9468185  0.8559005  0.6654754 ]",1.9214898989898987,0.8620742360644783,5,20,19,4.8259687423706055,1,1187.0,0.0,0.0,760,barabasi,19,20,19,1.9,0.0,0.5,-0.248,0.8374392204057051
known,static_conjecture,regular_761,17.591237676998784,"[2.8978817154005307, 2.378998655854918, 1.5713225159970174, 2.4220110541840887, 2.051671792858497, 1.0203298516712875, 3.130425857563381, 3.1337730353372977, 2.432052523137208, 1.3546705056509782]",2.8978817154005307,1.0203298516712875,"[1.97142857 1.97142857 1.97142857 1.97142857 1.97142857 0.86207424
 1.12341683 0.9468185  0.8559005  0.6654754 ]",1.971428571428571,0.8620742360644783,5,12,24,3.5028109550476074,1,894.0,0.0,0.0,761,regular,20,12,24,4.0,0.0833,0.3333,0.0,0.8795618838499392
known,static_conjecture,regular_762,20.0249680329984,"[2.9568743469401735, 2.217651279891235, 2.1563367775916245, 2.388964790315841, 1.9199252756972334, 0.5100983197802508, 1.5940125707980584, 1.9564941293158773, 1.5734509929630605, 0.21606446557680123]",2.956874346940173,0.5100983197802508,"[1.97142857 1.97142857 1.97142857 1.97142857 1.97142857 0.86207424
 1.12341683 0.9468185  0.8559005  0.6654754 ]",1.971428571428571,0.8620742360644783,5,14,28,3.9148759841918954,1,737.0,0.0,0.0,762,regular,22,14,28,4.0,0.3929,0.2857,0.0,0.9102258196817455
known,static_conjecture,barabasi_763,4.97298954649159,"[3.0419351193232336, 2.315564262336488, 2.7502043825750624, 2.2688747002828658, 2.4492522481431465, 0.36313595520800845, 1.9407491529252936, 1.7101335256815315, 1.3049443015632507, -0.01897240278288828]",3.0419351193232336,0.3631359552080084,"[2.19780229 2.19780229 2.19780229 2.19780229 2.19780229 0.86207424
 1.12341683 0.9468185  0.8559005  0.6654754 ]",2.197802286579731,0.8620742360644783,5,6,5,4.135590076446533,1,1391.0,0.0,0.0,763,barabasi,5,6,5,1.6667,0.0,0.8333,-1.0,0.9945979092983179
known,static_conjecture,gnm_764,28.843341307401264,"[2.9660692171103653, 1.9552540148642379, 2.4194880342735403, 2.119180230685271, 2.56011114514887, 1.047952152639718, 1.4512802650680028, 0.7279178808558937, 1.5732930361573572, 0.966464340225519]",2.9660692171103653,1.047952152639718,"[2.14197983 2.14197983 2.14197983 2.14197983 2.14197983 0.86207424
 1.12341683 0.9468185  0.8559005  0.6654754 ]",2.1419798261184817,0.8620742360644783,5,14,56,10.11433744430542,1,1014.0,0.0,0.0,764,gnm,38,14,56,8.0,0.6032,0.2857,-0.0439,0.7590352975631912
known,static_conjecture,watts_765,16.931011454099124,"[1.4143313563659334, 3.1415798148734435, 1.412101351927532, 3.1415926534305822, 1.6451101099830105, 0.5890393168536856, 2.9862177192124957, 2.6805393876583485, 2.401861505878678, 1.3031257540817416]",1.4143313563659334,0.5890393168536856,"[1.54166667 1.54166667 1.54166667 1.54166667 1.54166667 0.86207424
 1.12341683 0.9468185  0.8559005  0.6654754 ]",1.541666666666667,0.8620742360644783,5,13,26,4.329326868057251,1,884.0,0.0,0.0,765,watts,22,13,26,4.0,0.2333,0.3846,-0.2251,0.7695914297317784
known,static_conjecture,barabasi_766,13.981659440281533,"[1.5587252643951166, 2.9543831679353834, 1.5641249935120465, 2.77594582994725, 1.564742080569296, 0.994480349830811, 3.1069060446731678, 2.051940863585184, 1.855999615962847, 1.5287990769806132]",1.5587252643951166,0.994480349830811,"[1.63049872 1.63049872 1.63049872 1.63049872 1.63049872 0.86207424
 1.12341683 0.9468185  0.8559005  0.6654754 ]",1.6304987170306722,0.8620742360644783,5,12,20,1.9760746955871584,1,933.0,0.0,0.0,766,barabasi,17,12,20,3.3333,0.4369,0.4167,-0.4671,0.8224505553106783
known,static_conjecture,gnm_767,24.206648977464504,"[1.457110106853704, 3.1415408968041714, 2.9784371213389935, 2.0556964499901476, 1.8600258681603967, 0.13327344314099082, 3.140149440104033, 1.6179374280347067, 1.2634508242515974, 1.3634745034465818]",1.457110106853704,0.1332734431409908,"[2.17836709 2.17836709 2.17836709 2.17836709 2.17836709 0.86207424
 1.12341683 0.9468185  0.8559005  0.6654754 ]",2.1783670893571103,0.8620742360644783,5,12,40,10.042388677597046,1,1525.0,0.0,0.0,767,gnm,28,12,40,6.6667,0.6294,0.25,-0.2767,0.8645231777665894
known,static_conjecture,barabasi_768,16.01224121493883,"[2.96763394849015, 1.9182402066725965, 3.0842950955400905, 1.9224309099271002, 2.1213042213510915, 1.8361241899005778, 1.9494639929051503, 1.425578443599868, 1.333775253930011, 0.19536176760312352]",2.96763394849015,1.8361241899005776,"[2.06305556 2.06305556 2.06305556 2.06305556 2.06305556 0.86207424
 1.12341683 0.9468185  0.8559005  0.6654754 ]",2.063055555555556,0.8620742360644783,5,20,19,5.699030160903931,1,1020.0,0.0,0.0,768,barabasi,19,20,19,1.9,0.0,0.7,-0.4871,0.8427495376283595
known,static_conjecture,regular_769,9.85322280094988,"[2.8706714580383874, 1.6680045913979282, 2.554228821811038, 1.7217217465525327, 1.509324051215903, 1.2380406847235916, 2.467902971805782, 1.2391303734594203, 1.7615716341832388, 0.4077579221156651]",2.8706714580383874,1.2380406847235916,"[1.56614833 1.56614833 1.56614833 1.56614833 1.56614833 0.86207424
 1.12341683 0.9468185  0.8559005  0.6654754 ]",1.5661483253588515,0.8620742360644783,5,7,14,3.310227632522583,1,1734.0,0.0,0.0,769,regular,10,7,14,4.0,0.5,0.2857,0.0,0.9853222800949879
known,static_conjecture,gnm_770,15.14598026726162,"[1.8014664895958552, 1.8358688396912397, 2.7104259433889943, 1.9140801013455075, 2.653775088875504, 1.0274717090620957, 2.3976799405091755, 0.9166445745603096, 2.2905948152880162, 0.619985420532743]",1.8014664895958552,1.0274717090620955,"[1.85651061 1.85651061 1.85651061 1.85651061 1.85651061 0.86207424
 1.12341683 0.9468185  0.8559005  0.6654754 ]",1.856510612509182,0.8620742360644783,5,8,27,3.624356269836426,1,933.0,0.0,0.0,770,gnm,16,8,27,6.75,0.9643,0.25,-0.2857,0.9466237667038513
known,static_conjecture,gnm_771,7.000456113015389,"[1.7076361938905158, 1.1871089165583215, 3.141584774612354, 2.7398855788475203, 1.5754202685592098, 0.22506771904244918, 2.322379519298117, 1.2980338602382309, 1.8892584677924968, 1.6041251153686464]",1.7076361938905158,0.2250677190424491,"[1.82079633 1.82079633 1.82079633 1.82079633 1.82079633 0.86207424
 1.12341683 0.9468185  0.8559005  0.6654754 ]",1.8207963267948968,0.8620742360644783,5,7,9,2.697998285293579,1,1596.0,0.0,0.0,771,gnm,8,7,9,2.5714,0.2048,0.5714,-0.6791,0.8750570141269236
known,static_conjecture,barabasi_772,30.02070460073055,"[2.8982237139957308, 2.847729010413633, 1.9311628834698, 1.9271765414399482, 1.5738741607789148, 1.1272032277013513, 1.583609027238402, 0.7853358139186577, 0.8326473551439626, 0.8062231394620538]",2.8982237139957308,1.1272032277013513,"[1.84288942 1.84288942 1.84288942 1.84288942 1.84288942 0.86207424
 1.12341683 0.9468185  0.8559005  0.6654754 ]",1.842889420520999,0.8620742360644783,5,19,48,10.26767349243164,1,946.0,0.0,0.0,772,barabasi,36,19,48,5.0526,0.4772,0.4211,-0.3375,0.8339084611314042
known,static_conjecture,gnm_773,8.772100178422988,"[2.811877602783243, 1.9470974131950913, 1.7522558845631557, 2.0306402018740206, 1.6959993912961357, 1.0453693940643727, 2.281715980982339, 0.7772831390296666, 1.5684349069478771, 0.7374848461730287]",2.811877602783243,1.045369394064373,"[1.85651061 1.85651061 1.85651061 1.85651061 1.85651061 0.86207424
 1.12341683 0.9468185  0.8559005  0.6654754 ]",1.856510612509182,0.8620742360644783,5,6,14,2.0598506927490234,1,1221.0,0.0,0.0,773,gnm,9,6,14,4.6667,0.9333,0.3333,-0.4,0.9746777976025542
known,static_conjecture,gnm_774,9.08384737012966,"[2.973304990003695, 1.6648917513273527, 2.1944135761175976, 2.1395390377778947, 0.8851919061864983, 0.7359302153378435, 2.6418193588745975, 1.9766516698971646, 1.4723183655266865, 0.8495434369951076]",2.973304990003695,0.7359302153378435,"[1.82079633 1.82079633 1.82079633 1.82079633 1.82079633 0.86207424
 1.12341683 0.9468185  0.8559005  0.6654754 ]",1.8207963267948968,0.8620742360644783,5,7,13,4.623824834823608,1,2407.0,0.0,0.0,774,gnm,10,7,13,3.7143,0.619,0.2857,-0.0833,0.9083847370129661
known,static_conjecture,barabasi_775,7.399495432590018,"[2.9202279059428946, 2.7102101806069134, 3.1411219469599607, 2.6470525201908206, 2.6220944815978995, 2.1184898454690373, 3.139791527031746, 0.3975160999900311, 1.8403382273259425, 1.7384811384989214]",2.9202279059428946,2.1184898454690373,"[2.18690907 2.18690907 2.18690907 2.18690907 2.18690907 0.86207424
 1.12341683 0.9468185  0.8559005  0.6654754 ]",2.1869090704617022,0.8620742360644783,5,9,8,7.029612064361572,1,1870.0,0.0,0.0,775,barabasi,8,9,8,1.7778,0.0,0.6667,-0.7471,0.9249369290737522
known,static_conjecture,barabasi_776,9.29792530150138,"[1.6318794286250156, 1.8546189552915848, 2.11696076849957, 1.7315833334713588, 1.5039910325402002, 1.180551276096859, 1.1393391013932632, 1.1025706363130023, 1.3075391109483845, 0.553974878216356]",1.6318794286250156,1.180551276096859,"[1.56203704 1.56203704 1.56203704 1.56203704 1.56203704 0.86207424
 1.12341683 0.9468185  0.8559005  0.6654754 ]",1.5620370370370371,0.8620742360644783,5,12,11,2.2280802726745605,1,826.0,0.0,0.0,776,barabasi,11,12,11,1.8333,0.0,0.5,-0.5203,0.8452659365001254
known,static_conjecture,watts_777,23.820041087746173,"[3.1415508901035736, 2.8170058366670894, 1.6780420211107512, 1.3560458802946886, 1.5632139671644505, 1.2991272154294187, 2.724403696139726, 0.7861106027378237, 2.357852336230147, 0.7606292633433991]",3.1415508901035736,1.299127215429419,"[1.72736198 1.72736198 1.72736198 1.72736198 1.72736198 0.86207424
 1.12341683 0.9468185  0.8559005  0.6654754 ]",1.7273619833605531,0.8620742360644783,5,18,36,7.619361400604248,1,1124.0,0.0,0.0,777,watts,27,18,36,4.0,0.4037,0.3333,0.1489,0.882223743990599
known,static_conjecture,watts_778,10.42155617685421,"[1.742413516760769, 2.9918245368869782, 1.2250825953427804, 3.141270847400098, 1.1586553447507777, 0.3994819797348491, 2.8778864103142876, 2.192895259818565, 2.821535913375901, 1.42274562171681]",1.742413516760769,0.3994819797348491,"[1.53033274 1.53033274 1.53033274 1.53033274 1.53033274 0.86207424
 1.12341683 0.9468185  0.8559005  0.6654754 ]",1.5303327429149798,0.8620742360644783,5,8,16,2.6531097888946533,1,1207.0,0.0,0.0,778,watts,12,8,16,4.0,0.5375,0.375,-0.3061,0.8684630147378508
known,static_conjecture,gnm_779,43.25839620551932,"[2.4525189209876554, 2.3914947573094887, 2.804885423199842, 2.301640609245979, 0.8735898949165569, 1.574408488698328, 2.916698951999948, 2.4040438374821305, 1.5672348904314972, 0.9513873636435741]",2.4525189209876554,1.574408488698328,"[2.29445236 2.29445236 2.29445236 2.29445236 2.29445236 0.86207424
 1.12341683 0.9468185  0.8559005  0.6654754 ]",2.294452357337889,0.8620742360644783,5,15,79,12.55659031867981,1,1048.0,0.0,0.0,779,gnm,48,15,79,10.5333,0.759,0.2,-0.1261,0.9012165876149858
known,static_conjecture,regular_780,20.20862033947394,"[2.852592277377935, 1.6794577431943085, 1.6183993555743648, 2.0973882387712686, 2.0879209394734795, 1.1977254732452038, 2.656145045439077, -0.15093769586222266, 1.6117585920600512, 0.26741584137369595]",2.852592277377935,1.1977254732452038,"[1.97142857 1.97142857 1.97142857 1.97142857 1.97142857 0.86207424
 1.12341683 0.9468185  0.8559005  0.6654754 ]",1.971428571428571,0.8620742360644783,5,14,28,9.28028416633606,1,1873.0,0.0,0.0,780,regular,22,14,28,4.0,0.2143,0.3571,0.0,0.91857365179427
known,static_conjecture,watts_781,10.944081506313887,"[3.0068107007408527, 0.33049208015748854, 0.6947100174891003, 3.018073044187074, 2.3214338438610027, 1.834491161827388, 2.602027060745813, 0.361223596702155, 1.0098001653162525, 0.15130081584428437]",3.0068107007408527,1.834491161827388,"[1.54166667 1.54166667 1.54166667 1.54166667 1.54166667 0.86207424
 1.12341683 0.9468185  0.8559005  0.6654754 ]",1.541666666666667,0.8620742360644783,5,13,13,6.614802122116089,1,2163.0,0.0,0.0,781,watts,12,13,13,2.0,0.0,0.5385,-0.625,0.912006792192824
known,static_conjecture,watts_782,8.994244040735301,"[1.577359910289744, 1.8991322554847163, 2.53787594464639, 1.802597764814175, 1.4772974296760746, 0.8433322713496914, 1.2798926860100641, 0.8424013356588109, 1.5293189347920495, 0.9295559705561272]",1.577359910289744,0.8433322713496914,"[1.54166667 1.54166667 1.54166667 1.54166667 1.54166667 0.86207424
 1.12341683 0.9468185  0.8559005  0.6654754 ]",1.541666666666667,0.8620742360644783,5,11,11,3.026285171508789,1,1063.0,0.0,0.0,782,watts,10,11,11,2.0,0.0,0.4545,-0.3509,0.8994244040735302
known,static_conjecture,barabasi_783,8.460624392788013,"[1.8514035557895894, 1.606806042831757, 1.6075723731260703, 2.020542005006906, 0.9904192770124941, 0.9574723537574432, 2.69735666431641, 2.2689607706076678, 1.2503034539590319, 1.3692235171255382]",1.8514035557895892,0.9574723537574432,"[1.55165289 1.55165289 1.55165289 1.55165289 1.55165289 0.86207424
 1.12341683 0.9468185  0.8559005  0.6654754 ]",1.5516528925619837,0.8620742360644783,5,11,10,4.472316026687622,1,1222.0,0.0,0.0,783,barabasi,10,11,10,1.8182,0.0,0.6364,-0.4855,0.8460624392788013
known,static_conjecture,gnm_784,15.565629039532505,"[1.724705692655561, 1.6364473869550644, 1.4483148689079304, 1.1534122696402413, 3.141583349952861, 1.6653575031810877, 2.949616569267527, 3.06953585033728, 2.1305701845468192, 1.249860449398302]",1.724705692655561,1.6653575031810877,"[1.90977385 1.90977385 1.90977385 1.90977385 1.90977385 0.86207424
 1.12341683 0.9468185  0.8559005  0.6654754 ]",1.909773850949688,0.8620742360644783,5,11,24,3.0397050380706787,1,673.0,0.0,0.0,784,gnm,18,11,24,4.3636,0.3727,0.2727,0.1362,0.864757168862917
known,static_conjecture,watts_785,11.22956933483593,"[1.7924331821360617, -0.02417198083955957, 1.845405720118365, 2.9777617548898894, 2.251238211395436, 3.004965446328928, 1.8526600159661446, 0.433391866707079, 2.4028402579151824, 1.7513875097372225]",1.7924331821360615,3.004965446328928,"[1.54166667 1.54166667 1.54166667 1.54166667 1.54166667 0.86207424
 1.12341683 0.9468185  0.8559005  0.6654754 ]",1.541666666666667,0.8620742360644783,5,14,14,7.43473219871521,1,1936.0,0.0,0.0,785,watts,13,14,14,2.0,0.1667,0.4286,-0.1667,0.8638130257566099
known,static_conjecture,regular_786,11.438433599838271,"[2.102682118011065, 2.4487743172437715, 1.805290242950373, 1.562561783878873, 1.7061651496336525, 1.2705015991771973, 2.4069012060124404, 0.6206218217335366, 2.04351475588685, 1.3632655022643672]",2.102682118011065,1.2705015991771973,"[1.64880013 1.64880013 1.64880013 1.64880013 1.64880013 0.86207424
 1.12341683 0.9468185  0.8559005  0.6654754 ]",1.648800131492439,0.8620742360644783,5,13,13,3.3734145164489746,1,986.0,0.0,0.0,786,regular,12,13,13,2.0,0.0,0.3846,0.0,0.9532027999865226
known,static_conjecture,gnm_787,8.553535915467364,"[1.4478526684464796, 2.8055114730544757, 2.7683696551327888, 1.6788674587998913, 2.0689744335688163, 0.485995923097133, 2.440321601883921, 1.9660340036134105, 2.031517593735029, 0.7091944267107462]",1.4478526684464796,0.485995923097133,"[1.85651061 1.85651061 1.85651061 1.85651061 1.85651061 0.86207424
 1.12341683 0.9468185  0.8559005  0.6654754 ]",1.856510612509182,0.8620742360644783,5,6,13,3.1692233085632324,1,1399.0,0.0,0.0,787,gnm,9,6,13,4.3333,0.9,0.3333,-0.4444,0.9503928794963739
known,static_conjecture,watts_788,20.31562571215761,"[1.8542093437752802, 3.0966946138769433, 1.0972858386252033, 2.7545406800615932, 2.0858155736376305, 1.6996651997749481, 2.8562792233604153, 1.991368710011868, 1.7873110010117421, -0.11671042250005463]",1.85420934377528,1.699665199774948,"[1.54166667 1.54166667 1.54166667 1.54166667 1.54166667 0.86207424
 1.12341683 0.9468185  0.8559005  0.6654754 ]",1.541666666666667,0.8620742360644783,5,15,30,10.27512502670288,1,1836.0,0.0,0.0,788,watts,24,15,30,4.0,0.4444,0.3333,0.0253,0.8464844046732337
known,static_conjecture,gnm_789,47.53963346941318,"[2.3056138637403096, 2.3722034563672416, 2.536866690164596, 2.3493221890190727, 2.3115265973569286, 1.0230769383815224, 1.4672895385125928, 1.240428273578591, 1.0559666103076952, 0.7637065796778615]",2.3056138637403096,1.0230769383815224,"[2.29228309 2.29228309 2.29228309 2.29228309 2.29228309 0.86207424
 1.12341683 0.9468185  0.8559005  0.6654754 ]",2.292283092978221,0.8620742360644783,5,18,95,8.886505842208862,1,489.0,0.0,0.0,789,gnm,61,18,95,10.5556,0.5986,0.2222,-0.082,0.7793382535969374
known,static_conjecture,barabasi_790,6.501570352976184,"[2.8903164697685675, 2.6642967300113805, 2.649633312931026, 2.6210767422341252, 3.1415543256307528, 0.5543583731435646, 1.9788118386886095, 1.8407997062997903, 1.2506736495860857, 2.0728340556031295]",2.8903164697685675,0.5543583731435646,"[2.28139837 2.28139837 2.28139837 2.28139837 2.28139837 0.86207424
 1.12341683 0.9468185  0.8559005  0.6654754 ]",2.281398371365477,0.8620742360644783,5,8,7,3.198939800262451,1,3531.0,0.0,0.0,790,barabasi,7,8,7,1.75,0.0,0.5,-0.4848,0.9287957647108834
known,static_conjecture,gnm_791,12.701252320053754,"[2.2384645392465563, 1.7823388425609097, 1.998718235326956, 1.8340266942409946, 1.577713243883016, 1.2142642203525005, 2.2004266225358475, 1.8453988664459937, 1.5677855277237522, 1.2673575822614391]",2.2384645392465563,1.2142642203525005,"[1.85651061 1.85651061 1.85651061 1.85651061 1.85651061 0.86207424
 1.12341683 0.9468185  0.8559005  0.6654754 ]",1.856510612509182,0.8620742360644783,5,8,24,3.217346668243408,1,894.0,0.0,0.0,791,gnm,15,8,24,6.0,0.8702,0.25,-0.305,0.8467501546702503
known,static_conjecture,barabasi_792,15.542191915220618,"[2.9052507253834667, 2.282943305390991, 3.141071612434356, 1.689828588197571, 1.7787764388950416, 1.953108579701216, 1.855549751410566, 1.4630655228714513, 1.3903935407773622, 0.16988509496008067]",2.9052507253834667,1.953108579701216,"[1.92736296 1.92736296 1.92736296 1.92736296 1.92736296 0.86207424
 1.12341683 0.9468185  0.8559005  0.6654754 ]",1.9273629648283384,0.8620742360644783,5,19,18,4.661622285842896,1,1217.0,0.0,0.0,792,barabasi,18,19,18,1.8947,0.0,0.6316,-0.4886,0.8634551064011454
known,static_conjecture,watts_793,16.569038332509738,"[2.288554533936522, 0.5851430900092597, 2.078656476739944, 1.7679193811999416, 1.9582175515766496, -0.1308672046118438, 2.0403443545515216, 1.5839680910334701, 1.5056771676940812, 0.22198055197211763]",2.288554533936522,-0.1308672046118438,"[1.57079633 1.57079633 1.57079633 1.57079633 1.57079633 0.86207424
 1.12341683 0.9468185  0.8559005  0.6654754 ]",1.5707963267948966,0.8620742360644783,5,20,20,4.576240301132202,1,883.0,0.0,0.0,793,watts,20,20,20,2.0,0.0,0.5,-0.0213,0.8284519166254869
known,static_conjecture,gnm_794,88.92686762090142,"[2.5663358800552736, 2.7567724704069896, 2.5168098501440817, 3.090839708091013, 2.525685171417413, -0.16504726323883767, 3.140319270208563, 3.107413171449176, 2.4075246049333243, 1.6123422894090198]",2.5663358800552736,-0.1650472632388376,"[2.61906715 2.61906715 2.61906715 2.61906715 2.61906715 0.86207424
 1.12341683 0.9468185  0.8559005  0.6654754 ]",2.619067152653186,0.8620742360644783,5,20,173,24.52333950996399,1,578.0,0.0,0.0,794,gnm,98,20,173,17.3,0.9127,0.1,-0.0912,0.9074170165398104
known,static_conjecture,gnm_795,63.60690787820364,"[3.0692936706221476, 2.37120537284949, 2.2512662294643078, 2.289105891625193, 2.3138226157247015, 0.8906917749284764, 1.566996078486525, 0.8637565092184334, 1.5737007113192518, 0.2782787114051656]",3.069293670622148,0.8906917749284764,"[2.30874369 2.30874369 2.30874369 2.30874369 2.30874369 0.86207424
 1.12341683 0.9468185  0.8559005  0.6654754 ]",2.3087436857558448,0.8620742360644783,5,20,113,25.30399799346924,1,901.0,0.0,0.0,795,gnm,73,20,113,11.3,0.6005,0.25,-0.1648,0.8713275051808718
known,static_conjecture,gnm_796,10.525841972797934,"[1.692279406665482, 1.998617334894206, 2.0408614666553513, 2.0940516538034535, 1.7202374005745804, 1.1423645746917535, 2.145166408706671, 1.908017148342418, 1.9019075725218078, 0.6215477674109906]",1.692279406665482,1.1423645746917537,"[1.82079633 1.82079633 1.82079633 1.82079633 1.82079633 0.86207424
 1.12341683 0.9468185  0.8559005  0.6654754 ]",1.8207963267948968,0.8620742360644783,5,7,18,1.303093671798706,1,1176.0,0.0,0.0,796,gnm,12,7,18,5.1429,0.8857,0.2857,-0.378,0.8771534977331612
known,static_conjecture,barabasi_797,14.67272708526665,"[1.6406239975562005, 2.8449693747275733, 2.0761602554104357, 1.8141302811310682, 1.2018825152830046, 1.024006130564493, 1.6201048188660558, 1.0133302218354268, 1.3540736849745076, 0.24383147595513804]",1.6406239975562005,1.024006130564493,"[1.57217708 1.57217708 1.57217708 1.57217708 1.57217708 0.86207424
 1.12341683 0.9468185  0.8559005  0.6654754 ]",1.57217708495904,0.8620742360644783,5,13,22,5.583160161972046,1,1462.0,0.0,0.0,797,barabasi,17,13,22,3.3846,0.5458,0.4615,-0.3965,0.8631015932509795
known,static_conjecture,gnm_798,27.705904198618768,"[2.9922192153312293, 2.944734823131464, 2.207990603388607, 2.3046788987222873, 2.293775428865973, 0.7594571676633464, 2.872948372310721, 2.72705855385561, 2.3513561250798487, 0.926990205934493]",2.9922192153312293,0.7594571676633464,"[2.25367887 2.25367887 2.25367887 2.25367887 2.25367887 0.86207424
 1.12341683 0.9468185  0.8559005  0.6654754 ]",2.253678865727479,0.8620742360644783,5,13,55,6.985392808914185,1,637.0,0.0,0.0,798,gnm,36,13,55,8.4615,0.7115,0.2308,-0.2053,0.7696084499616325
known,static_conjecture,gnm_799,44.10406660918479,"[2.315889700870759, 2.4312864250300117, 2.939259331130107, 2.3649924671717075, 3.0440490454588742, 0.8677979288258881, 2.6767680915684187, 2.5102919734121043, 2.1826611367621043, 0.5082763509566252]",2.315889700870759,0.8677979288258881,"[2.38716519 2.38716519 2.38716519 2.38716519 2.38716519 0.86207424
 1.12341683 0.9468185  0.8559005  0.6654754 ]",2.3871651931384124,0.8620742360644783,5,16,88,9.709322452545166,1,530.0,0.0,0.0,799,gnm,54,16,88,11.0,0.7263,0.1875,-0.1973,0.8167419742441628
known,static_conjecture,regular_800,9.522716676856362,"[1.2165818713773926, 2.2340876487877104, 2.133706084924606, 3.0148741281535516, 0.6195537774103256, 1.4553361621328589, 2.6622510320884127, 1.0380342349259917, 2.5430643783318208, 0.24176502575187853]",1.2165818713773926,1.4553361621328589,"[1.55020243 1.55020243 1.55020243 1.55020243 1.55020243 0.86207424
 1.12341683 0.9468185  0.8559005  0.6654754 ]",1.5502024291497978,0.8620742360644783,5,8,12,8.664620399475098,1,2169.0,0.0,0.0,800,regular,10,8,12,3.0,0.5,0.375,0.0,0.9522716676856362
known,static_conjecture,watts_801,22.26311428102241,"[2.831511474887407, 1.6852559682311363, 1.3502014363781516, 1.5817223943119887, 1.6311080341503343, -0.26584746732365555, 2.4530216485627387, 1.0583111045633244, 2.1814612192129754, 1.2140256771846394]",2.831511474887407,-0.2658474673236555,"[1.58500087 1.58500087 1.58500087 1.58500087 1.58500087 0.86207424
 1.12341683 0.9468185  0.8559005  0.6654754 ]",1.585000872249442,0.8620742360644783,5,16,32,9.070673942565918,1,1291.0,0.0,0.0,801,watts,25,16,32,4.0,0.1952,0.375,0.0616,0.8905245712408965
known,static_conjecture,watts_802,6.000010775487291,"[1.8735349332340998, -0.37638028619859604, 3.0638891818133223, 2.255717224148614, 1.2744645759263484, 0.3412989597188763, 2.6696545974062404, 0.9963102149391232, 2.168600124724791, 0.7481214923792594]",1.8735349332341,0.3412989597188763,"[1.48238815 1.48238815 1.48238815 1.48238815 1.48238815 0.86207424
 1.12341683 0.9468185  0.8559005  0.6654754 ]",1.482388147566719,0.8620742360644783,5,7,7,3.8763701915740967,1,1157.0,0.0,0.0,802,watts,6,7,7,2.0,0.0,0.4286,0.0,1.0
known,static_conjecture,gnm_803,21.495559203755956,"[2.353247367760006, 2.2557609298289316, 2.8151006433495995, 2.3088014661741223, 2.631054310926853, 0.8487393190372384, 2.2953354167834386, 2.082518875321873, 1.954077536614514, 0.9218038154851305]",2.353247367760006,0.8487393190372384,"[2.27224229 2.27224229 2.27224229 2.27224229 2.27224229 0.86207424
 1.12341683 0.9468185  0.8559005  0.6654754 ]",2.272242286933845,0.8620742360644783,5,11,42,8.056722164154053,1,858.0,0.0,0.0,803,gnm,27,11,42,7.6364,0.7617,0.2727,-0.1657,0.7961318223613317
known,static_conjecture,regular_804,16.318058062282503,"[1.1766675248654734, 2.2197448451119435, 2.464390391488349, 2.7369528688440012, 2.1270430239110873, 1.4698726866277334, 2.686694169148012, 1.5519446400555341, 1.8835352714830362, 1.3902732282753112]",1.1766675248654734,1.4698726866277334,"[2.09196429 2.09196429 2.09196429 2.09196429 2.09196429 0.86207424
 1.12341683 0.9468185  0.8559005  0.6654754 ]",2.091964285714286,0.8620742360644783,5,14,21,12.969887971878052,1,2301.0,0.0,0.0,804,regular,17,14,21,3.0,0.2143,0.3571,0.0,0.959885768369559
known,static_conjecture,gnm_805,11.835949769127184,"[2.1422579546283727, 2.647222766476756, 1.7495094684675316, 2.3141670755943498, 1.678017603888736, 0.6410137686513082, 0.9674803278207197, 0.9260497012807194, 0.7406064426176941, 0.6163401687162005]",2.1422579546283727,0.6410137686513082,"[1.82079633 1.82079633 1.82079633 1.82079633 1.82079633 0.86207424
 1.12341683 0.9468185  0.8559005  0.6654754 ]",1.8207963267948968,0.8620742360644783,5,7,20,5.8559346199035645,1,1179.0,0.0,0.0,805,gnm,12,7,20,5.7143,0.9524,0.2857,-0.3333,0.9863291474272654
known,static_conjecture,barabasi_806,12.025777888973662,"[1.599315268538438, -0.04984000947800369, 1.8577240294639976, 2.3842703095862934, 1.3454266395531043, 1.116147642356125, 2.7574280620233766, 1.2312264773875508, 1.7882964639816161, 1.3589250588037811]",1.599315268538438,1.116147642356125,"[1.55555556 1.55555556 1.55555556 1.55555556 1.55555556 0.86207424
 1.12341683 0.9468185  0.8559005  0.6654754 ]",1.5555555555555556,0.8620742360644783,5,15,14,3.853374481201172,1,1150.0,0.0,0.0,806,barabasi,14,15,14,1.8667,0.0,0.6667,-0.6163,0.8589841349266901
known,static_conjecture,gnm_807,45.76738068743097,"[2.368329506667112, 2.3184222395049967, 2.393478393238718, 2.5294261951541706, 2.4907970061528495, 0.7846253610264183, 1.5717330210313696, 0.7886739833822177, 1.1423509724118914, 1.5702582041287148]",2.368329506667112,0.7846253610264183,"[2.31357069 2.31357069 2.31357069 2.31357069 2.31357069 0.86207424
 1.12341683 0.9468185  0.8559005  0.6654754 ]",2.313570688469296,0.8620742360644783,5,17,86,12.04420018196106,1,673.0,0.0,0.0,807,gnm,55,17,86,10.1176,0.6343,0.2353,-0.076,0.8321341943169268
known,static_conjecture,regular_808,11.840348743494785,"[1.9589472878738525, 2.3145096038141206, 1.0971310791681192, 1.769962834042012, 2.2047262512044288, 1.2049048808117906, 2.61059539549517, 0.5682168323339002, 2.6817605470271184, 0.7089400143788395]",1.9589472878738523,1.2049048808117906,"[1.64880013 1.64880013 1.64880013 1.64880013 1.64880013 0.86207424
 1.12341683 0.9468185  0.8559005  0.6654754 ]",1.648800131492439,0.8620742360644783,5,13,13,4.331000328063965,1,1875.0,0.0,0.0,808,regular,12,13,13,2.0,0.0,0.3846,0.0,0.9866957286245653
known,static_conjecture,watts_809,9.322894282570816,"[2.9831818672231805, 2.659778556315577, 1.6468725547099776, 1.6360710118535797, 1.5868291699167227, 1.9782673524232057, 2.6713813807785156, 2.369922081093544, 2.2873093182323188, 0.760085288963895]",2.9831818672231805,1.9782673524232055,"[1.76771255 1.76771255 1.76771255 1.76771255 1.76771255 0.86207424
 1.12341683 0.9468185  0.8559005  0.6654754 ]",1.7677125506072873,0.8620742360644783,5,7,14,3.821605682373047,1,1468.0,0.0,0.0,809,watts,10,7,14,4.0,0.6571,0.2857,-0.2963,0.9322894282570816
known,static_conjecture,gnm_810,23.861111678982,"[2.235460086877273, 2.3442972686798584, 2.1971321025429997, 2.4127554950614334, 2.289050097432882, 0.9281539671770158, 2.7946026180579726, 1.011273556967144, 2.4724903777203204, 0.7041247407581357]",2.235460086877273,0.9281539671770158,"[2.30347134 2.30347134 2.30347134 2.30347134 2.30347134 0.86207424
 1.12341683 0.9468185  0.8559005  0.6654754 ]",2.303471340065699,0.8620742360644783,5,12,47,5.913233041763306,1,758.0,0.0,0.0,810,gnm,30,12,47,7.8333,0.7713,0.1667,-0.2042,0.7953703892994
known,static_conjecture,barabasi_811,14.446953321831137,"[1.928691647909781, 2.066074596752879, 1.7402125490181262, 2.8585291078454853, 1.716435780899551, 0.17501514851401678, 2.6745665432913066, 1.818361385735747, 1.7977470458356941, 0.3614183612296284]",1.928691647909781,0.1750151485140167,"[1.92991957 1.92991957 1.92991957 1.92991957 1.92991957 0.86207424
 1.12341683 0.9468185  0.8559005  0.6654754 ]",1.9299195660306767,0.8620742360644783,5,18,17,7.657233238220215,1,2056.0,0.0,0.0,811,barabasi,17,18,17,1.8889,0.0,0.5556,-0.6243,0.8498207836371257
known,static_conjecture,barabasi_812,13.905375809403916,"[1.8879258482763754, 2.6868773743259835, 1.9627167831529289, 2.553853499824662, 1.56538730562308, 1.57761727053198, 1.784287305928205, 2.91969432370992, 1.8277548115337523, 1.4652511500120529]",1.8879258482763757,1.57761727053198,"[1.64481309 1.64481309 1.64481309 1.64481309 1.64481309 0.86207424
 1.12341683 0.9468185  0.8559005  0.6654754 ]",1.6448130909283794,0.8620742360644783,5,12,20,5.175917387008667,1,1540.0,0.0,0.0,812,barabasi,16,12,20,3.3333,0.3175,0.5,-0.3753,0.8690859880877447
known,static_conjecture,barabasi_813,6.500030240088054,"[2.2813500688745307, 1.6454795995345493, 1.5692247670422117, 2.3237704644968007, 3.140042615096129, 1.5585825458513494, 2.7490560938881208, 1.9747194933444758, 1.769295177703405, 1.3720947906184624]",2.2813500688745307,1.5585825458513494,"[2.18324468 2.18324468 2.18324468 2.18324468 2.18324468 0.86207424
 1.12341683 0.9468185  0.8559005  0.6654754 ]",2.183244677593048,0.8620742360644783,5,8,7,1.812330961227417,1,651.0,0.0,0.0,813,barabasi,7,8,7,1.75,0.0,0.75,-0.75,0.9285757485840077
known,static_conjecture,gnm_814,24.784010020607184,"[2.360836618329121, 2.3954384223717957, 2.366724551564751, 2.1838485209959764, 2.767122755020308, 0.9028978385268747, 1.7918211518908889, 1.297385160558542, 1.6545283673391515, 0.772755942204908]",2.360836618329121,0.9028978385268748,"[2.38123631 2.38123631 2.38123631 2.38123631 2.38123631 0.86207424
 1.12341683 0.9468185  0.8559005  0.6654754 ]",2.381236305024966,0.8620742360644783,5,11,48,7.543353319168091,1,1137.0,0.0,0.0,814,gnm,29,11,48,8.7273,0.9012,0.1818,-0.2523,0.8546210351933512
known,static_conjecture,barabasi_815,14.09101450050315,"[1.545536637891827, 2.836038864575369, 1.566924139031542, 2.906662835328162, 1.5893976352988841, 0.9801225285968758, 2.458259876101551, 1.0471897288429717, 2.4718058954316975, 0.8179393428247668]",1.545536637891827,0.9801225285968758,"[1.54148586 1.54148586 1.54148586 1.54148586 1.54148586 0.86207424
 1.12341683 0.9468185  0.8559005  0.6654754 ]",1.5414858645627878,0.8620742360644783,5,13,22,4.346281051635742,1,1020.0,0.0,0.0,815,barabasi,17,13,22,3.3846,0.6613,0.4615,-0.458,0.82888320591195
known,static_conjecture,regular_816,17.45803239853486,"[2.944814662850545, 1.9535181813575517, 3.140952646613685, 1.8926827129020865, 1.9638025363134377, 0.11252446866325036, 2.882701452421992, 2.9628445595579604, 2.7984086098140453, 1.3850951118622215]",2.944814662850545,0.1125244686632503,"[1.97142857 1.97142857 1.97142857 1.97142857 1.97142857 0.86207424
 1.12341683 0.9468185  0.8559005  0.6654754 ]",1.971428571428571,0.8620742360644783,5,12,24,7.691802978515625,1,1681.0,0.0,0.0,816,regular,18,12,24,4.0,0.2083,0.3333,0.0,0.9698906888074923
known,static_conjecture,watts_817,16.451304491271294,"[2.872137717345309, 2.640317989490534, 0.9804544616911555, 1.6303564436487843, 1.5081722201641976, 2.195776971636398, 2.0624643259958475, 0.9439588493674576, 1.8364551963065514, 0.6244241774020063]",2.872137717345309,2.195776971636398,"[1.57079633 1.57079633 1.57079633 1.57079633 1.57079633 0.86207424
 1.12341683 0.9468185  0.8559005  0.6654754 ]",1.5707963267948966,0.8620742360644783,5,19,19,4.4617908000946045,1,1044.0,0.0,0.0,817,watts,19,19,19,2.0,0.0,0.5263,-0.2667,0.8658581311195418
known,static_conjecture,gnm_818,13.080610679950496,"[1.2928145721673312, 2.935393532382866, 2.1954368307171235, 0.39384834234730143, 3.0939808280740384, 1.6047006291507124, 3.140286267069428, 1.1909990605292466, 2.2037467647171614, 0.6895111680225565]",1.2928145721673312,1.6047006291507124,"[1.85651061 1.85651061 1.85651061 1.85651061 1.85651061 0.86207424
 1.12341683 0.9468185  0.8559005  0.6654754 ]",1.856510612509182,0.8620742360644783,5,8,21,2.214282512664795,1,896.0,0.0,0.0,818,gnm,14,8,21,5.25,0.775,0.25,-0.2908,0.9343293342821782
known,static_conjecture,watts_819,6.000005401679248,"[2.9230725549212253, 2.9247420897518266, 2.2510839850898843, 2.212148105857789, 2.1637841478916062, 1.343809665817511, 1.2488483743375804, 0.9280572525636697, 0.9373450702246671, 0.6938145930135571]",2.9230725549212253,1.343809665817511,"[1.46995192 1.46995192 1.46995192 1.46995192 1.46995192 0.86207424
 1.12341683 0.9468185  0.8559005  0.6654754 ]",1.4699519230769231,0.8620742360644783,5,6,6,0.5297794342041016,1,477.0,0.0,0.0,819,watts,6,6,6,2.0,0.0,0.5,0.0,1.0
known,static_conjecture,watts_820,10.64502759055227,"[1.7952960707063, 1.6168148038356556, 0.4784332054482377, 3.141540939152349, 0.5311048837078223, 1.4885724801788067, 2.557405709349589, 1.2713696869669866, 1.4211619771941355, 1.3306036734400526]",1.7952960707063,1.4885724801788067,"[1.54166667 1.54166667 1.54166667 1.54166667 1.54166667 0.86207424
 1.12341683 0.9468185  0.8559005  0.6654754 ]",1.541666666666667,0.8620742360644783,5,12,12,5.2350709438323975,1,2223.0,0.0,0.0,820,watts,12,12,12,2.0,0.0,0.5833,-0.3333,0.8870856325460226
known,static_conjecture,barabasi_821,7.920865346307308,"[2.574386813845351, 0.8263073639523866, 2.5525790141175504, 2.4445906071084087, 1.9040395786571587, 1.6869278844039288, 2.8540784081205373, 1.7760716843476547, 1.6637914625464372, 1.4069839998622864]",2.574386813845351,1.6869278844039288,"[2.1846071  2.1846071  2.1846071  2.1846071  2.1846071  0.86207424
 1.12341683 0.9468185  0.8559005  0.6654754 ]",2.184607103422893,0.8620742360644783,5,10,9,1.1040666103363037,1,626.0,0.0,0.0,821,barabasi,9,10,9,1.8,0.0,0.7,-0.5217,0.880096149589701
known,static_conjecture,watts_822,13.02265150516573,"[2.7305492864404757, 0.7628889712860578, 2.3316409350005736, 1.7715745469272197, 1.518201644970815, 0.12867224752954043, 1.3679895949699916, 0.9877206596182215, 1.5181212317300008, 0.7465266925973009]",2.730549286440476,0.1286722475295404,"[1.57079633 1.57079633 1.57079633 1.57079633 1.57079633 0.86207424
 1.12341683 0.9468185  0.8559005  0.6654754 ]",1.5707963267948966,0.8620742360644783,5,16,16,4.915486097335815,1,1406.0,0.0,0.0,822,watts,15,16,16,2.0,0.1458,0.5,0.0805,0.8681767670110486
known,static_conjecture,gnm_823,39.0054933249495,"[2.991344316800935, 2.3235023507457946, 2.5972743686007385, 1.7678336157730081, 2.3648820230473335, 0.16179526040329234, 3.1352984440747202, 3.0816150641308626, 1.3220388220337436, 0.009379800183720668]",2.991344316800935,0.1617952604032923,"[2.24801501 2.24801501 2.24801501 2.24801501 2.24801501 0.86207424
 1.12341683 0.9468185  0.8559005  0.6654754 ]",2.2480150135712176,0.8620742360644783,5,17,65,7.683104991912842,1,686.0,0.0,0.0,823,gnm,45,17,65,7.6471,0.459,0.2353,-0.0802,0.8667887405544333
known,static_conjecture,gnm_824,18.227541105541462,"[2.869507849105612, 2.730912469471483, 2.0533429055444135, 2.120183803077019, 1.5770840133462614, 1.1334508240854362, 3.1414129130928656, 2.3716833714581917, 2.372671391269103, 0.816856951927168]",2.869507849105612,1.1334508240854362,"[2.07036961 2.07036961 2.07036961 2.07036961 2.07036961 0.86207424
 1.12341683 0.9468185  0.8559005  0.6654754 ]",2.070369607957143,0.8620742360644783,5,12,29,3.801593542098999,1,700.0,0.0,0.0,824,gnm,22,12,29,4.8333,0.5421,0.3333,-0.3986,0.8285245957064301
known,static_conjecture,barabasi_825,7.578510686922176,"[2.80039931591452, 2.233733634641704, 1.8489413462598465, 2.574249631823718, 1.892045199823511, 1.853521940120166, 1.96729399836, 1.3273861591139924, 1.5354312813149562, 1.3241463845310082]",2.80039931591452,1.853521940120166,"[2.28139837 2.28139837 2.28139837 2.28139837 2.28139837 0.86207424
 1.12341683 0.9468185  0.8559005  0.6654754 ]",2.281398371365477,0.8620742360644783,5,10,9,4.052290678024292,1,1296.0,0.0,0.0,825,barabasi,9,10,9,1.8,0.0,0.5,-0.2203,0.8420567429913528
known,static_conjecture,gnm_826,41.452584173811154,"[2.9131575015146143, 2.723382273211348, 2.6166683950900778, 1.8862061610359737, 2.260581187934839, 1.1677540394451302, 1.572513837529352, 1.5688732926792472, 1.5707654752204456, 0.7610328650911129]",2.9131575015146143,1.1677540394451302,"[2.24667197 2.24667197 2.24667197 2.24667197 2.24667197 0.86207424
 1.12341683 0.9468185  0.8559005  0.6654754 ]",2.2466719698925104,0.8620742360644783,5,18,68,11.53993821144104,1,911.0,0.0,0.0,826,gnm,48,18,68,7.5556,0.4232,0.2778,-0.1799,0.8635955036210657
known,static_conjecture,gnm_827,26.55552276791546,"[2.9327177691388506, 2.2575970145841846, 2.0916199145476844, 2.184630964822265, 2.5223666083364313, 1.046813521761314, 1.604905798194161, 0.869016075336194, 1.5728064210667063, 0.5800189697336235]",2.93271776913885,1.046813521761314,"[2.15055161 2.15055161 2.15055161 2.15055161 2.15055161 0.86207424
 1.12341683 0.9468185  0.8559005  0.6654754 ]",2.150551606721792,0.8620742360644783,5,13,51,4.765113353729248,1,767.0,0.0,0.0,827,gnm,35,13,51,7.8462,0.5978,0.2308,-0.0526,0.7587292219404417
known,static_conjecture,watts_828,7.59567795584735,"[1.879144971011788, 2.8700465606534222, 1.6832303810268765, 2.8692490061534457, 0.87610430030368, 1.4763905694045227, 3.141316135151232, 2.711537680616531, 1.6631937341826792, 1.3960166896006931]",1.879144971011788,1.4763905694045227,"[1.63924033 1.63924033 1.63924033 1.63924033 1.63924033 0.86207424
 1.12341683 0.9468185  0.8559005  0.6654754 ]",1.6392403283850654,0.8620742360644783,5,6,12,1.8648912906646729,1,964.0,0.0,0.0,828,watts,8,6,12,4.0,0.8444,0.3333,-0.4348,0.9494597444809187
known,static_conjecture,watts_829,8.687765745502762,"[1.5395100157592283, 0.387686242428684, 1.6485787926768263, 3.120677624026109, 1.6149945706419715, 1.7682311023813635, 2.2786151423716117, 1.373062527225433, 1.3936704021448911, 0.8469428814311122]",1.5395100157592283,1.7682311023813635,"[1.54166667 1.54166667 1.54166667 1.54166667 1.54166667 0.86207424
 1.12341683 0.9468185  0.8559005  0.6654754 ]",1.541666666666667,0.8620742360644783,5,12,12,1.6215336322784424,1,550.0,0.0,0.0,829,watts,11,12,12,2.0,0.1389,0.5,-0.1429,0.7897968859547966
known,static_conjecture,barabasi_830,15.05745690741782,"[2.605406894990155, 2.226678376993781, 1.1236029898034148, 1.7951977361646145, 2.138333256694605, 1.6881667909670746, 1.8103731237692002, 1.7842425824749655, 1.5198463589466575, 1.3473359750038676]",2.605406894990155,1.6881667909670746,"[1.92364268 1.92364268 1.92364268 1.92364268 1.92364268 0.86207424
 1.12341683 0.9468185  0.8559005  0.6654754 ]",1.9236426767676769,0.8620742360644783,5,20,19,4.868761777877808,1,863.0,0.0,0.0,830,barabasi,19,20,19,1.9,0.0,0.55,-0.3429,0.7924977319693589
known,static_conjecture,gnm_831,43.974978146798215,"[2.3856453740284342, 2.4667823315924218, 2.246406327512098, 2.531811360183653, 2.4272546657473173, 0.788031485875209, 1.5749033025904247, 0.7884972805274482, 1.044715767136501, 1.5591265316210872]",2.3856453740284342,0.788031485875209,"[2.32870044 2.32870044 2.32870044 2.32870044 2.32870044 0.86207424
 1.12341683 0.9468185  0.8559005  0.6654754 ]",2.328700441924538,0.8620742360644783,5,15,83,11.093748569488524,1,745.0,0.0,0.0,831,gnm,51,15,83,11.0667,0.8081,0.2,-0.131,0.8622544734666316
known,static_conjecture,regular_832,14.3231972972537,"[2.9841192357424666, 3.004889402207377, 2.909113357248906, 1.6343546766950925, 2.662797387955477, 0.4868732599194562, 3.1412085971629478, 2.5916862026421104, 0.9465542952054927, 0.17865440647875658]",2.984119235742466,0.4868732599194562,"[1.         1.         1.         1.         1.         0.86207424
 1.12341683 0.9468185  0.8559005  0.6654754 ]",1.0,0.8620742360644783,5,10,20,7.386282920837402,1,2139.0,0.0,0.0,832,regular,16,10,20,4.0,0.35,0.3,0.0,0.8951998310783562
known,static_conjecture,barabasi_833,16.90655143703902,"[1.4353497236615387, 3.1415749617478848, 1.3373267338627601, 3.1414546484935295, 1.5832608052751898, 1.2481454739402602, 3.024417978386096, 2.746394762369075, 2.3166756842657428, 0.3330871725615385]",1.435349723661539,1.2481454739402602,"[1.54933333 1.54933333 1.54933333 1.54933333 1.54933333 0.86207424
 1.12341683 0.9468185  0.8559005  0.6654754 ]",1.5493333333333337,0.8620742360644783,5,15,26,3.224817037582397,1,884.0,0.0,0.0,833,barabasi,19,15,26,3.4667,0.6241,0.4667,-0.43,0.8898184966862642
known,static_conjecture,watts_834,16.558540846543984,"[0.3857903395151244, 1.075961730511409, 1.9143075650406551, 1.1649266979905533, 2.5607207026062593, 0.3675706624540983, 3.056520921557347, 2.277780603219329, 1.4585120592239558, 1.3727874828812445]",0.3857903395151244,0.3675706624540983,"[1.57079633 1.57079633 1.57079633 1.57079633 1.57079633 0.86207424
 1.12341683 0.9468185  0.8559005  0.6654754 ]",1.5707963267948966,0.8620742360644783,5,20,20,9.810465574264526,1,1759.0,0.0,0.0,834,watts,19,20,20,2.0,0.0417,0.5,-0.002,0.8715021498181045
known,static_conjecture,watts_835,12.034047501188416,"[3.140876340393868, 0.49645137884847745, -0.24567256711648314, 3.1268005275232986, 0.7548749605688949, 3.1414228009891696, 1.9503678706050884, 1.7212396873688094, 2.000127477445189, 1.2649926686620614]",3.140876340393868,3.1414228009891696,"[1.54166667 1.54166667 1.54166667 1.54166667 1.54166667 0.86207424
 1.12341683 0.9468185  0.8559005  0.6654754 ]",1.541666666666667,0.8620742360644783,5,14,14,6.004396438598633,1,2334.0,0.0,0.0,835,watts,14,14,14,2.0,0.0,0.5,-0.037,0.8595748215134583
known,static_conjecture,gnm_836,33.50291582562293,"[3.023905073541401, 2.952743300396514, 2.9120563326064635, 2.8079218773285186, 2.2058966809227702, 0.7279961376158904, 1.9365498108205037, 1.5455419492427613, 1.5273039491165366, 0.8034061182349044]",3.023905073541401,0.7279961376158904,"[2.35364527 2.35364527 2.35364527 2.35364527 2.35364527 0.86207424
 1.12341683 0.9468185  0.8559005  0.6654754 ]",2.353645271514954,0.8620742360644783,5,12,57,10.751672983169556,1,1250.0,0.0,0.0,836,gnm,35,12,57,9.5,0.8488,0.1667,-0.12,0.9572261664463694
known,static_conjecture,gnm_837,13.568482821226354,"[2.0597870907937392, 2.2165950711741718, 2.0937971323059186, 2.168287305299269, 2.0659014988521207, 1.1722492318178481, 2.3460812488927623, 2.1658361471662317, 2.175396705201126, 0.5213290232716992]",2.0597870907937392,1.172249231817848,"[2.1422249  2.1422249  2.1422249  2.1422249  2.1422249  0.86207424
 1.12341683 0.9468185  0.8559005  0.6654754 ]",2.142224898223468,0.8620742360644783,5,10,26,3.470093250274658,1,823.0,0.0,0.0,837,gnm,19,10,26,5.2,0.5905,0.3,-0.3224,0.714130674801387
known,static_conjecture,barabasi_838,24.778501055817703,"[1.677346375188298, 1.2859860550420141, 1.6187351587919965, 2.6662459613173626, 1.6262995776656117, 1.3310311196673184, 2.0486340952291817, 1.384268564005532, 1.508785896156251, 0.27289751342981217]",1.677346375188298,1.3310311196673184,"[1.561875   1.561875   1.561875   1.561875   1.561875   0.86207424
 1.12341683 0.9468185  0.8559005  0.6654754 ]",1.561875,0.8620742360644783,5,20,36,11.035138607025146,1,1280.0,0.0,0.0,838,barabasi,30,20,36,3.6,0.393,0.45,-0.3246,0.8259500351939234
known,static_conjecture,gnm_839,5.32764766964101,"[2.93545658221666, 2.288313357788521, 0.6888961136837988, 2.4362272340475215, 1.776272762943225, 1.3885819213702768, 1.6912917073246616, 1.1479423372787982, 2.084929859366352, 0.7903647244543581]",2.93545658221666,1.3885819213702768,"[1.78519119 1.78519119 1.78519119 1.78519119 1.78519119 0.86207424
 1.12341683 0.9468185  0.8559005  0.6654754 ]",1.7851911872545445,0.8620742360644783,5,7,6,2.000960111618042,1,1866.0,0.0,0.0,839,gnm,6,7,6,1.7143,0.0,0.4286,0.0,0.8879412782735017
known,static_conjecture,gnm_840,13.183296027408703,"[1.68416909182659, 1.8697698359820105, 2.0293851267072656, 1.6668891542703386, 1.5015898587741938, 1.038365519803196, 1.1388444230972594, 1.0450777296304254, 1.304210043827619, 0.5418410692186946]",1.68416909182659,1.038365519803196,"[1.47474891 1.47474891 1.47474891 1.47474891 1.47474891 0.86207424
 1.12341683 0.9468185  0.8559005  0.6654754 ]",1.4747489099968858,0.8620742360644783,5,13,17,5.049388408660889,1,1422.0,0.0,0.0,840,gnm,15,13,17,2.6154,0.0385,0.5385,-0.3353,0.8788864018272469
known,static_conjecture,gnm_841,32.209951350319386,"[2.3484640304899753, 2.363302487221045, 2.39688862136874, 2.503924642842463, 2.3765355159762507, 0.9317108481211479, 2.4775626243345816, 0.7357602966496273, 2.239346643152705, 0.9407366018697216]",2.3484640304899758,0.931710848121148,"[2.39631563 2.39631563 2.39631563 2.39631563 2.39631563 0.86207424
 1.12341683 0.9468185  0.8559005  0.6654754 ]",2.3963156252958497,0.8620742360644783,5,12,62,7.684366703033447,1,794.0,0.0,0.0,841,gnm,36,12,62,10.3333,0.9405,0.1667,-0.1923,0.8947208708422052
known,static_conjecture,regular_842,18.27748508454616,"[2.702076970694499, 1.7702302539677162, 1.6480692512809347, 2.084195642924981, 1.4896633138421234, 1.536873517792648, 2.774622023880778, 2.271416289587565, 2.1371576472763074, 0.7870697918915817]",2.702076970694499,1.536873517792648,"[1.97142857 1.97142857 1.97142857 1.97142857 1.97142857 0.86207424
 1.12341683 0.9468185  0.8559005  0.6654754 ]",1.971428571428571,0.8620742360644783,5,13,26,79.67438697814941,1,880.0,0.0,0.0,842,regular,20,13,26,4.0,0.3462,0.3077,0.0,0.9138742542273081
known,static_conjecture,barabasi_843,5.474578139937876,"[2.803690297395101, 2.654614217672748, 3.0799470110550176, 2.590070838460803, 2.1124043822738194, 2.0254125330630277, 1.6002649075920712, 1.842176360120398, 1.7598431276824196, 1.4741133061838312]",2.803690297395101,2.025412533063028,"[2.23017809 2.23017809 2.23017809 2.23017809 2.23017809 0.86207424
 1.12341683 0.9468185  0.8559005  0.6654754 ]",2.230178092584108,0.8620742360644783,5,7,6,2.86881160736084,1,1128.0,0.0,0.0,843,barabasi,6,7,6,1.7143,0.0,0.5714,-0.5,0.9124296899896459
known,static_conjecture,regular_844,22.31506573989344,"[1.9815026921914014, 2.5104735325255523, 2.7818544405025376, 3.0251667087969967, 2.7436875892075654, 0.07996859545196798, 2.587081281744908, 1.231645261914088, 1.4124898226778146, 1.3362015362552757]",1.9815026921914012,0.0799685954519679,"[3.14159265 3.14159265 3.14159265 3.14159265 3.14159265 0.86207424
 1.12341683 0.9468185  0.8559005  0.6654754 ]",3.141592653589793,0.8620742360644783,5,18,27,9.241211891174316,1,1373.0,0.0,0.0,844,regular,25,18,27,3.0,0.0556,0.3889,0.0,0.8926026295957377
known,static_conjecture,regular_845,19.281750462360883,"[2.90332811305146, 2.0801896868422847, 2.5793726666230015, 1.7682141530968407, 1.8458710324698377, 1.6400551485194397, 1.4192485403729518, 1.251184869822632, 0.6543166061822516, -0.25568069810179084]",2.90332811305146,1.6400551485194397,"[1.97142857 1.97142857 1.97142857 1.97142857 1.97142857 0.86207424
 1.12341683 0.9468185  0.8559005  0.6654754 ]",1.971428571428571,0.8620742360644783,5,13,26,8.511605501174927,1,1179.0,0.0,0.0,845,regular,22,13,26,4.0,0.1923,0.3846,0.0,0.8764432028345855
known,static_conjecture,watts_846,7.999986775427714,"[2.746623959505332, 2.5044309467528114, 2.5039221154352855, 2.408705734197664, 2.4672412507552006, 0.6718645881587372, 2.147359853600779, 0.9062265649982861, 1.7764468013265042, 1.0299607248552982]",2.746623959505332,0.6718645881587372,"[1.46995192 1.46995192 1.46995192 1.46995192 1.46995192 0.86207424
 1.12341683 0.9468185  0.8559005  0.6654754 ]",1.4699519230769231,0.8620742360644783,5,8,8,0.9355649948120116,1,447.0,0.0,0.0,846,watts,8,8,8,2.0,0.0,0.5,0.0,0.9999983469284642
known,static_conjecture,watts_847,8.657436618055362,"[1.2516385317503267, 1.5214966578974451, 1.5042721168830129, 2.3683605104926726, 1.7030154104059219, 0.5625675123255104, 2.0922603393830803, 0.7796729407688008, 1.4322462200631112, 0.2380314900078561]",1.251638531750327,0.5625675123255104,"[1.54166667 1.54166667 1.54166667 1.54166667 1.54166667 0.86207424
 1.12341683 0.9468185  0.8559005  0.6654754 ]",1.541666666666667,0.8620742360644783,5,11,11,4.77713680267334,1,1132.0,0.0,0.0,847,watts,10,11,11,2.0,0.197,0.5455,-0.1524,0.8657436618055362
known,static_conjecture,watts_848,10.400547150166858,"[1.585640547748329, 1.9524392348826392, 2.9432694604337475, 2.6880504568681336, 0.8438400611908572, 0.22643409477906484, 3.141588690049428, 2.7231526183110475, 1.5560815328917392, 1.329792742280918]",1.585640547748329,0.2264340947790648,"[1.8668712  1.8668712  1.8668712  1.8668712  1.8668712  0.86207424
 1.12341683 0.9468185  0.8559005  0.6654754 ]",1.8668712044534412,0.8620742360644783,5,8,16,2.9592554569244385,1,948.0,0.0,0.0,848,watts,12,8,16,4.0,0.6375,0.25,-0.0833,0.8667122625139049
known,static_conjecture,barabasi_849,9.076467722167283,"[1.7740933823925804, 1.1835294963373708, 2.578734700424536, 1.5368716073229578, 1.628758101090845, 1.136322222091935, 1.8206831136664339, 1.0267816943986428, 1.2475386591093807, 0.9064823322241136]",1.7740933823925804,1.136322222091935,"[1.55371901 1.55371901 1.55371901 1.55371901 1.55371901 0.86207424
 1.12341683 0.9468185  0.8559005  0.6654754 ]",1.5537190082644627,0.8620742360644783,5,11,10,5.288479804992676,1,1996.0,0.0,0.0,849,barabasi,10,11,10,1.8182,0.0,0.5455,-0.4685,0.9076467722167283
known,static_conjecture,watts_850,8.461179533037086,"[1.5567566255664949, 1.2488605031449684, 1.7600612937289322, 2.5554749527651293, 1.4195192718794174, 0.7026440800489668, 2.1090781060030808, 1.63251558357987, 1.635930043757793, 0.3212969003524981]",1.5567566255664949,0.7026440800489668,"[1.47298077 1.47298077 1.47298077 1.47298077 1.47298077 0.86207424
 1.12341683 0.9468185  0.8559005  0.6654754 ]",1.4729807692307693,0.8620742360644783,5,10,10,2.330535650253296,1,998.0,0.0,0.0,850,watts,10,10,10,2.0,0.0,0.6,-0.1765,0.8461179533037086
known,static_conjecture,barabasi_851,14.469193672259994,"[0.3207160440539929, -0.4522331502515945, 3.1414516591687747, 2.9053848991629887, 0.5362725193115603, 1.4171971357538138, 3.117336267302943, 1.8225157950707507, 1.758524314105721, 1.3960134764092396]",0.3207160440539929,1.4171971357538138,"[1.56584218 1.56584218 1.56584218 1.56584218 1.56584218 0.86207424
 1.12341683 0.9468185  0.8559005  0.6654754 ]",1.5658421774601112,0.8620742360644783,5,12,20,7.561702728271484,1,1941.0,0.0,0.0,851,barabasi,17,12,20,3.3333,0.5481,0.5,-0.5411,0.8511290395447055
known,static_conjecture,barabasi_852,16.808454755778264,"[1.769121517420336, 3.0212758662556842, 1.2786483723944426, 1.2795202557248246, 1.9808649150610371, 1.4323422647939874, 3.1412540980788597, 0.5173628012837739, 1.7546089173257031, 1.3503214370672953]",1.769121517420336,1.4323422647939874,"[1.65463266 1.65463266 1.65463266 1.65463266 1.65463266 0.86207424
 1.12341683 0.9468185  0.8559005  0.6654754 ]",1.6546326619918763,0.8620742360644783,5,14,24,7.951473951339722,1,1781.0,0.0,0.0,852,barabasi,19,14,24,3.4286,0.3629,0.4286,-0.2652,0.8846555134620139
known,static_conjecture,gnm_853,70.24011218373897,"[2.4464981921842543, 3.141215705206295, 3.140892332278596, 2.6240106703384587, 2.6458677759839677, 1.3067902150452775, 2.3670077357880936, 1.0357983535198763, 1.5918159158233596, 0.42891681013904315]",2.4464981921842543,1.3067902150452777,"[2.4247162  2.4247162  2.4247162  2.4247162  2.4247162  0.86207424
 1.12341683 0.9468185  0.8559005  0.6654754 ]",2.4247162033683294,0.8620742360644783,5,20,135,18.742245197296143,1,561.0,0.0,0.0,853,gnm,85,20,135,13.5,0.7002,0.2,-0.0613,0.8263542609851644
known,static_conjecture,gnm_854,15.46924380721292,"[1.9914063180650707, 1.3838066425773596, 2.600209261214675, 0.6963061633767326, 3.0596793473741615, 1.5707473084703998, 3.047134641037066, 1.7120144576317116, 2.108613998324137, 0.8244468377247391]",1.9914063180650707,1.5707473084703998,"[2.02836113 2.02836113 2.02836113 2.02836113 2.02836113 0.86207424
 1.12341683 0.9468185  0.8559005  0.6654754 ]",2.0283611256539062,0.8620742360644783,5,11,23,5.292835712432861,1,1454.0,0.0,0.0,854,gnm,18,11,23,4.1818,0.503,0.4545,-0.2008,0.8594024337340511
known,static_conjecture,watts_855,6.403571200591607,"[1.2150712642682893, 2.956521941852894, 2.4805957070911635, 2.0873415167447202, 1.6376119105650155, 1.471803764549151, 1.7304040566272745, 1.1875354589417313, 1.745528005778435, 1.3645990396047047]",1.2150712642682893,1.471803764549151,"[1.46995192 1.46995192 1.46995192 1.46995192 1.46995192 0.86207424
 1.12341683 0.9468185  0.8559005  0.6654754 ]",1.4699519230769231,0.8620742360644783,5,8,8,3.702366828918457,1,1514.0,0.0,0.0,855,watts,7,8,8,2.0,0.2083,0.5,0.1429,0.914795885798801
known,static_conjecture,barabasi_856,16.22183214362021,"[2.9794398916510363, 2.7694722672078678, 1.6636173650748456, 1.8664576909635076, 1.560202819410074, 0.4890725427887462, 2.6716528445341767, 2.3189063279218853, 2.456728655837983, 0.9475704944471726]",2.9794398916510363,0.4890725427887462,"[1.64500225 1.64500225 1.64500225 1.64500225 1.64500225 0.86207424
 1.12341683 0.9468185  0.8559005  0.6654754 ]",1.6450022492127756,0.8620742360644783,5,13,22,4.899584054946899,1,1153.0,0.0,0.0,856,barabasi,18,13,22,3.3846,0.4021,0.3846,-0.3456,0.9012128968677895
known,static_conjecture,watts_857,9.486955102531285,"[2.8464166302622504, 1.60460262639167, 1.628417846487063, 1.3994415066468258, 1.2584442489602554, 1.2180325151871438, 1.6698129554102432, 0.8449645257625309, 1.4635657350519693, 0.21876733683521477]",2.8464166302622504,1.2180325151871438,"[1.48238815 1.48238815 1.48238815 1.48238815 1.48238815 0.86207424
 1.12341683 0.9468185  0.8559005  0.6654754 ]",1.482388147566719,0.8620742360644783,5,7,14,2.6165268421173096,1,1057.0,0.0,0.0,857,watts,10,7,14,4.0,0.5905,0.4286,-0.5556,0.9486955102531285
known,static_conjecture,watts_858,9.683984079990417,"[1.794071653663118, 1.0433588273105885, 1.6810282310897986, 2.513709734791261, 1.508733058431692, 0.1952176964381892, 2.115162756760781, 1.8525403384768966, 1.7483290397280093, 0.3189012122074929]",1.794071653663118,0.1952176964381892,"[1.54166667 1.54166667 1.54166667 1.54166667 1.54166667 0.86207424
 1.12341683 0.9468185  0.8559005  0.6654754 ]",1.541666666666667,0.8620742360644783,5,12,12,3.084957361221313,1,1107.0,0.0,0.0,858,watts,11,12,12,2.0,0.0833,0.5,0.1,0.8803621890900378
known,static_conjecture,barabasi_859,12.212107896361882,"[1.1889834280389397, 1.6137188320173812, 1.6500008176480274, 2.669470769473021, 1.171262089277025, 0.3077762812339242, 2.0200081945372963, 1.2900680059424894, 1.313184277063552, 0.21703069777680808]",1.1889834280389395,0.3077762812339242,"[1.55822222 1.55822222 1.55822222 1.55822222 1.55822222 0.86207424
 1.12341683 0.9468185  0.8559005  0.6654754 ]",1.5582222222222222,0.8620742360644783,5,15,14,2.7078850269317627,1,793.0,0.0,0.0,859,barabasi,14,15,14,1.8667,0.0,0.4667,-0.4904,0.8722934211687059
known,static_conjecture,gnm_860,74.66070214573782,"[2.354478326587822, 2.473789026568484, 2.64381927121637, 2.4916323230943442, 2.1400610419189112, 0.7829887895787195, 1.9731803338346268, 1.5852266429637245, 1.5072011319921714, 1.5515008238309709]",2.354478326587822,0.7829887895787195,"[2.49161893 2.49161893 2.49161893 2.49161893 2.49161893 0.86207424
 1.12341683 0.9468185  0.8559005  0.6654754 ]",2.4916189273597764,0.8620742360644783,5,20,148,22.4156014919281,1,628.0,0.0,0.0,860,gnm,90,20,148,14.8,0.7731,0.15,-0.1103,0.8295633571748646
known,static_conjecture,barabasi_861,8.369569285651323,"[0.1784104961782889, 1.5509879627216219, 1.4243038149357123, 2.804867207117487, 0.8622914111114979, 1.8375447514401828, 2.8744355039966756, 2.129446184486831, 1.7891888481818046, 1.3645009990298957]",0.1784104961782889,1.8375447514401828,"[1.56382002 1.56382002 1.56382002 1.56382002 1.56382002 0.86207424
 1.12341683 0.9468185  0.8559005  0.6654754 ]",1.563820018365473,0.8620742360644783,5,11,10,2.643897294998169,1,1476.0,0.0,0.0,861,barabasi,10,11,10,1.8182,0.0,0.7273,-0.6246,0.8369569285651324
known,static_conjecture,barabasi_862,4.791207089983118,"[1.7566021160855008, 3.1356118454965323, 2.795127986503, 2.52926827530505, 1.560146138337901, 3.028316985955007, 1.177732887241003, 0.27789609598699605, 1.1480724789753778, 0.41360866892422804]",1.7566021160855008,3.028316985955007,"[2.18690907 2.18690907 2.18690907 2.18690907 2.18690907 0.86207424
 1.12341683 0.9468185  0.8559005  0.6654754 ]",2.1869090704617022,0.8620742360644783,5,6,5,1.6880333423614502,1,1792.0,0.0,0.0,862,barabasi,5,6,5,1.6667,0.0,0.6667,-0.7391,0.9582414179966235
known,static_conjecture,gnm_863,21.169611743961013,"[2.285519993510616, 2.1437288143276296, 2.165890835257229, 2.2155413250519973, 1.8287284761104599, 0.9009022827989237, 2.500658450744342, 1.2823476697656042, 1.422824561309708, 0.8974424636092679]",2.285519993510616,0.9009022827989236,"[2.1422249  2.1422249  2.1422249  2.1422249  2.1422249  0.86207424
 1.12341683 0.9468185  0.8559005  0.6654754 ]",2.142224898223468,0.8620742360644783,5,10,41,5.065619230270386,1,821.0,0.0,0.0,863,gnm,25,10,41,8.2,0.9206,0.2,-0.2548,0.8467844697584406
known,static_conjecture,barabasi_864,13.70449649047774,"[1.7394141833999095, 1.9635792219470276, -0.7987919198364088, 3.1354026575757654, 1.1956211481749002, 1.3641721366732704, 3.0347421820283134, 3.051187554435921, 1.9489991807236047, 1.7812818065346634]",1.7394141833999095,1.3641721366732704,"[1.54390102 1.54390102 1.54390102 1.54390102 1.54390102 0.86207424
 1.12341683 0.9468185  0.8559005  0.6654754 ]",1.5439010223972631,0.8620742360644783,5,12,20,4.259985446929932,1,1242.0,0.0,0.0,864,barabasi,16,12,20,3.3333,0.5738,0.5,-0.3568,0.8565310306548588
known,static_conjecture,barabasi_865,8.564988386919024,"[1.4930609974534383, 0.9797461258572038, 0.3729822599615328, 2.729602779689557, 1.2719501746102093, 1.2172381686954088, 3.1214356710507873, 1.8369643846480708, 1.798198700171979, 1.3456510314020311]",1.4930609974534383,1.2172381686954088,"[1.55165289 1.55165289 1.55165289 1.55165289 1.55165289 0.86207424
 1.12341683 0.9468185  0.8559005  0.6654754 ]",1.5516528925619837,0.8620742360644783,5,11,10,2.662644386291504,1,1200.0,0.0,0.0,865,barabasi,10,11,10,1.8182,0.0,0.6364,-0.5546,0.8564988386919025
known,static_conjecture,watts_866,6.000010775487291,"[1.8735349332340998, -0.37638028619859604, 3.0638891818133223, 2.255717224148614, 1.2744645759263484, 0.3412989597188763, 2.6696545974062404, 0.9963102149391232, 2.168600124724791, 0.7481214923792594]",1.8735349332341,0.3412989597188763,"[1.48238815 1.48238815 1.48238815 1.48238815 1.48238815 0.86207424
 1.12341683 0.9468185  0.8559005  0.6654754 ]",1.482388147566719,0.8620742360644783,5,7,7,1.8649351596832275,1,1157.0,0.0,0.0,866,watts,6,7,7,2.0,0.0,0.4286,0.0,1.0
known,static_conjecture,watts_867,24.342126522098848,"[2.9853982833736037, 2.75887408368043, 1.649448368916575, 2.1935973213718225, 1.5723577257613188, 0.4992341550278032, 2.6623353880618486, 0.7781775616595717, 2.369149887010642, 0.7845139903814884]",2.985398283373604,0.4992341550278032,"[1.66123357 1.66123357 1.66123357 1.66123357 1.66123357 0.86207424
 1.12341683 0.9468185  0.8559005  0.6654754 ]",1.6612335712113795,0.8620742360644783,5,17,34,6.07032036781311,1,836.0,0.0,0.0,867,watts,27,17,34,4.0,0.1059,0.3529,-0.0683,0.9015602415592165
known,static_conjecture,barabasi_868,15.816524565153191,"[2.915843215351311, 2.7236901876541717, 2.707436514659875, 2.075616945758644, 3.0739778146893797, 1.9789219119491843, 1.8166470600488331, 1.7880574447768902, 1.8488501237933694, 1.2425106269305348]",2.915843215351311,1.9789219119491843,"[2.16563558 2.16563558 2.16563558 2.16563558 2.16563558 0.86207424
 1.12341683 0.9468185  0.8559005  0.6654754 ]",2.1656355801785163,0.8620742360644783,5,19,18,7.334089517593384,1,1977.0,0.0,0.0,868,barabasi,18,19,18,1.8947,0.0,0.7368,-0.6165,0.8786958091751773
known,static_conjecture,regular_869,9.847033345029558,"[2.8760223961319267, 1.6663527239425797, 2.57631911829489, 1.769054178468798, 1.4641738255030035, 1.240790697137066, 2.4664282743441834, 1.165951566563809, 1.614961948870994, 0.6297701185088662]",2.8760223961319267,1.240790697137066,"[1.56614833 1.56614833 1.56614833 1.56614833 1.56614833 0.86207424
 1.12341683 0.9468185  0.8559005  0.6654754 ]",1.5661483253588515,0.8620742360644783,5,7,14,2.092824697494507,1,1125.0,0.0,0.0,869,regular,10,7,14,4.0,0.5,0.2857,0.0,0.9847033345029559
known,static_conjecture,regular_870,11.438626724372634,"[2.1024068850298483, 2.448531492759228, 1.8041203340711556, 1.5627420938812921, 1.7060568687512832, 1.2694203441405105, 2.408858295158473, 0.6244930264812942, 2.04099155877497, 1.3594375742939975]",2.1024068850298483,1.2694203441405103,"[1.64880013 1.64880013 1.64880013 1.64880013 1.64880013 0.86207424
 1.12341683 0.9468185  0.8559005  0.6654754 ]",1.648800131492439,0.8620742360644783,5,13,13,2.283108711242676,1,999.0,0.0,0.0,870,regular,12,13,13,2.0,0.0,0.3846,0.0,0.9532188936977195
known,static_conjecture,regular_871,9.64479131817643,"[2.9841455060174087, 1.0335497783201957, 2.4779953313366443, 2.026171629834482, 1.9117769580970223, 0.3357246110425575, 2.5765641323901027, 1.6307609926238622, 1.6369232574117871, 0.7689466386340056]",2.9841455060174087,0.3357246110425575,"[1.56614833 1.56614833 1.56614833 1.56614833 1.56614833 0.86207424
 1.12341683 0.9468185  0.8559005  0.6654754 ]",1.5661483253588515,0.8620742360644783,5,7,14,5.064183950424194,1,2210.0,0.0,0.0,871,regular,10,7,14,4.0,0.5,0.2857,0.0,0.9644791318176431
known,static_conjecture,barabasi_872,13.85036203843914,"[3.1415709002999694, 2.910414950304962, 0.4865772316687854, 2.256986778235018, 1.5607753526515478, 1.3503174006324707, 3.1409319114704366, 2.7879380623205976, 1.8219823566690796, 1.307416519397455]",3.141570900299969,1.3503174006324707,"[1.93263867 1.93263867 1.93263867 1.93263867 1.93263867 0.86207424
 1.12341683 0.9468185  0.8559005  0.6654754 ]",1.9326386704414389,0.8620742360644783,5,17,16,3.3460659980773926,1,899.0,0.0,0.0,872,barabasi,16,17,16,1.8824,0.0,0.5294,-0.4872,0.8656476274024463
known,static_conjecture,gnm_873,36.33123150960533,"[2.9108778974134064, 2.595893599400984, 2.68440895123092, 2.395384753815536, 2.4669253618643703, 0.9809289064713917, 1.5874816009596218, 1.4311178718848157, 1.423251955629627, 0.7175348100679844]",2.9108778974134064,0.9809289064713916,"[2.39910717 2.39910717 2.39910717 2.39910717 2.39910717 0.86207424
 1.12341683 0.9468185  0.8559005  0.6654754 ]",2.399107172598544,0.8620742360644783,5,13,73,11.378458738327026,1,953.0,0.0,0.0,873,gnm,42,13,73,11.2308,0.9489,0.1538,-0.231,0.8650293216572698
known,static_conjecture,watts_874,8.18563351647349,"[1.7695008190279942, 1.754435967034007, 1.5784738289161786, 2.1436796431504668, 1.6851562898230303, 1.2579396932426294, 2.7240491233138453, 1.7993204179495548, 1.378033164976174, 0.13627439794704094]",1.7695008190279942,1.2579396932426294,"[1.47298077 1.47298077 1.47298077 1.47298077 1.47298077 0.86207424
 1.12341683 0.9468185  0.8559005  0.6654754 ]",1.4729807692307693,0.8620742360644783,5,10,10,3.0080606937408447,1,1405.0,0.0,0.0,874,watts,9,10,10,2.0,0.0,0.6,-0.4286,0.9095148351637212
known,static_conjecture,regular_875,23.749272605381005,"[3.141592653589793, 1.3482448467657333, 3.0536774811360816, 1.4719900388969447, 1.78429358837665, 1.2311518163819546, 2.107183773317166, 1.6569787629881985, 1.817764325698803, 1.2476184016714074]",3.141592653589793,1.2311518163819546,"[3.14159265 3.14159265 3.14159265 3.14159265 3.14159265 0.86207424
 1.12341683 0.9468185  0.8559005  0.6654754 ]",3.141592653589793,0.8620742360644783,5,17,34,6.463727951049805,1,965.0,0.0,0.0,875,regular,26,17,34,4.0,0.1765,0.3529,0.0,0.9134335617454232
known,static_conjecture,regular_876,6.000004341461167,"[3.140956487668653, 0.8799398350249836, 3.0901151030132947, 2.975007779678708, 2.106190031694877, 0.9960002156228882, 2.7253043248289304, 1.4032856488329577, 1.8344380772119133, 0.6932372109025932]",3.140956487668653,0.9960002156228882,"[1.56614833 1.56614833 1.56614833 1.56614833 1.56614833 0.86207424
 1.12341683 0.9468185  0.8559005  0.6654754 ]",1.5661483253588515,0.8620742360644783,5,7,7,0.8231980800628662,1,620.0,0.0,0.0,876,regular,6,7,7,2.0,0.0,0.4286,0.0,1.0
known,static_conjecture,barabasi_877,9.48315668276489,"[0.23392488839544348, 0.8661497547959502, 1.8150525390529855, 2.9813878319458813, 1.0497095274133867, 1.2299361679508451, 2.995512623759089, 3.1415736201251825, 1.7325481078607425, 1.4012946983180896]",0.2339248883954434,1.2299361679508451,"[1.55034722 1.55034722 1.55034722 1.55034722 1.55034722 0.86207424
 1.12341683 0.9468185  0.8559005  0.6654754 ]",1.5503472222222223,0.8620742360644783,5,12,11,2.584800958633423,1,1066.0,0.0,0.0,877,barabasi,11,12,11,1.8333,0.0,0.5833,-0.4318,0.8621051529786263
known,static_conjecture,regular_878,5.99999431501483,"[1.9285240816440419, 2.4170960282475518, 1.441439792982378, 2.8239776602019844, 2.377380917010245, 1.17282744614786, 2.5023943379546076, 1.4354514486542282, 1.7643286591764213, 0.877589298719346]",1.9285240816440417,1.17282744614786,"[1.70442584 1.70442584 1.70442584 1.70442584 1.70442584 0.86207424
 1.12341683 0.9468185  0.8559005  0.6654754 ]",1.704425837320574,0.8620742360644783,5,6,6,0.6825211048126221,1,462.0,0.0,0.0,878,regular,6,6,6,2.0,0.0,0.5,0.0,0.9999990525024717
known,static_conjecture,regular_879,27.28253551430713,"[2.8595254743843124, 1.7140953891833286, 2.657938868991484, 3.141592653589793, 2.0929572446794094, 1.1631947457493443, 2.6494468640641595, 1.2442789388038076, 2.11588353615208, 1.39660665783965]",2.8595254743843124,1.1631947457493443,"[3.14159265 3.14159265 3.14159265 3.14159265 3.14159265 0.86207424
 1.12341683 0.9468185  0.8559005  0.6654754 ]",3.141592653589793,0.8620742360644783,5,18,36,19.49571537971497,1,2594.0,0.0,0.0,879,regular,30,18,36,4.0,0.0556,0.3333,0.0,0.9094178504769044
known,static_conjecture,barabasi_880,28.30606072033248,"[2.9957095128715907, 2.9003475637531957, 1.7487423319320652, 1.772953338253998, 2.4190153711937334, 0.47587438273329996, 1.8381491727895027, 1.5679457640671572, 1.4955456435641223, 0.15265831612261305]",2.9957095128715907,0.4758743827332999,"[1.77287494 1.77287494 1.77287494 1.77287494 1.77287494 0.86207424
 1.12341683 0.9468185  0.8559005  0.6654754 ]",1.772874943203663,0.8620742360644783,5,17,42,8.197220087051392,1,1054.0,0.0,0.0,880,barabasi,31,17,42,4.9412,0.38,0.2941,-0.1047,0.9130987329139509
known,static_conjecture,barabasi_881,4.97298954649159,"[3.0419351193232336, 2.315564262336488, 2.7502043825750624, 2.2688747002828658, 2.4492522481431465, 0.36313595520800845, 1.9407491529252936, 1.7101335256815315, 1.3049443015632507, -0.01897240278288828]",3.0419351193232336,0.3631359552080084,"[2.19780229 2.19780229 2.19780229 2.19780229 2.19780229 0.86207424
 1.12341683 0.9468185  0.8559005  0.6654754 ]",2.197802286579731,0.8620742360644783,5,6,5,2.95930552482605,1,1391.0,0.0,0.0,881,barabasi,5,6,5,1.6667,0.0,0.8333,-1.0,0.9945979092983179
known,static_conjecture,barabasi_882,6.905092477896982,"[2.7896813776253957, 2.1234949281374584, 2.5054179339002607, 2.5370078380301795, 1.6307360152294317, 0.3769729912935963, 3.140518627095556, 1.448327089127399, 1.4035223875998417, 0.20296676845198203]",2.789681377625396,0.3769729912935963,"[2.24017012 2.24017012 2.24017012 2.24017012 2.24017012 0.86207424
 1.12341683 0.9468185  0.8559005  0.6654754 ]",2.2401701165955554,0.8620742360644783,5,9,8,2.044074535369873,1,1060.0,0.0,0.0,882,barabasi,8,9,8,1.7778,0.0,0.5556,-0.3793,0.8631365597371228
known,static_conjecture,gnm_883,7.74643380235284,"[2.9849548890462385, 2.734456204105347, 2.617225742496558, 3.141567782429977, 1.5960044294668738, 1.9625095135679775, 1.789154508612397, 2.1688068811720695, 1.125899610776315, 1.560437284658709]",2.9849548890462385,1.962509513567977,"[1.85651061 1.85651061 1.85651061 1.85651061 1.85651061 0.86207424
 1.12341683 0.9468185  0.8559005  0.6654754 ]",1.856510612509182,0.8620742360644783,5,6,12,3.888460636138916,1,1802.0,0.0,0.0,883,gnm,8,6,12,4.0,0.8444,0.3333,-0.4348,0.968304225294105
known,static_conjecture,watts_884,19.09544415541068,"[1.3198871524996774, 3.140953926814174, 1.6274755547469932, 3.141557272624274, 1.5642973352398721, 0.9707808006527555, 2.7856947358098676, 2.623647171004627, 2.4413306559994603, 0.9337899731131709]",1.3198871524996774,0.9707808006527556,"[1.54166667 1.54166667 1.54166667 1.54166667 1.54166667 0.86207424
 1.12341683 0.9468185  0.8559005  0.6654754 ]",1.541666666666667,0.8620742360644783,5,15,30,4.955249786376953,1,801.0,0.0,0.0,884,watts,24,15,30,4.0,0.2625,0.4,-0.2319,0.7956435064754449
known,static_conjecture,barabasi_885,35.01266760472435,"[2.965462686729202, 3.025303189152119, 1.604067556075515, 1.6720648577639392, 2.7195558882806283, 0.5125231250565782, 1.9567178180480385, 1.5773807093336676, 1.2983488948522028, 0.17896548973523954]",2.965462686729202,0.5125231250565782,"[1.85189394 1.85189394 1.85189394 1.85189394 1.85189394 0.86207424
 1.12341683 0.9468185  0.8559005  0.6654754 ]",1.8518939393939384,0.8620742360644783,5,20,51,17.176470279693604,1,1347.0,0.0,0.0,885,barabasi,39,20,51,5.1,0.2441,0.3,-0.0943,0.8977607078134449
known,static_conjecture,regular_886,6.892687782747089,"[1.7944812679979505, 2.0429063470798, 2.085613209602231, 1.5703163076087294, 1.6084174730615934, 0.49900355786256295, 2.8237383277201817, 1.2246726609353575, 1.8051720156009279, 0.7298268686645542]",1.7944812679979505,0.4990035578625629,"[1.75020243 1.75020243 1.75020243 1.75020243 1.75020243 0.86207424
 1.12341683 0.9468185  0.8559005  0.6654754 ]",1.7502024291497975,0.8620742360644783,5,6,9,1.377577781677246,1,937.0,0.0,0.0,886,regular,7,6,9,3.0,0.3333,0.3333,0.0,0.9846696832495841
known,static_conjecture,regular_887,12.697213761225257,"[2.1110768092087486, 2.950220065809187, 1.1209140757451483, 2.536861681248007, 2.451526821487621, 0.7727634244410085, 2.0865526513057446, 2.1104167715366327, 1.729939120091485, 0.9133898489002859]",2.1110768092087486,0.7727634244410085,"[1.74450113 1.74450113 1.74450113 1.74450113 1.74450113 0.86207424
 1.12341683 0.9468185  0.8559005  0.6654754 ]",1.744501133786848,0.8620742360644783,5,14,14,4.645556688308716,1,1596.0,0.0,0.0,887,regular,14,14,14,2.0,0.0,0.3571,0.0,0.9069438400875184
known,static_conjecture,watts_888,26.26264059106789,"[2.801015665279391, 1.9536539568755145, 1.3958328819946952, 1.8105387343757864, 1.2412117832155949, 1.3318481199761378, 1.5915770393856543, 1.8555384598788045, 1.48855646495259, 0.39072932805739813]",2.801015665279391,1.3318481199761378,"[1.57079633 1.57079633 1.57079633 1.57079633 1.57079633 0.86207424
 1.12341683 0.9468185  0.8559005  0.6654754 ]",1.5707963267948966,0.8620742360644783,5,19,38,11.015352487564089,1,1378.0,0.0,0.0,888,watts,30,19,38,4.0,0.1737,0.4211,-0.1465,0.8754213530355963
known,static_conjecture,watts_889,8.398766239991906,"[1.3640799652107622, 1.320063041264046, 1.8652390950306272, 2.2796875715882994, 1.557513849466211, 1.0187977543410351, 1.9523601726304067, 1.83377198601967, 1.451490268888168, 0.1251891697761418]",1.3640799652107622,1.0187977543410351,"[1.46995192 1.46995192 1.46995192 1.46995192 1.46995192 0.86207424
 1.12341683 0.9468185  0.8559005  0.6654754 ]",1.4699519230769231,0.8620742360644783,5,10,10,2.265782117843628,1,1266.0,0.0,0.0,889,watts,9,10,10,2.0,0.0,0.5,-0.25,0.9331962488879895
known,static_conjecture,gnm_890,49.55976228367664,"[3.0165405510316345, 2.587472580999045, 2.045663873983441, 2.279829181649828, 2.2878229747852568, 1.9970767445445365, 1.5797240781216333, -0.032023880264229816, 1.572233882889747, 0.29514852157742355]",3.0165405510316345,1.9970767445445363,"[2.2512526  2.2512526  2.2512526  2.2512526  2.2512526  0.86207424
 1.12341683 0.9468185  0.8559005  0.6654754 ]",2.251252598173902,0.8620742360644783,5,20,79,16.01575756072998,1,856.0,0.0,0.0,890,gnm,59,20,79,7.9,0.3754,0.25,-0.0901,0.8399959709097735
known,static_conjecture,watts_891,8.500819433950516,"[1.4705642207386234, 2.221176572424479, 1.2626097587068754, 3.081542993451578, 1.6672153692485285, 1.49150198715774, 1.9088032662617977, 1.2160425239316157, 1.928021844886033, 0.874231346550548]",1.4705642207386234,1.49150198715774,"[1.54166667 1.54166667 1.54166667 1.54166667 1.54166667 0.86207424
 1.12341683 0.9468185  0.8559005  0.6654754 ]",1.541666666666667,0.8620742360644783,5,11,11,2.7079412937164307,1,1358.0,0.0,0.0,891,watts,10,11,11,2.0,0.1515,0.4545,-0.3509,0.8500819433950516
known,static_conjecture,watts_892,10.553607995867925,"[1.5538307163489935, 1.2734622979551973, 1.7478200580917809, 2.811922091094421, 1.1761119866221479, 1.138678088820701, 2.085448309188461, 1.6479338881857934, 1.5680470352347506, 0.27409194138753484]",1.5538307163489935,1.138678088820701,"[1.54166667 1.54166667 1.54166667 1.54166667 1.54166667 0.86207424
 1.12341683 0.9468185  0.8559005  0.6654754 ]",1.541666666666667,0.8620742360644783,5,13,13,2.159893751144409,1,753.0,0.0,0.0,892,watts,12,13,13,2.0,0.0,0.4615,-0.3188,0.8794673329889937
known,static_conjecture,gnm_893,17.595902234228312,"[2.9919826076092657, 2.856705986032454, 2.1353920184633712, 2.3728199123713076, 1.8387442082410095, 0.40816367721893987, 2.1258398740922346, -0.0013145464884823429, 1.48898432151581, 1.2645886719726138]",2.9919826076092657,0.4081636772189398,"[2.00327877 2.00327877 2.00327877 2.00327877 2.00327877 0.86207424
 1.12341683 0.9468185  0.8559005  0.6654754 ]",2.003278772738616,0.8620742360644783,5,11,27,8.882569074630737,1,1875.0,0.0,0.0,893,gnm,20,11,27,4.9091,0.471,0.2727,-0.0619,0.8797951117114156
known,static_conjecture,barabasi_894,6.36299774080635,"[2.0926932970678305, 2.8626876781357833, 2.0175911038914656, 2.901324348094382, 3.010789790372921, 0.17243221585624155, 3.0771354216721365, 1.6241596004315466, 1.9811404687269563, 0.735286702803627]",2.0926932970678305,0.1724322158562415,"[2.33235845 2.33235845 2.33235845 2.33235845 2.33235845 0.86207424
 1.12341683 0.9468185  0.8559005  0.6654754 ]",2.332358447270728,0.8620742360644783,5,9,8,2.9186935424804688,1,1015.0,0.0,0.0,894,barabasi,8,9,8,1.7778,0.0,0.4444,-0.3793,0.7953747176007937
known,static_conjecture,barabasi_895,16.280733695097833,"[1.322567117213554, 3.107639743022418, 1.6397687164874484, 2.76895090053619, 2.1424618325790563, 0.9374864614643368, 2.219981042670107, 2.0118778902305063, 1.821635123146433, 1.575155971603997]",1.322567117213554,0.9374864614643368,"[1.551656   1.551656   1.551656   1.551656   1.551656   0.86207424
 1.12341683 0.9468185  0.8559005  0.6654754 ]",1.5516559995028896,0.8620742360644783,5,14,24,5.631611585617065,1,1069.0,0.0,0.0,895,barabasi,19,14,24,3.4286,0.5747,0.4286,-0.3681,0.8568807207946229
known,static_conjecture,barabasi_896,9.47020857892005,"[1.5061257405927833, 1.872291082472571, 2.166542804213372, 1.8650974294507094, -0.30752551515324966, 0.7928203821916563, 2.754136733848087, 1.7148605163195259, 1.470436391244349, 1.3915024358807957]",1.5061257405927833,0.7928203821916563,"[1.55034722 1.55034722 1.55034722 1.55034722 1.55034722 0.86207424
 1.12341683 0.9468185  0.8559005  0.6654754 ]",1.5503472222222223,0.8620742360644783,5,12,11,3.7827115058898926,1,929.0,0.0,0.0,896,barabasi,11,12,11,1.8333,0.0,0.5833,-0.5682,0.8609280526290953
known,static_conjecture,watts_897,9.743771456847751,"[1.549983919843025, 1.896450206947295, 2.9751689564218085, 1.9301351853561344, 1.6006615639287278, 1.3003538304026927, 2.8307421322454713, 1.0497069281340115, 2.3566147406616658, 1.1573947845117363]",1.549983919843025,1.3003538304026927,"[1.76771255 1.76771255 1.76771255 1.76771255 1.76771255 0.86207424
 1.12341683 0.9468185  0.8559005  0.6654754 ]",1.7677125506072873,0.8620742360644783,5,7,14,4.840955972671509,1,1689.0,0.0,0.0,897,watts,10,7,14,4.0,0.6238,0.2857,-0.1667,0.9743771456847752
known,static_conjecture,barabasi_898,23.127100654074567,"[1.5698555311215188, 1.790267393718965, 1.6126828465000504, 2.842277862953603, 1.3177173132695001, 0.5760024623988682, 2.9042482246917616, 1.5287351147901846, 1.5976534151563482, 0.25033453402801203]",1.5698555311215188,0.5760024623988682,"[1.55933364 1.55933364 1.55933364 1.55933364 1.55933364 0.86207424
 1.12341683 0.9468185  0.8559005  0.6654754 ]",1.559333641120345,0.8620742360644783,5,19,34,6.995334625244141,1,830.0,0.0,0.0,898,barabasi,29,19,34,3.5789,0.3156,0.4211,-0.3173,0.7974862294508471
known,static_conjecture,watts_899,7.92937777318366,"[2.8004854507493127, 2.7987456766354755, 2.7012407137761354, 1.8933477785763784, 1.8005043414093729, 0.8866080648772292, 2.1675903942258374, 0.7347550479765349, 2.244267693110068, 0.43877007682609065]",2.8004854507493127,0.8866080648772292,"[1.76771255 1.76771255 1.76771255 1.76771255 1.76771255 0.86207424
 1.12341683 0.9468185  0.8559005  0.6654754 ]",1.7677125506072873,0.8620742360644783,5,7,14,1.5742123126983645,1,717.0,0.0,0.0,899,watts,10,7,14,4.0,0.7095,0.2857,-0.3494,0.792937777318366
known,static_conjecture,barabasi_900,7.532143530205161,"[1.6504839464337029, 2.7676981427497984, 2.231021508281207, 1.6990107922693878, 1.9518443384583462, 1.2250050468054785, 3.1413509463202702, 2.692527915601424, 1.6371927419162806, 1.3175859558621161]",1.6504839464337029,1.2250050468054785,"[2.1846071  2.1846071  2.1846071  2.1846071  2.1846071  0.86207424
 1.12341683 0.9468185  0.8559005  0.6654754 ]",2.184607103422893,0.8620742360644783,5,10,9,2.839930295944214,1,1676.0,0.0,0.0,900,barabasi,9,10,9,1.8,0.0,0.7,-0.7273,0.8369048366894624
known,static_conjecture,barabasi_901,26.09833437898044,"[3.0114870258061006, 2.823202606936463, 1.6142256882374593, 1.5955223948679123, 1.5863391200194767, 0.44275799938170735, 2.639380778936908, 1.3867130013677658, 2.3946574531821767, 0.17305751526579757]",3.0114870258061006,0.4427579993817073,"[1.74564591 1.74564591 1.74564591 1.74564591 1.74564591 0.86207424
 1.12341683 0.9468185  0.8559005  0.6654754 ]",1.7456459122474746,0.8620742360644783,5,16,39,8.49185562133789,1,1109.0,0.0,0.0,901,barabasi,31,16,39,4.875,0.4439,0.3125,-0.3353,0.8418817541606594
known,static_conjecture,gnm_902,17.230932329897513,"[2.298047569907515, 2.2835153529978935, 1.554033040482115, 2.8177679183903335, 1.4083292185564031, 1.5807187333168877, 1.4826939705177338, 1.9417815202340667, 1.8097148446374236, 1.5152393513174225]",2.298047569907515,1.5807187333168875,"[2.1422249  2.1422249  2.1422249  2.1422249  2.1422249  0.86207424
 1.12341683 0.9468185  0.8559005  0.6654754 ]",2.142224898223468,0.8620742360644783,5,10,28,6.173242092132568,1,1490.0,0.0,0.0,902,gnm,19,10,28,5.6,0.6257,0.3,0.073,0.9068911752577639
known,static_conjecture,barabasi_903,21.54966139697881,"[1.900895445269084, 2.649803146147399, 2.7710499302567513, 3.1415757764484007, 2.3652970938446565, 1.4689790926435795, 2.928158754745115, 2.8072665907599745, 1.9709720923093856, 1.1784820653315813]",1.900895445269084,1.4689790926435795,"[1.69924385 1.69924385 1.69924385 1.69924385 1.69924385 0.86207424
 1.12341683 0.9468185  0.8559005  0.6654754 ]",1.6992438543775992,0.8620742360644783,5,18,32,5.784011363983154,1,883.0,0.0,0.0,903,barabasi,30,18,32,3.5556,0.0827,0.5,-0.2668,0.7183220465659603
known,static_conjecture,gnm_904,33.64648706515867,"[2.018311276782147, 2.1724006047964073, 2.9358339388713928, 2.201060038144547, 2.1523430632726086, 1.035144704757085, 2.6332412908355085, 2.4420863161817845, 2.2309238376883425, 0.7336746363449125]",2.018311276782147,1.035144704757085,"[2.15448671 2.15448671 2.15448671 2.15448671 2.15448671 0.86207424
 1.12341683 0.9468185  0.8559005  0.6654754 ]",2.154486714987691,0.8620742360644783,5,15,67,6.145554304122925,1,551.0,0.0,0.0,904,gnm,45,15,67,8.9333,0.6099,0.2667,-0.1488,0.7476997125590815
known,static_conjecture,watts_905,5.630758786131764,"[2.154542447032278, 3.058298078565921, 0.702444979667836, 2.799257680316014, 1.5747504242822343, 0.6430701702042771, 2.195946619046293, 1.7849614637831384, 1.9770984114739414, -0.2500980712610689]",2.154542447032278,0.6430701702042771,"[1.48238815 1.48238815 1.48238815 1.48238815 1.48238815 0.86207424
 1.12341683 0.9468185  0.8559005  0.6654754 ]",1.482388147566719,0.8620742360644783,5,7,7,3.9537744522094727,1,2265.0,0.0,0.0,905,watts,6,7,7,2.0,0.3333,0.4286,-0.0769,0.9384597976886274
known,static_conjecture,gnm_906,28.080908971941383,"[2.357717487878557, 3.138779517366137, 2.1797545941142706, 2.520635996293932, 2.563367595965154, 0.11843106527628221, 2.2382018209936385, 1.5756387858159657, 0.8144774339195451, 0.7841324985318416]",2.357717487878557,0.1184310652762822,"[2.35024167 2.35024167 2.35024167 2.35024167 2.35024167 0.86207424
 1.12341683 0.9468185  0.8559005  0.6654754 ]",2.350241666331556,0.8620742360644783,5,12,54,8.687727451324463,1,999.0,0.0,0.0,906,gnm,33,12,54,9.0,0.8429,0.1667,-0.2396,0.8509366355133753
known,static_conjecture,watts_907,15.832575009730784,"[3.097560682805523, 1.8465957855870416, 1.8922487347166639, 2.912585985510268, 1.2993325349177387, 0.2744339660051808, 2.8687044025554127, 0.3912983309475098, 2.3950616166580834, 0.19150659512637935]",3.097560682805523,0.2744339660051808,"[1.57079633 1.57079633 1.57079633 1.57079633 1.57079633 0.86207424
 1.12341683 0.9468185  0.8559005  0.6654754 ]",1.5707963267948966,0.8620742360644783,5,19,19,6.12123703956604,1,1718.0,0.0,0.0,907,watts,19,19,19,2.0,0.0,0.4737,0.2083,0.833293421564778
known,static_conjecture,barabasi_908,30.02057928760969,"[3.0043042609697936, 2.866315725844845, 1.6649373816661608, 1.9141279658711006, 1.892245175893585, 0.5144785378710958, 1.789954626119131, 1.5827142305017883, 1.3978833360869147, 0.05139704884909513]",3.0043042609697936,0.5144785378710958,"[1.81899551 1.81899551 1.81899551 1.81899551 1.81899551 0.86207424
 1.12341683 0.9468185  0.8559005  0.6654754 ]",1.818995510662177,0.8620742360644783,5,18,45,13.6761212348938,1,1596.0,0.0,0.0,908,barabasi,34,18,45,5.0,0.3565,0.4444,-0.3579,0.8829582143414614
known,static_conjecture,barabasi_909,14.600961388766766,"[1.4883500690346239, 2.6923495849337487, 0.5937430523939343, 3.1415817135283324, 1.8220730223598447, 1.4334816728973039, 1.6175702367955935, 1.323134560938903, 1.3080376494954955, 1.20940647727872]",1.488350069034624,1.433481672897304,"[1.54148586 1.54148586 1.54148586 1.54148586 1.54148586 0.86207424
 1.12341683 0.9468185  0.8559005  0.6654754 ]",1.5414858645627878,0.8620742360644783,5,13,22,3.9762797355651855,1,1025.0,0.0,0.0,909,barabasi,19,13,22,3.3846,0.0846,0.3846,-0.2306,0.7684716520403562
known,static_conjecture,barabasi_910,11.83014870148407,"[1.3733108502086875, 2.0761710389417525, 1.8287080003862135, 1.9003375120480195, 1.0212915099482607, -0.15383518571477192, 2.7129334657421675, 1.7972473770501416, 1.3209688924537988, 1.410234736849768]",1.3733108502086877,-0.1538351857147719,"[1.55555556 1.55555556 1.55555556 1.55555556 1.55555556 0.86207424
 1.12341683 0.9468185  0.8559005  0.6654754 ]",1.5555555555555556,0.8620742360644783,5,15,14,7.919520854949951,1,2549.0,0.0,0.0,910,barabasi,14,15,14,1.8667,0.0,0.5333,-0.3426,0.8450106215345764
known,static_conjecture,barabasi_911,13.162240718762485,"[2.8857319846555427, 2.660997873712264, 2.7877816053762645, 1.699863072435067, 1.8478497461948762, 0.4576265942729517, 2.1113238380879613, 1.773333349259289, 1.4404707241255545, -0.32494368957457365]",2.8857319846555427,0.4576265942729517,"[1.93780185 1.93780185 1.93780185 1.93780185 1.93780185 0.86207424
 1.12341683 0.9468185  0.8559005  0.6654754 ]",1.9378018465909093,0.8620742360644783,5,16,15,6.418461084365845,1,2000.0,0.0,0.0,911,barabasi,15,16,15,1.875,0.0,0.5625,-0.1827,0.8774827145841656
known,static_conjecture,barabasi_912,8.23175143510548,"[2.5525016190391048, 2.015010707538935, 1.855875032261189, 2.2121409357670627, 2.4870595035056553, 0.411009686397648, 1.5450941670226688, 1.6678897099591343, 1.9301181086305907, 1.75457370537467]",2.5525016190391048,0.411009686397648,"[2.22437983 2.22437983 2.22437983 2.22437983 2.22437983 0.86207424
 1.12341683 0.9468185  0.8559005  0.6654754 ]",2.2243798306956206,0.8620742360644783,5,10,9,2.977588176727295,1,1489.0,0.0,0.0,912,barabasi,9,10,9,1.8,0.0,0.8,-0.8348,0.9146390483450533
known,static_conjecture,watts_913,15.446929079673676,"[1.3909371396870378, 2.006981440443233, 1.4490335226995112, 3.0021610959128737, 1.6574451403889634, 1.3343198512877055, 2.0664166192532587, 1.0067015804910784, 1.9924744875369012, 0.5958418163328469]",1.3909371396870378,1.3343198512877057,"[1.54166667 1.54166667 1.54166667 1.54166667 1.54166667 0.86207424
 1.12341683 0.9468185  0.8559005  0.6654754 ]",1.541666666666667,0.8620742360644783,5,11,22,6.4613587856292725,1,1826.0,0.0,0.0,913,watts,17,11,22,4.0,0.3182,0.3636,0.0188,0.908642887039628
known,static_conjecture,barabasi_914,9.062728786022769,"[1.4420210563773352, 1.2350715607922784, 1.2613118686938631, 2.5049607317926013, 1.8403098514531648, -0.5113051017740782, 1.902718252361024, 1.3601589350112435, 1.4256242801187917, 0.16296421312479414]",1.4420210563773352,-0.5113051017740782,"[1.56382002 1.56382002 1.56382002 1.56382002 1.56382002 0.86207424
 1.12341683 0.9468185  0.8559005  0.6654754 ]",1.563820018365473,0.8620742360644783,5,11,10,4.167199373245239,1,2016.0,0.0,0.0,914,barabasi,10,11,10,1.8182,0.0,0.7273,-0.6312,0.9062728786022769
known,static_conjecture,regular_915,11.647630363758251,"[2.869369053191684, 1.679416837225622, 2.7264525620820725, 2.795090488458072, 2.024611569097312, 1.0890481108743237, 2.6805839167495016, 2.0794415219308267, 1.789765437898918, 1.4802559585606194]",2.869369053191684,1.0890481108743235,"[1.56614833 1.56614833 1.56614833 1.56614833 1.56614833 0.86207424
 1.12341683 0.9468185  0.8559005  0.6654754 ]",1.5661483253588515,0.8620742360644783,5,7,14,4.592278957366943,1,1966.0,0.0,0.0,915,regular,12,7,14,4.0,0.4286,0.4286,0.0,0.970635863646521
known,static_conjecture,gnm_916,21.66191471159891,"[2.3550377149662065, 2.3406724913445873, 2.495527374197289, 2.281541143481589, 2.095916627791052, 0.7816992743977791, 2.355069458242065, 1.8293455264918665, 1.549620087079718, 1.4057563352677933]",2.3550377149662065,0.7816992743977791,"[2.32244499 2.32244499 2.32244499 2.32244499 2.32244499 0.86207424
 1.12341683 0.9468185  0.8559005  0.6654754 ]",2.3224449897457733,0.8620742360644783,5,11,41,6.572305679321289,1,1045.0,0.0,0.0,916,gnm,28,11,41,7.4545,0.7986,0.1818,-0.1604,0.7736398111285325
known,static_conjecture,watts_917,27.115483687916065,"[2.955432821069519, 2.9440238537865495, 1.6585645254176407, 2.176391526349636, 1.5742355772540613, 0.23243966817722328, 2.568410652441257, 2.3694616016757557, 2.3898174159433756, 0.7438379133022375]",2.955432821069519,0.2324396681772232,"[1.67125087 1.67125087 1.67125087 1.67125087 1.67125087 0.86207424
 1.12341683 0.9468185  0.8559005  0.6654754 ]",1.671250872249442,0.8620742360644783,5,20,40,7.787139654159546,1,870.0,0.0,0.0,917,watts,31,20,40,4.0,0.3483,0.35,-0.1204,0.8746930221908408
known,static_conjecture,gnm_918,6.413101708167233,"[2.5399668628382095, 2.1495276312328557, 2.3125633068985643, 2.0443612664003217, 2.3018402910942175, 1.1583149516048037, 1.4560571448995558, 1.3220508824230188, 0.7188575455281836, 0.16582146637761097]",2.539966862838209,1.1583149516048037,"[1.85651061 1.85651061 1.85651061 1.85651061 1.85651061 0.86207424
 1.12341683 0.9468185  0.8559005  0.6654754 ]",1.856510612509182,0.8620742360644783,5,6,9,1.677890062332153,1,1186.0,0.0,0.0,918,gnm,7,6,9,3.0,0.7333,0.5,-0.4545,0.9161573868810332
known,static_conjecture,gnm_919,7.465501116996165,"[1.9657155962425832, 1.5537015738694264, 2.352581815053713, 1.893613653611244, 1.8639771290065394, 0.6731068392420053, 1.8845968351073559, 1.7196963125406608, 1.9046794283373798, 0.6615652163169601]",1.9657155962425832,0.6731068392420053,"[1.85651061 1.85651061 1.85651061 1.85651061 1.85651061 0.86207424
 1.12341683 0.9468185  0.8559005  0.6654754 ]",1.856510612509182,0.8620742360644783,5,6,12,2.171672344207764,1,1367.0,0.0,0.0,919,gnm,8,6,12,4.0,0.9,0.3333,-0.4545,0.9331876396245207
known,static_conjecture,watts_920,4.459332949099917,"[1.887564273083135, 2.6754956720713885, 1.422782568276385, 2.899380257709942, 1.7493061650077701, 0.6368199059411197, 2.593169253160894, 1.2300986051908283, 2.2196692765312607, 0.720912117610548]",1.887564273083135,0.6368199059411197,"[1.46995192 1.46995192 1.46995192 1.46995192 1.46995192 0.86207424
 1.12341683 0.9468185  0.8559005  0.6654754 ]",1.4699519230769231,0.8620742360644783,5,6,6,0.6306965351104736,1,545.0,0.0,0.0,920,watts,5,6,6,2.0,0.2778,0.5,-0.2,0.8918665898199833
known,static_conjecture,watts_921,18.990243395034653,"[1.7699999353144618, 3.110373274542029, 1.6567306460980447, 2.5713115346220903, 1.5203274645680998, 1.7767137109123647, 1.3454173339048112, 1.3680525984919563, 1.8451629817087027, 1.5586574035362726]",1.7699999353144618,1.7767137109123647,"[1.54166667 1.54166667 1.54166667 1.54166667 1.54166667 0.86207424
 1.12341683 0.9468185  0.8559005  0.6654754 ]",1.541666666666667,0.8620742360644783,5,14,28,5.949309825897217,1,1066.0,0.0,0.0,921,watts,23,14,28,4.0,0.2143,0.4286,-0.1909,0.8256627563058545
known,static_conjecture,regular_922,16.051515632172567,"[1.894074102780059, 2.4341264818561346, 2.6213786073511187, 1.7870869436931276, 2.0170105456367677, 1.6860532893887235, 2.2389534643848643, 1.6529234008043807, 1.768250170038494, 0.6210358934848748]",1.894074102780059,1.6860532893887237,"[2.09196429 2.09196429 2.09196429 2.09196429 2.09196429 0.86207424
 1.12341683 0.9468185  0.8559005  0.6654754 ]",2.091964285714286,0.8620742360644783,5,14,21,4.163612365722656,1,958.0,0.0,0.0,922,regular,18,14,21,3.0,0.1429,0.3571,0.0,0.8917508684540315
known,static_conjecture,gnm_923,21.962896835169875,"[2.964701644534064, 2.807380955272915, 2.2338966452140143, 2.466522248492394, 2.0766969388724243, 0.5642753937660612, 1.79528809718397, 1.5761145824756984, 1.575921033166216, 1.3884222230477998]",2.964701644534064,0.5642753937660612,"[2.28877193 2.28877193 2.28877193 2.28877193 2.28877193 0.86207424
 1.12341683 0.9468185  0.8559005  0.6654754 ]",2.288771929824561,0.8620742360644783,5,16,31,7.135822772979736,1,1138.0,0.0,0.0,923,gnm,25,16,31,3.875,0.2667,0.375,-0.1071,0.878515873406795
known,static_conjecture,watts_924,14.519073185429626,"[0.4494714118378836, 2.9870390369914555, 2.4246741875217, 1.1133329078341003, 2.621959515083736, 0.1309288826409205, 2.258175340068025, 1.7310698424177169, 1.2356012559544887, 0.33758297626448364]",0.4494714118378836,0.1309288826409205,"[1.57079633 1.57079633 1.57079633 1.57079633 1.57079633 0.86207424
 1.12341683 0.9468185  0.8559005  0.6654754 ]",1.5707963267948966,0.8620742360644783,5,17,17,7.981258869171143,1,2154.0,0.0,0.0,924,watts,17,17,17,2.0,0.0,0.4706,0.2031,0.8540631285546839
known,static_conjecture,barabasi_925,31.010601882738246,"[2.940321280496976, 3.1415375611910124, 3.1415907354915644, 2.1801244679274006, 1.436134563093188, 3.0369899142058063, 3.0765312106498586, 0.3581957976770921, 1.5642814584310671, 1.3012290777659201]",2.940321280496976,3.0369899142058063,"[1.83011626 1.83011626 1.83011626 1.83011626 1.83011626 0.86207424
 1.12341683 0.9468185  0.8559005  0.6654754 ]",1.830116259548392,0.8620742360644783,5,19,48,11.289474964141846,1,1132.0,0.0,0.0,925,barabasi,36,19,48,5.0526,0.2799,0.3158,-0.067,0.8614056078538401
known,static_conjecture,gnm_926,19.60614681141635,"[1.9603066050924896, 2.9149135629315186, 2.781945058399844, 1.9989948115093386, 3.099148472099656, 1.5481680986476611, 3.1237201912736863, 2.984753144321445, 2.1273284933593013, 0.7034660548892868]",1.9603066050924896,1.5481680986476611,"[2.1422249  2.1422249  2.1422249  2.1422249  2.1422249  0.86207424
 1.12341683 0.9468185  0.8559005  0.6654754 ]",2.142224898223468,0.8620742360644783,5,10,33,8.419114351272583,1,1795.0,0.0,0.0,926,gnm,22,10,33,6.6,0.715,0.2,-0.1541,0.891188491428016
known,static_conjecture,regular_927,18.214211622445763,"[2.9415117234468413, 1.7541013876571738, 1.94557215608521, 1.7699216521323722, 1.9623824205355422, 0.7506341230504106, 2.9082999732773294, 0.16777831404273136, 1.4517740139695068, 0.3020294285855265]",2.9415117234468413,0.7506341230504106,"[1.97142857 1.97142857 1.97142857 1.97142857 1.97142857 0.86207424
 1.12341683 0.9468185  0.8559005  0.6654754 ]",1.971428571428571,0.8620742360644783,5,13,26,6.405257940292358,1,1225.0,0.0,0.0,927,regular,20,13,26,4.0,0.2692,0.3077,0.0,0.9107105811222882
known,static_conjecture,regular_928,6.73465395113044,"[2.827494028291828, 3.105008491705236, 2.68431272209766, 2.9037769890351646, 3.1386660996357163, 0.6141025898072443, 3.140280658338635, 1.7847970378642684, 0.17081117604651058, 3.1406884805440516]",2.827494028291828,0.6141025898072443,"[1.44210526 1.44210526 1.44210526 1.44210526 1.44210526 0.86207424
 1.12341683 0.9468185  0.8559005  0.6654754 ]",1.4421052631578948,0.8620742360644783,5,8,8,3.4401190280914307,1,1663.0,0.0,0.0,928,regular,8,8,8,2.0,0.0,0.5,0.0,0.841831743891305
known,static_conjecture,watts_929,11.548865337011303,"[1.5898185835819294, 1.9543268119987327, 2.2339105444487, 2.826764540676751, 0.4876097423818446, 2.0721745187168374, 1.4366155732221388, 1.0389421759507926, 1.682279772395265, 0.7781652499142576]",1.5898185835819294,2.072174518716837,"[1.54166667 1.54166667 1.54166667 1.54166667 1.54166667 0.86207424
 1.12341683 0.9468185  0.8559005  0.6654754 ]",1.541666666666667,0.8620742360644783,5,14,14,3.848278284072876,1,1310.0,0.0,0.0,929,watts,13,14,14,2.0,0.0,0.5,-0.4933,0.8883742566931772
known,static_conjecture,gnm_930,16.469300045583907,"[2.9633890728461383, 2.7897938834460874, 2.7005768049048235, 1.4624428695279539, 2.2447637981091075, 0.5127847439141466, 2.0480587655811746, 1.7259608215591966, 1.5504093361514584, 1.3885455279008014]",2.9633890728461383,0.5127847439141466,"[2.28663951 2.28663951 2.28663951 2.28663951 2.28663951 0.86207424
 1.12341683 0.9468185  0.8559005  0.6654754 ]",2.286639511376096,0.8620742360644783,5,16,22,8.1532621383667,1,1653.0,0.0,0.0,930,gnm,18,16,22,2.75,0.2708,0.4375,-0.1118,0.9149611136435504
known,static_conjecture,gnm_931,49.085642436395,"[2.7117196610787797, 2.376230669720515, 2.2040819779510525, 2.3752049322608944, 2.8128957956503786, 0.7890894969781613, 1.9620846586468832, 1.61732501111798, 1.6086889764716776, 0.7815443463747972]",2.71171966107878,0.7890894969781613,"[2.37849303 2.37849303 2.37849303 2.37849303 2.37849303 0.86207424
 1.12341683 0.9468185  0.8559005  0.6654754 ]",2.378493034715856,0.8620742360644783,5,15,95,11.35312557220459,1,667.0,0.0,0.0,931,gnm,56,15,95,12.6667,0.9015,0.2,-0.1605,0.8765293292213393
known,static_conjecture,watts_932,28.250171084969903,"[2.984317210142181, 2.747993329713001, 1.6514336470038113, 1.8658525476000218, 1.567410391294104, 0.5073201054173742, 2.6668254903865023, 0.7865107849044202, 2.3508191081959473, 0.7982994673443337]",2.984317210142181,0.5073201054173742,"[1.67125087 1.67125087 1.67125087 1.67125087 1.67125087 0.86207424
 1.12341683 0.9468185  0.8559005  0.6654754 ]",1.671250872249442,0.8620742360644783,5,20,40,8.44144606590271,1,804.0,0.0,0.0,932,watts,32,20,40,4.0,0.2083,0.35,-0.2068,0.8828178464053095
known,static_conjecture,barabasi_933,7.622360492633305,"[2.9239412135341505, 2.8524357656921926, 2.9738154450717005, 2.8738801635587206, 2.4457073618376235, 1.9932256887957536, 1.7325447542091075, 1.7670159931054075, 1.8339791669838195, 0.18166997861945297]",2.9239412135341505,1.9932256887957536,"[2.20255013 2.20255013 2.20255013 2.20255013 2.20255013 0.86207424
 1.12341683 0.9468185  0.8559005  0.6654754 ]",2.2025501301817094,0.8620742360644783,5,9,8,1.807518720626831,1,1259.0,0.0,0.0,933,barabasi,8,9,8,1.7778,0.0,0.7778,-0.8195,0.9527950615791632
known,static_conjecture,barabasi_934,5.478427031708179,"[2.803955318178769, 2.6178224583585843, 3.1113013887875036, 2.6229945187585955, 2.0982192988734423, 2.0417815548624993, 1.7078861117159774, 1.7372186273012669, 1.765257587386579, 1.4887774480327114]",2.803955318178769,2.0417815548625,"[2.23017809 2.23017809 2.23017809 2.23017809 2.23017809 0.86207424
 1.12341683 0.9468185  0.8559005  0.6654754 ]",2.230178092584108,0.8620742360644783,5,7,6,1.1525452136993408,1,1624.0,0.0,0.0,934,barabasi,6,7,6,1.7143,0.0,0.5714,-0.5,0.9130711719513632
known,static_conjecture,watts_935,10.61826711682973,"[1.6736485579667988, 1.7719952696349486, 1.8002028956036704, 2.0510122405852957, -0.158106469510645, 1.2559249506349208, 2.5915160570563778, 1.6438536404325985, 1.9546290333912348, 0.9102141426272197]",1.6736485579667988,1.2559249506349208,"[1.54166667 1.54166667 1.54166667 1.54166667 1.54166667 0.86207424
 1.12341683 0.9468185  0.8559005  0.6654754 ]",1.541666666666667,0.8620742360644783,5,13,13,4.3119165897369385,1,1526.0,0.0,0.0,935,watts,12,13,13,2.0,0.1282,0.4615,-0.4773,0.8848555930691441
known,static_conjecture,watts_936,24.285746376409232,"[3.141592653589793, 1.8182056118796002, 1.5525284405198674, 3.08094366609953, 1.6404373474905876, 1.003095252710641, 2.3802883706219338, 1.0754565998814383, 1.7050281030781926, 0.7367906411069802]",3.141592653589793,1.003095252710641,"[1.57079633 1.57079633 1.57079633 1.57079633 1.57079633 0.86207424
 1.12341683 0.9468185  0.8559005  0.6654754 ]",1.5707963267948966,0.8620742360644783,5,19,38,5.405600786209106,1,671.0,0.0,0.0,936,watts,32,19,38,4.0,0.2105,0.4211,-0.1106,0.7589295742627885
known,static_conjecture,gnm_937,13.601889152128829,"[2.967373913055789, 2.815148919971978, 2.798642950956174, 1.924925578067652, 1.644021706810386, 0.5692656091844892, 2.1294871964840407, 1.7727843135352996, 1.569160799777347, 1.353045261011246]",2.967373913055789,0.5692656091844892,"[1.82334302 1.82334302 1.82334302 1.82334302 1.82334302 0.86207424
 1.12341683 0.9468185  0.8559005  0.6654754 ]",1.8233430214045887,0.8620742360644783,5,11,18,4.240113496780396,1,1503.0,0.0,0.0,937,gnm,15,11,18,3.2727,0.3424,0.4545,-0.4636,0.9067926101419219
known,static_conjecture,gnm_938,15.25766141720377,"[1.3897182492670213, 2.093759217925712, 2.7900101285177668, 1.7525222088020151, 1.616159665943525, 1.3742088875839418, 1.9349382854104689, 1.505610328349906, 1.4637083105607722, 0.8363723716347563]",1.3897182492670213,1.3742088875839418,"[1.75720666 1.75720666 1.75720666 1.75720666 1.75720666 0.86207424
 1.12341683 0.9468185  0.8559005  0.6654754 ]",1.757206656346749,0.8620742360644783,5,11,22,3.926059484481812,1,991.0,0.0,0.0,938,gnm,18,11,22,4.0,0.3,0.3636,-0.2911,0.8476478565113206
known,static_conjecture,gnm_939,13.889901357888448,"[1.8200119693015957, 1.509112073161331, 2.687830696541047, 2.724780323922463, 2.044477492613567, 1.455959447789783, 2.9854941634159387, 1.806178118541958, 1.755443866329645, 1.5944555229829058]",1.820011969301596,1.455959447789783,"[1.85651061 1.85651061 1.85651061 1.85651061 1.85651061 0.86207424
 1.12341683 0.9468185  0.8559005  0.6654754 ]",1.856510612509182,0.8620742360644783,5,8,23,4.225546598434448,1,1272.0,0.0,0.0,939,gnm,15,8,23,5.75,0.8774,0.375,-0.4138,0.9259934238592299
known,static_conjecture,watts_940,16.7361185938173,"[1.732150276630788, 2.7296744797744332, 1.5039219753196489, 2.4235488893520656, 1.5561134178704115, 1.260474241198705, 2.2009981467748223, 1.113150579790038, 2.262130738905732, 0.8061587889161013]",1.732150276630788,1.260474241198705,"[1.54166667 1.54166667 1.54166667 1.54166667 1.54166667 0.86207424
 1.12341683 0.9468185  0.8559005  0.6654754 ]",1.541666666666667,0.8620742360644783,5,13,26,6.179628372192383,1,1327.0,0.0,0.0,940,watts,20,13,26,4.0,0.4051,0.3846,-0.1798,0.836805929690865
known,static_conjecture,gnm_941,7.969036549700831,"[2.657514106922827, 1.8900986819987378, 1.1748419985129241, 2.1716417824615, 1.5438797093351675, 1.5061284909668093, 2.256731276759178, 1.6865287001467681, 0.793725598933243, 0.5552376656935145]",2.657514106922827,1.5061284909668091,"[1.82079633 1.82079633 1.82079633 1.82079633 1.82079633 0.86207424
 1.12341683 0.9468185  0.8559005  0.6654754 ]",1.8207963267948968,0.8620742360644783,5,7,12,2.389055728912353,1,1019.0,0.0,0.0,941,gnm,8,7,12,3.4286,0.6667,0.2857,-0.2,0.9961295687126038
known,static_conjecture,barabasi_942,5.299765338213547,"[2.8301698380761877, 1.8171295690331095, 2.0128185104441605, 2.9979317573465516, 2.2971206320834234, 1.4948617236880786, 2.558652650946456, 2.073514883729021, 0.7061547208621772, 0.22500179414667418]",2.830169838076188,1.4948617236880786,"[2.34870595 2.34870595 2.34870595 2.34870595 2.34870595 0.86207424
 1.12341683 0.9468185  0.8559005  0.6654754 ]",2.34870594630933,0.8620742360644783,5,7,6,2.005465507507324,1,1240.0,0.0,0.0,942,barabasi,6,7,6,1.7143,0.0,0.4286,-0.4483,0.8832942230355911
known,static_conjecture,regular_943,9.900014581607868,"[3.141569753298061, 2.1144866948045733, 2.786168722998462, 2.616498334451526, 2.119768555285743, 0.9059050429902948, 2.591530587143792, 2.0970910892476757, 1.9258244376639397, 1.0255971489150446]",3.141569753298061,0.9059050429902948,"[1.53632918 1.53632918 1.53632918 1.53632918 1.53632918 0.86207424
 1.12341683 0.9468185  0.8559005  0.6654754 ]",1.5363291750727188,0.8620742360644783,5,11,11,3.7150003910064697,1,1304.0,0.0,0.0,943,regular,10,11,11,2.0,0.0,0.4545,0.0,0.9900014581607868
known,static_conjecture,barabasi_944,13.78082059562596,"[1.6932733920807428, 2.860642153808016, 1.5409631405772237, 2.7539638608125983, 1.8083002743595504, -0.13794894214995257, 3.0607081537016745, 2.001476015193185, 1.8100148100619329, 0.011825013837535772]",1.6932733920807428,-0.1379489421499525,"[1.64117993 1.64117993 1.64117993 1.64117993 1.64117993 0.86207424
 1.12341683 0.9468185  0.8559005  0.6654754 ]",1.6411799339618889,0.8620742360644783,5,12,20,5.080241441726685,1,1277.0,0.0,0.0,944,barabasi,16,12,20,3.3333,0.3992,0.4167,-0.3435,0.8613012872266225
known,static_conjecture,barabasi_945,6.248870009438917,"[2.3612317174263784, 2.7085390313552713, 2.3030409946085886, 2.369850569445151, 1.642144329431467, 1.880882441906637, 1.8311033529198104, 1.2964435991625227, 0.8985149111584305, 0.9008266899302155]",2.3612317174263784,1.880882441906637,"[2.18324468 2.18324468 2.18324468 2.18324468 2.18324468 0.86207424
 1.12341683 0.9468185  0.8559005  0.6654754 ]",2.183244677593048,0.8620742360644783,5,8,7,3.1271519660949707,1,1473.0,0.0,0.0,945,barabasi,7,8,7,1.75,0.0,0.75,-0.7386,0.8926957156341311
known,static_conjecture,barabasi_946,15.019705161926469,"[2.922157219769443, 2.2285223809635566, 1.6825724752089535, 1.9093395289371364, 0.8556252080675634, 2.0316220164668963, 1.694566389486109, 1.4097518657159984, 1.7538179482596772, 1.4327087471630646]",2.922157219769443,2.0316220164668963,"[1.92991957 1.92991957 1.92991957 1.92991957 1.92991957 0.86207424
 1.12341683 0.9468185  0.8559005  0.6654754 ]",1.9299195660306767,0.8620742360644783,5,18,17,7.26830792427063,1,2036.0,0.0,0.0,946,barabasi,17,18,17,1.8889,0.0,0.5556,-0.7417,0.8835120683486158
known,static_conjecture,gnm_947,24.280514427814943,"[2.326717587324403, 2.6630152642883504, 2.681965949410393, 2.280109136825142, 2.602373261665378, 0.9352547850056556, 1.822406403333698, 0.2834278497453533, 1.926125453730412, 0.71534483292154]",2.326717587324403,0.9352547850056556,"[2.21695471 2.21695471 2.21695471 2.21695471 2.21695471 0.86207424
 1.12341683 0.9468185  0.8559005  0.6654754 ]",2.21695471190613,0.8620742360644783,5,12,48,4.636679649353027,1,690.0,0.0,0.0,947,gnm,33,12,48,8.0,0.6748,0.25,-0.2606,0.7357731644792407
known,static_conjecture,watts_948,18.464860720100244,"[1.6347956211597612, 3.140049295594846, 1.7668177456815344, 2.58713092443588, 1.594212703266302, 1.0797854673770497, 1.7926204687762906, 1.3971433818756986, 1.8247351396436724, 1.4990913447787062]",1.6347956211597612,1.0797854673770495,"[1.54166667 1.54166667 1.54166667 1.54166667 1.54166667 0.86207424
 1.12341683 0.9468185  0.8559005  0.6654754 ]",1.541666666666667,0.8620742360644783,5,14,28,6.186135768890381,1,1320.0,0.0,0.0,948,watts,22,14,28,4.0,0.3786,0.2857,-0.2767,0.8393118509136475
known,static_conjecture,gnm_949,40.19279737362892,"[2.9442074016378506, 2.3620590104610533, 2.3410191641495213, 2.457017133285829, 2.3038434379015493, 1.09175883013417, 1.5686064753796467, 1.5738331206504192, 1.5630123260075335, 0.7970824937749303]",2.9442074016378506,1.09175883013417,"[2.29149613 2.29149613 2.29149613 2.29149613 2.29149613 0.86207424
 1.12341683 0.9468185  0.8559005  0.6654754 ]",2.2914961306474115,0.8620742360644783,5,16,69,11.19693922996521,1,846.0,0.0,0.0,949,gnm,46,16,69,8.625,0.5971,0.25,-0.1185,0.873756464644107
known,static_conjecture,barabasi_950,16.600579172197335,"[2.8970936314753377, 2.694875433844005, 1.963286329163871, 1.9545180777328321, 1.8793847204707168, 2.116765534347528, 1.8793853805427054, 1.6328329334964633, 1.4949659616005584, 0.18680619207772842]",2.8970936314753377,2.116765534347528,"[1.92364268 1.92364268 1.92364268 1.92364268 1.92364268 0.86207424
 1.12341683 0.9468185  0.8559005  0.6654754 ]",1.9236426767676769,0.8620742360644783,5,20,19,6.236376762390137,1,1121.0,0.0,0.0,950,barabasi,19,20,19,1.9,0.0,0.55,-0.4272,0.873714693273544
known,static_conjecture,gnm_951,8.77211065300071,"[2.8106637162297314, 1.9476258578263055, 1.752367127829729, 1.8056567214862183, 1.9214468936084068, 1.0458151158685607, 2.28604682462243, 0.7771181593057666, 1.5678651469736127, 0.7430086840657797]",2.8106637162297314,1.045815115868561,"[1.85651061 1.85651061 1.85651061 1.85651061 1.85651061 0.86207424
 1.12341683 0.9468185  0.8559005  0.6654754 ]",1.856510612509182,0.8620742360644783,5,6,14,1.8390967845916748,1,1122.0,0.0,0.0,951,gnm,9,6,14,4.6667,0.9333,0.3333,-0.4,0.9746789614445233
known,static_conjecture,regular_952,14.544003287334151,"[2.3398969078989538, 2.5012160278309863, 2.533275177466713, 2.557584116111639, 2.895731510557258, -1.3430163964622837, 2.393227529141141, 1.9205000775440553, 0.8889164545994921, 0.4158097568518181]",2.3398969078989538,-1.3430163964622837,"[3.14159265 3.14159265 3.14159265 3.14159265 3.14159265 0.86207424
 1.12341683 0.9468185  0.8559005  0.6654754 ]",3.141592653589793,0.8620742360644783,5,16,16,5.774306058883667,1,1832.0,0.0,0.0,952,regular,16,16,16,2.0,0.0,0.4375,0.0,0.9090002054583844
known,static_conjecture,gnm_953,21.52052514884126,"[3.010890870937297, 2.1856150294289414, 3.0158504665614405, 2.485868398389494, 2.336489435727911, 0.8087728589984875, 2.3643453192945865, 1.5667958521178975, 1.1801987849103932, 0.7246429865447148]",3.010890870937297,0.8087728589984875,"[2.1422249  2.1422249  2.1422249  2.1422249  2.1422249  0.86207424
 1.12341683 0.9468185  0.8559005  0.6654754 ]",2.142224898223468,0.8620742360644783,5,10,40,5.532217025756836,1,972.0,0.0,0.0,953,gnm,25,10,40,8.0,0.8933,0.2,-0.2238,0.8608210059536503
known,static_conjecture,regular_954,21.516928665338337,"[2.910354933017157, 2.0312969890414774, 1.437595115537825, 2.1123118565141654, 1.4573651025499224, 1.717971636136543, 2.1385252990111536, 0.4106594484962121, 1.9714536028541787, 0.842684923102875]",2.910354933017157,1.717971636136543,"[1.97142857 1.97142857 1.97142857 1.97142857 1.97142857 0.86207424
 1.12341683 0.9468185  0.8559005  0.6654754 ]",1.971428571428571,0.8620742360644783,5,14,28,8.403945446014404,1,1706.0,0.0,0.0,954,regular,24,14,28,4.0,0.1786,0.3571,0.0,0.8965386943890974
known,static_conjecture,watts_955,17.335123853964305,"[1.783559668983418, 2.5533604007319353, -1.4071671265461063, 3.1414529648793685, 1.7458059358723403, 1.2928309339117796, 3.026666018732583, 2.624198881311115, 2.482803119761764, 1.422470696556831]",1.783559668983418,1.2928309339117796,"[1.54166667 1.54166667 1.54166667 1.54166667 1.54166667 0.86207424
 1.12341683 0.9468185  0.8559005  0.6654754 ]",1.541666666666667,0.8620742360644783,5,13,26,4.986831188201904,1,1031.0,0.0,0.0,955,watts,21,13,26,4.0,0.3,0.3846,-0.017,0.8254820882840145
known,static_conjecture,barabasi_956,14.520260091979432,"[2.1594796850466973, 1.6961558362322608, 1.6093821551223677, 1.5026480245276503, 1.8848437203636714, 1.0338092263792196, 0.496414970453816, 0.5571076493560698, 0.7604450392798447, 0.27127257299143204]",2.1594796850466973,1.0338092263792196,"[1.92567014 1.92567014 1.92567014 1.92567014 1.92567014 0.86207424
 1.12341683 0.9468185  0.8559005  0.6654754 ]",1.925670136265704,0.8620742360644783,5,19,18,6.12421178817749,1,1396.0,0.0,0.0,956,barabasi,18,19,18,1.8947,0.0,0.5263,-0.3423,0.8066811162210796
known,static_conjecture,watts_957,10.462958132206497,"[0.22145830028112287, 3.137589034629006, 2.5198632146164868, 0.6460492838642101, 2.5597428941362708, 1.5603569101744734, 2.9875071548182643, 2.6172978394551207, 1.5752630288398515, 0.7612544543361499]",0.2214583002811228,1.5603569101744734,"[1.8668712  1.8668712  1.8668712  1.8668712  1.8668712  0.86207424
 1.12341683 0.9468185  0.8559005  0.6654754 ]",1.8668712044534412,0.8620742360644783,5,8,16,2.689826250076294,1,1146.0,0.0,0.0,957,watts,11,8,16,4.0,0.5625,0.25,-0.1613,0.9511780120187724
known,static_conjecture,gnm_958,37.089111982897805,"[2.000732538976935, 3.1185200799255712, 3.0593070597529124, 3.0097430613624234, 2.764399255709729, 1.9452508012790366, 2.51222696981209, 1.8103263663417306, 1.3791305177817528, 1.009388798366772]",2.000732538976935,1.9452508012790368,"[2.37582536 2.37582536 2.37582536 2.37582536 2.37582536 0.86207424
 1.12341683 0.9468185  0.8559005  0.6654754 ]",2.375825356187692,0.8620742360644783,5,13,70,9.435735940933228,1,902.0,0.0,0.0,958,gnm,42,13,70,10.7692,0.8901,0.1538,-0.1178,0.8830740948309002
known,static_conjecture,regular_959,21.26755330709403,"[2.783397269058999, 2.2371004652312223, 1.5814554111243062, 2.328142228160472, 1.861653426113079, 1.0423597457398537, 2.018287473185465, 1.151162343757218, 1.716195026668774, 0.8268195407940879]",2.783397269058999,1.0423597457398537,"[1.97142857 1.97142857 1.97142857 1.97142857 1.97142857 0.86207424
 1.12341683 0.9468185  0.8559005  0.6654754 ]",1.971428571428571,0.8620742360644783,5,15,30,5.413731575012207,1,937.0,0.0,0.0,959,regular,24,15,30,4.0,0.1667,0.3333,0.0,0.8861480544622512
known,static_conjecture,barabasi_960,4.797020796478364,"[2.804219041704232, 2.8154986516792673, 2.796846776494462, 2.3583734377206427, 2.340735867091359, 0.6822983500257505, 3.13849745655385, 2.1732261965403383, 2.0750115043403694, 1.8372814150669998]",2.804219041704232,0.6822983500257505,"[2.28139837 2.28139837 2.28139837 2.28139837 2.28139837 0.86207424
 1.12341683 0.9468185  0.8559005  0.6654754 ]",2.281398371365477,0.8620742360644783,5,6,5,1.947682857513428,1,991.0,0.0,0.0,960,barabasi,5,6,5,1.6667,0.0,0.5,-0.25,0.9594041592956728
known,static_conjecture,barabasi_961,10.469177756222887,"[0.2791627359227036, 2.488748996878086, 1.797475531208767, 2.6365421479122, 1.3820662961531882, 1.273567961275405, 1.7982859647582976, 1.5263412218432229, 1.445710331682133, 1.7390141502964251]",0.2791627359227036,1.273567961275405,"[1.55029586 1.55029586 1.55029586 1.55029586 1.55029586 0.86207424
 1.12341683 0.9468185  0.8559005  0.6654754 ]",1.5502958579881656,0.8620742360644783,5,13,12,6.221904516220093,1,2113.0,0.0,0.0,961,barabasi,12,13,12,1.8462,0.0,0.6154,-0.5385,0.8724314796852406
known,static_conjecture,watts_962,8.621648268209254,"[0.3540472354695968, 2.534210794072462, 1.788087625280561, 1.7098220015868433, 1.5830029650243178, 1.2285156502120933, 0.9416278032227943, 0.9039362329739958, 0.8247650916328864, 0.6287749431321434]",0.3540472354695968,1.2285156502120933,"[1.46995192 1.46995192 1.46995192 1.46995192 1.46995192 0.86207424
 1.12341683 0.9468185  0.8559005  0.6654754 ]",1.4699519230769231,0.8620742360644783,5,10,10,3.587597608566284,1,1666.0,0.0,0.0,962,watts,10,10,10,2.0,0.0,0.5,-0.0526,0.8621648268209254
known,static_conjecture,gnm_963,12.339809603603362,"[1.5699266832599221, 1.213030104936235, 1.0666699826323423, 2.2279799023092455, 2.597946847799916, -0.16266929938348915, 2.767199011941883, 1.5671331890205553, 0.9086074270261757, 0.23336744281430888]",1.569926683259922,-0.1626692993834891,"[1.57653177 1.57653177 1.57653177 1.57653177 1.57653177 0.86207424
 1.12341683 0.9468185  0.8559005  0.6654754 ]",1.576531765018607,0.8620742360644783,5,11,16,3.5170681476593018,1,1104.0,0.0,0.0,963,gnm,14,11,16,2.9091,0.1061,0.3636,0.1523,0.8814149716859544
known,static_conjecture,gnm_964,55.03948203822013,"[2.8722562957547124, 2.922889552222711, 2.377884961484292, 2.3293691996299257, 2.247715023443595, 0.7564032231946743, 2.87182564010417, 2.3918370051366127, 2.338574212803802, 0.9848048419564943]",2.8722562957547124,0.7564032231946743,"[2.32366529 2.32366529 2.32366529 2.32366529 2.32366529 0.86207424
 1.12341683 0.9468185  0.8559005  0.6654754 ]",2.323665291474327,0.8620742360644783,5,19,110,11.33274269104004,1,535.0,0.0,0.0,964,gnm,70,19,110,11.5789,0.6272,0.1579,-0.1343,0.7862783148317162
known,static_conjecture,barabasi_965,6.414249445170412,"[2.8443285143757895, 2.5593750955445698, 1.8943619407842083, 1.3595757350833642, 2.604439351328629, 2.061345370793399, 2.7492634037975927, 1.5081295988046604, 2.282958975221456, 1.7627099842625957]",2.844328514375789,2.061345370793399,"[2.28139837 2.28139837 2.28139837 2.28139837 2.28139837 0.86207424
 1.12341683 0.9468185  0.8559005  0.6654754 ]",2.281398371365477,0.8620742360644783,5,8,7,1.5726885795593262,1,1275.0,0.0,0.0,965,barabasi,7,8,7,1.75,0.0,0.5,-0.4933,0.9163213493100589
known,static_conjecture,gnm_966,21.248891864229563,"[2.1757859933248973, 2.1726739639657673, 2.9516056966573743, 2.1834040046976844, 2.289092810503573, 1.1237782958990226, 2.5503611239697026, 2.6563172441860488, 2.420223397138142, 0.7766967895999324]",2.1757859933248973,1.1237782958990226,"[2.19254628 2.19254628 2.19254628 2.19254628 2.19254628 0.86207424
 1.12341683 0.9468185  0.8559005  0.6654754 ]",2.192546275692138,0.8620742360644783,5,12,42,3.919165849685669,1,647.0,0.0,0.0,966,gnm,27,12,42,7.0,0.6456,0.25,-0.0892,0.7869959949714653
known,static_conjecture,gnm_967,6.715001031665452,"[1.9223642296096684, 3.058410676545569, 3.14141006977738, 1.6991289065708217, 3.0102438799031512, 1.6297338172021625, 2.0178699694040945, 1.0574978041955339, 1.929412116025398, 0.873338509464025]",1.9223642296096684,1.6297338172021625,"[1.82079633 1.82079633 1.82079633 1.82079633 1.82079633 0.86207424
 1.12341683 0.9468185  0.8559005  0.6654754 ]",1.8207963267948968,0.8620742360644783,5,7,10,1.4404675960540771,1,712.0,0.0,0.0,967,gnm,8,7,10,2.8571,0.5905,0.4286,-0.4583,0.8393751289581814
known,static_conjecture,watts_968,9.01245993186377,"[1.2069357823094125, 2.249114769219191, 2.607100874834951, 0.7192301681667973, 2.578221444274006, 0.007845493562448694, 1.3029977185999275, 0.846620319755796, 1.6218453418759162, 0.928994965993247]",1.2069357823094125,0.0078454935624486,"[1.54166667 1.54166667 1.54166667 1.54166667 1.54166667 0.86207424
 1.12341683 0.9468185  0.8559005  0.6654754 ]",1.541666666666667,0.8620742360644783,5,11,11,4.087594509124756,1,1562.0,0.0,0.0,968,watts,10,11,11,2.0,0.0,0.4545,0.175,0.901245993186377
known,static_conjecture,regular_969,16.22090207292968,"[2.9746024553841934, 1.9268200774885076, 1.896140872096677, 1.9769103919369453, 2.6093013974403148, 0.1272990722769099, 2.6760244006614204, 2.675594194142324, 1.3854838310732434, 0.16058164017946233]",2.974602455384193,0.1272990722769099,"[1.97142857 1.97142857 1.97142857 1.97142857 1.97142857 0.86207424
 1.12341683 0.9468185  0.8559005  0.6654754 ]",1.971428571428571,0.8620742360644783,5,11,22,8.992856979370117,1,2266.0,0.0,0.0,969,regular,18,11,22,4.0,0.2727,0.3636,0.0,0.9011612262738711
known,static_conjecture,gnm_970,22.700355796735963,"[2.9520082203592737, 3.141526278254739, 3.141568200973982, 2.0425534767948457, 1.5749316715481263, 2.0441507950160416, 2.577656654108162, 1.8426972858638158, 1.5611787930641492, 1.3177719749154058]",2.9520082203592737,2.0441507950160416,"[1.8956038  1.8956038  1.8956038  1.8956038  1.8956038  0.86207424
 1.12341683 0.9468185  0.8559005  0.6654754 ]",1.895603804054327,0.8620742360644783,5,14,36,4.279169797897339,1,613.0,0.0,0.0,970,gnm,27,14,36,5.1429,0.3957,0.3571,-0.2162,0.8407539183976283
known,static_conjecture,regular_971,11.544880741021188,"[0.16646156018368508, 1.090361437675143, 1.7960133680187247, 1.8195410270576506, 0.45632612035160397, 1.4382125330019644, 2.922250998502234, 2.211814959110347, 2.7642881167471085, 1.3935656212419414]",0.166461560183685,1.4382125330019644,"[1.33696172 1.33696172 1.33696172 1.33696172 1.33696172 0.86207424
 1.12341683 0.9468185  0.8559005  0.6654754 ]",1.3369617224880386,0.8620742360644783,5,8,16,6.316495180130005,1,2245.0,0.0,0.0,971,regular,12,8,16,4.0,0.375,0.25,0.0,0.962073395085099
known,static_conjecture,gnm_972,18.64107068967357,"[2.977698319875388, 2.899755341391704, 2.134027267001813, 2.3724202503824623, 2.326471620688332, 0.8361731554571712, 2.676958437280276, 2.2830246437338957, 1.5764420482089996, 0.669655791462723]",2.977698319875388,0.8361731554571712,"[2.21284882 2.21284882 2.21284882 2.21284882 2.21284882 0.86207424
 1.12341683 0.9468185  0.8559005  0.6654754 ]",2.2128488188027915,0.8620742360644783,5,11,32,2.824536800384521,1,654.0,0.0,0.0,972,gnm,21,11,32,5.8182,0.6801,0.2727,-0.193,0.8876700328415985
known,static_conjecture,watts_973,15.08749532150469,"[1.642880521800336, 1.7828554309239952, 1.554525031298137, 2.951691601871288, 1.1957121184885042, 0.4276623254856114, 2.9412482844949124, 1.5715810721916936, 1.4159461538338336, 0.2666328743191724]",1.642880521800336,0.4276623254856114,"[1.54166667 1.54166667 1.54166667 1.54166667 1.54166667 0.86207424
 1.12341683 0.9468185  0.8559005  0.6654754 ]",1.541666666666667,0.8620742360644783,5,11,22,4.169265031814575,1,1035.0,0.0,0.0,973,watts,19,11,22,4.0,0.2545,0.4545,-0.3799,0.7940787011318258
known,static_conjecture,regular_974,18.85158733177892,"[1.7622121600567167, 2.0539036756123688, 3.0273869111975813, 2.1924223567401446, 3.0753227997331356, 2.165572465903043, 2.0548880931129654, 0.613919537305472, 1.041213716494092, 0.7699943305536361]",1.7622121600567169,2.165572465903043,"[3.14159265 3.14159265 3.14159265 3.14159265 3.14159265 0.86207424
 1.12341683 0.9468185  0.8559005  0.6654754 ]",3.141592653589793,0.8620742360644783,5,16,24,6.703005075454712,1,1279.0,0.0,0.0,974,regular,21,16,24,3.0,0.1875,0.3125,0.0,0.8976946348466152
known,static_conjecture,regular_975,9.845456878516703,"[1.7840485943273716, 2.8281835281789505, 2.563588135317892, 1.8782645339440174, 1.9637588565539108, 0.7519557364853303, 2.14990844334808, 1.3517533952027458, 2.211880229491848, 0.9614288948475629]",1.7840485943273716,0.7519557364853303,"[1.72215335 1.72215335 1.72215335 1.72215335 1.72215335 0.86207424
 1.12341683 0.9468185  0.8559005  0.6654754 ]",1.722153351698806,0.8620742360644783,5,11,11,4.029493093490601,1,1637.0,0.0,0.0,975,regular,10,11,11,2.0,0.0,0.3636,0.0,0.9845456878516703
known,static_conjecture,watts_976,17.06561494973117,"[1.3553767972235224, 2.9328449074608427, 1.6075550453932603, 2.8693272929579265, 1.6681923935451715, 0.5220683309623038, 2.3894846343497735, 1.9951080989952419, 1.508168958196113, 0.41928870257161965]",1.3553767972235224,0.5220683309623038,"[1.54166667 1.54166667 1.54166667 1.54166667 1.54166667 0.86207424
 1.12341683 0.9468185  0.8559005  0.6654754 ]",1.541666666666667,0.8620742360644783,5,13,26,4.826320171356201,1,1067.0,0.0,0.0,976,watts,19,13,26,4.0,0.441,0.3077,-0.0335,0.8981902605121669
known,static_conjecture,regular_977,17.81163583702673,"[2.122758765843458, 2.152425384932622, 2.21088149751707, 1.858179945424152, 2.0035331920854857, 1.492319379756399, 3.0696434029163617, 1.0114083123370583, 1.991528806085506, 1.3103054498593494]",2.122758765843458,1.492319379756399,"[2.09196429 2.09196429 2.09196429 2.09196429 2.09196429 0.86207424
 1.12341683 0.9468185  0.8559005  0.6654754 ]",2.091964285714286,0.8620742360644783,5,14,21,10.91992998123169,1,2706.0,0.0,0.0,977,regular,19,14,21,3.0,0.0714,0.4286,0.0,0.9374545177382491
known,static_conjecture,gnm_978,24.393028439630484,"[2.289425458962633, 2.609900087422492, 2.8291286064033656, 1.9535358062421764, 3.0825400778286816, 1.5744388756500318, 3.0672885477637166, 1.387754964227463, 2.011585283182905, 0.7951538111097787]",2.289425458962633,1.5744388756500318,"[2.11673099 2.11673099 2.11673099 2.11673099 2.11673099 0.86207424
 1.12341683 0.9468185  0.8559005  0.6654754 ]",2.1167309865710418,0.8620742360644783,5,12,40,4.379591464996338,1,690.0,0.0,0.0,978,gnm,27,12,40,6.6667,0.5663,0.25,-0.2037,0.903445497764092
known,static_conjecture,barabasi_979,9.843095657718065,"[1.479885312535103, -0.14048144719890251, 2.2168536576212947, 2.882467212242908, 0.6151445131533606, 1.2227940383461982, 2.982574251605927, 1.2930068748029206, 1.465267476614113, 1.3420061324373076]",1.479885312535103,1.2227940383461982,"[1.55473373 1.55473373 1.55473373 1.55473373 1.55473373 0.86207424
 1.12341683 0.9468185  0.8559005  0.6654754 ]",1.5547337278106508,0.8620742360644783,5,13,12,3.665414094924927,1,1350.0,0.0,0.0,979,barabasi,12,13,12,1.8462,0.0,0.5385,-0.4133,0.8202579714765054
known,static_conjecture,gnm_980,13.702690445772532,"[2.3073733625951105, 1.6982177505900535, 2.6967509531291536, 2.426628968391173, 2.0340014841381953, 0.9709899300911361, 2.0798308842226785, 1.6883123135318767, 2.013632917662677, 0.5287148200258821]",2.3073733625951105,0.970989930091136,"[1.85651061 1.85651061 1.85651061 1.85651061 1.85651061 0.86207424
 1.12341683 0.9468185  0.8559005  0.6654754 ]",1.856510612509182,0.8620742360644783,5,8,24,5.686099290847778,1,1644.0,0.0,0.0,980,gnm,16,8,24,6.0,0.844,0.25,-0.2676,0.8564181528607833
known,static_conjecture,gnm_981,19.28527028224488,"[2.8683114945945523, 3.1411857539766492, 1.0277629089414786, 2.211312159834651, 2.609958742715735, 2.693918928495962, 3.141592653589793, 1.5648576388888644, 0.9395071711864065, 0.20639346125316851]",2.8683114945945523,2.693918928495962,"[2.30539828 2.30539828 2.30539828 2.30539828 2.30539828 0.86207424
 1.12341683 0.9468185  0.8559005  0.6654754 ]",2.3053982843137253,0.8620742360644783,5,17,27,9.890092134475708,1,1710.0,0.0,0.0,981,gnm,22,17,27,3.1765,0.2373,0.4118,0.0581,0.8766031946474946
known,static_conjecture,regular_982,24.638876679112837,"[2.951095027716117, 1.6668283144945124, 1.9335531844500216, 3.141592653589793, 1.967577190956003, 1.1636080918270806, 2.2922315661959254, 0.5309690831548973, 2.278731614758298, 1.375451908158337]",2.951095027716117,1.1636080918270806,"[3.14159265 3.14159265 3.14159265 3.14159265 3.14159265 0.86207424
 1.12341683 0.9468185  0.8559005  0.6654754 ]",3.141592653589793,0.8620742360644783,5,17,34,7.989310503005981,1,1179.0,0.0,0.0,982,regular,28,17,34,4.0,0.1471,0.3529,0.0,0.8799598813968871
known,static_conjecture,regular_983,11.409788576833307,"[1.7303752086984787, 0.4212659715476959, 1.460882892710475, 1.3323269149708876, 1.806183680474969, 1.0790751168208814, 1.9242173209534443, 1.7851008596111662, 1.4893212740730566, 0.7175361647555842]",1.7303752086984787,1.0790751168208814,"[1.33696172 1.33696172 1.33696172 1.33696172 1.33696172 0.86207424
 1.12341683 0.9468185  0.8559005  0.6654754 ]",1.3369617224880386,0.8620742360644783,5,8,16,4.978840589523315,1,1833.0,0.0,0.0,983,regular,12,8,16,4.0,0.375,0.375,0.0,0.9508157147361089
known,static_conjecture,gnm_984,5.564073976668238,"[2.9925196719980773, 0.8517380538602074, 2.7156240528577027, 0.8746788003322952, 2.923589397386771, 1.6183718508829856, 1.8397299195443826, 2.3510537112577565, 2.0359915536517463, 0.9004377013727838]",2.9925196719980773,1.6183718508829856,"[1.78519119 1.78519119 1.78519119 1.78519119 1.78519119 0.86207424
 1.12341683 0.9468185  0.8559005  0.6654754 ]",1.7851911872545445,0.8620742360644783,5,7,6,4.8339831829071045,1,2887.0,0.0,0.0,984,gnm,6,7,6,1.7143,0.0,0.5714,-0.2,0.9273456627780398
known,static_conjecture,watts_985,14.538397469440794,"[1.7606026138229591, 1.9961759175268972, 2.699095783680621, 1.3768409704045323, 1.942261934386243, -0.05328982565953447, 1.7889790366513454, 1.3456020034063139, 1.6372178909516277, 1.1615878031956473]",1.7606026138229591,-0.0532898256595344,"[1.57079633 1.57079633 1.57079633 1.57079633 1.57079633 0.86207424
 1.12341683 0.9468185  0.8559005  0.6654754 ]",1.5707963267948966,0.8620742360644783,5,18,18,3.9582631587982178,1,1029.0,0.0,0.0,985,watts,18,18,18,2.0,0.0,0.5,-0.125,0.8076887483022663
known,static_conjecture,watts_986,25.587963192540723,"[1.5311534479867914, 3.047214309449924, 1.4981831339693268, 2.759460275300107, 1.4750570548285573, 0.4609174482708407, 2.9990992791275253, 2.0199017060837186, 1.8151233669900884, 1.5484731456792957]",1.5311534479867914,0.4609174482708407,"[1.60794062 1.60794062 1.60794062 1.60794062 1.60794062 0.86207424
 1.12341683 0.9468185  0.8559005  0.6654754 ]",1.6079406229419628,0.8620742360644783,5,19,38,7.313432455062866,1,971.0,0.0,0.0,986,watts,30,19,38,4.0,0.3088,0.3684,-0.1183,0.8529321064180241
known,static_conjecture,watts_987,15.120050421979856,"[2.119837011087677, 1.662739102329542, 3.141542234162973, 1.6183241930102723, 1.2574327782139743, 1.253492878577759, 2.386537373323509, 2.647433121219098, 1.9135023468759886, 0.9185590905288252]",2.119837011087677,1.253492878577759,"[1.57079633 1.57079633 1.57079633 1.57079633 1.57079633 0.86207424
 1.12341683 0.9468185  0.8559005  0.6654754 ]",1.5707963267948966,0.8620742360644783,5,19,19,5.290618658065796,1,1323.0,0.0,0.0,987,watts,18,19,19,2.0,0.0877,0.4211,0.1939,0.8400028012211032
known,static_conjecture,watts_988,6.665266148708042,"[1.4537253878424397, 1.316056784734037, 1.0818109518721417, 3.141520189286357, 1.473423260108392, 1.8939630055426773, 2.0939439166889056, 1.466758025528141, 1.7039026641474817, 0.2961710649660876]",1.4537253878424397,1.8939630055426773,"[1.46995192 1.46995192 1.46995192 1.46995192 1.46995192 0.86207424
 1.12341683 0.9468185  0.8559005  0.6654754 ]",1.4699519230769231,0.8620742360644783,5,8,8,1.150557279586792,1,843.0,0.0,0.0,988,watts,7,8,8,2.0,0.0,0.5,-0.6,0.9521808783868632
known,static_conjecture,gnm_989,7.721273046164242,"[2.761599082388009, 2.8252721254215354, 2.020188610708284, 1.8068812413183946, 1.6147359338631682, 1.173343073353035, 3.1413878343482238, 0.7576788963183505, 2.3243558655204386, 0.8011124346834033]",2.761599082388009,1.173343073353035,"[1.85651061 1.85651061 1.85651061 1.85651061 1.85651061 0.86207424
 1.12341683 0.9468185  0.8559005  0.6654754 ]",1.856510612509182,0.8620742360644783,5,8,11,2.892040252685547,1,1768.0,0.0,0.0,989,gnm,9,8,11,2.75,0.375,0.375,0.1149,0.8579192273515824
known,static_conjecture,barabasi_990,11.5159032630224,"[0.2982120798687985, 1.5229861872031623, 1.953559213724013, 2.7316092779525576, 0.830533725759715, 0.883333679366642, 3.060217166288814, 2.8613774633085676, 1.8168808596040322, 1.3901577483377279]",0.2982120798687985,0.883333679366642,"[1.55102041 1.55102041 1.55102041 1.55102041 1.55102041 0.86207424
 1.12341683 0.9468185  0.8559005  0.6654754 ]",1.5510204081632653,0.8620742360644783,5,14,13,3.6015520095825195,1,1558.0,0.0,0.0,990,barabasi,13,14,13,1.8571,0.0,0.5714,-0.5403,0.8858387125401846
known,static_conjecture,regular_991,13.609703568820937,"[1.8063947187944098, 1.9922511763897208, 2.0982303043605883, 2.226848094406124, 2.0172785022342774, 0.010649335359274897, 3.141514507593499, 1.6945446443887757, 2.06340527701232, 1.2787006388264972]",1.8063947187944096,0.0106493353592748,"[2.09196429 2.09196429 2.09196429 2.09196429 2.09196429 0.86207424
 1.12341683 0.9468185  0.8559005  0.6654754 ]",2.091964285714286,0.8620742360644783,5,12,18,2.511538505554199,1,735.0,0.0,0.0,991,regular,16,12,18,3.0,0.25,0.4167,0.0,0.8506064730513085
known,static_conjecture,barabasi_992,17.02767971118111,"[1.7337090739358194, 2.6687663376973116, 1.5854490867145188, 1.4181347432223381, 1.8083610553542158, 1.324789889358148, 2.9250393066031197, 2.6167366756257744, 1.7261403441025154, 0.9395956031299538]",1.7337090739358194,1.324789889358148,"[1.65402952 1.65402952 1.65402952 1.65402952 1.65402952 0.86207424
 1.12341683 0.9468185  0.8559005  0.6654754 ]",1.6540295182400446,0.8620742360644783,5,14,24,5.859034538269043,1,1237.0,0.0,0.0,992,barabasi,20,14,24,3.4286,0.3238,0.3571,-0.1968,0.8513839855590556
known,static_conjecture,gnm_993,45.09443069809262,"[3.1410484641278673, 2.361281321272153, 2.2651389274208777, 2.2720625661998577, 2.3064427474581612, 1.0574795877004397, 3.1387582607060827, 2.3364455164153437, 1.5710050783772251, 0.2455978846143761]",3.1410484641278678,1.0574795877004397,"[2.37430531 2.37430531 2.37430531 2.37430531 2.37430531 0.86207424
 1.12341683 0.9468185  0.8559005  0.6654754 ]",2.374305314054939,0.8620742360644783,5,16,82,10.968510627746582,1,729.0,0.0,0.0,993,gnm,51,16,82,10.25,0.7124,0.1875,-0.1659,0.8842045234920122
known,static_conjecture,watts_994,17.441104215866247,"[2.3461818543213195, 0.5590000004745295, 2.572260696826871, 1.708915425404443, 1.6108561216918609, -0.14455616408822392, 2.116781752607304, 1.0749895801970495, 1.5968371868301832, 0.7423245713803315]",2.3461818543213195,-0.1445561640882239,"[1.57079633 1.57079633 1.57079633 1.57079633 1.57079633 0.86207424
 1.12341683 0.9468185  0.8559005  0.6654754 ]",1.5707963267948966,0.8620742360644783,5,20,20,6.563914060592651,1,1152.0,0.0,0.0,994,watts,20,20,20,2.0,0.0,0.5,-0.2613,0.8720552107933124
known,static_conjecture,barabasi_995,5.146100657443526,"[3.141591673886973, 2.4070541431172616, 3.141589205361921, 2.1285057453129728, 2.5185712883373785, 1.2200062843797868, 3.1414485163553505, 1.9808543936961198, 1.7203734731725273, 1.1955878740735142]",3.141591673886973,1.2200062843797868,"[2.23017809 2.23017809 2.23017809 2.23017809 2.23017809 0.86207424
 1.12341683 0.9468185  0.8559005  0.6654754 ]",2.230178092584108,0.8620742360644783,5,7,6,0.9133501052856444,1,870.0,0.0,0.0,995,barabasi,6,7,6,1.7143,0.0,0.5714,-0.5,0.8576834429072543
known,static_conjecture,regular_996,19.903082838892463,"[2.8469270631979913, 1.701708818224736, 2.17114121990301, 2.0619550491095313, 1.655503205463037, 1.2311804207667991, 2.5452861336236405, 1.5784735031939883, 1.1475310892315482, 0.7469943610145444]",2.8469270631979917,1.2311804207667991,"[1.97142857 1.97142857 1.97142857 1.97142857 1.97142857 0.86207424
 1.12341683 0.9468185  0.8559005  0.6654754 ]",1.971428571428571,0.8620742360644783,5,13,26,3.430527448654175,1,999.0,0.0,0.0,996,regular,22,13,26,4.0,0.1538,0.3846,0.0,0.904685583586021
known,static_conjecture,barabasi_997,13.033278023339816,"[2.953925344161041, 2.0611148161989137, 1.5586705548862645, 2.1239072742294502, 1.57172263885019, 1.9283304851943779, 1.6765793156406659, 1.3319669175890763, 1.730583493682353, 1.4187485140959841]",2.953925344161041,1.9283304851943777,"[1.93530619 1.93530619 1.93530619 1.93530619 1.93530619 0.86207424
 1.12341683 0.9468185  0.8559005  0.6654754 ]",1.935306186868687,0.8620742360644783,5,16,15,4.564206838607788,1,1326.0,0.0,0.0,997,barabasi,15,16,15,1.875,0.0,0.5,-0.4532,0.8688852015559878
known,static_conjecture,gnm_998,20.14681767897575,"[1.7272284216741296, 2.75941743723463, 1.5117995087445162, 1.5325485869567506, 1.7062468521847889, -0.18573792948185885, 3.041444538623278, 2.770345586431384, 1.599240062138079, 0.7558302587787408]",1.7272284216741296,-0.1857379294818588,"[1.66136982 1.66136982 1.66136982 1.66136982 1.66136982 0.86207424
 1.12341683 0.9468185  0.8559005  0.6654754 ]",1.661369818393702,0.8620742360644783,5,14,30,6.75249171257019,1,1197.0,0.0,0.0,998,gnm,24,14,30,4.2857,0.242,0.5,-0.3646,0.8394507366239896
known,static_conjecture,regular_999,24.31351945801217,"[2.9568949259150474, 2.218375525229728, 2.2752823630915446, 1.791369959578486, 2.9872542293851905, 0.40711876308345335, 1.575365111244829, 0.9521549653894101, 1.7348139306197128, 0.7133242779545854]",2.9568949259150474,0.4071187630834533,"[3.14159265 3.14159265 3.14159265 3.14159265 3.14159265 0.86207424
 1.12341683 0.9468185  0.8559005  0.6654754 ]",3.141592653589793,0.8620742360644783,5,17,34,6.374229431152344,1,921.0,0.0,0.0,999,regular,26,17,34,4.0,0.1471,0.3529,0.0,0.9351353637696989
