graph_source,init_strategy,graphname,optimal_expectation,optimal_parameters,optimal_gamma,optimal_beta,initial_parameters,initial_gamma,initial_beta,num_layers,num_qubits,num_interactions,sim_time,n_restarts,mean_n_obj_calls,gamma_std_across_restarts,beta_std_across_restarts,graph_id,model
known,static_conjecture,barabasi_0,15.21948323195262,"[2.969072835632846, 2.842046309518766, 2.8084511711283486, 1.919136440824606, 3.0865492596481667, 2.0957309330361182, 1.9694347279994129, 1.823592666036216, 1.382433615145119, 1.69124924670931]",2.969072835632846,2.0957309330361182,"[1.61963948 1.61963948 1.61963948 1.61963948 1.61963948 1.12851846
 1.33732331 0.31306399 0.53164246 1.2874699 ]",1.6196394798172682,1.1285184573051712,5,12,20,4.7888147830963135,1,824.0,0.0,0.0,0,barabasi
known,static_conjecture,watts_1,27.88824656612983,"[2.9779300484243176, 2.7263192083504753, 1.6515585334362042, 2.1490074672140302, 1.5764208606544292, 0.4828758396343337, 2.6416484316098656, 0.7802856123459994, 2.3452474704645088, 0.7818441333980161]",2.9779300484243176,0.4828758396343337,"[1.67125087 1.67125087 1.67125087 1.67125087 1.67125087 0.86207424
 1.12341683 0.9468185  0.8559005  0.6654754 ]",1.6712508722494421,0.8620742360644783,5,20,40,8.722709655761719,1,702.0,0.0,0.0,1,watts
known,static_conjecture,barabasi_2,10.39487666535396,"[2.7959912796558894, 2.156225445264869, 1.1000088663150667, 2.646897303371012, 0.5527565570805504, -0.3599466492080753, 3.115638015821556, 2.5804732267829276, 1.8739049480903052, 1.3344857876236556]",2.7959912796558894,-0.3599466492080753,"[1.56055227 1.56055227 1.56055227 1.56055227 1.56055227 0.86207424
 1.12341683 0.9468185  0.8559005  0.6654754 ]",1.5605522682445758,0.8620742360644783,5,13,12,2.6907284259796143,1,1005.0,0.0,0.0,2,barabasi
known,static_conjecture,watts_3,14.221115176219882,"[2.740444687923837, 1.7705851417141254, 1.521139549582755, 1.526029989698919, 0.9376034358687799, -0.3969116694139746, 1.9333373852367823, 2.4929993586093273, 2.813124392984238, 1.8057450621310236]",2.740444687923837,-0.3969116694139746,"[1.57079633 1.57079633 1.57079633 1.57079633 1.57079633 0.86207424
 1.12341683 0.9468185  0.8559005  0.6654754 ]",1.5707963267948966,0.8620742360644783,5,17,17,6.232355117797852,1,1806.0,0.0,0.0,3,watts
known,static_conjecture,gnm_4,76.67360089032978,"[2.1672930554347074, 2.6900973992274797, 2.414830095809903, 3.1408036689198875, 2.9655297316968108, 1.5738718927972024, 1.1201961260599707, 0.6417143064416435, 0.9177761159160552, 0.03260250332321923]",2.1672930554347074,1.5738718927972024,"[2.55298799 2.55298799 2.55298799 2.55298799 2.55298799 0.86207424
 1.12341683 0.9468185  0.8559005  0.6654754 ]",2.552987988926838,0.8620742360644783,5,19,149,22.981945276260376,1,623.0,0.0,0.0,4,gnm
known,static_conjecture,watts_5,8.256534948921935,"[1.465959672151779, 1.325472271680931, 0.778363287245565, 3.1398508802779057, 1.7784363722358183, 1.8462092153666818, 2.097614455669988, 1.2401195397707698, 1.9121401139959624, 0.2937904211540021]",1.465959672151779,1.8462092153666818,"[1.46995192 1.46995192 1.46995192 1.46995192 1.46995192 0.86207424
 1.12341683 0.9468185  0.8559005  0.6654754 ]",1.4699519230769231,0.8620742360644783,5,10,10,3.162087917327881,1,1422.0,0.0,0.0,5,watts
known,static_conjecture,watts_6,25.236381312992226,"[1.5973850351033059, 2.8172349333766675, 1.5371131546621652, 1.5980324816774911, 1.6531296793625525, 1.2862371591739965, 1.8863487534115264, 1.0936190563490285, 1.2502600049105967, 0.8326104401271572]",1.5973850351033059,1.2862371591739965,"[1.60794062 1.60794062 1.60794062 1.60794062 1.60794062 0.86207424
 1.12341683 0.9468185  0.8559005  0.6654754 ]",1.6079406229419628,0.8620742360644783,5,19,38,6.156583309173584,1,963.0,0.0,0.0,6,watts
known,static_conjecture,barabasi_7,10.090427009059866,"[1.817750839047033, 0.9311461524889115, 1.6556720335167703, 2.549799708679121, 1.603669392451163, 0.21013926016364437, 2.697890930822879, 0.781412449491695, 2.13874305062992, 0.7582812622716503]",1.817750839047033,0.21013926016364437,"[1.55029586 1.55029586 1.55029586 1.55029586 1.55029586 0.86207424
 1.12341683 0.9468185  0.8559005  0.6654754 ]",1.5502958579881656,0.8620742360644783,5,13,12,2.800971031188965,1,975.0,0.0,0.0,7,barabasi
known,static_conjecture,watts_8,10.400611753522753,"[1.5135342449826465, 1.8148950884688737, 3.1412673853084296, 2.7801249273741537, 0.7548664301048464, 1.4672158278089664, 2.9219333562381564, 1.3774811779126144, 1.5688916668156083, 1.3360092703449102]",1.5135342449826465,1.4672158278089664,"[1.8668712  1.8668712  1.8668712  1.8668712  1.8668712  0.86207424
 1.12341683 0.9468185  0.8559005  0.6654754 ]",1.8668712044534415,0.8620742360644783,5,8,16,5.230578184127808,1,1568.0,0.0,0.0,8,watts
known,static_conjecture,barabasi_9,25.900884806321216,"[2.941137731977517, 3.1188783889553946, 1.8915459656202576, 1.7899813812697676, 1.8303463616513194, 0.20402357306468918, 3.1393175976169716, 1.3366240166679337, 1.2918243120204411, 1.4142379501542532]",2.941137731977517,0.20402357306468918,"[1.72117939 1.72117939 1.72117939 1.72117939 1.72117939 0.86207424
 1.12341683 0.9468185  0.8559005  0.6654754 ]",1.7211793934240363,0.8620742360644783,5,20,36,10.851927042007446,1,882.0,0.0,0.0,9,barabasi
known,static_conjecture,gnm_10,15.86623587311577,"[2.384344364759124, 2.028455069256771, 2.015785723987065, 2.228394221352883, 1.9850089822075323, 0.7965068165428943, 1.3024518820757927, 1.151736963164512, 1.0082933787892228, 0.7273494499217256]",2.384344364759124,0.7965068165428943,"[2.01974004 2.01974004 2.01974004 2.01974004 2.01974004 0.86207424
 1.12341683 0.9468185  0.8559005  0.6654754 ]",2.019740043632358,0.8620742360644783,5,11,31,5.678219795227051,1,795.0,0.0,0.0,10,gnm
known,static_conjecture,barabasi_11,5.851008728828674,"[2.4934524716461097, 1.655505073311373, 3.137071846317755, 2.4406427108310647, 2.4558992365442687, 1.712144758092006, 3.141331423264031, 1.5094593163493346, 1.3412213036063316, 1.806228383341421]",2.4934524716461097,1.712144758092006,"[2.20232017 2.20232017 2.20232017 2.20232017 2.20232017 0.86207424
 1.12341683 0.9468185  0.8559005  0.6654754 ]",2.202320171604711,0.8620742360644783,5,8,7,0.7447078227996826,1,1127.0,0.0,0.0,11,barabasi
known,static_conjecture,barabasi_12,13.127196362682291,"[2.782245467716006, 1.7245463535876309, 2.4166922367836827, 3.04575783459185, 1.6231262688123156, 1.3171536712877316, 2.2287852789886458, 1.939210171213679, 2.2626298470606736, 0.5039036070440751]",2.782245467716006,1.3171536712877316,"[1.93834438 1.93834438 1.93834438 1.93834438 1.93834438 0.86207424
 1.12341683 0.9468185  0.8559005  0.6654754 ]",1.9383443813131316,0.8620742360644783,5,16,15,8.980254173278809,1,1432.0,0.0,0.0,12,barabasi
known,static_conjecture,watts_13,18.71146599316926,"[1.6399746813753984, 1.8031412249444878, 1.9562288906391714, 2.2068133525645752, 1.5208975292813367, 0.4800706645288908, 2.88435382356532, 1.6946484010639644, 1.62404804138642, 0.20181305152642948]",1.6399746813753984,0.4800706645288908,"[1.54166667 1.54166667 1.54166667 1.54166667 1.54166667 0.86207424
 1.12341683 0.9468185  0.8559005  0.6654754 ]",1.541666666666667,0.8620742360644783,5,14,28,9.518539905548096,1,1258.0,0.0,0.0,13,watts
known,static_conjecture,watts_14,11.828497376127869,"[1.2496208418154562, 2.3785854207804626, 1.4752964011466991, 3.1322612923645323, 1.4801477196908408, 0.1912293406894267, 1.9349453247766855, 0.5162581746097459, 2.738254742021637, 0.819859063293513]",1.2496208418154562,0.1912293406894267,"[1.54166667 1.54166667 1.54166667 1.54166667 1.54166667 0.86207424
 1.12341683 0.9468185  0.8559005  0.6654754 ]",1.541666666666667,0.8620742360644783,5,15,15,13.168691873550415,1,2546.0,0.0,0.0,14,watts
known,static_conjecture,regular_15,16.531202989402054,"[2.897728252031172, 2.1939644696613816, 1.7166660616460068, 2.159353338297382, 2.311997799937636, 0.14957627743497143, 2.3004105055784567, 1.4157269494646945, 1.5835258950831705, 0.6683726209280009]",2.897728252031172,0.14957627743497143,"[1.97142857 1.97142857 1.97142857 1.97142857 1.97142857 0.86207424
 1.12341683 0.9468185  0.8559005  0.6654754 ]",1.971428571428571,0.8620742360644783,5,12,24,2.821950674057007,1,836.0,0.0,0.0,15,regular
known,static_conjecture,barabasi_16,14.867766653250602,"[2.840491766027259, 2.81044299779023, 2.0540653404115496, 1.4603549823436732, 2.77956213542702, 0.7407909627534588, 1.7599963388488846, 1.5888301307727632, 1.1844911471387598, 0.16679753926620267]",2.840491766027259,0.7407909627534588,"[1.92736296 1.92736296 1.92736296 1.92736296 1.92736296 0.86207424
 1.12341683 0.9468185  0.8559005  0.6654754 ]",1.9273629648283386,0.8620742360644783,5,19,18,8.726437330245972,1,1548.0,0.0,0.0,16,barabasi
known,static_conjecture,gnm_17,48.00549761576671,"[2.352235211596949, 2.4582497289875604, 2.2540010878061265, 2.476304950187073, 2.919669205440628, 0.797004922493454, 1.5687828598590126, 0.7816520694123843, 0.3166083650930599, 1.1080863011890099]",2.352235211596949,0.797004922493454,"[2.3475892  2.3475892  2.3475892  2.3475892  2.3475892  0.86207424
 1.12341683 0.9468185  0.8559005  0.6654754 ]",2.3475891958923634,0.8620742360644783,5,15,89,17.19169020652771,1,991.0,0.0,0.0,17,gnm
known,static_conjecture,gnm_18,62.71663626573306,"[2.555708650918985, 2.528860060841758, 2.637540621445431, 2.2311635136538612, 2.456856438355126, 0.7333988691812587, 3.0039449408226973, 2.37187669848111, 1.578836455807956, 0.7818897311242965]",2.555708650918985,0.7333988691812587,"[2.50028142 2.50028142 2.50028142 2.50028142 2.50028142 0.86207424
 1.12341683 0.9468185  0.8559005  0.6654754 ]",2.5002814203891957,0.8620742360644783,5,18,125,17.57241415977478,1,596.0,0.0,0.0,18,gnm
known,static_conjecture,watts_19,13.570829870903781,"[1.6334391377746, 1.2180474401979973, 2.434232926688349, 1.3796598643338671, 1.7529174873330708, 0.8941746921298437, 1.9022782109803553, 0.4414303851100778, 1.3394543515791821, 1.2509251957038239]",1.6334391377746,0.8941746921298437,"[1.57079633 1.57079633 1.57079633 1.57079633 1.57079633 0.86207424
 1.12341683 0.9468185  0.8559005  0.6654754 ]",1.5707963267948966,0.8620742360644783,5,17,17,6.812009572982788,1,1455.0,0.0,0.0,19,watts
known,static_conjecture,barabasi_20,15.464244736032187,"[1.326129770447841, 3.02691105588643, 1.6537369692243185, 3.1415526493630264, 1.4285159341899347, 2.014426459418858, 2.4307207703460847, 2.2240756993999726, 1.2569115512058073, 0.4462032433548043]",1.326129770447841,2.014426459418858,"[1.54557823 1.54557823 1.54557823 1.54557823 1.54557823 0.86207424
 1.12341683 0.9468185  0.8559005  0.6654754 ]",1.545578231292517,0.8620742360644783,5,14,24,7.908373117446899,1,1413.0,0.0,0.0,20,barabasi
known,static_conjecture,gnm_21,5.319920989742968,"[2.85106399188665, 1.8415611372353222, 0.578024626531356, 1.374093639427548, 1.7368694083818674, 1.8013689013759817, 3.014229707517546, 1.8552797385303237, 2.833640418659458, 1.296574263394588]",2.85106399188665,1.8013689013759817,"[1.85651061 1.85651061 1.85651061 1.85651061 1.85651061 0.86207424
 1.12341683 0.9468185  0.8559005  0.6654754 ]",1.8565106125091821,0.8620742360644783,5,6,7,6.039142608642578,1,1430.0,0.0,0.0,21,gnm
known,static_conjecture,watts_22,15.392718553522213,"[1.72713887290424, 2.786729351632506, 1.4694812448513028, 3.140544744651568, 1.5616146242749842, 1.3058161173786997, 2.3518812560760196, 1.7696095838952839, 1.7247326242218124, 0.6395955870018093]",1.72713887290424,1.3058161173786997,"[1.54166667 1.54166667 1.54166667 1.54166667 1.54166667 0.86207424
 1.12341683 0.9468185  0.8559005  0.6654754 ]",1.541666666666667,0.8620742360644783,5,12,24,6.548830509185791,1,861.0,0.0,0.0,22,watts
known,static_conjecture,watts_23,21.017880303709028,"[1.8476496123936577, 2.5066538465037573, 1.7361457200289805, 2.8037019166676203, 1.8413528692650027, 1.4653193274730203, 1.5081897361167216, 2.0618041335440056, 1.8442908040566561, 1.5890140394375751]",1.8476496123936577,1.4653193274730203,"[1.54166667 1.54166667 1.54166667 1.54166667 1.54166667 0.86207424
 1.12341683 0.9468185  0.8559005  0.6654754 ]",1.541666666666667,0.8620742360644783,5,15,30,11.52468466758728,1,1515.0,0.0,0.0,23,watts
known,static_conjecture,watts_24,8.579445595049174,"[0.5064915808334349, 2.186811155172145, 1.7467861046022761, 2.3353369797879027, 1.6180646829049021, 1.4359101858979058, 1.0951251841845977, 0.8401097441145433, 0.9174279907086926, 0.6531169618444044]",0.5064915808334349,1.4359101858979058,"[1.46995192 1.46995192 1.46995192 1.46995192 1.46995192 0.86207424
 1.12341683 0.9468185  0.8559005  0.6654754 ]",1.4699519230769231,0.8620742360644783,5,10,10,2.775604486465454,1,1379.0,0.0,0.0,24,watts
known,static_conjecture,barabasi_25,7.033260805708286,"[2.398267815424007, 3.1414334260909733, 2.3778093948816093, 2.7950142147835484, 2.6489223767034322, 0.4531124075142009, 3.0996251603289444, 1.5744209868239643, 1.6293722294821862, 1.1792684311969037]",2.398267815424007,0.4531124075142009,"[2.24017012 2.24017012 2.24017012 2.24017012 2.24017012 0.86207424
 1.12341683 0.9468185  0.8559005  0.6654754 ]",2.2401701165955554,0.8620742360644783,5,9,8,5.023868560791016,1,1114.0,0.0,0.0,25,barabasi
known,static_conjecture,regular_26,18.000043433812174,"[3.141592653589793, 0.5133429912768988, 2.3704857551161265, 1.8947615763755061, 2.6186833048349953, 0.3572786774772072, 2.0943222145238893, 1.2461569756781379, 0.7718795218164705, 1.0566480155707962]",3.141592653589793,0.3572786774772072,"[3.14159265 3.14159265 3.14159265 3.14159265 3.14159265 0.86207424
 1.12341683 0.9468185  0.8559005  0.6654754 ]",3.141592653589793,0.8620742360644783,5,20,20,7.355165719985962,1,1130.0,0.0,0.0,26,regular
known,static_conjecture,gnm_27,67.16532168013222,"[2.6240326844424215, 2.8072738374429296, 2.598654708368718, 2.626521981269572, 2.4734303246461233, -1.6601153519070122, 3.083716075161048, 3.0745453589160534, 2.4263553043803903, 1.183906465921514]",2.6240326844424215,-1.6601153519070122,"[2.55884163 2.55884163 2.55884163 2.55884163 2.55884163 0.86207424
 1.12341683 0.9468185  0.8559005  0.6654754 ]",2.5588416294374445,0.8620742360644783,5,18,133,15.701145648956299,1,511.0,0.0,0.0,27,gnm
known,static_conjecture,barabasi_28,24.045659993059903,"[0.16044972736773333, 1.7186394602499546, 1.6946116529553636, 2.712523747859774, 0.8176891663182968, 1.0609706901582006, 3.141362499198178, 1.302528064072631, 1.6770446731263398, 1.4187184811873943]",0.16044972736773333,1.0609706901582006,"[1.55933364 1.55933364 1.55933364 1.55933364 1.55933364 0.86207424
 1.12341683 0.9468185  0.8559005  0.6654754 ]",1.559333641120345,0.8620742360644783,5,19,34,9.246794700622559,1,1185.0,0.0,0.0,28,barabasi
known,static_conjecture,watts_29,9.761894382707396,"[1.5365864252814494, 1.9101877714769344, 2.9733008099487703, 1.9034699519818483, 1.62877997595607, 1.018407243830135, 2.871552080214926, 2.5732431244119365, 2.3401663170677507, 1.1626953212225666]",1.5365864252814494,1.018407243830135,"[1.76771255 1.76771255 1.76771255 1.76771255 1.76771255 0.86207424
 1.12341683 0.9468185  0.8559005  0.6654754 ]",1.7677125506072873,0.8620742360644783,5,7,14,2.8984386920928955,1,876.0,0.0,0.0,29,watts
known,static_conjecture,barabasi_30,9.36978730082245,"[1.3088868254641772, 1.550709228777039, 2.1736297008551473, 1.7050609744980036, 1.8742273232681557, 0.0013479629571851552, 1.9896295729298057, 1.7222757703159135, 1.4231875427344847, 0.16596330973981355]",1.3088868254641772,0.0013479629571851552,"[1.56203704 1.56203704 1.56203704 1.56203704 1.56203704 0.86207424
 1.12341683 0.9468185  0.8559005  0.6654754 ]",1.5620370370370371,0.8620742360644783,5,12,11,3.660792827606201,1,1162.0,0.0,0.0,30,barabasi
known,static_conjecture,gnm_31,13.973459304460505,"[1.5650449613655983, 1.8688645071886956, 3.083663735388072, 2.6345070787515015, 2.7551805753313205, -0.6630705241298456, 1.9351165410621003, 2.56372952471492, 1.7444334110751685, 1.7313428813583989]",1.5650449613655983,-0.6630705241298456,"[2.1422249  2.1422249  2.1422249  2.1422249  2.1422249  0.86207424
 1.12341683 0.9468185  0.8559005  0.6654754 ]",2.1422248982234677,0.8620742360644783,5,10,21,9.030171632766724,1,1595.0,0.0,0.0,31,gnm
known,static_conjecture,gnm_32,11.024480368554578,"[2.933753665603692, 2.8141884801965307, 1.797090389700045, 1.9655616546457084, 1.8546180294189276, 2.0816540868749804, 1.8415332033410288, 1.637250090178322, 1.3850569988431145, 0.14794233679293878]",2.933753665603692,2.0816540868749804,"[1.82079633 1.82079633 1.82079633 1.82079633 1.82079633 0.86207424
 1.12341683 0.9468185  0.8559005  0.6654754 ]",1.8207963267948966,0.8620742360644783,5,7,17,6.051193952560425,1,1276.0,0.0,0.0,32,gnm
known,static_conjecture,barabasi_33,27.147627465890025,"[3.00116607604391, 2.9015902146228436, 2.171147496081509, 1.817716193007565, 1.9908677881445187, 0.4914827142202227, 1.950363755467059, 1.585978407622529, 1.5674433895106596, 0.23621503669289212]",3.00116607604391,0.4914827142202227,"[1.75400095 1.75400095 1.75400095 1.75400095 1.75400095 0.86207424
 1.12341683 0.9468185  0.8559005  0.6654754 ]",1.7540009469696967,0.8620742360644783,5,16,39,6.999107122421265,1,907.0,0.0,0.0,33,barabasi
known,static_conjecture,watts_34,26.814087466205468,"[3.1359214609251156, 1.5568119360434383, 1.388366381293952, 2.7916842995470534, 0.5049956373405164, 0.8340516370870648, 2.4433844314629822, 2.1455807158895492, 1.78017101332751, 1.3915629746494127]",3.1359214609251156,0.8340516370870648,"[1.57079633 1.57079633 1.57079633 1.57079633 1.57079633 0.86207424
 1.12341683 0.9468185  0.8559005  0.6654754 ]",1.5707963267948966,0.8620742360644783,5,19,38,14.888816118240356,1,1422.0,0.0,0.0,34,watts
known,static_conjecture,barabasi_35,10.811979272779329,"[1.7113396983885594, 1.8679420975344183, 1.1039843783566996, 2.838826549795855, 1.3440916289994107, 0.6805948818975536, 2.789793949667735, 1.376516564893111, 1.3601920571531338, 0.19769112079461504]",1.7113396983885594,0.6805948818975536,"[1.56055227 1.56055227 1.56055227 1.56055227 1.56055227 0.86207424
 1.12341683 0.9468185  0.8559005  0.6654754 ]",1.5605522682445758,0.8620742360644783,5,13,12,3.9934651851654053,1,1244.0,0.0,0.0,35,barabasi
known,static_conjecture,barabasi_36,7.329524289840036,"[2.9527395104571665, 1.9990196778710656, 2.1119007104935124, 1.5791931100579126, 2.422494030498046, 1.772772193918299, 2.942950788752741, 1.2373937172016096, 1.9548000900139342, 1.6185744952027024]",2.9527395104571665,1.772772193918299,"[2.18690907 2.18690907 2.18690907 2.18690907 2.18690907 0.86207424
 1.12341683 0.9468185  0.8559005  0.6654754 ]",2.1869090704617022,0.8620742360644783,5,9,8,2.271552085876465,1,927.0,0.0,0.0,36,barabasi
known,static_conjecture,watts_37,13.208258088787517,"[3.1288365597116066, 2.102006274882317, 2.4494732973947086, 1.738880954110539, 1.7720077774349374, -0.3541421244122542, 2.836787752126003, 2.522161803154293, 1.16042004492675, 1.1804241025652034]",3.1288365597116066,-0.3541421244122542,"[1.54166667 1.54166667 1.54166667 1.54166667 1.54166667 0.86207424
 1.12341683 0.9468185  0.8559005  0.6654754 ]",1.541666666666667,0.8620742360644783,5,15,15,4.050542116165161,1,1148.0,0.0,0.0,37,watts
known,static_conjecture,barabasi_38,5.059629487086568,"[2.6867863861585697, 2.351242545235578, 3.0646578638056408, 2.5069016891787097, 2.3274861740931567, 0.25170250236619307, 2.2960131680770246, 0.8063511907894088, 1.4534680393488744, 1.2838707384878494]",2.6867863861585697,0.25170250236619307,"[2.34870595 2.34870595 2.34870595 2.34870595 2.34870595 0.86207424
 1.12341683 0.9468185  0.8559005  0.6654754 ]",2.34870594630933,0.8620742360644783,5,7,6,11.541721820831299,1,2608.0,0.0,0.0,38,barabasi
known,static_conjecture,barabasi_39,13.063067900927471,"[2.3415988222074606, 2.117256618408862, 1.422047002459609, 1.8334217938972723, 2.281305429487327, 1.6443071054060545, 2.604087488042179, 1.987676437343559, 1.953473958401219, 1.355065424692073]",2.3415988222074606,1.6443071054060545,"[2.02933098 2.02933098 2.02933098 2.02933098 2.02933098 0.86207424
 1.12341683 0.9468185  0.8559005  0.6654754 ]",2.0293309771825396,0.8620742360644783,5,16,15,6.679752349853516,1,1197.0,0.0,0.0,39,barabasi
known,static_conjecture,barabasi_40,42.75655391976921,"[3.038362072289181, 3.1388046971085, 2.941825932780243, 2.9050418903360242, 2.874211675667079, 0.4897851447392388, 3.1296975395021516, 1.9438944295968463, 1.8103808181801992, 0.15266994498777703]",3.038362072289181,0.4897851447392388,"[2.82025253 2.82025253 2.82025253 2.82025253 2.82025253 0.86207424
 1.12341683 0.9468185  0.8559005  0.6654754 ]",2.820252525252526,0.8620742360644783,5,20,64,22.49933910369873,1,1365.0,0.0,0.0,40,barabasi
known,static_conjecture,regular_41,18.798365002658848,"[1.7403191957725972, 2.7179066424385336, 2.118026339977556, 3.141570378228275, 3.0274372533258243, 0.18790164462710868, 1.4008802047527054, 0.9686240969565763, 1.289016384979561, 0.6804001971233675]",1.7403191957725972,0.18790164462710868,"[3.14159265 3.14159265 3.14159265 3.14159265 3.14159265 0.86207424
 1.12341683 0.9468185  0.8559005  0.6654754 ]",3.141592653589793,0.8620742360644783,5,16,24,7.618966579437256,1,1258.0,0.0,0.0,41,regular
known,static_conjecture,gnm_42,51.15996407383558,"[2.942599343788081, 1.614931186366609, 2.36612535241808, 2.3162847260136985, 2.397224366213539, 1.120255379207439, 2.3624927566008425, 0.7768385419688211, 1.5708289158236357, 0.7913385984283866]",2.942599343788081,1.120255379207439,"[2.25582846 2.25582846 2.25582846 2.25582846 2.25582846 0.86207424
 1.12341683 0.9468185  0.8559005  0.6654754 ]",2.2558284612262396,0.8620742360644783,5,19,87,11.356303930282593,1,672.0,0.0,0.0,42,gnm
known,static_conjecture,watts_43,7.005659671755609,"[1.60396371638869, 2.9897377112345067, 1.8698296742693912, 2.5160885571185654, 1.0725492294999444, 0.5942513296123104, 1.7723837676155942, 1.337707907380064, 1.7498157192083614, 1.3770856886789349]",1.60396371638869,0.5942513296123104,"[1.47857312 1.47857312 1.47857312 1.47857312 1.47857312 0.86207424
 1.12341683 0.9468185  0.8559005  0.6654754 ]",1.4785731244064577,0.8620742360644783,5,9,9,2.7266345024108887,1,1486.0,0.0,0.0,43,watts
known,static_conjecture,barabasi_44,6.108355793262717,"[2.7552666569088675, 1.2846239525131877, 3.1390516324940174, 2.9937946197953353, 2.78878693787551, 1.8977494917989022, 1.473251184304227, 2.6189067406023625, 2.1508054299006893, 1.2329853221078326]",2.7552666569088675,1.8977494917989022,"[2.20232017 2.20232017 2.20232017 2.20232017 2.20232017 0.86207424
 1.12341683 0.9468185  0.8559005  0.6654754 ]",2.202320171604711,0.8620742360644783,5,8,7,1.8228466510772705,1,1102.0,0.0,0.0,44,barabasi
known,static_conjecture,regular_45,6.892700760028674,"[1.7944744756218944, 2.0428823375290843, 2.0843856545387016, 1.5707336011032536, 1.6081900578242312, 0.49942874756811817, 2.8230915845906166, 1.2246259003722155, 1.802149245192629, 0.7268676827019498]",1.7944744756218944,0.49942874756811817,"[1.75020243 1.75020243 1.75020243 1.75020243 1.75020243 0.86207424
 1.12341683 0.9468185  0.8559005  0.6654754 ]",1.7502024291497977,0.8620742360644783,5,6,9,2.100278854370117,1,1001.0,0.0,0.0,45,regular
known,static_conjecture,barabasi_46,11.275740576675998,"[1.1747559181147111, 0.31924643448769574, 1.2273115442340896, 3.14029132254138, 0.9532917273749086, 1.3728362416161868, 3.1392667643666288, 1.4514792786136097, 1.9612017917582718, 1.3381095303738677]",1.1747559181147111,1.3728362416161868,"[1.55555556 1.55555556 1.55555556 1.55555556 1.55555556 0.86207424
 1.12341683 0.9468185  0.8559005  0.6654754 ]",1.5555555555555556,0.8620742360644783,5,15,14,2.546670913696289,1,644.0,0.0,0.0,46,barabasi
known,static_conjecture,watts_47,6.440409334470061,"[2.477097589720037, 2.229315532435341, 1.233548334582733, 2.484388495565628, 0.7126365052615753, 1.387429362425583, 1.7824086245823616, 2.2809544069071164, 1.763212352131845, 1.4400360728275916]",2.477097589720037,1.387429362425583,"[1.53033274 1.53033274 1.53033274 1.53033274 1.53033274 0.86207424
 1.12341683 0.9468185  0.8559005  0.6654754 ]",1.5303327429149798,0.8620742360644783,5,8,8,4.603407859802246,1,1250.0,0.0,0.0,47,watts
known,static_conjecture,barabasi_48,26.54060330419949,"[2.9653588607746073, 3.140656355716731, 1.8830646622968419, 3.127786007669773, 1.8070510898492897, 1.7975781992787518, 3.13899825172063, 2.4949106924059503, 2.3702179427794023, 1.3634116146511621]",2.9653588607746073,1.7975781992787518,"[1.78806141 1.78806141 1.78806141 1.78806141 1.78806141 0.86207424
 1.12341683 0.9468185  0.8559005  0.6654754 ]",1.7880614099472232,0.8620742360644783,5,17,42,11.414092779159546,1,1093.0,0.0,0.0,48,barabasi
known,static_conjecture,barabasi_49,6.330999699005588,"[2.886025300103219, 1.7845263543498668, 1.5758529130443262, 2.400848054919008, 2.6133971909286218, 0.552889700133022, 3.0620129174004367, 1.5052038574121778, 1.8877008571714349, 0.2340405671263504]",2.886025300103219,0.552889700133022,"[2.20232017 2.20232017 2.20232017 2.20232017 2.20232017 0.86207424
 1.12341683 0.9468185  0.8559005  0.6654754 ]",2.202320171604711,0.8620742360644783,5,8,7,3.3533947467803955,1,1995.0,0.0,0.0,49,barabasi
known,static_conjecture,watts_50,8.679535196456792,"[2.0382534180677725, 1.6964894470755922, 1.5868646494673366, 1.789107735475989, 2.679905665245007, 1.367741073734305, 2.2777336230328666, 1.7800264574272737, 1.2596850727905893, 0.7203971362830063]",2.0382534180677725,1.367741073734305,"[1.46995192 1.46995192 1.46995192 1.46995192 1.46995192 0.86207424
 1.12341683 0.9468185  0.8559005  0.6654754 ]",1.4699519230769231,0.8620742360644783,5,10,10,7.245014429092407,1,1954.0,0.0,0.0,50,watts
known,static_conjecture,regular_51,12.447722745600501,"[3.1298869628297323, 1.9515328884365317, 2.476116568976514, 2.244417625872642, 1.127840786271035, 0.5520280124890106, 2.8008068784672795, 2.5750379790288873, 1.7186282814536948, 0.6712249935329542]",3.1298869628297323,0.5520280124890106,"[1.53632918 1.53632918 1.53632918 1.53632918 1.53632918 0.86207424
 1.12341683 0.9468185  0.8559005  0.6654754 ]",1.5363291750727188,0.8620742360644783,5,14,14,5.606999635696411,1,1099.0,0.0,0.0,51,regular
known,static_conjecture,barabasi_52,14.192391872769619,"[1.9456923033751932, 2.4231020347456003, 1.707942363308475, 2.7806952218488865, 2.0506493889960655, 1.4907568485225393, 1.580562830713427, 2.0088021339774498, 1.8327355319034426, 1.4890909182759398]",1.9456923033751932,1.4907568485225393,"[1.64436241 1.64436241 1.64436241 1.64436241 1.64436241 0.86207424
 1.12341683 0.9468185  0.8559005  0.6654754 ]",1.6443624106562704,0.8620742360644783,5,12,20,10.63716721534729,1,1617.0,0.0,0.0,52,barabasi
known,static_conjecture,barabasi_53,9.55706316673202,"[0.9949202566925239, 1.8098129340402522, 2.4641945571172577, 1.6734822186238976, 1.57087249044126, 1.4867872774208046, 1.9436218181146505, 1.1427156033969426, 1.3990831646208752, 0.6356622504684857]",0.9949202566925239,1.4867872774208046,"[1.56203704 1.56203704 1.56203704 1.56203704 1.56203704 0.86207424
 1.12341683 0.9468185  0.8559005  0.6654754 ]",1.5620370370370371,0.8620742360644783,5,12,11,4.623307704925537,1,944.0,0.0,0.0,53,barabasi
known,static_conjecture,gnm_54,5.2745064717692,"[0.5304135848701301, 3.132626681746795, 3.1329221718994242, 2.9819559682031698, 2.249826121046488, 3.1383102316274174, 0.6654550549897611, 1.2376124197576408, 0.9841188847776379, 1.7151075309080261]",0.5304135848701301,3.1383102316274174,"[1.85651061 1.85651061 1.85651061 1.85651061 1.85651061 0.86207424
 1.12341683 0.9468185  0.8559005  0.6654754 ]",1.8565106125091821,0.8620742360644783,5,6,7,2.33150053024292,1,1428.0,0.0,0.0,54,gnm
known,static_conjecture,barabasi_55,18.269926988569864,"[1.7690470987389944, 2.6691577017928756, 1.5370848259063847, 2.738255933380261, 1.5611774367208984, 1.416078084563829, 2.280804777074234, 2.714291427834606, 2.3696364468821165, 0.7370817428972183]",1.7690470987389944,1.416078084563829,"[1.5890873  1.5890873  1.5890873  1.5890873  1.5890873  0.86207424
 1.12341683 0.9468185  0.8559005  0.6654754 ]",1.5890873015873015,0.8620742360644783,5,16,28,11.215113401412964,1,1517.0,0.0,0.0,55,barabasi
known,static_conjecture,watts_56,9.864236216427798,"[2.9631821395423206, 2.802161502040259, 1.6719473987375553, 2.0095133464165023, 1.6793015356698748, 0.9366533715065877, 1.879921001891852, 0.8208400219580982, 1.3887526325923052, 1.632315186379555]",2.9631821395423206,0.9366533715065877,"[1.8668712  1.8668712  1.8668712  1.8668712  1.8668712  0.86207424
 1.12341683 0.9468185  0.8559005  0.6654754 ]",1.8668712044534415,0.8620742360644783,5,8,16,3.4667036533355713,1,957.0,0.0,0.0,56,watts
known,static_conjecture,barabasi_57,33.400223288537276,"[2.9870762609513424, 1.9631254857343263, 2.6474861145574815, 2.284232713259617, 2.2265817504970458, 0.4300661694714199, 1.6120197939961156, 1.5937679847809545, 1.5499881226677896, 0.2615961004699404]",2.9870762609513424,0.4300661694714199,"[1.85904672 1.85904672 1.85904672 1.85904672 1.85904672 0.86207424
 1.12341683 0.9468185  0.8559005  0.6654754 ]",1.8590467171717162,0.8620742360644783,5,20,51,13.792572498321533,1,1018.0,0.0,0.0,57,barabasi
known,static_conjecture,barabasi_58,14.954704884610946,"[2.887139070026591, 2.673847856700856, 2.662146064348497, 1.1888496473304049, 2.0717509977685875, 2.1274074842226645, 1.8861367529612623, 0.17381022724204, 1.4633303628808871, 1.5780913708793478]",2.887139070026591,2.1274074842226645,"[1.92991957 1.92991957 1.92991957 1.92991957 1.92991957 0.86207424
 1.12341683 0.9468185  0.8559005  0.6654754 ]",1.9299195660306772,0.8620742360644783,5,18,17,6.33838963508606,1,1268.0,0.0,0.0,58,barabasi
known,static_conjecture,gnm_59,22.9781966283887,"[2.9439984018260628, 2.8712315475857397, 2.865815447919565, 2.0741463252841594, 2.0918189552253876, 0.1889803037261753, 3.1415148158572244, 3.141244569714514, 3.111331575842687, 1.3163288858178817]",2.9439984018260628,0.1889803037261753,"[1.86761053 1.86761053 1.86761053 1.86761053 1.86761053 0.86207424
 1.12341683 0.9468185  0.8559005  0.6654754 ]",1.8676105274727148,0.8620742360644783,5,14,36,4.896654367446899,1,587.0,0.0,0.0,59,gnm
known,static_conjecture,gnm_60,19.949666087647635,"[1.6027330687299393, 1.7199340708334452, 2.7949946169942876, 3.0542176626548123, 2.87780041619943, -0.22104103675923464, 3.0309196660451487, 1.7430531137686383, 1.766183827824108, 1.7851477835266014]",1.6027330687299393,-0.22104103675923464,"[2.1422249  2.1422249  2.1422249  2.1422249  2.1422249  0.86207424
 1.12341683 0.9468185  0.8559005  0.6654754 ]",2.1422248982234677,0.8620742360644783,5,10,32,12.882908344268799,1,1541.0,0.0,0.0,60,gnm
known,static_conjecture,barabasi_61,5.462583244053349,"[2.2609732825460873, 2.4025218579551195, 2.281041329465111, 2.702828745154475, 2.320505685180453, -0.1216188784125261, 2.368361851266062, 1.1973259572374042, 1.446484921725919, 0.22194754219427856]",2.2609732825460873,-0.1216188784125261,"[2.17599942 2.17599942 2.17599942 2.17599942 2.17599942 0.86207424
 1.12341683 0.9468185  0.8559005  0.6654754 ]",2.1759994235088223,0.8620742360644783,5,7,6,6.702306747436523,1,1525.0,0.0,0.0,61,barabasi
known,static_conjecture,watts_62,18.16597067216491,"[1.6725670120530323, 2.8518067241145384, 0.10800762241712569, 2.4972241875436083, 1.5385693270656806, 0.9318696258412431, 2.7164144545974622, 2.3135583713326935, 1.952720307117521, 1.2093758132370835]",1.6725670120530323,0.9318696258412431,"[1.54166667 1.54166667 1.54166667 1.54166667 1.54166667 0.86207424
 1.12341683 0.9468185  0.8559005  0.6654754 ]",1.541666666666667,0.8620742360644783,5,15,30,11.335992574691772,1,1631.0,0.0,0.0,62,watts
known,static_conjecture,watts_63,9.13176115101487,"[2.944417445985893, 3.049641105059939, 3.1280565704129852, 1.2951981469540574, 2.527717302759142, 1.710095230235512, 3.1311117258287458, 1.6617262438051004, 1.5257539143196501, 1.3413496883269649]",2.944417445985893,1.710095230235512,"[1.48238815 1.48238815 1.48238815 1.48238815 1.48238815 0.86207424
 1.12341683 0.9468185  0.8559005  0.6654754 ]",1.482388147566719,0.8620742360644783,5,7,14,3.506582260131836,1,1021.0,0.0,0.0,63,watts
known,static_conjecture,gnm_64,6.525487609193078,"[2.8518199683338255, 1.9182692059931854, 1.8385293006175238, 1.7574931973462575, 1.9418725545857296, 1.0398230187356317, 2.8579026360778035, 2.6501017424552344, 2.432008979877831, 0.5578665660542153]",2.8518199683338255,1.0398230187356317,"[1.85651061 1.85651061 1.85651061 1.85651061 1.85651061 0.86207424
 1.12341683 0.9468185  0.8559005  0.6654754 ]",1.8565106125091821,0.8620742360644783,5,6,10,3.396716594696045,1,877.0,0.0,0.0,64,gnm
known,static_conjecture,barabasi_65,8.70823974692565,"[2.0021166197787332, 1.469820743148475, 1.2814693555648953, 2.5075385902842835, 1.5803917328683346, 1.6965798062479416, 1.1711220329378673, 1.4467497201576562, 1.3680214304755733, 0.1650922529629273]",2.0021166197787332,1.6965798062479416,"[1.55371901 1.55371901 1.55371901 1.55371901 1.55371901 0.86207424
 1.12341683 0.9468185  0.8559005  0.6654754 ]",1.5537190082644627,0.8620742360644783,5,11,10,3.546257734298706,1,1030.0,0.0,0.0,65,barabasi
known,static_conjecture,regular_66,16.865387848848492,"[2.8949390483133683, 2.1772852035204524, 1.7172875395304814, 2.541010494143936, 1.9116951296176414, 0.13566360439325903, 2.2941473830551034, 1.380985987409226, 1.5107405980172737, 0.6638045245411501]",2.8949390483133683,0.13566360439325903,"[1.97142857 1.97142857 1.97142857 1.97142857 1.97142857 0.86207424
 1.12341683 0.9468185  0.8559005  0.6654754 ]",1.971428571428571,0.8620742360644783,5,12,24,3.907053232192993,1,703.0,0.0,0.0,66,regular
known,static_conjecture,watts_67,13.620077557569573,"[2.835128379126937, 1.6547019100848588, 1.5978699567943324, 1.574402298617497, 1.0797285477511749, 1.2027745868975117, 1.7097235356848501, 0.8913072367317902, 1.4167888832750393, 0.23865893801707638]",2.835128379126937,1.2027745868975117,"[1.49076923 1.49076923 1.49076923 1.49076923 1.49076923 0.86207424
 1.12341683 0.9468185  0.8559005  0.6654754 ]",1.4907692307692306,0.8620742360644783,5,10,20,2.0612387657165527,1,904.0,0.0,0.0,67,watts
known,static_conjecture,gnm_68,31.0790072160823,"[2.850610289866946, 1.93693886552299, 3.123624425062946, 2.7511834448124923, 1.7148306695112097, 1.1875873956214527, 3.1222535363719532, 1.5883258471525066, 1.5894833633613854, 0.7648787853978689]",2.850610289866946,1.1875873956214527,"[2.32963537 2.32963537 2.32963537 2.32963537 2.32963537 0.86207424
 1.12341683 0.9468185  0.8559005  0.6654754 ]",2.3296353665273672,0.8620742360644783,5,20,47,13.281219005584717,1,933.0,0.0,0.0,68,gnm
known,static_conjecture,barabasi_69,4.7915107901744705,"[1.7496968428975574, 2.7999202769779, 2.5190103982171923, 3.1310416451928313, 1.5749493589907493, 1.0551747095153097, 1.8498844628091908, 0.9634703937773934, 1.754967952393819, 0.40946527901909435]",1.7496968428975574,1.0551747095153097,"[2.18690907 2.18690907 2.18690907 2.18690907 2.18690907 0.86207424
 1.12341683 0.9468185  0.8559005  0.6654754 ]",2.1869090704617022,0.8620742360644783,5,6,5,1.0693104267120361,1,971.0,0.0,0.0,69,barabasi
known,static_conjecture,regular_70,17.48738770834767,"[3.1267617896629556, 0.43336234298304976, 2.7408580704474828, 2.5981276430975813, 1.5197411169344537, 1.2949823339992748, 2.146683811265712, 1.975511847270519, 1.5880402082866876, 1.1307604405071234]",3.1267617896629556,1.2949823339992748,"[3.14159265 3.14159265 3.14159265 3.14159265 3.14159265 0.86207424
 1.12341683 0.9468185  0.8559005  0.6654754 ]",3.141592653589793,0.8620742360644783,5,20,20,5.095094919204712,1,982.0,0.0,0.0,70,regular
known,static_conjecture,watts_71,8.385085910311318,"[1.9838398021201464, 1.7153217649176167, 2.537234620447493, 1.5798933135288564, 1.790695371345028, 1.1321360347347253, 2.4246076519077415, 0.8831755504324279, 2.325606186435706, 0.6917643478994244]",1.9838398021201464,1.1321360347347253,"[1.76771255 1.76771255 1.76771255 1.76771255 1.76771255 0.86207424
 1.12341683 0.9468185  0.8559005  0.6654754 ]",1.7677125506072873,0.8620742360644783,5,7,14,2.6850149631500244,1,1169.0,0.0,0.0,71,watts
known,static_conjecture,watts_72,5.8864303025857225,"[1.813961571179241, 1.8507539645097641, 1.5342738450693205, 2.1841042158821744, 1.703020362800204, 1.0928286846264967, 2.677613231245135, 1.9154981978116652, 1.3607064424366198, 0.15173395261748196]",1.813961571179241,1.0928286846264967,"[1.4696821  1.4696821  1.4696821  1.4696821  1.4696821  0.86207424
 1.12341683 0.9468185  0.8559005  0.6654754 ]",1.469682103610675,0.8620742360644783,5,7,7,2.7857320308685303,1,1879.0,0.0,0.0,72,watts
known,static_conjecture,watts_73,9.409180368916266,"[1.8413026557234198, 0.9495170269960505, 1.7786164107803635, 2.425208534063371, 1.6283563230433213, 1.2133836619292997, 1.0659610195602365, 0.7504992943157793, 0.9946453786174247, 0.675900613592852]",1.8413026557234198,1.2133836619292997,"[1.54166667 1.54166667 1.54166667 1.54166667 1.54166667 0.86207424
 1.12341683 0.9468185  0.8559005  0.6654754 ]",1.541666666666667,0.8620742360644783,5,11,11,4.540552616119385,1,1638.0,0.0,0.0,73,watts
known,static_conjecture,regular_74,10.938440504251048,"[2.642412924647686, 1.7486355044952668, 2.5528445040922603, 2.631396720554804, 1.3689104044756921, 1.2526695286131717, 1.960967204385794, 1.1376069749133322, 1.1362312299926858, 0.7656852830708611]",2.642412924647686,1.2526695286131717,"[1.56614833 1.56614833 1.56614833 1.56614833 1.56614833 0.86207424
 1.12341683 0.9468185  0.8559005  0.6654754 ]",1.5661483253588515,0.8620742360644783,5,7,14,5.84887170791626,1,2697.0,0.0,0.0,74,regular
known,static_conjecture,gnm_75,38.646137286116314,"[3.029537847220978, 2.926824826392082, 2.861476919580875, 1.9246931018388673, 2.159193028891001, 2.0256492989899906, 1.907655870523913, 1.7467277658415425, 1.552934305396792, 1.5546299790042526]",3.029537847220978,2.0256492989899906,"[2.24667195 2.24667195 2.24667195 2.24667195 2.24667195 0.86207424
 1.12341683 0.9468185  0.8559005  0.6654754 ]",2.246671951675407,0.8620742360644783,5,17,60,22.20663809776306,1,1631.0,0.0,0.0,75,gnm
known,static_conjecture,regular_76,14.109954945312543,"[3.022254739675585, 1.0769357739828587, 2.9382662390417194, 2.736477185184751, 0.6517745558997173, 2.097227532203122, 3.1399968090311643, 2.6037028351270877, 1.7724219055560095, 0.7558799980645247]",3.022254739675585,2.097227532203122,"[3.14159265 3.14159265 3.14159265 3.14159265 3.14159265 0.86207424
 1.12341683 0.9468185  0.8559005  0.6654754 ]",3.141592653589793,0.8620742360644783,5,16,16,3.1017091274261475,1,1350.0,0.0,0.0,76,regular
known,static_conjecture,barabasi_77,7.812529562296597,"[2.8650894046380557, 2.314066260953942, 1.5892652437872377, 2.2954412133514737, 2.579130082921944, 0.2491974958529516, 2.9829561352286955, 1.420973052455248, 1.760468033204262, 0.31728498408357314]",2.8650894046380557,0.2491974958529516,"[2.28139837 2.28139837 2.28139837 2.28139837 2.28139837 0.86207424
 1.12341683 0.9468185  0.8559005  0.6654754 ]",2.281398371365477,0.8620742360644783,5,10,9,7.241734743118286,1,2169.0,0.0,0.0,77,barabasi
known,static_conjecture,barabasi_78,28.57061645707679,"[3.0285386797659584, 2.860404850491422, 2.205443810066058, 1.0058811179932632, 2.072242383219921, 0.43734098240550845, 2.574947530857383, 1.569500244732481, 0.9022483599455278, 0.02617460760165987]",3.0285386797659584,0.43734098240550845,"[1.78133323 1.78133323 1.78133323 1.78133323 1.78133323 0.86207424
 1.12341683 0.9468185  0.8559005  0.6654754 ]",1.7813332284785572,0.8620742360644783,5,17,42,14.466609001159668,1,1391.0,0.0,0.0,78,barabasi
known,static_conjecture,barabasi_79,10.880843535360436,"[1.7683532060235465, 1.904095077186195, 1.1213374680957797, 2.7591193154232707, 1.2810670283028602, 0.6217835414032571, 2.8209291806154795, 1.367663434533271, 1.4187266593668186, 0.17207380299980118]",1.7683532060235465,0.6217835414032571,"[1.55473373 1.55473373 1.55473373 1.55473373 1.55473373 0.86207424
 1.12341683 0.9468185  0.8559005  0.6654754 ]",1.5547337278106508,0.8620742360644783,5,13,12,3.161768674850464,1,1032.0,0.0,0.0,79,barabasi
known,static_conjecture,gnm_80,5.649909431482229,"[1.9065097735230494, 1.7252432834589282, 2.963275562264296, 2.916287011689718, 1.8600398756712777, 0.6678830244394098, 2.1583650453629795, 0.9345839500453658, 1.2605630702044948, 0.8177527172323777]",1.9065097735230494,0.6678830244394098,"[1.85651061 1.85651061 1.85651061 1.85651061 1.85651061 0.86207424
 1.12341683 0.9468185  0.8559005  0.6654754 ]",1.8565106125091821,0.8620742360644783,5,6,7,4.104132890701294,1,1062.0,0.0,0.0,80,gnm
known,static_conjecture,gnm_81,9.813361261964019,"[1.4871678378040722, 1.863174301651196, 3.03914534278549, 2.7838680483740568, 1.6361775370117702, 1.6148626437829434, 1.0899001316670383, 2.3182473871093086, 1.9856047717518353, 0.7872045196897404]",1.4871678378040722,1.6148626437829434,"[1.82079633 1.82079633 1.82079633 1.82079633 1.82079633 0.86207424
 1.12341683 0.9468185  0.8559005  0.6654754 ]",1.8207963267948966,0.8620742360644783,5,7,16,2.759725570678711,1,1454.0,0.0,0.0,81,gnm
known,static_conjecture,barabasi_82,5.146100657443526,"[3.141591673886973, 2.4070541431172616, 3.141589205361921, 2.1285057453129728, 2.5185712883373785, 1.2200062843797868, 3.1414485163553505, 1.9808543936961198, 1.7203734731725273, 1.1955878740735142]",3.141591673886973,1.2200062843797868,"[2.23017809 2.23017809 2.23017809 2.23017809 2.23017809 0.86207424
 1.12341683 0.9468185  0.8559005  0.6654754 ]",2.230178092584108,0.8620742360644783,5,7,6,3.2839627265930176,1,870.0,0.0,0.0,82,barabasi
known,static_conjecture,watts_83,25.17856805109663,"[2.825265871954446, 3.14065173935752, 1.6753390675686737, 1.3802972220257397, 1.5702745157955418, 1.2819332649144455, 3.007564850976121, 0.7730288701011725, 2.358949393409268, 0.7957043108109298]",2.825265871954446,1.2819332649144455,"[1.78522594 1.78522594 1.78522594 1.78522594 1.78522594 0.86207424
 1.12341683 0.9468185  0.8559005  0.6654754 ]",1.7852259415015195,0.8620742360644783,5,19,38,13.21155047416687,1,1541.0,0.0,0.0,83,watts
known,static_conjecture,watts_84,9.256504881996534,"[2.981481022877847, 2.783884721458283, 0.9680127981083462, 2.997082088791206, 1.8871208113643256, 0.45374974468020446, 1.8125751105381407, 1.6441988840614248, 1.4637464425704547, 0.153227587256755]",2.981481022877847,0.45374974468020446,"[1.48238815 1.48238815 1.48238815 1.48238815 1.48238815 0.86207424
 1.12341683 0.9468185  0.8559005  0.6654754 ]",1.482388147566719,0.8620742360644783,5,7,14,2.972837209701538,1,1275.0,0.0,0.0,84,watts
known,static_conjecture,regular_85,12.533397293768491,"[2.932722163529025, 1.2153677255272295, 1.7438486654700618, 2.266235340650311, 1.7767478934630558, 0.44025972669935876, 2.5517832001117657, 1.1318782688378377, 1.1557589924191027, 0.6689306586829422]",2.932722163529025,0.44025972669935876,"[1.53632918 1.53632918 1.53632918 1.53632918 1.53632918 0.86207424
 1.12341683 0.9468185  0.8559005  0.6654754 ]",1.5363291750727188,0.8620742360644783,5,14,14,6.487088203430176,1,1739.0,0.0,0.0,85,regular
known,static_conjecture,barabasi_86,15.390995012366556,"[2.8412915768860545, 2.2978434907654472, 0.9344793559275496, 1.4248135669940383, 2.374015238504743, 1.1447702320882098, 3.1388040530668224, 2.3458352035140577, 1.4181659224252234, 1.3344481444310814]",2.8412915768860545,1.1447702320882098,"[1.92454545 1.92454545 1.92454545 1.92454545 1.92454545 0.86207424
 1.12341683 0.9468185  0.8559005  0.6654754 ]",1.9245454545454543,0.8620742360644783,5,20,19,4.271207571029663,1,1038.0,0.0,0.0,86,barabasi
known,static_conjecture,watts_87,11.15289679321135,"[1.9284635057143178, 1.466012668206535, 1.7439487262447677, 1.9011739584038514, 0.5922064751423102, 1.6197257726128353, 2.5483368338400467, 1.46151452490404, 1.1474004436692482, 1.3474599521330246]",1.9284635057143178,1.6197257726128353,"[1.54166667 1.54166667 1.54166667 1.54166667 1.54166667 0.86207424
 1.12341683 0.9468185  0.8559005  0.6654754 ]",1.541666666666667,0.8620742360644783,5,13,13,3.2335948944091797,1,1199.0,0.0,0.0,87,watts
known,static_conjecture,regular_88,23.536334828260735,"[1.7728075535310697, 2.2638150651284126, 3.1415768636863457, 2.982022056804995, 3.0088956837757364, 0.6335803418109809, 2.1562020294215785, 2.6042598969965076, 1.9112123365178975, 0.8538342607710772]",1.7728075535310697,0.6335803418109809,"[3.14159265 3.14159265 3.14159265 3.14159265 3.14159265 0.86207424
 1.12341683 0.9468185  0.8559005  0.6654754 ]",3.141592653589793,0.8620742360644783,5,20,30,7.8061277866363525,1,811.0,0.0,0.0,88,regular
known,static_conjecture,watts_89,11.779068761490429,"[1.8517824588556662, 1.8265913007773809, 1.2215572184882684, 2.496607274372768, 0.7734277602715522, 0.8779669080329293, 2.645079618953048, 1.0889005545135988, 1.6355543060487512, 0.9270581105156349]",1.8517824588556662,0.8779669080329293,"[1.54166667 1.54166667 1.54166667 1.54166667 1.54166667 0.86207424
 1.12341683 0.9468185  0.8559005  0.6654754 ]",1.541666666666667,0.8620742360644783,5,14,14,2.0057568550109863,1,700.0,0.0,0.0,89,watts
known,static_conjecture,gnm_90,46.62495103499045,"[2.394842964103945, 2.436968449809029, 2.3055784659078506, 2.497936373025989, 2.4242094702810766, 0.7699413075709357, 2.1547334680992565, 2.025417104848832, 1.6777133614502717, 0.8970376860598883]",2.394842964103945,0.7699413075709357,"[2.41538078 2.41538078 2.41538078 2.41538078 2.41538078 0.86207424
 1.12341683 0.9468185  0.8559005  0.6654754 ]",2.4153807812841297,0.8620742360644783,5,16,93,11.949926376342773,1,594.0,0.0,0.0,90,gnm
known,static_conjecture,regular_91,6.000007608083482,"[2.063373828186381, 2.6718620916084905, 1.2552516653005714, 2.847780628670755, 0.6859713540141763, 1.1759156374140685, 3.137155046810805, 2.3142871420413003, 1.6908214257683087, 0.9915207042779812]",2.063373828186381,1.1759156374140685,"[1.70442584 1.70442584 1.70442584 1.70442584 1.70442584 0.86207424
 1.12341683 0.9468185  0.8559005  0.6654754 ]",1.704425837320574,0.8620742360644783,5,6,6,2.7565951347351074,1,777.0,0.0,0.0,91,regular
known,static_conjecture,regular_92,10.976363936826147,"[1.9131195419245015, 0.006405484722931577, 1.4496776101692226, 2.0807504695224655, 1.5004588763588917, 1.2168717456820193, 2.1337962663394197, 2.459840726748602, 2.2315137728055268, 0.6857449340376272]",1.9131195419245015,1.2168717456820193,"[1.33696172 1.33696172 1.33696172 1.33696172 1.33696172 0.86207424
 1.12341683 0.9468185  0.8559005  0.6654754 ]",1.3369617224880386,0.8620742360644783,5,8,16,1.999373197555542,1,1263.0,0.0,0.0,92,regular
known,static_conjecture,barabasi_93,13.467644972819684,"[1.4226297372490468, 2.9473054576525324, 1.5722709442956195, 2.589566406080916, 1.8730715496951187, 2.218976818246042, 1.8188078317908043, 1.9965594319343931, 1.723195522556177, -0.03511614172835157]",1.4226297372490468,2.218976818246042,"[1.53703704 1.53703704 1.53703704 1.53703704 1.53703704 0.86207424
 1.12341683 0.9468185  0.8559005  0.6654754 ]",1.5370370370370372,0.8620742360644783,5,12,20,7.108678102493286,1,1417.0,0.0,0.0,93,barabasi
known,static_conjecture,gnm_94,54.24888751671304,"[2.4652815608734864, 2.8302523513755715, 2.5671500186371166, 2.4546240077660633, 2.403030903837812, 0.8016551646405887, 1.5673576080104263, 1.5748402453563135, 0.7936370421269066, 0.3126119273247604]",2.4652815608734864,0.8016551646405887,"[2.34854601 2.34854601 2.34854601 2.34854601 2.34854601 0.86207424
 1.12341683 0.9468185  0.8559005  0.6654754 ]",2.3485460082063985,0.8620742360644783,5,18,107,18.483689308166504,1,788.0,0.0,0.0,94,gnm
known,static_conjecture,gnm_95,16.09519891084578,"[2.952156105965713, 2.836793396761828, 1.9106814256817013, 1.6985675207525033, 1.8478381245031346, 0.7494729722665914, 2.834264696926342, 2.660269150453135, 2.3226974305054067, 0.46062147764099715]",2.952156105965713,0.7494729722665914,"[1.87513651 1.87513651 1.87513651 1.87513651 1.87513651 0.86207424
 1.12341683 0.9468185  0.8559005  0.6654754 ]",1.8751365147198482,0.8620742360644783,5,12,29,2.4321556091308594,1,970.0,0.0,0.0,95,gnm
known,static_conjecture,watts_96,21.99447086107559,"[1.3873525898891694, 3.0152785902159116, 1.592805938467561, 3.0033783609483615, 1.5523857584091003, 1.9780190908425914, 2.0994704785399536, 2.5922781011279747, 2.499850108363841, 0.7763663120915627]",1.3873525898891694,1.9780190908425914,"[1.66123357 1.66123357 1.66123357 1.66123357 1.66123357 0.86207424
 1.12341683 0.9468185  0.8559005  0.6654754 ]",1.6612335712113797,0.8620742360644783,5,17,34,12.595199346542358,1,1475.0,0.0,0.0,96,watts
known,static_conjecture,barabasi_97,7.681930640207618,"[2.812800110835579, 1.9394293566024283, 2.0151376849305964, 1.6449560193573671, 1.439384855614736, 1.9399351803511027, 3.141561834943495, 2.630659038116197, 1.8102217692744864, 1.8866381903173275]",2.812800110835579,1.9399351803511027,"[2.21419442 2.21419442 2.21419442 2.21419442 2.21419442 0.86207424
 1.12341683 0.9468185  0.8559005  0.6654754 ]",2.2141944239970557,0.8620742360644783,5,10,9,3.6731247901916504,1,1095.0,0.0,0.0,97,barabasi
known,static_conjecture,watts_98,8.88990543527325,"[1.2452681934586738, 3.0341815888942447, 1.7417907266641925, 1.566635636090231, 1.6522648284305868, 1.0529058687662103, 3.1407135920291456, 1.1201744704797183, 2.1370865597431346, 0.7837130918114654]",1.2452681934586738,1.0529058687662103,"[1.76771255 1.76771255 1.76771255 1.76771255 1.76771255 0.86207424
 1.12341683 0.9468185  0.8559005  0.6654754 ]",1.7677125506072873,0.8620742360644783,5,7,14,3.772247076034546,1,998.0,0.0,0.0,98,watts
known,static_conjecture,gnm_99,19.552315436270973,"[2.9987525053265034, 3.125141316248557, 2.8761127260512858, 2.7769244312707926, 0.9414754529967799, 2.102941321725387, 3.062696003031766, 0.274313872068566, 1.7189463133205023, 1.4972197221200654]",2.9987525053265034,2.102941321725387,"[1.95544686 1.95544686 1.95544686 1.95544686 1.95544686 0.86207424
 1.12341683 0.9468185  0.8559005  0.6654754 ]",1.9554468582304718,0.8620742360644783,5,13,29,9.885000705718994,1,1872.0,0.0,0.0,99,gnm
known,static_conjecture,watts_100,27.858496227071345,"[2.9585158123465014, 3.0259192865850766, 2.8020251365182665, 1.4803066752693814, 2.2332320828238927, 1.9997583067836002, 1.8090509556800507, 1.7452982936140593, 1.5665445839387622, 1.3897094496505182]",2.9585158123465014,1.9997583067836002,"[1.83625087 1.83625087 1.83625087 1.83625087 1.83625087 0.86207424
 1.12341683 0.9468185  0.8559005  0.6654754 ]",1.836250872249442,0.8620742360644783,5,20,40,17.45164966583252,1,1542.0,0.0,0.0,100,watts
known,static_conjecture,gnm_101,50.78966929345545,"[2.4277705798249696, 2.4088523230052736, 2.314823660326915, 2.104214925185786, 2.35114985337869, 1.5725655586594653, 1.737510188746038, 1.5669789839219121, 1.8260571550747, -0.007135684343923197]",2.4277705798249696,1.5725655586594653,"[2.27288786 2.27288786 2.27288786 2.27288786 2.27288786 0.86207424
 1.12341683 0.9468185  0.8559005  0.6654754 ]",2.2728878576224347,0.8620742360644783,5,19,90,15.478271484375,1,727.0,0.0,0.0,101,gnm
known,static_conjecture,gnm_102,12.30471230907284,"[2.887306554511577, 3.141511932510322, 3.1415920732055582, 2.179542918692932, 1.5539683091080216, 1.3377694832773044, 2.973501233723729, 2.186719808619185, 1.5445269762264715, 1.3162597061001746]",2.887306554511577,1.3377694832773044,"[1.84817052 1.84817052 1.84817052 1.84817052 1.84817052 0.86207424
 1.12341683 0.9468185  0.8559005  0.6654754 ]",1.8481705163523345,0.8620742360644783,5,11,18,3.4701826572418213,1,915.0,0.0,0.0,102,gnm
known,static_conjecture,barabasi_103,7.93318789799744,"[2.91965727045039, 3.1415855559601438, 2.2133087508218696, 1.7658018709157532, 1.5782769252471074, 0.46643848967663737, 3.043182992756086, 3.1389771377176863, 1.2869617285463704, 0.30566596430129234]",2.91965727045039,0.46643848967663737,"[2.21419442 2.21419442 2.21419442 2.21419442 2.21419442 0.86207424
 1.12341683 0.9468185  0.8559005  0.6654754 ]",2.2141944239970557,0.8620742360644783,5,10,9,3.2735166549682617,1,1343.0,0.0,0.0,103,barabasi
known,static_conjecture,regular_104,11.129091331240488,"[1.807537690292023, 1.1013755990025467, 1.6434834720944385, 0.6399927892159865, 1.4871078689388617, 1.423480033607098, 2.327056256764176, 2.5873914849228328, 2.042748446609326, 0.9733269956387203]",1.807537690292023,1.423480033607098,"[1.33696172 1.33696172 1.33696172 1.33696172 1.33696172 0.86207424
 1.12341683 0.9468185  0.8559005  0.6654754 ]",1.3369617224880386,0.8620742360644783,5,8,16,6.720780611038208,1,1628.0,0.0,0.0,104,regular
known,static_conjecture,gnm_105,8.419784583668957,"[1.3299749259005273, 2.0985807440218904, 2.337495121802874, 1.2612788684696, 1.9752027535098096, 1.5611498610204453, 2.958718337357814, 2.672286749740386, 1.5233000611933816, 0.7032766898063787]",1.3299749259005273,1.5611498610204453,"[1.85651061 1.85651061 1.85651061 1.85651061 1.85651061 0.86207424
 1.12341683 0.9468185  0.8559005  0.6654754 ]",1.8565106125091821,0.8620742360644783,5,8,12,3.787724733352661,1,1240.0,0.0,0.0,105,gnm
known,static_conjecture,barabasi_106,6.108274822678823,"[2.7548767516111923, 1.2847015034515856, 3.139050167653356, 2.9929756632010434, 2.790010243828895, 1.89755449069852, 1.4732710232144952, 2.6181463495878994, 2.152821247634125, 1.2321691769157876]",2.7548767516111923,1.89755449069852,"[2.20232017 2.20232017 2.20232017 2.20232017 2.20232017 0.86207424
 1.12341683 0.9468185  0.8559005  0.6654754 ]",2.202320171604711,0.8620742360644783,5,8,7,5.6152942180633545,1,1298.0,0.0,0.0,106,barabasi
known,static_conjecture,gnm_107,38.58442325740781,"[1.8071574817155898, 3.1411916996008165, 2.608336151783739, 1.9971793665303288, 2.7388061685888303, 2.64935978205527, 0.45096646903689486, 1.5584536395485644, 1.3920700746799748, 1.7588727245065294]",1.8071574817155898,2.64935978205527,"[2.27039557 2.27039557 2.27039557 2.27039557 2.27039557 0.86207424
 1.12341683 0.9468185  0.8559005  0.6654754 ]",2.270395570915107,0.8620742360644783,5,14,68,17.579776525497437,1,1074.0,0.0,0.0,107,gnm
known,static_conjecture,gnm_108,13.86126719673939,"[2.6216646065055094, 1.8152772547446616, 2.2731702216135425, 2.3148588053397, 1.7871749441153302, 0.6494608163784621, 1.3216848638165963, 1.0478938307050336, 1.1096445349373536, 0.8394668352422991]",2.6216646065055094,0.6494608163784621,"[1.85651061 1.85651061 1.85651061 1.85651061 1.85651061 0.86207424
 1.12341683 0.9468185  0.8559005  0.6654754 ]",1.8565106125091821,0.8620742360644783,5,8,24,3.64103364944458,1,863.0,0.0,0.0,108,gnm
known,static_conjecture,watts_109,15.079117256254257,"[1.2785800124079298, 3.1395167111372033, 1.6276875314467478, 3.141545343927505, 1.5344804087874482, 0.7694774142056813, 2.518447999814542, 1.0831796684012298, 2.3969634162348816, 1.3855013981732187]",1.2785800124079298,0.7694774142056813,"[1.54166667 1.54166667 1.54166667 1.54166667 1.54166667 0.86207424
 1.12341683 0.9468185  0.8559005  0.6654754 ]",1.541666666666667,0.8620742360644783,5,12,24,4.0434839725494385,1,834.0,0.0,0.0,109,watts
known,static_conjecture,barabasi_110,29.425154736329947,"[2.8659091755022645, 2.5428616799996426, 2.19862937382315, 2.0523037572438154, 2.686061851644894, 0.1138986580901034, 1.5774669760292948, 1.5581809706679186, 1.3393488172044765, 0.16156851370773967]",2.8659091755022645,0.1138986580901034,"[1.81359428 1.81359428 1.81359428 1.81359428 1.81359428 0.86207424
 1.12341683 0.9468185  0.8559005  0.6654754 ]",1.8135942760942756,0.8620742360644783,5,18,45,12.151218175888062,1,1184.0,0.0,0.0,110,barabasi
known,static_conjecture,regular_111,25.091082523591673,"[2.8156056661357303, 1.7294196296761117, 2.85063809662465, 3.0576423298815567, 1.7046158283892334, 1.3277887585416948, 2.28968194063214, 0.3512158735541263, 1.9021388761568856, 1.1315026274909372]",2.8156056661357303,1.3277887585416948,"[3.14159265 3.14159265 3.14159265 3.14159265 3.14159265 0.86207424
 1.12341683 0.9468185  0.8559005  0.6654754 ]",3.141592653589793,0.8620742360644783,5,17,34,7.847555875778198,1,969.0,0.0,0.0,111,regular
known,static_conjecture,gnm_112,29.264161225981216,"[1.992139126212225, 2.133341361546832, 1.985892694548666, 3.141592653589793, 2.3008005197661667, 1.5553912371598666, 3.136260677471391, 2.256562113135698, 2.7416603641382675, 1.5538483101196854]",1.992139126212225,1.5553912371598666,"[2.10975992 2.10975992 2.10975992 2.10975992 2.10975992 0.86207424
 1.12341683 0.9468185  0.8559005  0.6654754 ]",2.1097599167506442,0.8620742360644783,5,14,51,13.583866596221924,1,1187.0,0.0,0.0,112,gnm
known,static_conjecture,gnm_113,31.605601704344906,"[2.931066418782998, 3.141591529789286, 2.3932397480056324, 2.2373887704417803, 2.754918482439998, 1.2243067125516869, 2.2603615767506495, 1.5905830994589487, 1.5313812944249503, 1.5349586141930265]",2.931066418782998,1.2243067125516869,"[2.28812478 2.28812478 2.28812478 2.28812478 2.28812478 0.86207424
 1.12341683 0.9468185  0.8559005  0.6654754 ]",2.288124782115062,0.8620742360644783,5,19,52,7.015807628631592,1,761.0,0.0,0.0,113,gnm
known,static_conjecture,watts_114,18.710545957738162,"[1.7647368637305856, 2.3638029966661627, 0.006303724492301589, 3.0874073512610822, 1.229570049740482, 1.1057730773353958, 2.5449234131493657, 1.9973188518550358, 1.735111078039342, 1.3202047390802778]",1.7647368637305856,1.1057730773353958,"[1.54166667 1.54166667 1.54166667 1.54166667 1.54166667 0.86207424
 1.12341683 0.9468185  0.8559005  0.6654754 ]",1.541666666666667,0.8620742360644783,5,15,30,3.0935566425323486,1,563.0,0.0,0.0,114,watts
known,static_conjecture,barabasi_115,4.790060121948045,"[1.988379655732056, 2.455007563011347, 2.647150823700984, 1.698913040869717, 2.3864836591085146, 0.14682205971085732, 2.720097200183069, 0.9632047412414088, 2.8432999965587014, 0.21169004571624123]",1.988379655732056,0.14682205971085732,"[2.28139837 2.28139837 2.28139837 2.28139837 2.28139837 0.86207424
 1.12341683 0.9468185  0.8559005  0.6654754 ]",2.281398371365477,0.8620742360644783,5,6,5,1.4926323890686035,1,1211.0,0.0,0.0,115,barabasi
known,static_conjecture,watts_116,16.42963269081106,"[2.111375165368535, 1.2949294108905178, 0.49224249946614873, 1.8002371989099222, 1.9264961944876005, 1.5894456745923358, 2.5749826674693423, 1.1545309969479585, 1.610480507581761, 1.3452787763068055]",2.111375165368535,1.5894456745923358,"[1.57079633 1.57079633 1.57079633 1.57079633 1.57079633 0.86207424
 1.12341683 0.9468185  0.8559005  0.6654754 ]",1.5707963267948966,0.8620742360644783,5,19,19,4.891988515853882,1,893.0,0.0,0.0,116,watts
known,static_conjecture,gnm_117,80.43253313458958,"[2.7707124764858797, 2.7742858881800823, 2.8833863516924185, 2.44609416192475, 2.7985555370835176, 1.1175916559185914, 2.426198783049264, 1.8694477346977076, 1.4942874754505586, 0.7816367660049873]",2.7707124764858797,1.1175916559185914,"[2.72532149 2.72532149 2.72532149 2.72532149 2.72532149 0.86207424
 1.12341683 0.9468185  0.8559005  0.6654754 ]",2.7253214865509143,0.8620742360644783,5,19,167,23.060371160507202,1,689.0,0.0,0.0,117,gnm
known,static_conjecture,watts_118,25.647572753447854,"[2.9782414117991496, 2.7125345173122293, 1.6693773237820446, 1.565436334160344, 1.5649427560556621, 0.5097504532202772, 2.7045670684076173, 1.161939206856813, 2.3071163288306495, 0.4106967395564223]",2.9782414117991496,0.5097504532202772,"[1.72736198 1.72736198 1.72736198 1.72736198 1.72736198 0.86207424
 1.12341683 0.9468185  0.8559005  0.6654754 ]",1.7273619833605531,0.8620742360644783,5,18,36,13.780274152755737,1,1518.0,0.0,0.0,118,watts
known,static_conjecture,watts_119,14.101565467379695,"[2.886482154823721, 2.630969998407452, 0.6517312401907325, 1.7117379763445018, 1.370662600392282, 2.2369502916932946, 1.835857016153193, 0.7614321614469618, 1.6651848579445445, 0.5968310682051674]",2.886482154823721,2.2369502916932946,"[1.57079633 1.57079633 1.57079633 1.57079633 1.57079633 0.86207424
 1.12341683 0.9468185  0.8559005  0.6654754 ]",1.5707963267948966,0.8620742360644783,5,17,17,5.893945932388306,1,1275.0,0.0,0.0,119,watts
known,static_conjecture,regular_120,18.153381999698663,"[2.9838642564923346, 2.0910121098735086, 1.5963381587268266, 2.134392213380141, 1.672294212864441, 0.5339336512231456, 2.919101270653621, 0.24226148088158328, 1.211885289954191, 0.648540825089237]",2.9838642564923346,0.5339336512231456,"[1.97142857 1.97142857 1.97142857 1.97142857 1.97142857 0.86207424
 1.12341683 0.9468185  0.8559005  0.6654754 ]",1.971428571428571,0.8620742360644783,5,13,26,5.6267547607421875,1,1299.0,0.0,0.0,120,regular
known,static_conjecture,regular_121,13.619729655975691,"[1.3819740684649653, 1.7412487527990392, 2.4024819883145163, 2.5790014306588795, 3.061593505954302, 0.941575246508801, 3.050389513638535, 1.8076404538444004, 1.1731734345593763, 0.5503362283105552]",1.3819740684649653,0.941575246508801,"[2.09196429 2.09196429 2.09196429 2.09196429 2.09196429 0.86207424
 1.12341683 0.9468185  0.8559005  0.6654754 ]",2.091964285714286,0.8620742360644783,5,12,18,9.730558395385742,1,2058.0,0.0,0.0,121,regular
known,static_conjecture,gnm_122,25.45425569289652,"[2.9283877308905826, 1.9213247392980872, 1.637080352151358, 1.7053029830074165, 1.743932520533368, 1.6917064955628054, 3.1410689644324727, 2.778611018047984, 3.1370908655359155, 1.3481174488015333]",2.9283877308905826,1.6917064955628054,"[1.81448425 1.81448425 1.81448425 1.81448425 1.81448425 0.86207424
 1.12341683 0.9468185  0.8559005  0.6654754 ]",1.8144842501103007,0.8620742360644783,5,15,38,8.009868383407593,1,898.0,0.0,0.0,122,gnm
known,static_conjecture,barabasi_123,6.993768994228901,"[2.3409712521183637, 2.35345146904024, 2.483501027909891, 2.311609996610711, 2.287086605212637, 0.9947991248168834, 1.5142237294461234, 1.0586197193388591, 1.0505276691807226, 0.8049375726158126]",2.3409712521183637,0.9947991248168834,"[2.22388366 2.22388366 2.22388366 2.22388366 2.22388366 0.86207424
 1.12341683 0.9468185  0.8559005  0.6654754 ]",2.2238836617306017,0.8620742360644783,5,8,7,4.452862977981567,1,1649.0,0.0,0.0,123,barabasi
known,static_conjecture,barabasi_124,6.108323582489675,"[2.755191315182181, 1.2854545149367933, 3.139050567848513, 2.9936563054460494, 2.7885431180795113, 1.896843981735414, 1.4712882265782623, 2.619053493469093, 2.1520787920050632, 1.2329258633288949]",2.755191315182181,1.896843981735414,"[2.20232017 2.20232017 2.20232017 2.20232017 2.20232017 0.86207424
 1.12341683 0.9468185  0.8559005  0.6654754 ]",2.202320171604711,0.8620742360644783,5,8,7,5.132716178894043,1,1297.0,0.0,0.0,124,barabasi
known,static_conjecture,barabasi_125,6.157052215720398,"[1.3652325608457803, 3.1308008241838836, 2.2182739025544818, 3.0052243804148233, 3.0789127474426525, 1.540809974757828, 1.73767708062477, 1.802273997521441, 1.9531575284391645, 0.5407688548604384]",1.3652325608457803,1.540809974757828,"[2.24017012 2.24017012 2.24017012 2.24017012 2.24017012 0.86207424
 1.12341683 0.9468185  0.8559005  0.6654754 ]",2.2401701165955554,0.8620742360644783,5,9,8,1.792038917541504,1,1312.0,0.0,0.0,125,barabasi
known,static_conjecture,barabasi_126,14.543704834804267,"[1.7405258679743212, 2.736871669435208, 1.6074279581038882, 2.564720818045732, 1.6017587937765903, 1.340948077071208, 2.2831786798536777, 1.1157407234945462, 2.554722439789974, 0.7137639887456]",1.7405258679743212,1.340948077071208,"[1.54148586 1.54148586 1.54148586 1.54148586 1.54148586 0.86207424
 1.12341683 0.9468185  0.8559005  0.6654754 ]",1.5414858645627878,0.8620742360644783,5,13,22,7.928807258605957,1,1451.0,0.0,0.0,126,barabasi
known,static_conjecture,barabasi_127,9.719485372314432,"[2.099487174459057, 1.576297292814213, 1.5408622001220857, 2.2024051483217244, -0.0048989909927950135, 1.1585177788434904, 2.775469251335673, 0.7270415090824642, 2.021258666303689, 0.9488462461735806]",2.099487174459057,1.1585177788434904,"[1.56203704 1.56203704 1.56203704 1.56203704 1.56203704 0.86207424
 1.12341683 0.9468185  0.8559005  0.6654754 ]",1.5620370370370371,0.8620742360644783,5,12,11,3.7761623859405518,1,1004.0,0.0,0.0,127,barabasi
known,static_conjecture,barabasi_128,6.905092477896982,"[2.7896813776253957, 2.1234949281374584, 2.5054179339002607, 2.5370078380301795, 1.6307360152294317, 0.3769729912935963, 3.140518627095556, 1.448327089127399, 1.4035223875998417, 0.20296676845198203]",2.7896813776253957,0.3769729912935963,"[2.24017012 2.24017012 2.24017012 2.24017012 2.24017012 0.86207424
 1.12341683 0.9468185  0.8559005  0.6654754 ]",2.2401701165955554,0.8620742360644783,5,9,8,3.0684926509857178,1,1060.0,0.0,0.0,128,barabasi
known,static_conjecture,watts_129,28.694671910600093,"[2.965837315710917, 2.824184619451715, 3.141380001847268, 1.2696687231931794, 2.3203922092110014, 2.1543436810290335, 2.4039614147603556, 2.532362582666401, 1.5631055218458294, 1.385276907120962]",2.965837315710917,2.1543436810290335,"[1.83625087 1.83625087 1.83625087 1.83625087 1.83625087 0.86207424
 1.12341683 0.9468185  0.8559005  0.6654754 ]",1.836250872249442,0.8620742360644783,5,20,40,18.40283703804016,1,1735.0,0.0,0.0,129,watts
known,static_conjecture,barabasi_130,8.299277307337206,"[2.919982488173202, 2.703212384243762, 2.637710731627429, 1.6850149918910424, 2.6984705936065376, 0.5395851910582872, 1.8393664548376583, 1.73742493444766, 1.4634543939708167, 1.4378822693050197]",2.919982488173202,0.5395851910582872,"[2.28139837 2.28139837 2.28139837 2.28139837 2.28139837 0.86207424
 1.12341683 0.9468185  0.8559005  0.6654754 ]",2.281398371365477,0.8620742360644783,5,10,9,4.8160412311553955,1,2103.0,0.0,0.0,130,barabasi
known,static_conjecture,regular_131,24.00081301359631,"[1.937205008156961, 2.5514540781700505, 2.776572315468917, 3.0396290050817463, 2.668188063432399, 0.09823394461242496, 2.6405765108026404, 1.3697543366892835, 1.347460500386654, 1.3781514245210273]",1.937205008156961,0.09823394461242496,"[3.14159265 3.14159265 3.14159265 3.14159265 3.14159265 0.86207424
 1.12341683 0.9468185  0.8559005  0.6654754 ]",3.141592653589793,0.8620742360644783,5,20,30,11.066283702850342,1,1141.0,0.0,0.0,131,regular
known,static_conjecture,barabasi_132,5.337197789274796,"[2.6264483851654457, 2.4762108209548916, 1.971266622676493, 2.7190525344793195, 0.5664272864230436, 1.708390205574951, 3.1204648567859925, 1.6424480170007247, 1.0999061516942725, 1.3246421244678253]",2.6264483851654457,1.708390205574951,"[2.23017809 2.23017809 2.23017809 2.23017809 2.23017809 0.86207424
 1.12341683 0.9468185  0.8559005  0.6654754 ]",2.230178092584108,0.8620742360644783,5,7,6,3.265834331512451,1,2214.0,0.0,0.0,132,barabasi
known,static_conjecture,gnm_133,27.124812052913157,"[2.8930579433626686, 2.3149007048344554, 2.3773740304221462, 1.675268842963443, 2.7578448066556245, 1.2187968077794302, 3.141592653589793, 1.5577241416513443, 0.8448196701545483, 0.2141961535780466]",2.8930579433626686,1.2187968077794302,"[2.27586258 2.27586258 2.27586258 2.27586258 2.27586258 0.86207424
 1.12341683 0.9468185  0.8559005  0.6654754 ]",2.2758625752932753,0.8620742360644783,5,17,40,8.44292688369751,1,1042.0,0.0,0.0,133,gnm
known,static_conjecture,watts_134,22.485724519477635,"[2.9909727803471995, 2.8559648513323728, 1.7152245524073937, -0.0074161205097501804, 1.5002048255836153, 1.9941275346514034, 2.359594733688211, 0.6264457096472524, 2.506960354574039, 1.0576718877631817]",2.9909727803471995,1.9941275346514034,"[1.57079633 1.57079633 1.57079633 1.57079633 1.57079633 0.86207424
 1.12341683 0.9468185  0.8559005  0.6654754 ]",1.5707963267948966,0.8620742360644783,5,16,32,8.232286214828491,1,1047.0,0.0,0.0,134,watts
known,static_conjecture,watts_135,12.141172026327734,"[2.043999928676805, 1.6607469480562371, 1.5694884256510324, 3.141191801280551, 1.342448804731751, 1.110850302448068, 1.9324704986696277, 2.045215958558085, 1.584911906453812, 0.8077295193818452]",2.043999928676805,1.110850302448068,"[1.54166667 1.54166667 1.54166667 1.54166667 1.54166667 0.86207424
 1.12341683 0.9468185  0.8559005  0.6654754 ]",1.541666666666667,0.8620742360644783,5,15,15,9.363974809646606,1,2158.0,0.0,0.0,135,watts
known,static_conjecture,watts_136,9.563737109533577,"[1.6555996544106035, 1.3907844549829242, 2.830274122615007, 2.7431991597080727, 1.5436827726898665, 0.8292276623466028, 2.0045695729650705, 1.8760212445003792, 1.7406634263842478, 1.5530631785974518]",1.6555996544106035,0.8292276623466028,"[1.76771255 1.76771255 1.76771255 1.76771255 1.76771255 0.86207424
 1.12341683 0.9468185  0.8559005  0.6654754 ]",1.7677125506072873,0.8620742360644783,5,7,14,3.8167712688446045,1,1173.0,0.0,0.0,136,watts
known,static_conjecture,gnm_137,81.57212263136257,"[2.8674188446170406, 3.141518228274638, 2.617825758017773, 2.6102646006538084, 2.7845776158253157, 0.8503380726182623, 2.3490558165846815, 1.5698301221846136, 1.4946246438944788, 1.0412816031864183]",2.8674188446170406,0.8503380726182623,"[2.52721505 2.52721505 2.52721505 2.52721505 2.52721505 0.86207424
 1.12341683 0.9468185  0.8559005  0.6654754 ]",2.52721505042106,0.8620742360644783,5,20,155,34.96178364753723,1,867.0,0.0,0.0,137,gnm
known,static_conjecture,barabasi_138,17.18729535444815,"[2.9603162777907928, 2.8424261175575873, 1.88394267273507, 3.1396560405167424, 1.6857117035817433, 2.1359155554008824, 1.8146880111963277, 2.587854810562371, 0.5198016990101011, 1.39888544453061]",2.9603162777907928,2.1359155554008824,"[1.65510345 1.65510345 1.65510345 1.65510345 1.65510345 0.86207424
 1.12341683 0.9468185  0.8559005  0.6654754 ]",1.655103453483076,0.8620742360644783,5,14,24,8.092329740524292,1,1904.0,0.0,0.0,138,barabasi
known,static_conjecture,regular_139,24.344044280371847,"[2.7326389597656426, 1.8272298936372757, 2.8455524133933574, 3.048550502071019, 1.7412799557754466, 1.4320745146331322, 2.0422218303712123, 0.675601761606013, 1.8101002851678458, 0.9050251636843625]",2.7326389597656426,1.4320745146331322,"[3.14159265 3.14159265 3.14159265 3.14159265 3.14159265 0.86207424
 1.12341683 0.9468185  0.8559005  0.6654754 ]",3.141592653589793,0.8620742360644783,5,17,34,9.710431098937988,1,1107.0,0.0,0.0,139,regular
known,static_conjecture,watts_140,12.621530155697087,"[1.4967428925277537, 2.9024381953674805, 1.6594772299973974, 2.794506181024733, 1.6801600271488142, 0.4193775570938963, 3.094588392975791, 2.0433039045381185, 1.8492061894696972, 0.06297360005423011]",1.4967428925277537,0.4193775570938963,"[1.63924033 1.63924033 1.63924033 1.63924033 1.63924033 0.86207424
 1.12341683 0.9468185  0.8559005  0.6654754 ]",1.6392403283850654,0.8620742360644783,5,9,18,4.302021503448486,1,1130.0,0.0,0.0,140,watts
known,static_conjecture,gnm_141,18.29399023331655,"[1.326784060593899, 2.93167870552198, 1.8009136245592046, 2.9543795308288066, 1.5550404772652973, 0.8101761071505569, 3.1232825406653943, 1.128509595607279, 2.3737316591495574, 0.7948031179734963]",1.326784060593899,0.8101761071505569,"[1.60775254 1.60775254 1.60775254 1.60775254 1.60775254 0.86207424
 1.12341683 0.9468185  0.8559005  0.6654754 ]",1.6077525417574436,0.8620742360644783,5,15,29,5.13184666633606,1,715.0,0.0,0.0,141,gnm
known,static_conjecture,gnm_142,28.673513265859,"[2.1026981351375245, 2.0511506792067022, 2.1768018996426424, 2.9353169610097183, 2.1596862448067693, 0.7397580137847608, 2.484100856347153, 2.2676610505243175, 2.263310225615132, 0.9106491885195006]",2.1026981351375245,0.7397580137847608,"[2.13617226 2.13617226 2.13617226 2.13617226 2.13617226 0.86207424
 1.12341683 0.9468185  0.8559005  0.6654754 ]",2.1361722599216915,0.8620742360644783,5,14,57,7.41044545173645,1,801.0,0.0,0.0,142,gnm
known,static_conjecture,watts_143,16.323483673213115,"[0.3671692282712129, 2.926889322195515, 1.368989861988429, 3.1404298605860155, 1.8706160089067412, 0.2199610140929396, 2.815986975287954, 0.8928693255437437, 2.344201927030034, 1.239452508975908]",0.3671692282712129,0.2199610140929396,"[1.54166667 1.54166667 1.54166667 1.54166667 1.54166667 0.86207424
 1.12341683 0.9468185  0.8559005  0.6654754 ]",1.541666666666667,0.8620742360644783,5,12,24,10.069920063018799,1,1876.0,0.0,0.0,143,watts
known,static_conjecture,watts_144,13.893122663825546,"[1.248338202464708, 2.241224700524996, 0.628290657168256, 1.7827730462365807, 1.387200095084483, 0.34389953622818736, 3.034226604675042, 2.606745133168121, 1.9114585833464603, 1.9342277824835843]",1.248338202464708,0.34389953622818736,"[1.57079633 1.57079633 1.57079633 1.57079633 1.57079633 0.86207424
 1.12341683 0.9468185  0.8559005  0.6654754 ]",1.5707963267948966,0.8620742360644783,5,17,17,9.451094627380371,1,1867.0,0.0,0.0,144,watts
known,static_conjecture,regular_145,17.249652974161137,"[1.9375092065655317, 2.466490911237469, 2.2560690964943984, 2.5022485109843218, 2.5549192803806893, -0.4964844751699983, 2.7271027003706783, 2.1362266996033337, 1.6998316215678533, 1.015293535164691]",1.9375092065655317,-0.4964844751699983,"[3.14159265 3.14159265 3.14159265 3.14159265 3.14159265 0.86207424
 1.12341683 0.9468185  0.8559005  0.6654754 ]",3.141592653589793,0.8620742360644783,5,19,19,5.902415037155151,1,1226.0,0.0,0.0,145,regular
known,static_conjecture,watts_146,5.600559553677186,"[1.186737758878462, 1.7661961749395811, 2.1968317700778277, 1.662396690905328, 1.6579333567712835, 1.2479224044950412, 0.826066532494806, 1.3870734316930917, 1.2390944900692078, 0.6004548993278358]",1.186737758878462,1.2479224044950412,"[1.48238815 1.48238815 1.48238815 1.48238815 1.48238815 0.86207424
 1.12341683 0.9468185  0.8559005  0.6654754 ]",1.482388147566719,0.8620742360644783,5,7,7,0.061007022857666016,1,1503.0,0.0,0.0,146,watts
known,static_conjecture,regular_147,17.690933554461825,"[2.965757745644754, 1.775736443527606, 1.8439006320805653, 2.18125388930948, 1.69699251982486, 0.8346169627280687, 2.9260803750195086, 1.6522045889573056, 1.2118135712099884, 0.6980905301820108]",2.965757745644754,0.8346169627280687,"[1.97142857 1.97142857 1.97142857 1.97142857 1.97142857 0.86207424
 1.12341683 0.9468185  0.8559005  0.6654754 ]",1.971428571428571,0.8620742360644783,5,12,24,7.020232200622559,1,1372.0,0.0,0.0,147,regular
known,static_conjecture,watts_148,13.766828530230363,"[2.745071123307666, 0.8167603954534051, 2.5552508252940695, 2.6518754121049732, 0.26416801362897724, 1.079137015241503, 3.141590763759594, 1.0904219952289085, 1.9568244992639279, 1.2494574929747366]",2.745071123307666,1.079137015241503,"[1.57079633 1.57079633 1.57079633 1.57079633 1.57079633 0.86207424
 1.12341683 0.9468185  0.8559005  0.6654754 ]",1.5707963267948966,0.8620742360644783,5,16,16,8.869671106338501,1,2018.0,0.0,0.0,148,watts
known,static_conjecture,watts_149,13.909501438069967,"[2.8536446827865016, 1.2667377692953448, 3.1412103569015204, 1.3168019249903518, 1.8322932242407615, 0.5267217840079959, 2.997870862278906, 1.8825921407936803, 1.851537955774793, 1.4318759784962718]",2.8536446827865016,0.5267217840079959,"[1.57079633 1.57079633 1.57079633 1.57079633 1.57079633 0.86207424
 1.12341683 0.9468185  0.8559005  0.6654754 ]",1.5707963267948966,0.8620742360644783,5,17,17,9.277778625488281,1,1910.0,0.0,0.0,149,watts
known,static_conjecture,barabasi_150,8.026277064088587,"[2.369751571873522, 2.471030162231632, 1.7538557459216215, 2.128537624763612, 1.5353302241142759, 1.635416956312287, 2.9018649081571315, 2.9297431815648025, 1.824837911006071, 1.2672672402158662]",2.369751571873522,1.635416956312287,"[2.21419442 2.21419442 2.21419442 2.21419442 2.21419442 0.86207424
 1.12341683 0.9468185  0.8559005  0.6654754 ]",2.2141944239970557,0.8620742360644783,5,10,9,2.8083627223968506,1,1035.0,0.0,0.0,150,barabasi
known,static_conjecture,barabasi_151,17.02294753045243,"[2.9784712493685905, 2.762593747131535, 1.6501709376892055, 1.7981218054532593, 1.5594229813529021, 0.45988448113381886, 2.6338601609993, 0.805659441192268, 2.398880081441451, 0.7590149416945177]",2.9784712493685905,0.45988448113381886,"[1.65263918 1.65263918 1.65263918 1.65263918 1.65263918 0.86207424
 1.12341683 0.9468185  0.8559005  0.6654754 ]",1.6526391831944616,0.8620742360644783,5,14,24,4.146674871444702,1,1097.0,0.0,0.0,151,barabasi
known,static_conjecture,watts_152,5.791707436608704,"[1.818894311251352, 2.2444537357133107, 1.5901212504557858, 1.8393829292679378, 1.7201542912688566, -0.9066802874825493, 2.69997463668782, 1.0689671865217762, 1.9006798035449148, 0.6806255722175035]",1.818894311251352,-0.9066802874825493,"[1.48238815 1.48238815 1.48238815 1.48238815 1.48238815 0.86207424
 1.12341683 0.9468185  0.8559005  0.6654754 ]",1.482388147566719,0.8620742360644783,5,7,7,3.8412396907806396,1,989.0,0.0,0.0,152,watts
known,static_conjecture,gnm_153,22.710346193444902,"[2.5833758058856757, 1.9889808180883857, 1.45315383157318, 1.6654128706211884, 2.0052634430036176, 1.553528827022014, 2.543189732009074, 0.2065882353467142, 1.9502924762558607, 1.3531269109188102]",2.5833758058856757,1.553528827022014,"[1.987145   1.987145   1.987145   1.987145   1.987145   0.86207424
 1.12341683 0.9468185  0.8559005  0.6654754 ]",1.9871449960654872,0.8620742360644783,5,13,36,7.626094818115234,1,858.0,0.0,0.0,153,gnm
known,static_conjecture,gnm_154,74.05242247829516,"[3.0386776503710746, 3.036996908348558, 2.5805848027979845, 2.241044847674871, 2.47350242812036, 0.8205172785195025, 2.7377180525743032, 0.766074297875089, 1.5768437655295433, 0.7322625604296801]",3.0386776503710746,0.8205172785195025,"[2.45572921 2.45572921 2.45572921 2.45572921 2.45572921 0.86207424
 1.12341683 0.9468185  0.8559005  0.6654754 ]",2.455729211131368,0.8620742360644783,5,20,141,29.440781116485596,1,806.0,0.0,0.0,154,gnm
known,static_conjecture,barabasi_155,16.344402957557495,"[2.547658037265719, 1.3782422032786412, 2.0826047618347343, 2.291114443255392, 1.6725018300627066, 1.716539184482359, 1.4020523476129876, 0.21490680186124683, 0.13698587279483443, -0.16207157496698926]",2.547658037265719,1.716539184482359,"[1.92454545 1.92454545 1.92454545 1.92454545 1.92454545 0.86207424
 1.12341683 0.9468185  0.8559005  0.6654754 ]",1.9245454545454543,0.8620742360644783,5,20,19,8.235278129577637,1,1381.0,0.0,0.0,155,barabasi
known,static_conjecture,regular_156,21.701707518765623,"[1.7672820553743191, 2.1149797249760964, 2.997250624747401, 2.1531820922526244, 3.0865838684084115, 2.197589840041535, 1.9075947288238995, 0.772513167157104, 1.0505047580424103, 0.7330973084851553]",1.7672820553743191,2.197589840041535,"[3.14159265 3.14159265 3.14159265 3.14159265 3.14159265 0.86207424
 1.12341683 0.9468185  0.8559005  0.6654754 ]",3.141592653589793,0.8620742360644783,5,18,27,7.885550498962402,1,1484.0,0.0,0.0,156,regular
known,static_conjecture,barabasi_157,5.476392439062693,"[2.8445865514165787, 2.333998570090474, 1.563592092587649, 1.4994756989672307, 2.1338381363733228, 0.2760082965889316, 3.1382113525793587, 2.887696294601106, 1.6717909203655181, 1.370780449482151]",2.8445865514165787,0.2760082965889316,"[2.17599942 2.17599942 2.17599942 2.17599942 2.17599942 0.86207424
 1.12341683 0.9468185  0.8559005  0.6654754 ]",2.1759994235088223,0.8620742360644783,5,7,6,3.0643253326416016,1,2003.0,0.0,0.0,157,barabasi
known,static_conjecture,watts_158,7.835511627665255,"[1.7109267702581323, 2.7415214881828027, 1.7035059481746004, 1.858307115421339, 1.7571556863158582, 1.2416611482961906, 1.868161083548526, 1.1588306243919613, 2.5334002225138255, 1.2313264646793205]",1.7109267702581323,1.2416611482961906,"[1.63924033 1.63924033 1.63924033 1.63924033 1.63924033 0.86207424
 1.12341683 0.9468185  0.8559005  0.6654754 ]",1.6392403283850654,0.8620742360644783,5,6,12,4.04602575302124,1,1308.0,0.0,0.0,158,watts
known,static_conjecture,regular_159,18.853667315781905,"[1.2396748374451214, 2.271381095324362, 3.0229821262289063, 2.26693411978749, 3.135804088672918, 1.4758868235652893, 2.1570032174547658, 0.5903583391400631, 0.5988057176185052, 1.1908980709942556]",1.2396748374451214,1.4758868235652893,"[3.14159265 3.14159265 3.14159265 3.14159265 3.14159265 0.86207424
 1.12341683 0.9468185  0.8559005  0.6654754 ]",3.141592653589793,0.8620742360644783,5,16,24,8.890288591384888,1,1445.0,0.0,0.0,159,regular
known,static_conjecture,barabasi_160,26.181540085031816,"[2.9782847990081125, 2.796673938670123, 1.648321386847385, 1.7067078846512258, 1.5660822937106722, 0.4717340069422499, 2.6501397187009736, 2.3954694208914007, 2.3880115792023036, 0.7395205038957051]",2.9782847990081125,0.4717340069422499,"[1.69445437 1.69445437 1.69445437 1.69445437 1.69445437 0.86207424
 1.12341683 0.9468185  0.8559005  0.6654754 ]",1.6944543650793653,0.8620742360644783,5,20,36,9.691361904144287,1,853.0,0.0,0.0,160,barabasi
known,static_conjecture,barabasi_161,4.7965827540771215,"[2.803926648437539, 2.8245081182526053, 2.788964481310704, 2.3584610275982705, 2.340816501601159, 0.6823975782008576, 3.1358547704333852, 2.17381417405823, 2.0741561059461784, 1.8372298867463974]",2.803926648437539,0.6823975782008576,"[2.28139837 2.28139837 2.28139837 2.28139837 2.28139837 0.86207424
 1.12341683 0.9468185  0.8559005  0.6654754 ]",2.281398371365477,0.8620742360644783,5,6,5,1.318469524383545,1,1196.0,0.0,0.0,161,barabasi
known,static_conjecture,watts_162,25.728237242774366,"[2.9365551195735025, 1.7721917674865133, 1.771233945413469, 1.4611250781595735, 2.0610189057058914, -0.0384146266164218, 2.3045150118877182, 2.6937927927311676, 3.141450585844896, 1.3305102437994685]",2.9365551195735025,-0.0384146266164218,"[1.78522594 1.78522594 1.78522594 1.78522594 1.78522594 0.86207424
 1.12341683 0.9468185  0.8559005  0.6654754 ]",1.7852259415015195,0.8620742360644783,5,19,38,5.815117597579956,1,909.0,0.0,0.0,162,watts
known,static_conjecture,gnm_163,88.16734116854506,"[2.361831926941663, 2.540370517521074, 2.426649713042123, 2.877380098268648, 2.465853345384747, 0.7851846340539043, 3.140388026921422, 3.137090595796951, 2.3565948896300775, 1.259845674971643]",2.361831926941663,0.7851846340539043,"[2.59882144 2.59882144 2.59882144 2.59882144 2.59882144 0.86207424
 1.12341683 0.9468185  0.8559005  0.6654754 ]",2.598821435080544,0.8620742360644783,5,20,169,40.363689661026,1,918.0,0.0,0.0,163,gnm
known,static_conjecture,regular_164,14.977670463935423,"[1.7388403384070146, 1.8643647894642954, 2.053923951807037, 1.4571841762066837, 1.5267871997453475, 1.0220658535058555, 1.1075313920090732, 0.2497573957101, 0.6087010232834285, 0.41639631720818765]",1.7388403384070146,1.0220658535058555,"[1.         1.         1.         1.         1.         0.86207424
 1.12341683 0.9468185  0.8559005  0.6654754 ]",1.0,0.8620742360644783,5,10,20,4.902883768081665,1,1267.0,0.0,0.0,164,regular
known,static_conjecture,watts_165,9.874185899119766,"[2.26877263273376, 1.9758459733006744, 2.147868595143998, 2.141073576022049, 0.4460130042175361, 1.4914005227554767, 2.5384819237775296, 0.9194025907818619, 1.9311831506758983, 1.8172801089389834]",2.26877263273376,1.4914005227554767,"[1.76771255 1.76771255 1.76771255 1.76771255 1.76771255 0.86207424
 1.12341683 0.9468185  0.8559005  0.6654754 ]",1.7677125506072873,0.8620742360644783,5,7,14,6.3704071044921875,1,2120.0,0.0,0.0,165,watts
known,static_conjecture,gnm_166,5.397015289054252,"[1.8442585286612552, 1.9608371421565671, 2.904292317752479, 1.4024624383131528, 2.2844693987032763, 0.9663486579048248, 3.1154063231129165, 2.7871760684054996, 2.742014439198466, 1.39738618466177]",1.8442585286612552,0.9663486579048248,"[1.85651061 1.85651061 1.85651061 1.85651061 1.85651061 0.86207424
 1.12341683 0.9468185  0.8559005  0.6654754 ]",1.8565106125091821,0.8620742360644783,5,6,7,0.914027214050293,1,636.0,0.0,0.0,166,gnm
known,static_conjecture,regular_167,11.567061821459447,"[1.4129318543672456, 1.1798576613207779, 0.5278079603799928, 1.9358909577780694, 1.515587044594625, 2.157992351390906, 1.7015552386653339, 1.2639108347252974, 0.9627988056561019, 0.41460622169830885]",1.4129318543672456,2.157992351390906,"[1.33696172 1.33696172 1.33696172 1.33696172 1.33696172 0.86207424
 1.12341683 0.9468185  0.8559005  0.6654754 ]",1.3369617224880386,0.8620742360644783,5,8,16,5.507720947265625,1,2275.0,0.0,0.0,167,regular
known,static_conjecture,gnm_168,15.024004831089997,"[3.0110354731790396, 1.6193812080580483, 1.7331687106092746, 1.8398133369373264, 3.0052020561935526, 2.0260777771691174, 2.274318151962422, 1.3844679450187416, 1.3115928433081132, 0.5812267451602633]",3.0110354731790396,2.0260777771691174,"[1.85651061 1.85651061 1.85651061 1.85651061 1.85651061 0.86207424
 1.12341683 0.9468185  0.8559005  0.6654754 ]",1.8565106125091821,0.8620742360644783,5,8,26,7.716008424758911,1,1620.0,0.0,0.0,168,gnm
known,static_conjecture,gnm_169,4.763913109418354,"[2.8045428714882386, 2.642717595925544, 2.1579189207842617, 1.9735791972994658, 1.5770722243696054, 2.448983980013565, 1.7036928491278367, 1.011789876701343, 1.1601378251157806, 0.4935932680632596]",2.8045428714882386,2.448983980013565,"[1.78879438 1.78879438 1.78879438 1.78879438 1.78879438 0.86207424
 1.12341683 0.9468185  0.8559005  0.6654754 ]",1.7887943808101723,0.8620742360644783,5,6,5,3.9208455085754395,1,1623.0,0.0,0.0,169,gnm
known,static_conjecture,regular_170,22.90173893085405,"[2.8769990118046436, 1.7273164244806634, 2.04098966955207, 2.1898558176051983, 2.045869192830999, 1.0786392139251073, 2.755528751920489, 0.014162353972586127, 1.8054484899735477, -0.20072804648388087]",2.8769990118046436,1.0786392139251073,"[1.97142857 1.97142857 1.97142857 1.97142857 1.97142857 0.86207424
 1.12341683 0.9468185  0.8559005  0.6654754 ]",1.971428571428571,0.8620742360644783,5,15,30,14.630991220474243,1,1665.0,0.0,0.0,170,regular
known,static_conjecture,barabasi_171,7.165348669221913,"[2.5349250315339678, 0.7840823669043091, 2.4668518020750207, 2.128082462996889, 2.223428069808999, 1.6923011512213182, 2.8157203570768705, 1.7893224938876797, 1.5118042818960726, 1.271479691213561]",2.5349250315339678,1.6923011512213182,"[2.18690907 2.18690907 2.18690907 2.18690907 2.18690907 0.86207424
 1.12341683 0.9468185  0.8559005  0.6654754 ]",2.1869090704617022,0.8620742360644783,5,9,8,1.1560547351837158,1,1608.0,0.0,0.0,171,barabasi
known,static_conjecture,gnm_172,14.719904823163688,"[2.9495808509284918, 1.7329358566683943, 3.115590044280987, 1.5922684112327739, 2.0859080558235554, 2.0839436002778715, 2.8035836476880727, 1.2603341383415434, 1.2069551704462687, 1.2113078351434923]",2.9495808509284918,2.0839436002778715,"[1.96365347 1.96365347 1.96365347 1.96365347 1.96365347 0.86207424
 1.12341683 0.9468185  0.8559005  0.6654754 ]",1.9636534696520394,0.8620742360644783,5,9,26,6.641716241836548,1,1457.0,0.0,0.0,172,gnm
known,static_conjecture,regular_173,17.522573576391434,"[3.139997217924445, 1.9972326498538329, 2.764430034448694, 3.0983683292429944, 2.5701924147923574, 0.7072788981469594, 2.149004230398128, 1.7553284768770376, 1.8001490480516744, 1.1440835492314005]",3.139997217924445,0.7072788981469594,"[3.14159265 3.14159265 3.14159265 3.14159265 3.14159265 0.86207424
 1.12341683 0.9468185  0.8559005  0.6654754 ]",3.141592653589793,0.8620742360644783,5,20,20,4.698605060577393,1,866.0,0.0,0.0,173,regular
known,static_conjecture,watts_174,24.345292773584912,"[2.8641648055243953, 2.638947373199704, 1.0320914051070595, 1.732980881100882, 1.8174305534464068, 1.7091998625630467, 3.1376885971802095, 1.233489815211429, 1.5571748798294145, 1.3552544604763714]",2.8641648055243953,1.7091998625630467,"[1.90637433 1.90637433 1.90637433 1.90637433 1.90637433 0.86207424
 1.12341683 0.9468185  0.8559005  0.6654754 ]",1.9063743290395654,0.8620742360644783,5,18,36,16.05716347694397,1,2398.0,0.0,0.0,174,watts
known,static_conjecture,gnm_175,11.165998609858281,"[1.4016982796730737, 3.115590809421096, 3.1290042405595138, 3.1415528125442376, 2.0774368868694406, 1.4742887711566017, 3.134835135270074, 2.6435810306636203, 2.084346717091166, 1.20861113326222]",1.4016982796730737,1.4742887711566017,"[1.69363339 1.69363339 1.69363339 1.69363339 1.69363339 0.86207424
 1.12341683 0.9468185  0.8559005  0.6654754 ]",1.6936333897106601,0.8620742360644783,5,12,17,2.1664562225341797,1,573.0,0.0,0.0,175,gnm
known,static_conjecture,watts_176,20.993314016303213,"[1.7479030284606552, 2.7277477310705915, 1.5082518103576241, 2.591810210313851, 1.5716053588626029, 1.2528758440531613, 2.134476287920527, 1.1691776826834808, 2.2633037104449554, 0.8655259907081745]",1.7479030284606552,1.2528758440531613,"[1.58500087 1.58500087 1.58500087 1.58500087 1.58500087 0.86207424
 1.12341683 0.9468185  0.8559005  0.6654754 ]",1.585000872249442,0.8620742360644783,5,16,32,3.758894443511963,1,823.0,0.0,0.0,176,watts
known,static_conjecture,regular_177,11.342083144769276,"[1.808596885630118, 1.693371958505916, -0.2949485930041294, 1.5105135324866044, 1.791314874503094, 1.158741033396097, 2.226792831613283, 0.9081888892248964, 1.9979920025302031, 0.9984755983610134]",1.808596885630118,1.158741033396097,"[1.33696172 1.33696172 1.33696172 1.33696172 1.33696172 0.86207424
 1.12341683 0.9468185  0.8559005  0.6654754 ]",1.3369617224880386,0.8620742360644783,5,8,16,8.758376359939575,1,1495.0,0.0,0.0,177,regular
known,static_conjecture,gnm_178,8.950014464849119,"[2.8257065868816467, 1.928032075087704, 1.8361680832156635, 2.2586716623385588, 1.3294805593424552, 1.719791367896353, 3.0349467781260726, 1.205106929810351, 1.624406433824956, 1.319011227608606]",2.8257065868816467,1.719791367896353,"[1.85651061 1.85651061 1.85651061 1.85651061 1.85651061 0.86207424
 1.12341683 0.9468185  0.8559005  0.6654754 ]",1.8565106125091821,0.8620742360644783,5,8,12,3.561058282852173,1,1141.0,0.0,0.0,178,gnm
known,static_conjecture,watts_179,23.404925740257436,"[2.9872339974831323, 2.8336167627739837, 2.8121201256244674, 2.746689834232681, 0.8144512695432282, 0.5478500382760738, 1.9942607239498642, 1.855298981980512, 1.7354824034903127, -0.06400578438860847]",2.9872339974831323,0.5478500382760738,"[1.79593837 1.79593837 1.79593837 1.79593837 1.79593837 0.86207424
 1.12341683 0.9468185  0.8559005  0.6654754 ]",1.795938372249442,0.8620742360644783,5,16,32,14.203227043151855,1,1815.0,0.0,0.0,179,watts
known,static_conjecture,gnm_180,7.596279976831283,"[2.5628749398261625, 2.14799676892719, 0.6135053583449903, 2.0237867645872853, 1.9464582637122112, 1.2985614600838498, 2.6022758502963255, 1.1257898570559273, 1.297936129281477, 1.24388242157054]",2.5628749398261625,1.2985614600838498,"[1.85651061 1.85651061 1.85651061 1.85651061 1.85651061 0.86207424
 1.12341683 0.9468185  0.8559005  0.6654754 ]",1.8565106125091821,0.8620742360644783,5,6,11,0.8236677646636963,1,1427.0,0.0,0.0,180,gnm
known,static_conjecture,gnm_181,8.42722980036342,"[1.415874292587472, 2.907635342982048, 2.8535162663543843, 1.6579709421096, 2.0675887347961948, 1.1329067195392328, 2.536475458149638, 1.6898190320857536, 1.9763150567855283, 0.45962100514928117]",1.415874292587472,1.1329067195392328,"[1.85651061 1.85651061 1.85651061 1.85651061 1.85651061 0.86207424
 1.12341683 0.9468185  0.8559005  0.6654754 ]",1.8565106125091821,0.8620742360644783,5,6,13,5.036567211151123,1,1503.0,0.0,0.0,181,gnm
known,static_conjecture,barabasi_182,13.335263109554987,"[2.896970645143912, 1.818901056162985, 2.2155790422756767, 2.3359389013458918, 2.388737759095952, 1.1964624592673623, 2.8720036446408983, 2.6071744586171253, 1.5767213207868869, 0.5302566093740106]",2.896970645143912,1.1964624592673623,"[2.20342262 2.20342262 2.20342262 2.20342262 2.20342262 0.86207424
 1.12341683 0.9468185  0.8559005  0.6654754 ]",2.203422619047619,0.8620742360644783,5,16,15,5.1353302001953125,1,1062.0,0.0,0.0,182,barabasi
known,static_conjecture,regular_183,6.0000109548645675,"[2.4452439373599013, 1.4141306466689891, 3.1099215975362053, 1.7756478031116636, 1.8784631481241219, 0.9592823524768553, 1.9496252073211062, 1.556634767189697, 1.4635167229513812, 0.7277402326288659]",2.4452439373599013,0.9592823524768553,"[1.56614833 1.56614833 1.56614833 1.56614833 1.56614833 0.86207424
 1.12341683 0.9468185  0.8559005  0.6654754 ]",1.5661483253588515,0.8620742360644783,5,7,7,3.550825834274292,1,934.0,0.0,0.0,183,regular
known,static_conjecture,watts_184,16.39790990192354,"[1.1143396641701773, 1.3885871944911388, 1.640107696600466, 1.8109217870912424, 1.3975744447234146, 1.8519545413681735, 1.2795428683823384, 1.2397916178549424, 0.644434046954689, 0.12842107278525822]",1.1143396641701773,1.8519545413681735,"[1.57079633 1.57079633 1.57079633 1.57079633 1.57079633 0.86207424
 1.12341683 0.9468185  0.8559005  0.6654754 ]",1.5707963267948966,0.8620742360644783,5,20,20,9.306593894958496,1,1472.0,0.0,0.0,184,watts
known,static_conjecture,gnm_185,16.756325509753292,"[1.4341273404503896, 1.3750233050302163, 3.1415607381367407, 1.7927322251175837, 1.9236676762014129, 0.9402960765226118, 2.487820702062146, 2.5132980490223877, 1.8652612888679787, 1.3751524069828047]",1.4341273404503896,0.9402960765226118,"[1.7514859  1.7514859  1.7514859  1.7514859  1.7514859  0.86207424
 1.12341683 0.9468185  0.8559005  0.6654754 ]",1.751485896332217,0.8620742360644783,5,12,24,5.380738973617554,1,1103.0,0.0,0.0,185,gnm
known,static_conjecture,barabasi_186,11.548334911769588,"[1.7671980362993223, 1.0972626662133527, 2.459714748977749, 1.5614915110727732, 1.643809633703501, 1.3053485923102748, 1.940171380353195, 1.1596358321735671, 1.3488514933920541, 0.6602013952945116]",1.7671980362993223,1.3053485923102748,"[1.55929705 1.55929705 1.55929705 1.55929705 1.55929705 0.86207424
 1.12341683 0.9468185  0.8559005  0.6654754 ]",1.559297052154195,0.8620742360644783,5,14,13,0.8780651092529297,1,892.0,0.0,0.0,186,barabasi
known,static_conjecture,watts_187,11.114429228185125,"[1.5384062422961229, 2.609856506034766, 2.658726842657668, 2.946092336569828, 2.1776708878689215, 1.264564453575252, 1.6250352285922354, 1.9258129567703164, 0.8995270035664602, 0.08866015091478974]",1.5384062422961229,1.264564453575252,"[1.54166667 1.54166667 1.54166667 1.54166667 1.54166667 0.86207424
 1.12341683 0.9468185  0.8559005  0.6654754 ]",1.541666666666667,0.8620742360644783,5,14,14,8.576679229736328,1,1615.0,0.0,0.0,187,watts
known,static_conjecture,gnm_188,10.54829794642319,"[2.707157192342731, 1.9983111705473637, 1.92605127698826, 1.8077344065307919, 1.2157209016665993, 1.5576892468221217, 2.3555199938756903, 1.9365450827772337, 1.517141130431142, 0.8550251385565956]",2.707157192342731,1.5576892468221217,"[1.85651061 1.85651061 1.85651061 1.85651061 1.85651061 0.86207424
 1.12341683 0.9468185  0.8559005  0.6654754 ]",1.8565106125091821,0.8620742360644783,5,8,16,2.5995125770568848,1,682.0,0.0,0.0,188,gnm
known,static_conjecture,barabasi_189,26.966691939640835,"[3.011787142773519, 2.8175862769267415, 1.643892132606649, 1.5655103223413165, 1.5690532748779669, 0.4823735776955709, 2.6921615994468304, 0.7601500718394409, 2.3528789236283245, 0.791403399720776]",3.011787142773519,0.4823735776955709,"[1.75400095 1.75400095 1.75400095 1.75400095 1.75400095 0.86207424
 1.12341683 0.9468185  0.8559005  0.6654754 ]",1.7540009469696967,0.8620742360644783,5,16,39,14.200901508331299,1,1436.0,0.0,0.0,189,barabasi
known,static_conjecture,gnm_190,11.883098912774585,"[2.734434643118648, 1.4811068436110055, 1.8160143543715894, 2.594322008777093, 1.7365249139222998, 0.9448597389890923, 1.863538280820948, 1.2506534287762885, 1.0473570438485025, 0.9876207897048931]",2.734434643118648,0.9448597389890923,"[1.82079633 1.82079633 1.82079633 1.82079633 1.82079633 0.86207424
 1.12341683 0.9468185  0.8559005  0.6654754 ]",1.8207963267948966,0.8620742360644783,5,7,20,3.2829694747924805,1,1524.0,0.0,0.0,190,gnm
known,static_conjecture,barabasi_191,16.533684951658543,"[2.8806411956110045, 2.689751098149633, 1.1107342562321036, 1.5211947294599526, 1.5993111036833647, 2.054658615184356, 1.858732220002279, 2.1385402494629595, 1.7617230588363628, 0.9511622348157959]",2.8806411956110045,2.054658615184356,"[1.92364268 1.92364268 1.92364268 1.92364268 1.92364268 0.86207424
 1.12341683 0.9468185  0.8559005  0.6654754 ]",1.9236426767676766,0.8620742360644783,5,20,19,13.839088201522827,1,2082.0,0.0,0.0,191,barabasi
known,static_conjecture,barabasi_192,18.75757771491036,"[2.980165989441161, 2.834177173930817, 1.6064652395370853, 1.6705326167771033, 1.6088208804783775, 0.47367471198164324, 2.4356739833103704, 0.4356487649308619, 2.608323927080069, 1.1810230083452185]",2.980165989441161,0.47367471198164324,"[1.65879691 1.65879691 1.65879691 1.65879691 1.65879691 0.86207424
 1.12341683 0.9468185  0.8559005  0.6654754 ]",1.6587969099703994,0.8620742360644783,5,15,26,7.281318664550781,1,1366.0,0.0,0.0,192,barabasi
known,static_conjecture,watts_193,15.684781991781774,"[1.4946401312949478, 2.9072471144083702, 0.8248446104258707, 3.036685976626567, 1.488675128947631, 1.8201083172827581, 1.700008716390826, 0.02623053742923344, 1.746783701168135, 1.1855101451006012]",1.4946401312949478,1.8201083172827581,"[1.54166667 1.54166667 1.54166667 1.54166667 1.54166667 0.86207424
 1.12341683 0.9468185  0.8559005  0.6654754 ]",1.541666666666667,0.8620742360644783,5,12,24,5.977993726730347,1,1159.0,0.0,0.0,193,watts
known,static_conjecture,gnm_194,77.4205508055903,"[3.0566859609619685, 2.611672490570047, 2.619740648002468, 2.4262841781472337, 2.3199807017056835, 0.16310828557863527, 3.141518433061156, 3.1411402321018973, 3.1027851786999427, 1.5018881915079718]",3.0566859609619685,0.16310828557863527,"[2.68489217 2.68489217 2.68489217 2.68489217 2.68489217 0.86207424
 1.12341683 0.9468185  0.8559005  0.6654754 ]",2.684892171918109,0.8620742360644783,5,18,146,22.50951313972473,1,743.0,0.0,0.0,194,gnm
known,static_conjecture,barabasi_195,18.303261676678115,"[2.9739799996876837, 2.768780428299027, 1.6430309638689264, 1.7082719805448214, 1.5643900095545669, 0.45118849954496587, 2.6297319912145865, 0.8258289764425404, 2.390955373236809, 0.7285927260614485]",2.9739799996876837,0.45118849954496587,"[1.65310707 1.65310707 1.65310707 1.65310707 1.65310707 0.86207424
 1.12341683 0.9468185  0.8559005  0.6654754 ]",1.6531070692604528,0.8620742360644783,5,15,26,5.163222074508667,1,799.0,0.0,0.0,195,barabasi
known,static_conjecture,barabasi_196,8.428846908478086,"[2.924671721256287, 2.8667683416168313, 2.995413935124659, 2.70119221992386, 2.721941460002488, 2.0562568889393003, 1.6236680258268432, 1.8542480209812324, 1.8044031716705766, 0.17352070586904056]",2.924671721256287,2.0562568889393003,"[2.21419442 2.21419442 2.21419442 2.21419442 2.21419442 0.86207424
 1.12341683 0.9468185  0.8559005  0.6654754 ]",2.2141944239970557,0.8620742360644783,5,10,9,3.95064115524292,1,1231.0,0.0,0.0,196,barabasi
known,static_conjecture,gnm_197,16.70902861319147,"[1.3271898820041677, 3.114418155279658, 1.5896773524707837, 3.0790676994690593, 1.570125479813879, 0.6920009224182297, 3.141419563987153, 1.3424450957560063, 2.1618654568312308, 0.8921309848939258]",1.3271898820041677,0.6920009224182297,"[1.51046772 1.51046772 1.51046772 1.51046772 1.51046772 0.86207424
 1.12341683 0.9468185  0.8559005  0.6654754 ]",1.510467723796671,0.8620742360644783,5,13,26,1.6521778106689453,1,616.0,0.0,0.0,197,gnm
known,static_conjecture,barabasi_198,15.789375851926465,"[1.8325619980784622, 2.577564695567891, 1.6325253696673463, 3.1413142360091815, 1.2548187492538294, 1.377520290201541, 3.034313880844153, 0.38144502319205137, 3.110247291934964, 0.1611130999734931]",1.8325619980784622,1.377520290201541,"[1.54557823 1.54557823 1.54557823 1.54557823 1.54557823 0.86207424
 1.12341683 0.9468185  0.8559005  0.6654754 ]",1.545578231292517,0.8620742360644783,5,14,24,10.856740474700928,1,1816.0,0.0,0.0,198,barabasi
known,static_conjecture,watts_199,22.17446378102286,"[1.894624077604167, 2.8239852754671846, 1.381970254835144, 2.7911024169266274, 0.5036590089271025, 1.5558170131060545, 2.9527846280515724, 2.136987774860832, 1.7761712903736089, 1.39421379830147]",1.894624077604167,1.5558170131060545,"[1.58500087 1.58500087 1.58500087 1.58500087 1.58500087 0.86207424
 1.12341683 0.9468185  0.8559005  0.6654754 ]",1.585000872249442,0.8620742360644783,5,16,32,5.146656513214111,1,659.0,0.0,0.0,199,watts
known,static_conjecture,gnm_200,21.08347228190098,"[1.7179728414598805, 2.6817966221648026, 2.5208173163208736, 2.288080719339785, 1.7108258589443945, 1.299584085034888, 1.4426120575672878, 1.5657203765557157, 1.844393137050567, -0.1186305748877408]",1.7179728414598805,1.299584085034888,"[2.1422249  2.1422249  2.1422249  2.1422249  2.1422249  0.86207424
 1.12341683 0.9468185  0.8559005  0.6654754 ]",2.1422248982234677,0.8620742360644783,5,10,37,11.532981395721436,1,1543.0,0.0,0.0,200,gnm
known,static_conjecture,gnm_201,28.950406977161006,"[2.93922158581893, 1.6741154061529722, 1.5186466186617478, 2.809479920791275, 1.1127206107285363, 1.2323782939343342, 1.5579558963900575, 2.3736793556685756, 1.7999759758419156, -0.019556298246361938]",2.93922158581893,1.2323782939343342,"[2.05594061 2.05594061 2.05594061 2.05594061 2.05594061 0.86207424
 1.12341683 0.9468185  0.8559005  0.6654754 ]",2.0559406060086687,0.8620742360644783,5,14,46,13.010822057723999,1,1373.0,0.0,0.0,201,gnm
known,static_conjecture,watts_202,12.98850350166493,"[1.669900347700908, 1.882062886784441, 0.5128982488319678, 2.553674543276689, 1.117245573088287, 0.8972818246565677, 2.366054432480047, 1.3960748940953147, 1.9292891740987494, 0.15977603597965845]",1.669900347700908,0.8972818246565677,"[1.54166667 1.54166667 1.54166667 1.54166667 1.54166667 0.86207424
 1.12341683 0.9468185  0.8559005  0.6654754 ]",1.541666666666667,0.8620742360644783,5,15,15,7.387827157974243,1,1665.0,0.0,0.0,202,watts
known,static_conjecture,watts_203,21.605088309726753,"[1.7114245399797725, 0.7652472340506135, 0.9433259126592417, 1.5067968015662423, 3.1414770137187142, 0.2680059545279236, 3.1410174235071615, 2.7842216019905526, 1.9500223443085793, 1.0113837561222432]",1.7114245399797725,0.2680059545279236,"[1.57079633 1.57079633 1.57079633 1.57079633 1.57079633 0.86207424
 1.12341683 0.9468185  0.8559005  0.6654754 ]",1.5707963267948966,0.8620742360644783,5,17,34,9.620346069335938,1,1141.0,0.0,0.0,203,watts
known,static_conjecture,watts_204,16.7965800749194,"[1.4405746358681144, 2.9695682418378566, 1.5450104932285587, 2.6877214788153934, 1.5522995630651408, 0.3254350895934728, 2.168646349118787, 1.1367674745585354, 2.41220785018521, 0.7631956199744593]",1.4405746358681144,0.3254350895934728,"[1.54166667 1.54166667 1.54166667 1.54166667 1.54166667 0.86207424
 1.12341683 0.9468185  0.8559005  0.6654754 ]",1.541666666666667,0.8620742360644783,5,13,26,3.558049440383911,1,950.0,0.0,0.0,204,watts
known,static_conjecture,watts_205,14.20121699912449,"[1.434117845879312, 1.4384353992979961, 1.6959792863491079, 2.725139249316591, 1.493635451156806, 1.1629713556747423, 2.0331725174663484, 1.7547125467503188, 1.579747024986451, 0.27450875850526163]",1.434117845879312,1.1629713556747423,"[1.49076923 1.49076923 1.49076923 1.49076923 1.49076923 0.86207424
 1.12341683 0.9468185  0.8559005  0.6654754 ]",1.4907692307692306,0.8620742360644783,5,10,20,6.382205486297607,1,1225.0,0.0,0.0,205,watts
known,static_conjecture,regular_206,15.69637452966117,"[3.1248943942577654, 2.0167305630986423, 3.1215954582955163, 2.762013641378568, 0.9616301164661389, 1.3263303908135802, 2.6023144450933584, 1.1023416038423512, 1.988410014481054, 1.1496672378165127]",3.1248943942577654,1.3263303908135802,"[3.14159265 3.14159265 3.14159265 3.14159265 3.14159265 0.86207424
 1.12341683 0.9468185  0.8559005  0.6654754 ]",3.141592653589793,0.8620742360644783,5,18,18,3.9770922660827637,1,950.0,0.0,0.0,206,regular
known,static_conjecture,watts_207,8.606409069630878,"[1.8817933803205409, 1.873622019775762, 1.8286141104300038, 1.5876681535821133, 2.599397665286303, 1.5081509585813029, 2.201654928170945, 1.5886104935922707, 1.314788034178998, 0.7700735203135368]",1.8817933803205409,1.5081509585813029,"[1.46995192 1.46995192 1.46995192 1.46995192 1.46995192 0.86207424
 1.12341683 0.9468185  0.8559005  0.6654754 ]",1.4699519230769231,0.8620742360644783,5,10,10,3.029055595397949,1,1537.0,0.0,0.0,207,watts
known,static_conjecture,gnm_208,18.97869263806888,"[2.1728825210036273, 2.564239647044542, 1.850385773810451, 2.186121516350386, 2.0628872717950597, 1.6058091220451736, 1.6519747960963722, 1.6922277235371586, 1.5954996262621162, 0.6564952903538719]",2.1728825210036273,1.6058091220451736,"[2.1422249  2.1422249  2.1422249  2.1422249  2.1422249  0.86207424
 1.12341683 0.9468185  0.8559005  0.6654754 ]",2.1422248982234677,0.8620742360644783,5,10,35,5.403687953948975,1,820.0,0.0,0.0,208,gnm
known,static_conjecture,barabasi_209,4.972987311448378,"[3.041696847617229, 2.315218524043181, 2.7503424583681007, 2.268826528207293, 2.4488849398141745, 0.36361963486851756, 1.9411420547977025, 1.709720993768272, 1.3049046784309228, -0.018863480455077738]",3.041696847617229,0.36361963486851756,"[2.19780229 2.19780229 2.19780229 2.19780229 2.19780229 0.86207424
 1.12341683 0.9468185  0.8559005  0.6654754 ]",2.197802286579731,0.8620742360644783,5,6,5,2.780033588409424,1,1318.0,0.0,0.0,209,barabasi
known,static_conjecture,regular_210,19.69684985743493,"[1.7490185862619947, 2.0071047303882095, 3.02045733763211, 1.9764627221401256, 3.0121851956265306, 2.1884746754257636, 2.0560108677010547, 0.5702930602307921, 0.4480169527436051, 1.2694942385420376]",1.7490185862619947,2.1884746754257636,"[3.14159265 3.14159265 3.14159265 3.14159265 3.14159265 0.86207424
 1.12341683 0.9468185  0.8559005  0.6654754 ]",3.141592653589793,0.8620742360644783,5,16,24,13.112167596817017,1,2338.0,0.0,0.0,210,regular
known,static_conjecture,gnm_211,24.260852998202974,"[3.1414401629205173, 2.703486740492023, 2.32833815680477, 2.2013441096008597, 2.412785350996307, 1.3508185453948134, 3.1415807428127174, 1.6370774259397305, 1.5686044429024202, 1.2300426507543332]",3.1414401629205173,1.3508185453948134,"[2.25864822 2.25864822 2.25864822 2.25864822 2.25864822 0.86207424
 1.12341683 0.9468185  0.8559005  0.6654754 ]",2.258648220872179,0.8620742360644783,5,16,40,6.678969144821167,1,691.0,0.0,0.0,211,gnm
known,static_conjecture,gnm_212,38.4630051730428,"[2.2103914227599226, 2.095296467703992, 2.9735199992953385, 2.305953800264229, 2.1134762608143935, 1.5714869237950317, 1.59142909722735, 1.562755231485271, 1.292310420027559, 1.5719656663905293]",2.2103914227599226,1.5714869237950317,"[2.27060354 2.27060354 2.27060354 2.27060354 2.27060354 0.86207424
 1.12341683 0.9468185  0.8559005  0.6654754 ]",2.27060353911695,0.8620742360644783,5,16,68,10.897452116012573,1,650.0,0.0,0.0,212,gnm
known,static_conjecture,regular_213,11.665697697174863,"[2.750562975298261, 2.024049650997639, 1.9075592033733058, 2.56561298647513, 1.6498847391846931, -1.0919094933780709, 2.4913803016072915, 1.280450258420394, 1.2821962267762164, 0.9630045575804639]",2.750562975298261,-1.0919094933780709,"[1.53632918 1.53632918 1.53632918 1.53632918 1.53632918 0.86207424
 1.12341683 0.9468185  0.8559005  0.6654754 ]",1.5363291750727188,0.8620742360644783,5,13,13,4.256443023681641,1,1030.0,0.0,0.0,213,regular
known,static_conjecture,regular_214,16.26968350846716,"[2.804100005643134, 1.7561094406735727, 2.48437397514172, 2.4125515224510483, 1.4674547645825249, 1.1885153861276345, 2.0890760186497244, 1.4100032126059714, 1.996568598311795, 2.2309982921901663]",2.804100005643134,1.1885153861276345,"[2.09196429 2.09196429 2.09196429 2.09196429 2.09196429 0.86207424
 1.12341683 0.9468185  0.8559005  0.6654754 ]",2.091964285714286,0.8620742360644783,5,12,18,8.367646217346191,1,2133.0,0.0,0.0,214,regular
known,static_conjecture,watts_215,13.398460789710228,"[2.989068560703254, 1.665076506793862, 2.722644763653631, 1.477717006298031, 1.7944347402297083, 1.050046079371237, 2.4661910365345125, 2.204418195080363, 1.9476852974353447, 0.8346342136103431]",2.989068560703254,1.050046079371237,"[1.57079633 1.57079633 1.57079633 1.57079633 1.57079633 0.86207424
 1.12341683 0.9468185  0.8559005  0.6654754 ]",1.5707963267948966,0.8620742360644783,5,17,17,4.102216720581055,1,831.0,0.0,0.0,215,watts
known,static_conjecture,watts_216,14.16185068644373,"[1.58130922204605, 1.9538725250147413, 1.4313852211920803, 1.9418223272918933, 2.8474207718230216, 0.9605205752070152, 2.490030483193017, 1.5940130178323741, 1.1927350760136304, 0.4695956844086182]",1.58130922204605,0.9605205752070152,"[1.57079633 1.57079633 1.57079633 1.57079633 1.57079633 0.86207424
 1.12341683 0.9468185  0.8559005  0.6654754 ]",1.5707963267948966,0.8620742360644783,5,17,17,5.018326759338379,1,998.0,0.0,0.0,216,watts
known,static_conjecture,regular_217,18.761785528598008,"[2.893946382741012, 2.208195210389519, 2.858912472659153, 1.727768926263038, 1.9505710795898124, 0.1304156121211284, 1.7129657546371158, 1.2094792833331418, 1.0757888252076389, -0.26172463741908975]",2.893946382741012,0.1304156121211284,"[1.97142857 1.97142857 1.97142857 1.97142857 1.97142857 0.86207424
 1.12341683 0.9468185  0.8559005  0.6654754 ]",1.971428571428571,0.8620742360644783,5,12,24,9.677830696105957,1,1652.0,0.0,0.0,217,regular
known,static_conjecture,watts_218,16.250829565710518,"[2.877621003582708, 3.1077949755007266, 0.7446884394414631, 3.0163110182801423, 3.0507020000258995, 1.677466757567865, 1.6870840791086352, 1.8743810752135293, 2.0390189567804313, 0.516171071177258]",2.877621003582708,1.677466757567865,"[1.57079633 1.57079633 1.57079633 1.57079633 1.57079633 0.86207424
 1.12341683 0.9468185  0.8559005  0.6654754 ]",1.5707963267948966,0.8620742360644783,5,20,20,6.968098402023315,1,1445.0,0.0,0.0,218,watts
known,static_conjecture,gnm_219,33.64101301050862,"[2.0101999339197554, 2.890021725527375, 2.359922678746309, 2.3078221655610776, 1.630580605000405, 1.6014843314945524, 1.9055901747803101, 1.5693305452661979, 1.2873677209973011, 1.1796673207909802]",2.0101999339197554,1.6014843314945524,"[2.15723118 2.15723118 2.15723118 2.15723118 2.15723118 0.86207424
 1.12341683 0.9468185  0.8559005  0.6654754 ]",2.15723118352111,0.8620742360644783,5,15,59,10.65813660621643,1,852.0,0.0,0.0,219,gnm
known,static_conjecture,barabasi_220,14.616395756097381,"[2.907540335117302, 2.491968756201668, 1.1761290393249344, 0.8051924395435264, 2.7688005278573335, 0.2705262009084566, 1.6268640411521078, 1.313457929459374, -0.12369564624931736, 1.4098666293535407]",2.907540335117302,0.2705262009084566,"[1.93069117 1.93069117 1.93069117 1.93069117 1.93069117 0.86207424
 1.12341683 0.9468185  0.8559005  0.6654754 ]",1.9306911709689487,0.8620742360644783,5,18,17,12.498765230178833,1,2558.0,0.0,0.0,220,barabasi
known,static_conjecture,barabasi_221,14.47246162913221,"[1.817558358547234, 2.6047378887145904, 1.5625881073734962, 2.412252590790162, 1.5799728411755343, 1.3375631519133886, 2.307670332340879, 1.0820809207863622, 2.48598906552083, 0.6876535097742075]",1.817558358547234,1.3375631519133886,"[1.61467571 1.61467571 1.61467571 1.61467571 1.61467571 0.86207424
 1.12341683 0.9468185  0.8559005  0.6654754 ]",1.614675709655467,0.8620742360644783,5,13,22,6.440301418304443,1,1679.0,0.0,0.0,221,barabasi
known,static_conjecture,gnm_222,11.575380714707066,"[2.8981734107963755, 3.1415866938155297, 1.1458281130405568, 3.1168475196568077, 2.596484026399601, 0.3331447596453574, 3.042682989613438, 3.1415516120701446, 3.0856744970802574, 1.3398153503641326]",2.8981734107963755,0.3331447596453574,"[2.1422249  2.1422249  2.1422249  2.1422249  2.1422249  0.86207424
 1.12341683 0.9468185  0.8559005  0.6654754 ]",2.1422248982234677,0.8620742360644783,5,10,17,7.321655750274658,1,1541.0,0.0,0.0,222,gnm
known,static_conjecture,gnm_223,66.81108943598879,"[2.287094610372984, 3.1354614552668343, 2.590160894361133, 3.081716525691589, 2.842672675407724, 0.8266158559059638, 2.323808899355717, 0.42747503889061256, 2.400609620852087, 1.740174019206432]",2.287094610372984,0.8266158559059638,"[2.38297744 2.38297744 2.38297744 2.38297744 2.38297744 0.86207424
 1.12341683 0.9468185  0.8559005  0.6654754 ]",2.3829774442561615,0.8620742360644783,5,20,127,37.45896077156067,1,1040.0,0.0,0.0,223,gnm
known,static_conjecture,barabasi_224,5.678387841136555,"[2.0841232042958193, 3.138383556349154, 2.7174399256708313, 2.0254682972900877, 2.9385324419973786, 1.5285145788031678, 1.5584675838276354, 2.1608585560015534, 1.9769565566079876, 0.7913222245084157]",2.0841232042958193,1.5285145788031678,"[2.28139837 2.28139837 2.28139837 2.28139837 2.28139837 0.86207424
 1.12341683 0.9468185  0.8559005  0.6654754 ]",2.281398371365477,0.8620742360644783,5,8,7,1.5500562191009521,1,856.0,0.0,0.0,224,barabasi
known,static_conjecture,barabasi_225,12.851808165089052,"[2.90454360825386, 2.47437536244541, 1.9321159286097385, 2.2965675979370195, 2.0935513202020557, 0.4386438016602432, 3.1347975917241344, 2.9189097804932036, 3.0095816691319413, 0.19854113589035172]",2.90454360825386,0.4386438016602432,"[1.93834438 1.93834438 1.93834438 1.93834438 1.93834438 0.86207424
 1.12341683 0.9468185  0.8559005  0.6654754 ]",1.9383443813131316,0.8620742360644783,5,16,15,4.329487562179565,1,1181.0,0.0,0.0,225,barabasi
known,static_conjecture,gnm_226,23.110690159575256,"[3.0085721319432968, 1.7135774024000163, 1.4545552530750216, 2.8055038465659408, 2.848046390098518, 2.412840383411217, 3.1414879727685854, 1.1469113856310527, 1.8271842840826622, 0.17990888656733178]",3.0085721319432968,2.412840383411217,"[2.1422249  2.1422249  2.1422249  2.1422249  2.1422249  0.86207424
 1.12341683 0.9468185  0.8559005  0.6654754 ]",2.1422248982234677,0.8620742360644783,5,10,39,11.044376850128174,1,1799.0,0.0,0.0,226,gnm
known,static_conjecture,watts_227,25.817344892738824,"[2.966484677074078, 2.8115848024177694, 0.4844882364162448, 2.118634307384151, 2.0667133022986195, 0.5675357700914261, 1.799164769355007, 1.4128310830329038, 1.62296531596051, -0.00935503478274629]",2.966484677074078,0.5675357700914261,"[1.57079633 1.57079633 1.57079633 1.57079633 1.57079633 0.86207424
 1.12341683 0.9468185  0.8559005  0.6654754 ]",1.5707963267948966,0.8620742360644783,5,18,36,11.861274242401123,1,1323.0,0.0,0.0,227,watts
known,static_conjecture,watts_228,4.916086440297022,"[0.3963704357087122, 2.42530520761016, 1.9162740637877533, 2.6151710164615567, 1.2381579166737147, 1.4713198174951267, 1.9609918301555527, 0.08729446414339251, 1.6243730036973218, 0.2238696281759421]",0.3963704357087122,1.4713198174951267,"[1.46995192 1.46995192 1.46995192 1.46995192 1.46995192 0.86207424
 1.12341683 0.9468185  0.8559005  0.6654754 ]",1.4699519230769231,0.8620742360644783,5,6,6,1.8018040657043457,1,1198.0,0.0,0.0,228,watts
known,static_conjecture,regular_229,15.37328368071277,"[2.8772978335775257, 1.6685526197940144, 2.012373858974498, 1.7979275604686844, 1.9725476455507907, 1.0873456919551496, 2.5798880206556314, 0.06052565433818581, 1.5618037482779448, 0.22548244512450752]",2.8772978335775257,1.0873456919551496,"[1.97142857 1.97142857 1.97142857 1.97142857 1.97142857 0.86207424
 1.12341683 0.9468185  0.8559005  0.6654754 ]",1.971428571428571,0.8620742360644783,5,11,22,6.728005409240723,1,1436.0,0.0,0.0,229,regular
known,static_conjecture,watts_230,16.835495675977665,"[1.5147062808399818, 3.0453397765094934, 1.414243134828009, 3.1415170153364507, 1.153213647012207, 1.303250922765726, 2.92370012744472, 2.694191282029374, 2.312133632236577, 1.397416061418054]",1.5147062808399818,1.303250922765726,"[1.54166667 1.54166667 1.54166667 1.54166667 1.54166667 0.86207424
 1.12341683 0.9468185  0.8559005  0.6654754 ]",1.541666666666667,0.8620742360644783,5,13,26,4.4850754737854,1,771.0,0.0,0.0,230,watts
known,static_conjecture,barabasi_231,14.62191344047873,"[1.6868523598163607, 2.7770288091716067, 1.4797293019719833, 2.63356801211538, 1.5802909967754963, 0.2955951044081879, 2.450768068971919, 1.156313092089397, 2.3297534772246835, 0.7721611439216332]",1.6868523598163607,0.2955951044081879,"[1.58583284 1.58583284 1.58583284 1.58583284 1.58583284 0.86207424
 1.12341683 0.9468185  0.8559005  0.6654754 ]",1.5858328431202926,0.8620742360644783,5,13,22,4.443265676498413,1,1264.0,0.0,0.0,231,barabasi
known,static_conjecture,gnm_232,41.73577950913677,"[2.3459887953968677, 2.36937439910362, 2.337947146449464, 2.552791943081471, 2.7920196093020846, 0.7855921803793438, 1.5543516977281375, 0.7807624806468858, 1.8383729514659584, 1.1907681335378282]",2.3459887953968677,0.7855921803793438,"[2.35340665 2.35340665 2.35340665 2.35340665 2.35340665 0.86207424
 1.12341683 0.9468185  0.8559005  0.6654754 ]",2.353406654682401,0.8620742360644783,5,14,79,11.32719373703003,1,674.0,0.0,0.0,232,gnm
known,static_conjecture,watts_233,9.100753202168725,"[1.7595134277805349, 2.1055557038158237, 1.443770711821597, 2.444055527783429, 1.6746722532462157, 0.964772404936619, 1.9008504748414556, 0.9993938043264448, 1.0280451284434622, 0.7320364565385231]",1.7595134277805349,0.964772404936619,"[1.54166667 1.54166667 1.54166667 1.54166667 1.54166667 0.86207424
 1.12341683 0.9468185  0.8559005  0.6654754 ]",1.541666666666667,0.8620742360644783,5,11,11,6.388915300369263,1,1176.0,0.0,0.0,233,watts
known,static_conjecture,gnm_234,8.443310493392346,"[2.89694282079099, 1.7677461649537904, 1.8910409994835464, 1.7220472765620538, 1.8079632852927827, 0.18331237216125304, 2.9822841048909554, 1.149171385289107, 3.055460149826347, 1.2936580699019764]",2.89694282079099,0.18331237216125304,"[1.82079633 1.82079633 1.82079633 1.82079633 1.82079633 0.86207424
 1.12341683 0.9468185  0.8559005  0.6654754 ]",1.8207963267948966,0.8620742360644783,5,7,11,4.344850778579712,1,1132.0,0.0,0.0,234,gnm
known,static_conjecture,watts_235,25.253755917107718,"[2.7895552665369947, 1.9318846078703684, 1.9189566953312587, 2.0764863807914886, 0.9468081553715232, 1.5684297781103334, 2.3865235698797753, 1.9299886992714401, 1.5545858734616158, 0.8563442965435739]",2.7895552665369947,1.5684297781103334,"[1.78522594 1.78522594 1.78522594 1.78522594 1.78522594 0.86207424
 1.12341683 0.9468185  0.8559005  0.6654754 ]",1.7852259415015195,0.8620742360644783,5,19,38,5.1925272941589355,1,807.0,0.0,0.0,235,watts
known,static_conjecture,barabasi_236,8.942280575027524,"[1.8526662604873805, 1.5660119158428294, 1.556710642344053, 2.0768757262576183, 0.5000358896255519, 0.9138169597520873, 2.649547594357542, 2.2455486634220807, 1.2608657910501764, 1.3529107776923976]",1.8526662604873805,0.9138169597520873,"[1.55165289 1.55165289 1.55165289 1.55165289 1.55165289 0.86207424
 1.12341683 0.9468185  0.8559005  0.6654754 ]",1.5516528925619835,0.8620742360644783,5,11,10,1.6337754726409912,1,676.0,0.0,0.0,236,barabasi
known,static_conjecture,gnm_237,13.417952570363923,"[1.8690738834787193, 1.9388353068640143, 2.136546158063615, 1.9901100055650902, 2.031562316114268, 0.9603953125872722, 2.8078663302775437, 2.3855131797865625, 2.3422743165333157, 0.9665339058657221]",1.8690738834787193,0.9603953125872722,"[1.96365347 1.96365347 1.96365347 1.96365347 1.96365347 0.86207424
 1.12341683 0.9468185  0.8559005  0.6654754 ]",1.9636534696520394,0.8620742360644783,5,9,25,3.499725818634033,1,856.0,0.0,0.0,237,gnm
known,static_conjecture,barabasi_238,18.696394584405034,"[1.822002794165693, 2.6179253497760424, 1.573727912850599, 2.5684615252416063, 1.5595425503689844, 1.3847584105244435, 2.391505812817214, 2.6754028905722964, 2.4274066459594095, 0.7136779773938854]",1.822002794165693,1.3847584105244435,"[1.62964392 1.62964392 1.62964392 1.62964392 1.62964392 0.86207424
 1.12341683 0.9468185  0.8559005  0.6654754 ]",1.6296439249889771,0.8620742360644783,5,16,28,6.035487174987793,1,801.0,0.0,0.0,238,barabasi
known,static_conjecture,watts_239,10.04712657899745,"[1.3787278457257468, 3.034214473430338, 1.609643168490269, 2.922286798271143, 1.5381746340056308, 0.3926784895336468, 2.012613597948054, 1.1120207912230367, 2.3763571405669226, 0.7517539725263209]",1.3787278457257468,0.3926784895336468,"[1.53033274 1.53033274 1.53033274 1.53033274 1.53033274 0.86207424
 1.12341683 0.9468185  0.8559005  0.6654754 ]",1.5303327429149798,0.8620742360644783,5,8,16,3.6635994911193848,1,1023.0,0.0,0.0,239,watts
known,static_conjecture,watts_240,11.560325056788315,"[2.9598312458443417, 1.0045729857278574, 1.8059106335286765, 1.3820061302952196, 1.3676867889918536, 0.5087758916450535, 1.6037368218916501, 1.991018401271877, 3.119200225658444, 0.2506105868186]",2.9598312458443417,0.5087758916450535,"[1.46995192 1.46995192 1.46995192 1.46995192 1.46995192 0.86207424
 1.12341683 0.9468185  0.8559005  0.6654754 ]",1.4699519230769231,0.8620742360644783,5,8,16,4.573914527893066,1,1313.0,0.0,0.0,240,watts
known,static_conjecture,watts_241,24.90585026682278,"[2.0726359113449417, 1.2551844086534114, 0.3457624209829977, 2.647543900680632, 3.1395115592550513, -0.0037300306942449728, 2.5691709072735684, 1.3658558532517413, 0.811003866842105, 2.5085286826330693]",2.0726359113449417,-0.0037300306942449728,"[1.57079633 1.57079633 1.57079633 1.57079633 1.57079633 0.86207424
 1.12341683 0.9468185  0.8559005  0.6654754 ]",1.5707963267948966,0.8620742360644783,5,18,36,12.595309734344482,1,1791.0,0.0,0.0,241,watts
known,static_conjecture,barabasi_242,25.841519790503064,"[3.0049520153286995, 2.808133486999505, 1.6301038975689435, 1.4876028323902915, 1.5609921851335842, 0.42444151968254396, 2.666167612342239, 2.2498443358387723, 2.334147892656034, 0.8813939989509902]",3.0049520153286995,0.42444151968254396,"[1.75400095 1.75400095 1.75400095 1.75400095 1.75400095 0.86207424
 1.12341683 0.9468185  0.8559005  0.6654754 ]",1.7540009469696967,0.8620742360644783,5,16,39,11.078550338745117,1,1209.0,0.0,0.0,242,barabasi
known,static_conjecture,barabasi_243,27.28548361078963,"[2.961695082163345, 3.140818590188805, 1.8226840397961541, 1.795654066741641, 1.883877519688857, 0.8423409125168224, 2.4859848541699834, 1.402123707934809, 1.2769900526391562, 1.4850964167098728]",2.961695082163345,0.8423409125168224,"[1.78133323 1.78133323 1.78133323 1.78133323 1.78133323 0.86207424
 1.12341683 0.9468185  0.8559005  0.6654754 ]",1.7813332284785572,0.8620742360644783,5,17,42,12.812236547470093,1,1243.0,0.0,0.0,243,barabasi
known,static_conjecture,watts_244,8.772005972602187,"[1.831727626673542, -0.27860460576356716, 3.1387837900937785, 3.134405027134264, 1.8087546088075195, 1.3399536780569619, 3.1365720635227268, 2.755225090645798, 2.5478343415370714, 1.2926988012063312]",1.831727626673542,1.3399536780569619,"[1.76771255 1.76771255 1.76771255 1.76771255 1.76771255 0.86207424
 1.12341683 0.9468185  0.8559005  0.6654754 ]",1.7677125506072873,0.8620742360644783,5,7,14,2.300628423690796,1,865.0,0.0,0.0,244,watts
known,static_conjecture,regular_245,16.053274764978926,"[2.0151793863676346, 2.3410534823575437, 2.8674341921289463, 1.6807135839280487, 1.8631571551276904, 1.6768205407105714, 2.541142324113165, 1.8729151871881045, 2.2013115711518285, 0.5043273455163155]",2.0151793863676346,1.6768205407105714,"[2.09196429 2.09196429 2.09196429 2.09196429 2.09196429 0.86207424
 1.12341683 0.9468185  0.8559005  0.6654754 ]",2.091964285714286,0.8620742360644783,5,14,21,5.135343551635742,1,1456.0,0.0,0.0,245,regular
known,static_conjecture,gnm_246,95.41807182173649,"[2.758962526915239, 3.0407291929407183, 2.5586694269915418, 3.1415664304602577, 2.6618669888485758, 1.547547619850695, 3.034189913573002, 0.9048372668555702, 2.286718594444217, 1.3780301815470266]",2.758962526915239,1.547547619850695,"[2.74046283 2.74046283 2.74046283 2.74046283 2.74046283 0.86207424
 1.12341683 0.9468185  0.8559005  0.6654754 ]",2.7404628347183744,0.8620742360644783,5,20,187,61.81174683570862,1,1290.0,0.0,0.0,246,gnm
known,static_conjecture,regular_247,14.589180536244328,"[1.2912789922204064, 0.589240462537523, 0.23794604215008267, 1.5004651492035581, 1.2847054984861646, 1.6775799981127943, 2.381564364077244, 1.8100361619389302, 1.1257211358054868, 0.5464014682590013]",1.2912789922204064,1.6775799981127943,"[1.00894737 1.00894737 1.00894737 1.00894737 1.00894737 0.86207424
 1.12341683 0.9468185  0.8559005  0.6654754 ]",1.0089473684210528,0.8620742360644783,5,10,20,6.294713258743286,1,1714.0,0.0,0.0,247,regular
known,static_conjecture,watts_248,13.481360569341318,"[3.076537534725003, 0.4381664118605135, 3.1388720316362186, 2.250540470067369, 3.141589367474527, 0.5780506944713852, 3.141424787691951, -0.15527282523342562, 1.3414310503721905, 0.5133183627210226]",3.076537534725003,0.5780506944713852,"[1.57079633 1.57079633 1.57079633 1.57079633 1.57079633 0.86207424
 1.12341683 0.9468185  0.8559005  0.6654754 ]",1.5707963267948966,0.8620742360644783,5,17,17,5.904939651489258,1,1341.0,0.0,0.0,248,watts
known,static_conjecture,watts_249,7.936167019041022,"[2.174964042103891, 2.4838190996782936, 1.1636042233930204, 1.1412468965738571, 2.120929960276859, 1.5614277566671801, 3.1393467539311835, 1.141909208616048, 1.7452483961074137, 0.7523689940299418]",2.174964042103891,1.5614277566671801,"[1.63924033 1.63924033 1.63924033 1.63924033 1.63924033 0.86207424
 1.12341683 0.9468185  0.8559005  0.6654754 ]",1.6392403283850654,0.8620742360644783,5,6,12,4.205987215042114,1,1568.0,0.0,0.0,249,watts
known,static_conjecture,regular_250,23.765886538890072,"[1.9826984976609614, 2.468757984609248, 2.654422483518838, 3.1411110865455427, 0.9906468355655356, 0.1201966230664785, 2.6793511495848525, 2.4339726449322217, 1.9616066217938064, 1.7504785877567053]",1.9826984976609614,0.1201966230664785,"[3.14159265 3.14159265 3.14159265 3.14159265 3.14159265 0.86207424
 1.12341683 0.9468185  0.8559005  0.6654754 ]",3.141592653589793,0.8620742360644783,5,20,30,10.330339431762695,1,1366.0,0.0,0.0,250,regular
known,static_conjecture,gnm_251,50.4721824322429,"[2.0952369770122177, 2.0587893639775023, 2.2860321088100095, 1.7203121908294867, 3.132173123603428, 1.5690273200150933, 3.139628235966509, 1.2802290931811737, 1.8501260795010768, 1.2935128821231041]",2.0952369770122177,1.5690273200150933,"[2.24831357 2.24831357 2.24831357 2.24831357 2.24831357 0.86207424
 1.12341683 0.9468185  0.8559005  0.6654754 ]",2.2483135696453167,0.8620742360644783,5,20,89,16.05398440361023,1,650.0,0.0,0.0,251,gnm
known,static_conjecture,watts_252,14.628785434818601,"[1.5745202162876104, 1.3368202123358797, 2.667540130925091, 2.5828497269569777, 2.527186660071722, 0.6865748084065524, 2.1691004323762435, 2.0387012053778597, 1.8985128093070702, 0.17083120310594796]",1.5745202162876104,0.6865748084065524,"[1.57079633 1.57079633 1.57079633 1.57079633 1.57079633 0.86207424
 1.12341683 0.9468185  0.8559005  0.6654754 ]",1.5707963267948966,0.8620742360644783,5,17,17,6.071257591247559,1,1187.0,0.0,0.0,252,watts
known,static_conjecture,barabasi_253,28.630847187261306,"[2.8799069532177617, 2.5543122590643463, 2.2223164477614494, 1.5848105258507381, 1.5821130927038327, 1.151552454635342, 3.140704058642084, 1.5049629098137927, 2.3580881834561422, 0.07484334348331222]",2.8799069532177617,1.151552454635342,"[1.81359428 1.81359428 1.81359428 1.81359428 1.81359428 0.86207424
 1.12341683 0.9468185  0.8559005  0.6654754 ]",1.8135942760942756,0.8620742360644783,5,18,45,10.017181158065796,1,1166.0,0.0,0.0,253,barabasi
known,static_conjecture,regular_254,9.985782647162763,"[1.7880702128960215, 2.258193409049963, 2.3581818374800734, 1.9379286536880032, 2.0559954173443042, -2.0858271801747383, 2.8179366682204217, 2.50071335540535, 2.268402171134809, 1.2505267280736443]",1.7880702128960215,-2.0858271801747383,"[1.53632918 1.53632918 1.53632918 1.53632918 1.53632918 0.86207424
 1.12341683 0.9468185  0.8559005  0.6654754 ]",1.5363291750727188,0.8620742360644783,5,11,11,2.422393560409546,1,1155.0,0.0,0.0,254,regular
known,static_conjecture,regular_255,9.680887405942485,"[3.1374435234196794, 1.4095616763840244, 3.1414670721236506, 1.102961251582347, 1.663610286789392, 2.012447458922594, 2.5847017411398054, 2.5858091287856952, 2.7226652660990975, 0.7119568338680065]",3.1374435234196794,2.012447458922594,"[1.56614833 1.56614833 1.56614833 1.56614833 1.56614833 0.86207424
 1.12341683 0.9468185  0.8559005  0.6654754 ]",1.5661483253588515,0.8620742360644783,5,7,14,2.336474657058716,1,952.0,0.0,0.0,255,regular
known,static_conjecture,watts_256,20.337274233558613,"[1.6179915171919597, 2.8556942410055983, 1.5814128347248904, 2.8966449658387097, 1.5752591026050187, 1.349747330445501, 2.3184547638552404, 2.7019740205924245, 2.368070623101554, 0.7836529071494036]",1.6179915171919597,1.349747330445501,"[1.58500087 1.58500087 1.58500087 1.58500087 1.58500087 0.86207424
 1.12341683 0.9468185  0.8559005  0.6654754 ]",1.585000872249442,0.8620742360644783,5,16,32,6.077906847000122,1,850.0,0.0,0.0,256,watts
known,static_conjecture,barabasi_257,27.999326264488865,"[2.857163765369937, 2.4801560928008684, 1.1445041293183122, 1.2169856826779015, 2.2213544407686348, 1.6658173466197428, 1.5338194799687042, 1.1707320887655364, 1.4965955396856798, 1.3405382147837355]",2.857163765369937,1.6658173466197428,"[1.78806141 1.78806141 1.78806141 1.78806141 1.78806141 0.86207424
 1.12341683 0.9468185  0.8559005  0.6654754 ]",1.7880614099472232,0.8620742360644783,5,17,42,11.87498950958252,1,1307.0,0.0,0.0,257,barabasi
known,static_conjecture,regular_258,6.000002095740088,"[2.0525480645006295, 2.674948970868842, 1.262148367343476, 2.841671833322137, 0.6874163620007426, 1.178955881014163, 3.1307081870141444, 2.3107706174428047, 1.703387550797018, 0.9868892292204021]",2.0525480645006295,1.178955881014163,"[1.70442584 1.70442584 1.70442584 1.70442584 1.70442584 0.86207424
 1.12341683 0.9468185  0.8559005  0.6654754 ]",1.704425837320574,0.8620742360644783,5,6,6,-1.5641770362854004,1,649.0,0.0,0.0,258,regular
known,static_conjecture,gnm_259,46.99695296632586,"[2.6361233162877227, 2.341952740553242, 2.3652381658728845, 2.336624527701602, 2.0553794480533814, 0.35720127701544124, 2.3576424960625455, 2.351602879576094, 2.028289569097347, 0.7817643479755115]",2.6361233162877227,0.35720127701544124,"[2.3638027  2.3638027  2.3638027  2.3638027  2.3638027  0.86207424
 1.12341683 0.9468185  0.8559005  0.6654754 ]",2.3638027036958027,0.8620742360644783,5,15,92,25.04019570350647,1,1353.0,0.0,0.0,259,gnm
known,static_conjecture,regular_260,6.804387986208894,"[1.8531344978290119, 1.9882703780395978, 2.8634211897576796, 1.4376608672209006, 1.8402016285237126, 2.2958614626334013, 2.6607671003714937, 2.1820326212316474, 2.8578105810114565, 0.8215037022791349]",1.8531344978290119,2.2958614626334013,"[1.75020243 1.75020243 1.75020243 1.75020243 1.75020243 0.86207424
 1.12341683 0.9468185  0.8559005  0.6654754 ]",1.7502024291497977,0.8620742360644783,5,6,9,3.0465786457061768,1,1587.0,0.0,0.0,260,regular
known,static_conjecture,watts_261,13.652318337853249,"[1.939311680590762, 1.7242762620846501, 2.059988554991345, 0.8754255914429492, 0.5351821082069126, -0.04213054675323225, 3.1415454155357967, 1.696968242976465, 2.6441661875744646, 1.2889457067129502]",1.939311680590762,-0.04213054675323225,"[1.57079633 1.57079633 1.57079633 1.57079633 1.57079633 0.86207424
 1.12341683 0.9468185  0.8559005  0.6654754 ]",1.5707963267948966,0.8620742360644783,5,16,16,3.4888498783111572,1,884.0,0.0,0.0,261,watts
known,static_conjecture,watts_262,26.110075495148806,"[2.7887234046754803, 1.9059228508569581, 1.9284907448375002, 1.2057403051231317, 1.8042906845653959, 1.5049676368334972, 2.2742561807436026, 1.8892246928771923, 1.5291378941358058, 0.8966069017934484]",2.7887234046754803,1.5049676368334972,"[1.78522594 1.78522594 1.78522594 1.78522594 1.78522594 0.86207424
 1.12341683 0.9468185  0.8559005  0.6654754 ]",1.7852259415015195,0.8620742360644783,5,19,38,6.43212628364563,1,1022.0,0.0,0.0,262,watts
known,static_conjecture,watts_263,14.601876851542176,"[2.881534647595467, 3.016337144774725, 2.121924032780239, 1.849131623018568, 2.9801131592982215, 1.6776531993242854, 1.6616094367983225, 1.5723484544352075, 2.083215544778394, 0.7693557198623993]",2.881534647595467,1.6776531993242854,"[1.57079633 1.57079633 1.57079633 1.57079633 1.57079633 0.86207424
 1.12341683 0.9468185  0.8559005  0.6654754 ]",1.5707963267948966,0.8620742360644783,5,18,18,3.039577007293701,1,802.0,0.0,0.0,263,watts
known,static_conjecture,watts_264,13.598881395720525,"[2.866796066546378, 1.645252123690347, 3.0209395077662133, 3.067961681270626, 1.6853164622331496, 1.0640205208073994, 2.7723342606111308, 0.92305210988801, 2.6035409368556017, 0.926025833098131]",2.866796066546378,1.0640205208073994,"[1.72872217 1.72872217 1.72872217 1.72872217 1.72872217 0.86207424
 1.12341683 0.9468185  0.8559005  0.6654754 ]",1.7287221659919028,0.8620742360644783,5,10,20,2.916109561920166,1,956.0,0.0,0.0,264,watts
known,static_conjecture,watts_265,12.802114823117961,"[1.3432351779421972, 3.0122655195463675, 1.629960059842547, 3.058137085641043, 1.4119984870237698, 0.9833553201375771, 2.193727802438829, 1.8018689507483427, 1.7115299801892476, 1.3705259589611347]",1.3432351779421972,0.9833553201375771,"[1.49076923 1.49076923 1.49076923 1.49076923 1.49076923 0.86207424
 1.12341683 0.9468185  0.8559005  0.6654754 ]",1.4907692307692306,0.8620742360644783,5,10,20,3.8548245429992676,1,1117.0,0.0,0.0,265,watts
known,static_conjecture,watts_266,6.064196291063126,"[1.8024923372418804, 2.470196437149812, 2.35673200340395, 2.716036420885768, 1.6781517861007362, 1.0040285072684347, 2.9154001217747676, 1.937030474218692, 2.2913996261425336, 0.4856255939975014]",1.8024923372418804,1.0040285072684347,"[1.48238815 1.48238815 1.48238815 1.48238815 1.48238815 0.86207424
 1.12341683 0.9468185  0.8559005  0.6654754 ]",1.482388147566719,0.8620742360644783,5,7,7,3.3650388717651367,1,1647.0,0.0,0.0,266,watts
known,static_conjecture,watts_267,25.141496773906546,"[2.9877113041824006, 2.7373982689072998, 1.6498736125384288, 2.160172133001547, 1.5626516507352344, 0.4859018498974367, 2.642718196232875, 0.7974857989750672, 2.3754893249604367, 0.7787285023392524]",2.9877113041824006,0.4859018498974367,"[1.72736198 1.72736198 1.72736198 1.72736198 1.72736198 0.86207424
 1.12341683 0.9468185  0.8559005  0.6654754 ]",1.7273619833605531,0.8620742360644783,5,18,36,6.266348123550415,1,870.0,0.0,0.0,267,watts
known,static_conjecture,watts_268,10.833994342165333,"[2.942854922949845, 2.193082416689426, 2.465104169626576, 2.0572906467731804, 0.4330353390020324, 0.10419560972616196, 2.758852909545455, 1.0555333048055158, 2.197423714152578, 1.1520514714501084]",2.942854922949845,0.10419560972616196,"[1.54166667 1.54166667 1.54166667 1.54166667 1.54166667 0.86207424
 1.12341683 0.9468185  0.8559005  0.6654754 ]",1.541666666666667,0.8620742360644783,5,12,12,3.788749933242798,1,1885.0,0.0,0.0,268,watts
known,static_conjecture,regular_269,29.056002506378995,"[1.7310235724493068, 1.795734488815381, 1.3136994765608367, 3.0790076472927206, 1.7841188004824922, 1.050501056223552, 2.3427624262522744, 0.954443583687793, 1.9287079799954712, 0.771260202418192]",1.7310235724493068,1.050501056223552,"[3.14159265 3.14159265 3.14159265 3.14159265 3.14159265 0.86207424
 1.12341683 0.9468185  0.8559005  0.6654754 ]",3.141592653589793,0.8620742360644783,5,20,40,7.853317499160767,1,823.0,0.0,0.0,269,regular
known,static_conjecture,gnm_270,25.78524416557203,"[2.7334849704694832, 2.0834948486155627, 2.3576426960774746, 2.534169470481985, 1.8451174922801559, 1.6134130520877918, 1.1544531128286346, 1.5841971426403347, 2.8629937835765245, 1.4116231726626052]",2.7334849704694832,1.6134130520877918,"[2.11659309 2.11659309 2.11659309 2.11659309 2.11659309 0.86207424
 1.12341683 0.9468185  0.8559005  0.6654754 ]",2.116593092626899,0.8620742360644783,5,14,43,9.971923589706421,1,1045.0,0.0,0.0,270,gnm
known,static_conjecture,gnm_271,49.421240603101396,"[2.356994636387445, 2.8914388188027442, 2.6741769350244082, 2.2887347279747243, 2.5069148819137212, 0.7864056815015447, 1.57031997917752, 1.5715828846538775, 2.3567245988976238, 0.38062484942673813]",2.356994636387445,0.7864056815015447,"[2.27680666 2.27680666 2.27680666 2.27680666 2.27680666 0.86207424
 1.12341683 0.9468185  0.8559005  0.6654754 ]",2.2768066567087017,0.8620742360644783,5,19,94,18.09530758857727,1,786.0,0.0,0.0,271,gnm
known,static_conjecture,gnm_272,9.45562939152478,"[2.892473214023771, 1.2301978659673627, 1.9929789838681617, 1.5850132595712418, 2.09856388233017, 1.098663610061636, 3.141542806256442, 2.3704971057902675, 1.5628742953582098, -0.15960540702201567]",2.892473214023771,1.098663610061636,"[1.85651061 1.85651061 1.85651061 1.85651061 1.85651061 0.86207424
 1.12341683 0.9468185  0.8559005  0.6654754 ]",1.8565106125091821,0.8620742360644783,5,8,14,2.8979063034057617,1,1050.0,0.0,0.0,272,gnm
known,static_conjecture,barabasi_273,5.583044376070902,"[2.578997882199877, 2.3162624466846906, 1.240995342797524, 2.4505223005715413, 1.5462687829511834, 1.6016872266067237, 2.655582846115456, 1.852605061744718, 1.920402791357823, 1.2612037094464517]",2.578997882199877,1.6016872266067237,"[2.23017809 2.23017809 2.23017809 2.23017809 2.23017809 0.86207424
 1.12341683 0.9468185  0.8559005  0.6654754 ]",2.230178092584108,0.8620742360644783,5,7,6,0.9872784614562988,1,654.0,0.0,0.0,273,barabasi
known,static_conjecture,gnm_274,23.450232885066047,"[2.955771726995784, 1.9142674166167335, 1.627745291576873, 1.8506659956657237, 1.6247097334823903, 1.707118007612131, 3.131359216109548, 2.8131943384230746, 1.576110531899077, 1.3602991326170155]",2.955771726995784,1.707118007612131,"[2.0065785  2.0065785  2.0065785  2.0065785  2.0065785  0.86207424
 1.12341683 0.9468185  0.8559005  0.6654754 ]",2.0065785000551766,0.8620742360644783,5,14,36,9.502929210662842,1,1184.0,0.0,0.0,274,gnm
known,static_conjecture,watts_275,27.226295830683686,"[1.5445723815477792, 1.828302591615087, 1.182263496961368, 1.452905923596044, 2.0331800326218925, -0.05613961707110801, 2.937995040301257, 1.5583085363467053, 1.8378119001116748, 1.5388799902331014]",1.5445723815477792,-0.05613961707110801,"[1.57079633 1.57079633 1.57079633 1.57079633 1.57079633 0.86207424
 1.12341683 0.9468185  0.8559005  0.6654754 ]",1.5707963267948966,0.8620742360644783,5,20,40,9.41450548171997,1,779.0,0.0,0.0,275,watts
known,static_conjecture,regular_276,27.021274423375043,"[3.140380303625308, 1.8233688127211114, 0.975158658650336, 3.1399958199069, 1.6876311806560282, -0.31161303879913826, 2.9960499130967593, 2.6354975764949184, 1.6552562670789643, 0.7508655229171233]",3.140380303625308,-0.31161303879913826,"[3.14159265 3.14159265 3.14159265 3.14159265 3.14159265 0.86207424
 1.12341683 0.9468185  0.8559005  0.6654754 ]",3.141592653589793,0.8620742360644783,5,19,38,5.03034234046936,1,797.0,0.0,0.0,276,regular
known,static_conjecture,watts_277,16.51290296773942,"[1.4414419240961505, 3.1067166112079017, 1.4480691311253553, 3.1415907419694067, 1.6504337235713664, 0.35097117050551246, 3.141268969675949, 2.3150121125918757, 2.753065713876267, 1.383668162133016]",1.4414419240961505,0.35097117050551246,"[1.54166667 1.54166667 1.54166667 1.54166667 1.54166667 0.86207424
 1.12341683 0.9468185  0.8559005  0.6654754 ]",1.541666666666667,0.8620742360644783,5,13,26,5.9252543449401855,1,1194.0,0.0,0.0,277,watts
known,static_conjecture,gnm_278,17.91147314984687,"[2.240547580398504, 2.1307091145712054, 2.215013283538028, 2.561220127307669, 2.5848409014676075, 0.7392206897206703, 1.3473110954826506, 1.5324266206481807, 1.2276123105628973, 0.5026890810489072]",2.240547580398504,0.7392206897206703,"[2.20302406 2.20302406 2.20302406 2.20302406 2.20302406 0.86207424
 1.12341683 0.9468185  0.8559005  0.6654754 ]",2.203024062453971,0.8620742360644783,5,11,35,6.751863718032837,1,976.0,0.0,0.0,278,gnm
known,static_conjecture,watts_279,16.408273982625364,"[3.0436710096691852, 1.7205573666544902, 1.7574123930297516, 2.5867067617635926, 1.0820516748144693, 0.19857231771504547, 2.9960592149972793, 1.167422258689248, 1.6625871433285155, 1.3395850554263993]",3.0436710096691852,0.19857231771504547,"[1.57079633 1.57079633 1.57079633 1.57079633 1.57079633 0.86207424
 1.12341683 0.9468185  0.8559005  0.6654754 ]",1.5707963267948966,0.8620742360644783,5,20,20,6.156642913818359,1,906.0,0.0,0.0,279,watts
known,static_conjecture,barabasi_280,4.791563940601918,"[1.752014516149713, 3.141592653589793, 2.7907003815251543, 2.531022120691496, 1.5603957867241716, 3.0027309020911677, 1.2027525879316143, 0.2780453543686165, 1.1450643214133682, 0.4116264470378549]",1.752014516149713,3.0027309020911677,"[2.18690907 2.18690907 2.18690907 2.18690907 2.18690907 0.86207424
 1.12341683 0.9468185  0.8559005  0.6654754 ]",2.1869090704617022,0.8620742360644783,5,6,5,2.1219301223754883,1,1880.0,0.0,0.0,280,barabasi
known,static_conjecture,barabasi_281,6.900191087541643,"[2.7375585842232937, 2.3404561243193243, 2.2386558315393663, 2.560025743927946, 1.4568289207842198, 1.7855785934035027, 2.0271127374420943, 1.4065652132334932, 1.339760386770886, 1.212878187037854]",2.7375585842232937,1.7855785934035027,"[2.24017012 2.24017012 2.24017012 2.24017012 2.24017012 0.86207424
 1.12341683 0.9468185  0.8559005  0.6654754 ]",2.2401701165955554,0.8620742360644783,5,9,8,1.9782207012176514,1,1086.0,0.0,0.0,281,barabasi
known,static_conjecture,gnm_282,10.824789692659294,"[2.9400269752469588, 2.7963422641646556, 1.8698878967974935, 2.0457280670092253, 1.988533343248351, 0.5335808981250796, 2.0492530562119438, 1.561930844946784, 1.5728359754446437, 0.2800042225295159]",2.9400269752469588,0.5335808981250796,"[1.85651061 1.85651061 1.85651061 1.85651061 1.85651061 0.86207424
 1.12341683 0.9468185  0.8559005  0.6654754 ]",1.8565106125091821,0.8620742360644783,5,8,14,4.181679725646973,1,1617.0,0.0,0.0,282,gnm
known,static_conjecture,barabasi_283,4.756285529889283,"[2.253108054698181, 1.9771918025306028, 2.355510034104597, 2.1009445427938274, 2.1458013546767827, 1.4834375303225984, 2.9679506900831143, 2.715483387525906, 1.9176456556812274, 1.3783587539766655]",2.253108054698181,1.4834375303225984,"[2.18690907 2.18690907 2.18690907 2.18690907 2.18690907 0.86207424
 1.12341683 0.9468185  0.8559005  0.6654754 ]",2.1869090704617022,0.8620742360644783,5,6,5,0.8981420993804932,1,687.0,0.0,0.0,283,barabasi
known,static_conjecture,barabasi_284,16.750786834252487,"[1.8817609981998402, 2.6273812791364155, 1.4959154340554124, 1.742674390873538, 1.5614584056717777, 1.4743871774798687, 2.0856879001512763, 2.0837553238847284, 2.835837413386404, 1.3702635534532481]",1.8817609981998402,1.4743871774798687,"[1.64837308 1.64837308 1.64837308 1.64837308 1.64837308 0.86207424
 1.12341683 0.9468185  0.8559005  0.6654754 ]",1.6483730787935178,0.8620742360644783,5,14,24,12.259873628616333,1,1980.0,0.0,0.0,284,barabasi
known,static_conjecture,watts_285,13.710668521836368,"[-2.4931831704001333, 3.1414075398597285, 2.1811649536984836, 1.301629725661786, 2.46522054056335, 1.51321512466438, 3.0611679065405872, 1.842713653620613, 1.57819578779836, 1.377939307754565]",-2.4931831704001333,1.51321512466438,"[1.57079633 1.57079633 1.57079633 1.57079633 1.57079633 0.86207424
 1.12341683 0.9468185  0.8559005  0.6654754 ]",1.5707963267948966,0.8620742360644783,5,17,17,4.071430683135986,1,882.0,0.0,0.0,285,watts
known,static_conjecture,watts_286,28.096958433753596,"[2.9753441250994768, 2.7803857226489264, 1.6404185177530688, 1.5701511727698954, 1.5712056291284469, 0.4703790431394402, 2.521382803717294, 0.42340196933726393, 2.4823381285059405, 1.1541695166980943]",2.9753441250994768,0.4703790431394402,"[1.67125087 1.67125087 1.67125087 1.67125087 1.67125087 0.86207424
 1.12341683 0.9468185  0.8559005  0.6654754 ]",1.6712508722494421,0.8620742360644783,5,20,40,10.954813003540039,1,913.0,0.0,0.0,286,watts
known,static_conjecture,barabasi_287,31.94270784117029,"[3.0013241381394185, 2.857677613032372, 1.9483796671186493, 1.6557824172873337, 2.0282077341619162, 2.0696774871334602, 1.7893900279236583, 1.6125369957181703, 1.4194667886048085, 0.08833671723191056]",3.0013241381394185,2.0696774871334602,"[1.83719536 1.83719536 1.83719536 1.83719536 1.83719536 0.86207424
 1.12341683 0.9468185  0.8559005  0.6654754 ]",1.8371953608103186,0.8620742360644783,5,19,48,9.048429012298584,1,998.0,0.0,0.0,287,barabasi
known,static_conjecture,gnm_288,11.034194691655102,"[1.773921533132709, 1.7046150557294188, 2.413167678323057, 1.7868009847891189, 1.5414939940517836, 0.8136947562611389, 2.0351188433041854, 1.5595050682330902, 0.7796557567663358, 0.8244327573989535]",1.773921533132709,0.8136947562611389,"[1.85651061 1.85651061 1.85651061 1.85651061 1.85651061 0.86207424
 1.12341683 0.9468185  0.8559005  0.6654754 ]",1.8565106125091821,0.8620742360644783,5,8,18,2.5476369857788086,1,888.0,0.0,0.0,288,gnm
known,static_conjecture,barabasi_289,5.340309888290449,"[2.84836745070323, 1.5855759819798705, 2.2213609486396324, 1.870586472705716, 1.9166681154079876, 1.750473887325295, 3.1415260318037763, 2.8116923198765114, 1.6756657414066651, 1.365649760576884]",2.84836745070323,1.750473887325295,"[2.23017809 2.23017809 2.23017809 2.23017809 2.23017809 0.86207424
 1.12341683 0.9468185  0.8559005  0.6654754 ]",2.230178092584108,0.8620742360644783,5,7,6,0.80489182472229,1,605.0,0.0,0.0,289,barabasi
known,static_conjecture,regular_290,14.752383211466828,"[1.841960844162254, 3.0914377322962023, 2.694566184825268, 2.754568277192009, 2.211616498682906, 0.4751935631051122, 2.470793613475767, 1.9288870620518197, 1.7640480725456484, 1.4590688085340129]",1.841960844162254,0.4751935631051122,"[1.         1.         1.         1.         1.         0.86207424
 1.12341683 0.9468185  0.8559005  0.6654754 ]",1.0,0.8620742360644783,5,10,20,5.487060785293579,1,1383.0,0.0,0.0,290,regular
known,static_conjecture,barabasi_291,17.0934759208362,"[2.9247658961441148, 2.762599143184528, 2.299301405513261, 2.1135552897345415, 1.356260318113955, 1.9750553742066423, 1.815589023794639, 1.62951269316966, 1.4056572870099509, 1.7314340009307356]",2.9247658961441148,1.9750553742066423,"[2.20342262 2.20342262 2.20342262 2.20342262 2.20342262 0.86207424
 1.12341683 0.9468185  0.8559005  0.6654754 ]",2.203422619047619,0.8620742360644783,5,20,19,10.206794500350952,1,1961.0,0.0,0.0,291,barabasi
known,static_conjecture,regular_292,29.956597981792683,"[2.984553932971387, 1.8850125329212961, 1.863410606451112, 2.03242135030216, 1.4973878493213688, 0.1290162688332065, 2.68224008992372, 1.1587946489814764, 1.9833013443556613, 0.9296645807040376]",2.984553932971387,0.1290162688332065,"[3.14159265 3.14159265 3.14159265 3.14159265 3.14159265 0.86207424
 1.12341683 0.9468185  0.8559005  0.6654754 ]",3.141592653589793,0.8620742360644783,5,20,40,15.638930320739746,1,1286.0,0.0,0.0,292,regular
known,static_conjecture,gnm_293,47.26642377601348,"[2.3086764776181448, 2.4846027284300822, 2.9915502397634066, 3.038437404745859, 2.423000828430146, 1.6588621938405552, 1.9970340536638282, 0.7274220100007368, 1.8430743770443074, 0.37277776576279564]",2.3086764776181448,1.6588621938405552,"[2.40766295 2.40766295 2.40766295 2.40766295 2.40766295 0.86207424
 1.12341683 0.9468185  0.8559005  0.6654754 ]",2.4076629522655653,0.8620742360644783,5,14,89,23.05966091156006,1,1357.0,0.0,0.0,293,gnm
known,static_conjecture,watts_294,12.044593438418133,"[1.6117945664861508, 2.8847463452852, 1.5928193236988615, 2.758348866710447, 2.03475629186142, 1.4827380314089424, 1.5807691923164502, 2.011284092634577, 1.825406204592891, 1.5493111320218262]",1.6117945664861508,1.4827380314089424,"[1.63924033 1.63924033 1.63924033 1.63924033 1.63924033 0.86207424
 1.12341683 0.9468185  0.8559005  0.6654754 ]",1.6392403283850654,0.8620742360644783,5,9,18,2.8180384635925293,1,777.0,0.0,0.0,294,watts
known,static_conjecture,gnm_295,52.3911586966438,"[2.9726333852129856, 2.615416089308961, 2.4178218027642506, 2.3538154889009846, 2.3645333487595317, 1.0317315864966083, 1.5370600204617408, 0.9031176549532629, 1.5646144517803657, 0.5573170947699106]",2.9726333852129856,1.0317315864966083,"[2.3455126  2.3455126  2.3455126  2.3455126  2.3455126  0.86207424
 1.12341683 0.9468185  0.8559005  0.6654754 ]",2.345512596896034,0.8620742360644783,5,18,103,14.77317500114441,1,587.0,0.0,0.0,295,gnm
known,static_conjecture,gnm_296,62.632667033510295,"[2.2501828427421007, 3.0621526708174884, 2.671809139524906, 2.822844221365175, 2.28748695888561, 1.2299998994677117, 2.626332896497522, 1.4469657725157674, 1.8100842792992689, 1.5373872175481855]",2.2501828427421007,1.2299998994677117,"[2.60769642 2.60769642 2.60769642 2.60769642 2.60769642 0.86207424
 1.12341683 0.9468185  0.8559005  0.6654754 ]",2.6076964225115566,0.8620742360644783,5,17,123,13.395742654800415,1,578.0,0.0,0.0,296,gnm
known,static_conjecture,gnm_297,33.34788475823336,"[2.02891998823856, 2.9816286560548124, 2.3092898957969847, 2.2854980859517893, 2.604598748711056, 1.028259689970903, 2.5589328780675693, 1.3581551152172566, 1.6287804837117175, 1.140207835915088]",2.02891998823856,1.028259689970903,"[2.4051125  2.4051125  2.4051125  2.4051125  2.4051125  0.86207424
 1.12341683 0.9468185  0.8559005  0.6654754 ]",2.4051125030154106,0.8620742360644783,5,12,64,11.097248554229736,1,942.0,0.0,0.0,297,gnm
known,static_conjecture,barabasi_298,10.799407587760799,"[-0.16571445919048788, -0.2675443702576096, 2.762205977357277, 2.683916660728052, 0.5521017321536786, 2.025219805595796, 1.9001320362175302, 2.1193597067643615, 1.7961601465177077, 1.290175471255174]",-0.16571445919048788,2.025219805595796,"[1.56055227 1.56055227 1.56055227 1.56055227 1.56055227 0.86207424
 1.12341683 0.9468185  0.8559005  0.6654754 ]",1.5605522682445758,0.8620742360644783,5,13,12,8.304895877838135,1,2624.0,0.0,0.0,298,barabasi
known,static_conjecture,gnm_299,8.12338050188805,"[2.7386245316159954, 1.8113475192459394, 1.7512808791405228, 1.6852715433376724, 1.8016511872072218, 0.7968195869465879, 2.844932739284142, 2.490115236346867, 1.9231625160517036, 0.3976417006848525]",2.7386245316159954,0.7968195869465879,"[1.85651061 1.85651061 1.85651061 1.85651061 1.85651061 0.86207424
 1.12341683 0.9468185  0.8559005  0.6654754 ]",1.8565106125091821,0.8620742360644783,5,8,13,0.6559116840362549,1,1108.0,0.0,0.0,299,gnm
known,static_conjecture,watts_300,6.000010775487291,"[1.8735349332340998, -0.37638028619859604, 3.0638891818133223, 2.255717224148614, 1.2744645759263484, 0.3412989597188763, 2.6696545974062404, 0.9963102149391232, 2.168600124724791, 0.7481214923792594]",1.8735349332340998,0.3412989597188763,"[1.48238815 1.48238815 1.48238815 1.48238815 1.48238815 0.86207424
 1.12341683 0.9468185  0.8559005  0.6654754 ]",1.482388147566719,0.8620742360644783,5,7,7,3.0341954231262207,1,1157.0,0.0,0.0,300,watts
known,static_conjecture,barabasi_301,12.859913159806297,"[1.731499241527969, 2.7246318106701795, 1.552702231683023, 2.7665819840995742, 1.5776172935083315, 1.322364440819614, 2.240526452453647, 2.6992242030178057, 2.3734789419263285, 0.809274480940098]",1.731499241527969,1.322364440819614,"[1.63064076 1.63064076 1.63064076 1.63064076 1.63064076 0.86207424
 1.12341683 0.9468185  0.8559005  0.6654754 ]",1.6306407553274722,0.8620742360644783,5,12,20,4.693995952606201,1,1104.0,0.0,0.0,301,barabasi
known,static_conjecture,gnm_302,11.655688404386126,"[2.805219641353629, 1.6681126875707126, 2.347947470594664, 1.9208005794491525, 2.784762218191302, 1.103549359891431, 2.3416263245294244, 0.8975134908823023, 1.5669163497428062, 0.6979125031711524]",2.805219641353629,1.103549359891431,"[1.96365347 1.96365347 1.96365347 1.96365347 1.96365347 0.86207424
 1.12341683 0.9468185  0.8559005  0.6654754 ]",1.9636534696520394,0.8620742360644783,5,9,17,3.899825096130371,1,1084.0,0.0,0.0,302,gnm
known,static_conjecture,barabasi_303,4.6213215006459905,"[2.854728051682172, 2.5933896280149824, 2.541582007870095, 3.1284415288286973, 0.7085919249863006, 0.5699568726711879, 2.1103908138218737, 0.2019238902782305, 3.125761638600082, 1.3866187593750672]",2.854728051682172,0.5699568726711879,"[2.28139837 2.28139837 2.28139837 2.28139837 2.28139837 0.86207424
 1.12341683 0.9468185  0.8559005  0.6654754 ]",2.281398371365477,0.8620742360644783,5,6,5,5.961953639984131,1,1875.0,0.0,0.0,303,barabasi
known,static_conjecture,watts_304,16.0023577348319,"[2.770552928932468, 1.949432525120874, 1.9178803931359707, 2.099097676669974, 2.028813862323006, -2.4003361803238503, 3.0679131613176462, 1.4329862053640827, 2.02145716748571, 1.1073303008462752]",2.770552928932468,-2.4003361803238503,"[1.57079633 1.57079633 1.57079633 1.57079633 1.57079633 0.86207424
 1.12341683 0.9468185  0.8559005  0.6654754 ]",1.5707963267948966,0.8620742360644783,5,18,18,2.569993019104004,1,732.0,0.0,0.0,304,watts
known,static_conjecture,gnm_305,11.36738237850659,"[1.8817499436267386, 1.347850233949302, 1.778737790871892, 1.857374622932888, 3.0862295495274417, 1.3452168632276416, 2.7625392760814895, 2.3309922382872523, 2.415358281886359, 0.4609664854515907]",1.8817499436267386,1.3452168632276416,"[1.82079633 1.82079633 1.82079633 1.82079633 1.82079633 0.86207424
 1.12341683 0.9468185  0.8559005  0.6654754 ]",1.8207963267948966,0.8620742360644783,5,7,19,4.102850675582886,1,1567.0,0.0,0.0,305,gnm
known,static_conjecture,gnm_306,24.956088421904873,"[2.968088168730561, 2.8385749999761347, 3.1216045790483316, 2.466598496209415, 1.9781890493742358, 0.44493328668251175, 3.1415579261513322, 0.2724231146992503, 3.141592653589793, 1.6037219322250236]",2.968088168730561,0.44493328668251175,"[2.27727355 2.27727355 2.27727355 2.27727355 2.27727355 0.86207424
 1.12341683 0.9468185  0.8559005  0.6654754 ]",2.277273550232918,0.8620742360644783,5,18,37,5.217688798904419,1,957.0,0.0,0.0,306,gnm
known,static_conjecture,watts_307,12.94435749807976,"[2.0721636403128962, 1.5819706135740577, 3.1415776550500976, 2.899625680206622, 1.6932169512830848, 0.04568355223919829, 2.7910946700292647, 0.6955262032867195, 2.406936112710957, 1.4877192978025204]",2.0721636403128962,0.04568355223919829,"[1.57079633 1.57079633 1.57079633 1.57079633 1.57079633 0.86207424
 1.12341683 0.9468185  0.8559005  0.6654754 ]",1.5707963267948966,0.8620742360644783,5,16,16,7.0772316455841064,1,1979.0,0.0,0.0,307,watts
known,static_conjecture,watts_308,12.015279698462166,"[1.80537861007251, 2.775375869539629, 1.3470493679091482, 1.2272039021458865, 2.018568717237488, 1.4651847009662755, 3.110088925745898, 2.701841626948508, 1.6158840948744764, 0.7764746319149586]",1.80537861007251,1.4651847009662755,"[1.63924033 1.63924033 1.63924033 1.63924033 1.63924033 0.86207424
 1.12341683 0.9468185  0.8559005  0.6654754 ]",1.6392403283850654,0.8620742360644783,5,9,18,4.083502769470215,1,1291.0,0.0,0.0,308,watts
known,static_conjecture,regular_309,11.40169411905245,"[1.397521117509645, 1.2143093015795439, 2.6684336251148038, 2.6838930123585416, 3.1072522927436603, 1.0361575862369992, 1.9203724599911491, 1.8316467252505206, 1.2728240835831046, 0.44369154708602043]",1.397521117509645,1.0361575862369992,"[1.35020243 1.35020243 1.35020243 1.35020243 1.35020243 0.86207424
 1.12341683 0.9468185  0.8559005  0.6654754 ]",1.3502024291497978,0.8620742360644783,5,10,15,5.876294851303101,1,1831.0,0.0,0.0,309,regular
known,static_conjecture,gnm_310,31.516415625802438,"[2.3546313872763927, 2.61359998024395, 2.3998312224340985, 2.325111431673106, 2.4649660794776476, 0.9225654629750233, 1.6509133570010615, 1.6180159383988326, 1.4915874290769686, 0.5324490864859761]",2.3546313872763927,0.9225654629750233,"[2.35451802 2.35451802 2.35451802 2.35451802 2.35451802 0.86207424
 1.12341683 0.9468185  0.8559005  0.6654754 ]",2.354518015719646,0.8620742360644783,5,12,60,8.242408514022827,1,775.0,0.0,0.0,310,gnm
known,static_conjecture,regular_311,15.024977014574631,"[1.939728885902348, 2.4820251520106194, 1.7369845853965227, 2.4296810453420115, 1.7225811633996417, 1.6647475936904597, 2.111123387797532, 1.1919665142408078, 1.243986589309997, 0.9429503624152573]",1.939728885902348,1.6647475936904597,"[2.09196429 2.09196429 2.09196429 2.09196429 2.09196429 0.86207424
 1.12341683 0.9468185  0.8559005  0.6654754 ]",2.091964285714286,0.8620742360644783,5,12,18,6.888002157211304,1,2407.0,0.0,0.0,311,regular
known,static_conjecture,gnm_312,40.031874967865676,"[2.7804186227074337, 2.276712663705485, 2.769087355427884, 2.1189463177113153, 2.2864241947592863, 0.9545490895543726, 2.5378384248359604, 2.343372441010052, 2.208988097456756, 0.8318340549737331]",2.7804186227074337,0.9545490895543726,"[2.24680432 2.24680432 2.24680432 2.24680432 2.24680432 0.86207424
 1.12341683 0.9468185  0.8559005  0.6654754 ]",2.2468043214617266,0.8620742360644783,5,20,80,10.926997423171997,1,502.0,0.0,0.0,312,gnm
known,static_conjecture,gnm_313,31.139112053382,"[2.56439498066221, 2.5184772970008646, 2.4113228646747524, 2.6345484635264, 0.6174673348788926, 1.5059362479781209, 2.944228383054159, 2.815725233207571, 1.6230767745093644, 0.674472259594467]",2.56439498066221,1.5059362479781209,"[2.24823179 2.24823179 2.24823179 2.24823179 2.24823179 0.86207424
 1.12341683 0.9468185  0.8559005  0.6654754 ]",2.248231786530492,0.8620742360644783,5,18,60,11.458595991134644,1,885.0,0.0,0.0,313,gnm
known,static_conjecture,gnm_314,44.05726393727805,"[2.3357722107167085, 2.923463285230614, 2.337246733046231, 2.914953785416754, 2.32125851688913, 0.8254305226422786, 2.8062277340450095, 2.593570058594071, 2.3933279681671245, 0.6968462350385449]",2.3357722107167085,0.8254305226422786,"[2.32203687 2.32203687 2.32203687 2.32203687 2.32203687 0.86207424
 1.12341683 0.9468185  0.8559005  0.6654754 ]",2.3220368730687193,0.8620742360644783,5,17,88,7.883685350418091,1,522.0,0.0,0.0,314,gnm
known,static_conjecture,watts_315,7.949281806794971,"[0.5179474136479489, 2.293804335410107, 1.9186338502757372, 2.896857212202246, 0.9328084336549461, 1.4481696155900596, 2.070605300241241, -0.008308150281681572, 1.6180112981062347, 0.2931759894177628]",0.5179474136479489,1.4481696155900596,"[1.47857312 1.47857312 1.47857312 1.47857312 1.47857312 0.86207424
 1.12341683 0.9468185  0.8559005  0.6654754 ]",1.4785731244064577,0.8620742360644783,5,9,9,2.9956436157226562,1,1339.0,0.0,0.0,315,watts
known,static_conjecture,regular_316,5.999981635703588,"[3.1399089024652618, 1.945284495231831, 2.759157538312624, 2.5330439699630505, 1.6353266559442339, 0.8796578394317112, 2.2407552417738668, 1.880995741183982, 1.7937335456722674, 0.9463736072528851]",3.1399089024652618,0.8796578394317112,"[1.56614833 1.56614833 1.56614833 1.56614833 1.56614833 0.86207424
 1.12341683 0.9468185  0.8559005  0.6654754 ]",1.5661483253588515,0.8620742360644783,5,7,7,2.1530041694641113,1,801.0,0.0,0.0,316,regular
known,static_conjecture,barabasi_317,8.02579188500957,"[1.8044335789372004, 2.04419166048314, 1.5734785279221981, 2.5527968356867925, 0.5805635182872653, 1.1508076102045268, 2.804820152354118, 0.7183606706002379, 1.566652583609807, 1.2183258607834957]",1.8044335789372004,1.1508076102045268,"[1.55371901 1.55371901 1.55371901 1.55371901 1.55371901 0.86207424
 1.12341683 0.9468185  0.8559005  0.6654754 ]",1.5537190082644627,0.8620742360644783,5,11,10,2.765479803085327,1,857.0,0.0,0.0,317,barabasi
known,static_conjecture,gnm_318,42.08833626170492,"[2.358403499435419, 2.9612073030456108, 2.4076802380061832, 2.396171787636317, 2.3804981129979597, 0.8019248291279288, 2.7126220536002545, 2.453348701328674, 2.4271351710807525, 0.8687017861347556]",2.358403499435419,0.8019248291279288,"[2.37710715 2.37710715 2.37710715 2.37710715 2.37710715 0.86207424
 1.12341683 0.9468185  0.8559005  0.6654754 ]",2.377107153798028,0.8620742360644783,5,16,84,8.67497706413269,1,478.0,0.0,0.0,318,gnm
known,static_conjecture,watts_319,15.253738246941207,"[2.689751985120276, 0.07621954544121332, 0.17157698190402235, 3.118764433935869, 2.448469495605139, -0.3387142227329473, 3.0981511119607403, 3.085103976524737, 2.5996919721450205, 1.8415200165492298]",2.689751985120276,-0.3387142227329473,"[1.57079633 1.57079633 1.57079633 1.57079633 1.57079633 0.86207424
 1.12341683 0.9468185  0.8559005  0.6654754 ]",1.5707963267948966,0.8620742360644783,5,18,18,5.931802988052368,1,1482.0,0.0,0.0,319,watts
known,static_conjecture,regular_320,6.0000043414611675,"[3.140956487668653, 0.8799398350249836, 3.0901151030132947, 2.975007779678708, 2.106190031694877, 0.9960002156228882, 2.7253043248289304, 1.4032856488329577, 1.8344380772119133, 0.6932372109025932]",3.140956487668653,0.9960002156228882,"[1.56614833 1.56614833 1.56614833 1.56614833 1.56614833 0.86207424
 1.12341683 0.9468185  0.8559005  0.6654754 ]",1.5661483253588515,0.8620742360644783,5,7,7,0.8057632446289062,1,620.0,0.0,0.0,320,regular
known,static_conjecture,gnm_321,15.870180448588599,"[2.9280383797979783, 2.033264129595437, 1.8065537206466884, 1.7877275521211224, 1.7491708899276777, 0.8923053146148573, 2.8422555548516426, 2.465837317504474, 1.9511661862179412, 0.2378473669013335]",2.9280383797979783,0.8923053146148573,"[1.96365347 1.96365347 1.96365347 1.96365347 1.96365347 0.86207424
 1.12341683 0.9468185  0.8559005  0.6654754 ]",1.9636534696520394,0.8620742360644783,5,9,29,7.5200676918029785,1,2174.0,0.0,0.0,321,gnm
known,static_conjecture,watts_322,13.177957107859141,"[2.748041933440767, 1.725523953561854, 1.9666228244063975, 1.5083342753269422, 2.3726917905443763, -1.8347380158219697, 2.3192264555121733, 2.336888013380484, 2.009084242921512, 1.3123023231307986]",2.748041933440767,-1.8347380158219697,"[1.57079633 1.57079633 1.57079633 1.57079633 1.57079633 0.86207424
 1.12341683 0.9468185  0.8559005  0.6654754 ]",1.5707963267948966,0.8620742360644783,5,16,16,4.650499582290649,1,1264.0,0.0,0.0,322,watts
known,static_conjecture,regular_323,6.000008039349131,"[3.1411321194734168, 0.8814454668406639, 3.091039720528541, 2.9736316499777224, 2.10512861385918, 1.0057127538780908, 2.7423979584923672, 1.3841946205658195, 1.836222907170398, 0.6927214976164395]",3.1411321194734168,1.0057127538780908,"[1.56614833 1.56614833 1.56614833 1.56614833 1.56614833 0.86207424
 1.12341683 0.9468185  0.8559005  0.6654754 ]",1.5661483253588515,0.8620742360644783,5,7,7,1.5424995422363281,1,819.0,0.0,0.0,323,regular
known,static_conjecture,gnm_324,58.25584114456492,"[2.9629814887462587, 1.6035971797004358, 2.6919657405448776, 2.3337474287020292, 2.377687353915202, 1.0980868094870317, 2.3328545535664578, 2.3576396807245072, 1.572240173288431, 0.7892003366923591]",2.9629814887462587,1.0980868094870317,"[2.29833726 2.29833726 2.29833726 2.29833726 2.29833726 0.86207424
 1.12341683 0.9468185  0.8559005  0.6654754 ]",2.298337263693809,0.8620742360644783,5,19,102,20.613733530044556,1,885.0,0.0,0.0,324,gnm
known,static_conjecture,watts_325,11.299015815641079,"[1.5299682405216857, 0.610938047318462, 1.228154167226827, 2.481447509919045, 1.1388701087683422, 1.109712722086519, 3.1415127120911848, 1.1629159217172267, 1.6815368608727161, 1.3465063791537761]",1.5299682405216857,1.109712722086519,"[1.54166667 1.54166667 1.54166667 1.54166667 1.54166667 0.86207424
 1.12341683 0.9468185  0.8559005  0.6654754 ]",1.541666666666667,0.8620742360644783,5,14,14,1.4204308986663818,1,1180.0,0.0,0.0,325,watts
known,static_conjecture,gnm_326,34.02859391367103,"[1.754325065304111, 2.2495966639225324, 2.4249959731980324, 2.2147825673815973, 2.3547165752602224, 1.596171798049069, 1.5698053925286983, 1.31570177845679, 1.600102920655219, 1.5204395859690012]",1.754325065304111,1.596171798049069,"[2.23988211 2.23988211 2.23988211 2.23988211 2.23988211 0.86207424
 1.12341683 0.9468185  0.8559005  0.6654754 ]",2.2398821080456344,0.8620742360644783,5,14,61,7.997629404067993,1,704.0,0.0,0.0,326,gnm
known,static_conjecture,watts_327,7.9220681284971,"[1.5459053757277408, 2.1063167584883002, 2.2672659520551424, 2.6109868091524877, 1.1814556799299778, 0.7421261071926233, 1.8816465007391976, 1.5659959221761512, 1.5727565671634158, 0.8820673528264316]",1.5459053757277408,0.7421261071926233,"[1.46995192 1.46995192 1.46995192 1.46995192 1.46995192 0.86207424
 1.12341683 0.9468185  0.8559005  0.6654754 ]",1.4699519230769231,0.8620742360644783,5,10,10,2.84506893157959,1,1295.0,0.0,0.0,327,watts
known,static_conjecture,barabasi_328,8.598791559466326,"[1.7175121348205824, 2.218356483520928, 1.5694004342422954, 3.133000215750962, 3.1113328611620448, 1.2282093628222872, 2.7422921210139237, 1.7219531655310685, 1.8912784021506313, 1.4972025986840287]",1.7175121348205824,1.2282093628222872,"[2.22437983 2.22437983 2.22437983 2.22437983 2.22437983 0.86207424
 1.12341683 0.9468185  0.8559005  0.6654754 ]",2.2243798306956206,0.8620742360644783,5,10,9,2.186408042907715,1,1022.0,0.0,0.0,328,barabasi
known,static_conjecture,watts_329,5.440485418512253,"[0.5558506057130286, 2.248102021072036, 1.4805694435571082, 2.547560908754117, 1.7220254271254465, 1.451519984442474, 2.0872149596571896, 0.07318783083992132, 1.6145633260784804, 0.28122744083467244]",0.5558506057130286,1.451519984442474,"[1.46995192 1.46995192 1.46995192 1.46995192 1.46995192 0.86207424
 1.12341683 0.9468185  0.8559005  0.6654754 ]",1.4699519230769231,0.8620742360644783,5,6,6,3.761152982711792,1,1246.0,0.0,0.0,329,watts
known,static_conjecture,barabasi_330,21.881933087939117,"[1.3618918782286533, 2.0193689633821874, 1.470873183393576, 2.7376674231076326, 1.5334008494568123, 0.021246720634439255, 2.916463502035473, 1.6063931147624295, 1.6009223849679213, 0.2527765614451774]",1.3618918782286533,0.021246720634439255,"[1.56141975 1.56141975 1.56141975 1.56141975 1.56141975 0.86207424
 1.12341683 0.9468185  0.8559005  0.6654754 ]",1.5614197530864198,0.8620742360644783,5,18,32,6.302556037902832,1,724.0,0.0,0.0,330,barabasi
known,static_conjecture,watts_331,10.723621568366525,"[1.5919525510907517, 2.932310541921219, 1.5849702318313077, 2.760198959518331, 1.1331047466754811, 0.686346644177033, 3.13193453512545, 2.029766324213189, 1.847089056103981, 1.6053772103846258]",1.5919525510907517,0.686346644177033,"[1.53033274 1.53033274 1.53033274 1.53033274 1.53033274 0.86207424
 1.12341683 0.9468185  0.8559005  0.6654754 ]",1.5303327429149798,0.8620742360644783,5,8,16,4.743207931518555,1,1092.0,0.0,0.0,331,watts
known,static_conjecture,watts_332,17.4207502067392,"[1.5854130527573518, 3.140207709618248, 1.9004064006597459, 3.025073396008003, 1.1030183444153319, -0.16593803418262798, 3.1333838836671766, 1.9290653928794483, 2.417445296839329, 1.5588108203127289]",1.5854130527573518,-0.16593803418262798,"[1.54166667 1.54166667 1.54166667 1.54166667 1.54166667 0.86207424
 1.12341683 0.9468185  0.8559005  0.6654754 ]",1.541666666666667,0.8620742360644783,5,13,26,12.496418952941895,1,1605.0,0.0,0.0,332,watts
known,static_conjecture,regular_333,14.06310472524775,"[3.067600821773334, 0.9591907236379311, 3.139371301004844, 2.3736844170596862, 1.2689625394145019, 0.29488572141790304, 3.0333213490844804, 1.945969278099434, 2.4506554351331093, 0.5375346694343799]",3.067600821773334,0.29488572141790304,"[3.14159265 3.14159265 3.14159265 3.14159265 3.14159265 0.86207424
 1.12341683 0.9468185  0.8559005  0.6654754 ]",3.141592653589793,0.8620742360644783,5,16,16,9.639414310455322,1,1483.0,0.0,0.0,333,regular
known,static_conjecture,watts_334,26.494948827963814,"[2.956764159001881, 2.7196552484172907, 1.6447764787318917, 1.57295869167725, 1.572851792126089, 0.4972384143364258, 2.658404470105351, 2.532923866157114, 2.343002103316792, 0.5911591267860181]",2.956764159001881,0.4972384143364258,"[1.78522594 1.78522594 1.78522594 1.78522594 1.78522594 0.86207424
 1.12341683 0.9468185  0.8559005  0.6654754 ]",1.7852259415015195,0.8620742360644783,5,19,38,7.872259140014648,1,1069.0,0.0,0.0,334,watts
known,static_conjecture,watts_335,9.008174711169975,"[1.7206159453846883, 2.1393127636311973, 2.1266210243835273, 2.5888121415296106, 1.5546129140723113, 1.3306623203160122, 1.4466435289412152, 1.9936752325178277, 1.8569534575621471, 1.4991888385911176]",1.7206159453846883,1.3306623203160122,"[1.54166667 1.54166667 1.54166667 1.54166667 1.54166667 0.86207424
 1.12341683 0.9468185  0.8559005  0.6654754 ]",1.541666666666667,0.8620742360644783,5,11,11,3.720618724822998,1,1851.0,0.0,0.0,335,watts
known,static_conjecture,gnm_336,20.558049534127292,"[2.865788607055649, 1.9439110687620476, 2.371516419633944, 2.2853257705692873, 2.292249483362477, 0.8924698031606078, 2.2112997962973977, 1.5351658679705995, 0.8241287612491699, 0.9111327766577262]",2.865788607055649,0.8924698031606078,"[2.26731968 2.26731968 2.26731968 2.26731968 2.26731968 0.86207424
 1.12341683 0.9468185  0.8559005  0.6654754 ]",2.2673196796907646,0.8620742360644783,5,11,40,6.39511251449585,1,756.0,0.0,0.0,336,gnm
known,static_conjecture,barabasi_337,6.181820095834468,"[2.8140029125265213, 2.3447573057290363, 1.9869698420312143, 2.108847749944831, 2.2921287576708442, 0.7290531042874252, 3.1376789127030635, 1.3636717675385586, 1.2809640631846362, 0.20742922778872144]",2.8140029125265213,0.7290531042874252,"[2.28139837 2.28139837 2.28139837 2.28139837 2.28139837 0.86207424
 1.12341683 0.9468185  0.8559005  0.6654754 ]",2.281398371365477,0.8620742360644783,5,8,7,1.965437412261963,1,869.0,0.0,0.0,337,barabasi
known,static_conjecture,gnm_338,15.758479440458643,"[1.6359776819435627, 1.6905042664370347, 2.589752607268678, 2.0784950986274495, 1.7928118267078372, 0.5613158678171165, 1.352719136435385, 1.5629430590382363, 0.8330049657888845, -0.1743068178220852]",1.6359776819435627,0.5613158678171165,"[1.96365347 1.96365347 1.96365347 1.96365347 1.96365347 0.86207424
 1.12341683 0.9468185  0.8559005  0.6654754 ]",1.9636534696520394,0.8620742360644783,5,9,27,8.199187994003296,1,1596.0,0.0,0.0,338,gnm
known,static_conjecture,regular_339,27.256588449850447,"[3.01456724347051, 1.6537534759084755, 1.9737285797642892, 3.1384196616664917, 1.503840809150099, 0.6424219229574375, 2.7180773750384324, 1.953120850427735, 1.875070135676801, 0.5965051438603618]",3.01456724347051,0.6424219229574375,"[3.14159265 3.14159265 3.14159265 3.14159265 3.14159265 0.86207424
 1.12341683 0.9468185  0.8559005  0.6654754 ]",3.141592653589793,0.8620742360644783,5,19,38,9.18513560295105,1,997.0,0.0,0.0,339,regular
known,static_conjecture,gnm_340,11.713453637091106,"[2.8744997612091945, 1.9082183950343348, 1.8222761413984196, 2.6019684507562015, 2.381627718628186, 0.15700954943913784, 2.875979865548423, 1.3529418916028382, 1.6830203264742845, -0.09920113811113906]",2.8744997612091945,0.15700954943913784,"[1.96365347 1.96365347 1.96365347 1.96365347 1.96365347 0.86207424
 1.12341683 0.9468185  0.8559005  0.6654754 ]",1.9636534696520394,0.8620742360644783,5,9,17,-0.07739543914794922,1,832.0,0.0,0.0,340,gnm
known,static_conjecture,watts_341,24.303856543038396,"[1.4265300794543407, 2.9710053458957133, 1.6050116337889544, 3.100792125796495, 1.5350860370390231, 0.354571772465633, 2.6635749321198876, 0.35481942110485315, 3.1413623298280244, 0.3229137511626487]",1.4265300794543407,0.354571772465633,"[1.60794062 1.60794062 1.60794062 1.60794062 1.60794062 0.86207424
 1.12341683 0.9468185  0.8559005  0.6654754 ]",1.6079406229419628,0.8620742360644783,5,19,38,9.194531917572021,1,1039.0,0.0,0.0,341,watts
known,static_conjecture,watts_342,10.82934417547205,"[0.22543099240325737, 1.797435114714243, 1.7577283103582557, 2.9853369430661036, 0.7546845370361477, 2.612396385252851, 1.4481403595865796, 0.7861390969069291, 1.925691724659196, 1.3254619399640188]",0.22543099240325737,2.612396385252851,"[1.54166667 1.54166667 1.54166667 1.54166667 1.54166667 0.86207424
 1.12341683 0.9468185  0.8559005  0.6654754 ]",1.541666666666667,0.8620742360644783,5,12,12,3.595181703567505,1,1462.0,0.0,0.0,342,watts
known,static_conjecture,regular_343,22.134515312457822,"[2.878456405826633, 1.9983557857765022, 1.842689224547819, 1.8978423911454594, 1.9346248760941764, 0.08782797949012527, 2.6156679042255826, 2.643302327971643, 2.7220206204071378, 1.341623258432127]",2.878456405826633,0.08782797949012527,"[1.97142857 1.97142857 1.97142857 1.97142857 1.97142857 0.86207424
 1.12341683 0.9468185  0.8559005  0.6654754 ]",1.971428571428571,0.8620742360644783,5,14,28,6.766285181045532,1,1063.0,0.0,0.0,343,regular
known,static_conjecture,gnm_344,27.663282288160445,"[2.9326591428543853, 2.2346922601229693, 2.9911282228961102, 2.4321088564951445, 2.44387702857593, 0.8963826331990139, 2.090253331665705, 3.022125153469847, 1.5744324589447154, 0.5584501542026208]",2.9326591428543853,0.8963826331990139,"[2.31998808 2.31998808 2.31998808 2.31998808 2.31998808 0.86207424
 1.12341683 0.9468185  0.8559005  0.6654754 ]",2.3199880783480817,0.8620742360644783,5,12,53,10.606680631637573,1,1299.0,0.0,0.0,344,gnm
known,static_conjecture,regular_345,22.556040560844107,"[2.760185521536708, 1.944428922107256, 2.64648459706788, 2.544698292297026, 2.444576920892808, 1.0562685215493834, 1.5943115399389423, 1.735422993531833, 1.565187783282636, 0.7615732636841286]",2.760185521536708,1.0562685215493834,"[3.14159265 3.14159265 3.14159265 3.14159265 3.14159265 0.86207424
 1.12341683 0.9468185  0.8559005  0.6654754 ]",3.141592653589793,0.8620742360644783,5,16,32,5.917336702346802,1,776.0,0.0,0.0,345,regular
known,static_conjecture,watts_346,9.419631584785314,"[1.4903309152531836, 2.177543797621378, 1.2549080978195088, 1.8353926901774906, 1.4800779270676303, 0.934546577970361, 1.8321648931046108, 0.751311343103513, 0.9652787475799848, 0.773344721885334]",1.4903309152531836,0.934546577970361,"[1.54166667 1.54166667 1.54166667 1.54166667 1.54166667 0.86207424
 1.12341683 0.9468185  0.8559005  0.6654754 ]",1.541666666666667,0.8620742360644783,5,12,12,5.662609338760376,1,1382.0,0.0,0.0,346,watts
known,static_conjecture,barabasi_347,44.15659119555961,"[3.033367386875057, 2.942185189811778, 2.8988990418259943, 2.8721675499908734, 2.722729828691023, 0.5097372691670996, 1.9872061453378482, 0.3198000564219575, 1.7901179001561232, 0.07031581462582243]",3.033367386875057,0.5097372691670996,"[2.82025253 2.82025253 2.82025253 2.82025253 2.82025253 0.86207424
 1.12341683 0.9468185  0.8559005  0.6654754 ]",2.820252525252526,0.8620742360644783,5,20,64,16.96377968788147,1,1096.0,0.0,0.0,347,barabasi
known,static_conjecture,watts_348,9.432638056491538,"[1.877998176963045, 0.892262997302959, 1.7935763658485424, 2.7898892143624168, 1.4291202660165192, 0.2670503972702375, 2.7764700203920927, 2.376047313972456, 2.3726803048270666, 0.705855317483594]",1.877998176963045,0.2670503972702375,"[1.54166667 1.54166667 1.54166667 1.54166667 1.54166667 0.86207424
 1.12341683 0.9468185  0.8559005  0.6654754 ]",1.541666666666667,0.8620742360644783,5,11,11,3.683579206466675,1,1300.0,0.0,0.0,348,watts
known,static_conjecture,barabasi_349,10.750243612145704,"[0.8298569521260621, 0.6001335990445507, 1.3621682868524498, 3.1415841650015417, 0.7741773947519268, 1.4382995064101487, 3.141330057326155, 1.3010520497844238, 2.121126749678342, 1.3246431794808164]",0.8298569521260621,1.4382995064101487,"[1.55102041 1.55102041 1.55102041 1.55102041 1.55102041 0.86207424
 1.12341683 0.9468185  0.8559005  0.6654754 ]",1.5510204081632653,0.8620742360644783,5,14,13,2.955360174179077,1,753.0,0.0,0.0,349,barabasi
known,static_conjecture,watts_350,18.995124700505528,"[1.3222516938734414, 3.1414836656257847, 1.5481801915468816, 3.141516502198998, 1.5549013079094525, 0.899535561243746, 2.8017316438161517, 2.6180130221059286, 2.441817487269879, 0.967265080548396]",1.3222516938734414,0.899535561243746,"[1.54166667 1.54166667 1.54166667 1.54166667 1.54166667 0.86207424
 1.12341683 0.9468185  0.8559005  0.6654754 ]",1.541666666666667,0.8620742360644783,5,15,30,6.387154579162598,1,788.0,0.0,0.0,350,watts
known,static_conjecture,barabasi_351,5.770280690495042,"[3.1268588309394554, 2.202516980357273, 3.140655929028272, 2.2303946673300477, 2.3777666920065466, 1.9937202095008861, 1.836362367830712, 3.1405372972271426, 1.719271439303522, 1.1441010077629659]",3.1268588309394554,1.9937202095008861,"[2.20232017 2.20232017 2.20232017 2.20232017 2.20232017 0.86207424
 1.12341683 0.9468185  0.8559005  0.6654754 ]",2.202320171604711,0.8620742360644783,5,8,7,4.784091949462891,1,1257.0,0.0,0.0,351,barabasi
known,static_conjecture,barabasi_352,8.02578931286326,"[1.8043563296985061, 2.0451031560929973, 1.5726044941524815, 2.5534159126306424, 0.5793549241301688, 1.1512106512082867, 2.8055343324394406, 0.7165628368964281, 1.5665764623558303, 1.2207486941480683]",1.8043563296985061,1.1512106512082867,"[1.55371901 1.55371901 1.55371901 1.55371901 1.55371901 0.86207424
 1.12341683 0.9468185  0.8559005  0.6654754 ]",1.5537190082644627,0.8620742360644783,5,11,10,3.1758692264556885,1,880.0,0.0,0.0,352,barabasi
known,static_conjecture,barabasi_353,5.462464860963337,"[2.2644472900534103, 2.4005831919070317, 2.280149596200462, 2.7031834448876477, 2.3185899464603765, -0.12237414688154313, 2.3664407524996793, 1.1965978406598317, 1.4468025691466364, 0.2225970415000151]",2.2644472900534103,-0.12237414688154313,"[2.17599942 2.17599942 2.17599942 2.17599942 2.17599942 0.86207424
 1.12341683 0.9468185  0.8559005  0.6654754 ]",2.1759994235088223,0.8620742360644783,5,7,6,3.6872777938842773,1,1509.0,0.0,0.0,353,barabasi
known,static_conjecture,watts_354,8.478463156702455,"[2.6731429261733988, 0.22373679204507044, 1.1902247703964912, 2.072425857970263, 2.353682357363053, 1.2820200066861898, 2.5891061378385656, 1.5517017930412074, 1.4247811071831769, 0.26730437434641574]",2.6731429261733988,1.2820200066861898,"[1.46995192 1.46995192 1.46995192 1.46995192 1.46995192 0.86207424
 1.12341683 0.9468185  0.8559005  0.6654754 ]",1.4699519230769231,0.8620742360644783,5,10,10,4.060651063919067,1,1694.0,0.0,0.0,354,watts
known,static_conjecture,gnm_355,23.307986157830967,"[2.9789608978844173, 2.346591331425759, 2.4473136655062855, 1.955866498498624, 2.3735950092167055, 0.4437602676155301, 3.141549084857195, 1.563355437047825, 1.5675896485876473, 0.28514965420034766]",2.9789608978844173,0.4437602676155301,"[2.29734595 2.29734595 2.29734595 2.29734595 2.29734595 0.86207424
 1.12341683 0.9468185  0.8559005  0.6654754 ]",2.297345950587266,0.8620742360644783,5,16,35,3.67484712600708,1,824.0,0.0,0.0,355,gnm
known,static_conjecture,barabasi_356,15.09701036112286,"[2.8790733206659365, 2.7988398395165355, 3.044609317270516, 3.1415595589944703, 1.1089198004074028, 0.39381836059789244, 3.1153167924611536, 2.723035989022574, 2.2322136177783802, 1.4024688869101003]",2.8790733206659365,0.39381836059789244,"[2.02054698 2.02054698 2.02054698 2.02054698 2.02054698 0.86207424
 1.12341683 0.9468185  0.8559005  0.6654754 ]",2.0205469814888097,0.8620742360644783,5,19,18,5.481312990188599,1,1197.0,0.0,0.0,356,barabasi
known,static_conjecture,regular_357,7.999884278951709,"[2.903166997954555, 2.8271464681841327, 2.6178685234713646, 2.36510951476762, 2.55372587693027, 1.1904851988426302, 2.071602980744319, 1.1449261277265617, 1.8647916855558564, 0.5610837171878889]",2.903166997954555,1.1904851988426302,"[1.29838057 1.29838057 1.29838057 1.29838057 1.29838057 0.86207424
 1.12341683 0.9468185  0.8559005  0.6654754 ]",1.2983805668016197,0.8620742360644783,5,9,9,1.329946756362915,1,836.0,0.0,0.0,357,regular
known,static_conjecture,gnm_358,25.666267201712206,"[2.874270954934538, 2.8118653529971005, 2.763636360671032, 2.050322806822209, 1.8765345436873666, 1.2382004813044183, 1.5917299823138684, 1.5649699334812288, 1.578664316349546, 0.678231980837523]",2.874270954934538,1.2382004813044183,"[2.05138228 2.05138228 2.05138228 2.05138228 2.05138228 0.86207424
 1.12341683 0.9468185  0.8559005  0.6654754 ]",2.0513822830670962,0.8620742360644783,5,13,42,4.6662023067474365,1,689.0,0.0,0.0,358,gnm
known,static_conjecture,gnm_359,40.09275392986717,"[2.3354056015340046, 2.3603598632205354, 2.3145335317123448, 2.307563143541133, 2.636505650888441, 1.073786131706947, 2.3818920031136024, 2.197471801073087, 1.934487410908136, 0.7636789069367784]",2.3354056015340046,1.073786131706947,"[2.40223343 2.40223343 2.40223343 2.40223343 2.40223343 0.86207424
 1.12341683 0.9468185  0.8559005  0.6654754 ]",2.4022334314426144,0.8620742360644783,5,13,75,17.404441356658936,1,1281.0,0.0,0.0,359,gnm
known,static_conjecture,watts_360,12.65986680973037,"[2.8244862413348235, 0.5843316313523529, 2.3883886529773033, 2.8641724225298457, 0.8312813940470877, 0.3605324913492961, 2.0814724548678356, 1.4099512002974843, 1.6889126472505382, 0.9022709439177994]",2.8244862413348235,0.3605324913492961,"[1.54166667 1.54166667 1.54166667 1.54166667 1.54166667 0.86207424
 1.12341683 0.9468185  0.8559005  0.6654754 ]",1.541666666666667,0.8620742360644783,5,15,15,4.898718595504761,1,2043.0,0.0,0.0,360,watts
known,static_conjecture,gnm_361,10.519994824796754,"[2.927369883752874, 2.7979480640942045, 2.0608130399057885, 1.8352470277374238, 2.0237522734702122, 1.4797208357075702, 1.5762149101778324, 0.7183181627176756, 1.2155491668490526, -0.08621355417452028]",2.927369883752874,1.4797208357075702,"[1.96365347 1.96365347 1.96365347 1.96365347 1.96365347 0.86207424
 1.12341683 0.9468185  0.8559005  0.6654754 ]",1.9636534696520394,0.8620742360644783,5,9,16,2.080385208129883,1,668.0,0.0,0.0,361,gnm
known,static_conjecture,barabasi_362,26.06576013520508,"[0.19782307029792767, 1.110594586603657, 3.139698992661544, 3.141592653589793, 3.141387942655931, 1.2912249855291495, 3.1412085135393877, 3.1267217182063565, 1.6106984683221408, 1.3699642934798428]",0.19782307029792767,1.2912249855291495,"[1.78133323 1.78133323 1.78133323 1.78133323 1.78133323 0.86207424
 1.12341683 0.9468185  0.8559005  0.6654754 ]",1.7813332284785572,0.8620742360644783,5,17,42,6.770137786865234,1,714.0,0.0,0.0,362,barabasi
known,static_conjecture,gnm_363,82.04893199058148,"[3.0492673096547547, 2.794360856198611, 2.786059382774525, 2.7883666379068206, 2.474992091011309, 1.4081781927863104, 2.4060494695179364, 1.8258422607717788, 1.4914028008296725, 1.0756369454689425]",3.0492673096547547,1.4081781927863104,"[2.73484823 2.73484823 2.73484823 2.73484823 2.73484823 0.86207424
 1.12341683 0.9468185  0.8559005  0.6654754 ]",2.73484823207763,0.8620742360644783,5,19,168,45.79741430282593,1,1341.0,0.0,0.0,363,gnm
known,static_conjecture,barabasi_364,41.673603778136766,"[3.025095079197074, 3.1319545960672137, 2.9303825322425165, 2.8670377730839256, 3.141587885993265, 0.5057391310368502, 3.0814400050484516, 1.9128431163521822, 2.2237595649882156, -0.4508587202906332]",3.025095079197074,0.5057391310368502,"[2.81434975 2.81434975 2.81434975 2.81434975 2.81434975 0.86207424
 1.12341683 0.9468185  0.8559005  0.6654754 ]",2.814349747474748,0.8620742360644783,5,20,64,16.293174266815186,1,889.0,0.0,0.0,364,barabasi
known,static_conjecture,barabasi_365,5.343734042336848,"[2.8136230155541706, 2.545628091926401, 1.4737439663191312, 2.2074199594674617, 2.5791192641793637, 0.10132372102544032, 3.0244884859772863, 1.4223799283310332, 1.9294545997513506, 0.26078212602430484]",2.8136230155541706,0.10132372102544032,"[2.23017809 2.23017809 2.23017809 2.23017809 2.23017809 0.86207424
 1.12341683 0.9468185  0.8559005  0.6654754 ]",2.230178092584108,0.8620742360644783,5,7,6,2.2637441158294678,1,1589.0,0.0,0.0,365,barabasi
known,static_conjecture,barabasi_366,15.470769627227202,"[2.3639461247763465, 2.12237177331885, 1.3755423671657465, 1.5137157565157042, 2.3975324086083094, 1.4886456517026814, 1.9495884639364005, 1.9449167798437286, 1.2112016724019987, 1.3697062178449169]",2.3639461247763465,1.4886456517026814,"[1.92364268 1.92364268 1.92364268 1.92364268 1.92364268 0.86207424
 1.12341683 0.9468185  0.8559005  0.6654754 ]",1.9236426767676766,0.8620742360644783,5,20,19,7.966188430786133,1,1156.0,0.0,0.0,366,barabasi
known,static_conjecture,gnm_367,28.291263422012698,"[2.3658008835668314, 2.3312437015229612, 2.3912813280994336, 2.365848394808857, 2.6829999229234787, 0.19160462231992312, 2.841466823208832, 2.249446846814757, 2.3845576956141583, 0.8049205827859743]",2.3658008835668314,0.19160462231992312,"[2.34961337 2.34961337 2.34961337 2.34961337 2.34961337 0.86207424
 1.12341683 0.9468185  0.8559005  0.6654754 ]",2.349613372840608,0.8620742360644783,5,12,55,4.036215543746948,1,634.0,0.0,0.0,367,gnm
known,static_conjecture,barabasi_368,5.488860661891778,"[2.8435391703493673, 2.604256410064206, 2.491093647122305, 0.5881000153261796, 3.011624290872774, 0.6153085734023513, 2.203314850126109, 1.79822016600706, 2.5752151586933185, 0.40127476351185765]",2.8435391703493673,0.6153085734023513,"[2.34870595 2.34870595 2.34870595 2.34870595 2.34870595 0.86207424
 1.12341683 0.9468185  0.8559005  0.6654754 ]",2.34870594630933,0.8620742360644783,5,7,6,11.230818510055542,1,3174.0,0.0,0.0,368,barabasi
known,static_conjecture,gnm_369,13.861742490914366,"[2.6210807537232954, 1.8135123743251262, 2.2739803303035555, 2.3174544641907304, 1.7849965367798424, 0.6489083728522178, 1.322032311854546, 1.0479223080879212, 1.1103563445124958, 0.8369755380999813]",2.6210807537232954,0.6489083728522178,"[1.85651061 1.85651061 1.85651061 1.85651061 1.85651061 0.86207424
 1.12341683 0.9468185  0.8559005  0.6654754 ]",1.8565106125091821,0.8620742360644783,5,8,24,4.363303899765015,1,963.0,0.0,0.0,369,gnm
known,static_conjecture,watts_370,17.771431765980562,"[1.696687880399679, 2.999584324950848, 1.3391584055032797, 3.1382775851981437, 1.1785870363719022, 0.13258332953206753, 3.1405017364216175, 1.9220111799228736, 3.136196358479908, 1.4960971456544114]",1.696687880399679,0.13258332953206753,"[1.54166667 1.54166667 1.54166667 1.54166667 1.54166667 0.86207424
 1.12341683 0.9468185  0.8559005  0.6654754 ]",1.541666666666667,0.8620742360644783,5,14,28,5.865976095199585,1,910.0,0.0,0.0,370,watts
known,static_conjecture,regular_371,5.999975409161925,"[3.1399438377566837, 1.9452666643018244, 2.7602742680771817, 2.5321004822198088, 1.634546438289978, 0.8880633629920693, 2.2396761408854515, 1.8813511951603243, 1.7916477673406592, 0.9489391242467349]",3.1399438377566837,0.8880633629920693,"[1.56614833 1.56614833 1.56614833 1.56614833 1.56614833 0.86207424
 1.12341683 0.9468185  0.8559005  0.6654754 ]",1.5661483253588515,0.8620742360644783,5,7,7,1.293614149093628,1,802.0,0.0,0.0,371,regular
known,static_conjecture,gnm_372,6.952778075297829,"[2.8477564216675018, 2.1703595734666172, 1.6311724213106173, 2.888566184477785, 2.211363883474073, 1.3390213088841034, 2.474686040031089, 0.7920386118345104, 1.5630735276044743, 0.462315771180293]",2.8477564216675018,1.3390213088841034,"[1.85651061 1.85651061 1.85651061 1.85651061 1.85651061 0.86207424
 1.12341683 0.9468185  0.8559005  0.6654754 ]",1.8565106125091821,0.8620742360644783,5,6,11,4.6472272872924805,1,1461.0,0.0,0.0,372,gnm
known,static_conjecture,gnm_373,15.448671292135938,"[2.813714526754021, 2.048082003331341, 2.6301889783296906, 1.7180184057343721, 2.00691465631688, 1.1957235985503298, 1.5739893380381638, 1.5642616639079217, 0.7434181808577096, 1.5103058943327057]",2.813714526754021,1.1957235985503298,"[1.9395973  1.9395973  1.9395973  1.9395973  1.9395973  0.86207424
 1.12341683 0.9468185  0.8559005  0.6654754 ]",1.9395972990335737,0.8620742360644783,5,12,23,2.63916277885437,1,1042.0,0.0,0.0,373,gnm
known,static_conjecture,gnm_374,35.255832874458704,"[3.0233918724214437, 2.91241981194012, 1.5802669073579876, 2.6740948888748988, 1.7376852780785863, 2.002522080448055, 1.8971292116623304, 1.5744413922309413, 1.5642337200616434, 0.18727811015763188]",3.0233918724214437,2.002522080448055,"[2.25030343 2.25030343 2.25030343 2.25030343 2.25030343 0.86207424
 1.12341683 0.9468185  0.8559005  0.6654754 ]",2.2503034341538966,0.8620742360644783,5,16,55,28.527096033096313,1,1967.0,0.0,0.0,374,gnm
known,static_conjecture,regular_375,9.570336233646685,"[1.7335314750367146, 1.7275166010969598, 1.905460938851187, 2.1784561369736886, 1.444147950513632, 0.41984551046932395, 1.3429385141860548, 0.426448882354465, 1.8943158509230007, 0.586554590946776]",1.7335314750367146,0.41984551046932395,"[1.55020243 1.55020243 1.55020243 1.55020243 1.55020243 0.86207424
 1.12341683 0.9468185  0.8559005  0.6654754 ]",1.5502024291497978,0.8620742360644783,5,8,12,2.76155161857605,1,1561.0,0.0,0.0,375,regular
known,static_conjecture,barabasi_376,11.808535255380116,"[1.8814942196553743, 1.611121996522424, 1.9360210910493505, 1.8651965530837795, 1.5329940652342846, -0.16383187530525442, 2.6340643868389235, 1.834517453914743, 1.2826776763120122, 1.4950257992018967]",1.8814942196553743,-0.16383187530525442,"[1.55       1.55       1.55       1.55       1.55       0.86207424
 1.12341683 0.9468185  0.8559005  0.6654754 ]",1.55,0.8620742360644783,5,15,14,5.370895862579346,1,1270.0,0.0,0.0,376,barabasi
known,static_conjecture,gnm_377,14.758902168658096,"[2.7935529727199846, 2.6546350122810023, 1.245495919973269, 2.0234633468520196, 2.2325510338767285, 1.0584135718226872, 2.392533287334283, 1.2666590220820098, 1.5342429030102085, 0.7573061256847784]",2.7935529727199846,1.0584135718226872,"[1.85651061 1.85651061 1.85651061 1.85651061 1.85651061 0.86207424
 1.12341683 0.9468185  0.8559005  0.6654754 ]",1.8565106125091821,0.8620742360644783,5,8,25,4.40671181678772,1,995.0,0.0,0.0,377,gnm
known,static_conjecture,regular_378,9.565642729625097,"[1.7325451863899812, 1.7284881879691885, 1.9142043971989549, 2.19168928041841, 1.4382471992587318, 0.4149796968862096, 1.333139591023797, 0.43014484901260797, 1.8716825046649428, 0.5590858532606435]",1.7325451863899812,0.4149796968862096,"[1.55020243 1.55020243 1.55020243 1.55020243 1.55020243 0.86207424
 1.12341683 0.9468185  0.8559005  0.6654754 ]",1.5502024291497978,0.8620742360644783,5,8,12,4.326148509979248,1,1566.0,0.0,0.0,378,regular
known,static_conjecture,barabasi_379,20.866862041684275,"[1.5823122187029426, 1.9067248655753752, 1.9353158668680561, 1.070188180048743, 3.1414215955578606, -1.4852558246962113, 1.9126526193857858, 1.5856849162304658, 1.531479173765284, 0.8717145733054259]",1.5823122187029426,-1.4852558246962113,"[1.56708974 1.56708974 1.56708974 1.56708974 1.56708974 0.86207424
 1.12341683 0.9468185  0.8559005  0.6654754 ]",1.5670897378559268,0.8620742360644783,5,17,30,7.996332883834839,1,1039.0,0.0,0.0,379,barabasi
known,static_conjecture,gnm_380,30.550763724090903,"[2.964109234644128, 2.1481916979311957, 1.3992496795883667, 2.3603990056232917, 2.4556299231448637, 1.724141338068249, 3.038168348357343, 2.880879653636158, 1.574214641878689, 1.7566885510677812]",2.964109234644128,1.724141338068249,"[2.24806714 2.24806714 2.24806714 2.24806714 2.24806714 0.86207424
 1.12341683 0.9468185  0.8559005  0.6654754 ]",2.248067138322228,0.8620742360644783,5,16,49,7.252716541290283,1,862.0,0.0,0.0,380,gnm
known,static_conjecture,gnm_381,7.743231742676928,"[2.6591313739555305, 1.7748545472454333, 2.4038577844040216, 1.6174030968534456, 2.1111352707998483, 1.1702902855855106, 2.3623733824260795, 2.313843967288293, 2.426746699297051, 1.5652690628526322]",2.6591313739555305,1.1702902855855106,"[2.1422249  2.1422249  2.1422249  2.1422249  2.1422249  0.86207424
 1.12341683 0.9468185  0.8559005  0.6654754 ]",2.1422248982234677,0.8620742360644783,5,10,10,3.9268252849578857,1,1084.0,0.0,0.0,381,gnm
known,static_conjecture,regular_382,5.999929800091869,"[3.13973335255192, 1.9485019987789527, 2.744392570430844, 2.538163772043955, 1.651419116966006, 0.8255833413619106, 2.251079331035645, 1.8826602267302701, 1.7983272419034155, 0.9341807307799231]",3.13973335255192,0.8255833413619106,"[1.56614833 1.56614833 1.56614833 1.56614833 1.56614833 0.86207424
 1.12341683 0.9468185  0.8559005  0.6654754 ]",1.5661483253588515,0.8620742360644783,5,7,7,2.548330545425415,1,596.0,0.0,0.0,382,regular
known,static_conjecture,watts_383,8.90497204317245,"[0.3102988186454452, 2.5572273478793957, 0.8961169382341685, 1.8147188005172967, 2.6635482976119493, 1.452925575917543, 2.0777209795610148, 1.594892115297342, 1.9430198977183926, 0.22358868538967555]",0.3102988186454452,1.452925575917543,"[1.46995192 1.46995192 1.46995192 1.46995192 1.46995192 0.86207424
 1.12341683 0.9468185  0.8559005  0.6654754 ]",1.4699519230769231,0.8620742360644783,5,10,10,13.293001890182495,1,2854.0,0.0,0.0,383,watts
known,static_conjecture,watts_384,14.84904264256841,"[1.8387998575118618, 2.547620548147111, 1.5750439029566112, 1.6615777801455605, 1.6617143130911778, 0.09158199585175089, 2.634896546306387, 1.0742598985119376, 2.0669815462959353, 0.8788367090943432]",1.8387998575118618,0.09158199585175089,"[1.54166667 1.54166667 1.54166667 1.54166667 1.54166667 0.86207424
 1.12341683 0.9468185  0.8559005  0.6654754 ]",1.541666666666667,0.8620742360644783,5,11,22,7.622199535369873,1,1758.0,0.0,0.0,384,watts
known,static_conjecture,gnm_385,13.403273862731725,"[1.386442489336867, 1.5423274181594495, 1.425974130872325, 3.0254806250627073, 1.4450725946028822, 1.653167396260384, 2.0854135463795, 1.4327452438095745, 1.6694396851566395, 0.3031159207765878]",1.386442489336867,1.653167396260384,"[1.47813572 1.47813572 1.47813572 1.47813572 1.47813572 0.86207424
 1.12341683 0.9468185  0.8559005  0.6654754 ]",1.4781357232613213,0.8620742360644783,5,11,18,3.5411453247070312,1,820.0,0.0,0.0,385,gnm
known,static_conjecture,barabasi_386,5.462558114886633,"[2.261882805197461, 2.402139373029229, 2.2807345253161726, 2.7031075182551603, 2.320206567082246, -0.12145820129596693, 2.3683137279177267, 1.1970972138236773, 1.446627612066307, 0.22265476666140277]",2.261882805197461,-0.12145820129596693,"[2.17599942 2.17599942 2.17599942 2.17599942 2.17599942 0.86207424
 1.12341683 0.9468185  0.8559005  0.6654754 ]",2.1759994235088223,0.8620742360644783,5,7,6,5.612897872924805,1,1480.0,0.0,0.0,386,barabasi
known,static_conjecture,gnm_387,30.237518532954244,"[0.7498117652856231, 2.619141233848637, 2.753806113911483, 3.039438315404908, 1.2040264798546203, 1.5477394038717505, 2.99798140467437, 3.1415297615280955, 1.870902228884421, 1.6729049681402168]",0.7498117652856231,1.5477394038717505,"[2.30686053 2.30686053 2.30686053 2.30686053 2.30686053 0.86207424
 1.12341683 0.9468185  0.8559005  0.6654754 ]",2.3068605293227487,0.8620742360644783,5,20,46,14.803308248519897,1,1022.0,0.0,0.0,387,gnm
known,static_conjecture,regular_388,6.749800384202899,"[2.748767502846592, 3.1415901407071978, 3.1415345631724936, 3.1415843120413465, 3.1415901003526443, 1.4694129265306115, 2.9840534513194954, 2.4011312758886367, 1.7973378562256754, 1.1660387315127911]",2.748767502846592,1.4694129265306115,"[1.29838057 1.29838057 1.29838057 1.29838057 1.29838057 0.86207424
 1.12341683 0.9468185  0.8559005  0.6654754 ]",1.2983805668016197,0.8620742360644783,5,9,9,1.0652942657470703,1,623.0,0.0,0.0,388,regular
known,static_conjecture,gnm_389,11.324853674575024,"[1.785407778841952, 1.8476874375975787, 1.9179356566305712, 2.049992310062481, 2.074697757250175, 0.6498805003083783, 2.801240533170575, 2.362199985845991, 2.3257109465884365, 0.7554907347216409]",1.785407778841952,0.6498805003083783,"[1.82079633 1.82079633 1.82079633 1.82079633 1.82079633 0.86207424
 1.12341683 0.9468185  0.8559005  0.6654754 ]",1.8207963267948966,0.8620742360644783,5,7,19,4.393169164657593,1,1510.0,0.0,0.0,389,gnm
known,static_conjecture,regular_390,12.510891453223678,"[1.3724744559008326, 2.971418483123873, 1.8134356760033383, 2.0399484375821437, 1.490387888143096, 2.38296411499417, -0.1697351601557096, 0.9930358013301157, 0.9153594017641116, 0.6275328507129508]",1.3724744559008326,2.38296411499417,"[1.35020243 1.35020243 1.35020243 1.35020243 1.35020243 0.86207424
 1.12341683 0.9468185  0.8559005  0.6654754 ]",1.3502024291497978,0.8620742360644783,5,10,15,4.48784613609314,1,1746.0,0.0,0.0,390,regular
known,static_conjecture,regular_391,13.300844667537453,"[1.4515959215824, 1.8353162853352185, 2.198317263948676, 2.728939189881293, 1.852457022519239, 1.2539098696413142, 2.8007947139523584, 1.3135837089457847, 1.6585114283609594, 1.1099954600471835]",1.4515959215824,1.2539098696413142,"[2.09196429 2.09196429 2.09196429 2.09196429 2.09196429 0.86207424
 1.12341683 0.9468185  0.8559005  0.6654754 ]",2.091964285714286,0.8620742360644783,5,12,18,3.9280591011047363,1,905.0,0.0,0.0,391,regular
known,static_conjecture,watts_392,10.792088580194918,"[1.569502175995766, 1.8323216162001121, 1.8742774069632242, 1.787380895875931, 0.5889746715128032, 0.9418732337992599, 2.5682657905484043, 1.4973180035577625, 1.1551618123224268, 1.3466918190586201]",1.569502175995766,0.9418732337992599,"[1.54166667 1.54166667 1.54166667 1.54166667 1.54166667 0.86207424
 1.12341683 0.9468185  0.8559005  0.6654754 ]",1.541666666666667,0.8620742360644783,5,13,13,3.3951549530029297,1,699.0,0.0,0.0,392,watts
known,static_conjecture,regular_393,25.91066637597442,"[3.137437635077468, 1.8011217971226148, 3.075887096879155, 2.099151252813482, 3.0497174421780615, 1.3474031739564536, 1.9923785020788203, 0.5565729949599387, 1.902610150291537, 0.9786314751285686]",3.137437635077468,1.3474031739564536,"[3.14159265 3.14159265 3.14159265 3.14159265 3.14159265 0.86207424
 1.12341683 0.9468185  0.8559005  0.6654754 ]",3.141592653589793,0.8620742360644783,5,18,36,7.480459690093994,1,868.0,0.0,0.0,393,regular
known,static_conjecture,gnm_394,23.504122711770343,"[2.414529445707711, 2.734691726852258, 2.2623741066283167, 2.246711715823888, 3.0175290180348404, 0.7681776713236167, 2.3658650076323418, 2.0224657651961726, 2.2555153591810293, 0.9358257513094306]",2.414529445707711,0.7681776713236167,"[2.30356428 2.30356428 2.30356428 2.30356428 2.30356428 0.86207424
 1.12341683 0.9468185  0.8559005  0.6654754 ]",2.3035642785404056,0.8620742360644783,5,11,45,9.104049921035767,1,1212.0,0.0,0.0,394,gnm
known,static_conjecture,gnm_395,44.71527562663442,"[2.4308846707202556, 2.4060246415376585, 2.425107250141168, 2.311728980981706, 1.5600079852528217, 1.5716551489247816, 2.181289566711844, 1.5679298442896918, 1.3381206386187656, 0.977931870795264]",2.4308846707202556,1.5716551489247816,"[2.2945584  2.2945584  2.2945584  2.2945584  2.2945584  0.86207424
 1.12341683 0.9468185  0.8559005  0.6654754 ]",2.2945584045022787,0.8620742360644783,5,15,82,10.283697843551636,1,635.0,0.0,0.0,395,gnm
known,static_conjecture,watts_396,7.81504199768824,"[1.4076082327816772, 2.778791379936786, 1.5946165429201355, 1.6619582842800185, 1.6743097004306993, 0.4465356980505322, 2.11183959845263, 2.712148439371738, 2.388339173624722, 0.7650761666191439]",1.4076082327816772,0.4465356980505322,"[1.63924033 1.63924033 1.63924033 1.63924033 1.63924033 0.86207424
 1.12341683 0.9468185  0.8559005  0.6654754 ]",1.6392403283850654,0.8620742360644783,5,6,12,2.740875720977783,1,1288.0,0.0,0.0,396,watts
known,static_conjecture,barabasi_397,4.7915107901744705,"[1.7496968428975574, 2.7999202769779, 2.5190103982171923, 3.1310416451928313, 1.5749493589907493, 1.0551747095153097, 1.8498844628091908, 0.9634703937773934, 1.754967952393819, 0.40946527901909435]",1.7496968428975574,1.0551747095153097,"[2.18690907 2.18690907 2.18690907 2.18690907 2.18690907 0.86207424
 1.12341683 0.9468185  0.8559005  0.6654754 ]",2.1869090704617022,0.8620742360644783,5,6,5,1.069775104522705,1,971.0,0.0,0.0,397,barabasi
known,static_conjecture,gnm_398,42.640998803016096,"[1.5977929342816117, 2.3251923983266303, 2.499877159727723, 2.8150965828842027, 2.927220423126064, 1.3919075166495565, 1.5826516393757797, 1.4299150445249675, 1.9063970216012869, 1.8269375979895073]",1.5977929342816117,1.3919075166495565,"[2.24886357 2.24886357 2.24886357 2.24886357 2.24886357 0.86207424
 1.12341683 0.9468185  0.8559005  0.6654754 ]",2.248863568630475,0.8620742360644783,5,17,68,21.074216842651367,1,1628.0,0.0,0.0,398,gnm
known,static_conjecture,watts_399,13.383960322313126,"[3.141592653589793, 1.8619712448148196, 1.4117107752085158, 1.1277376571718933, 1.5836235331285735, 1.5645239828253368, 2.065925214699833, 0.6390459460758291, 1.2532447476745945, 0.43540261003530717]",3.141592653589793,1.5645239828253368,"[1.57079633 1.57079633 1.57079633 1.57079633 1.57079633 0.86207424
 1.12341683 0.9468185  0.8559005  0.6654754 ]",1.5707963267948966,0.8620742360644783,5,17,17,4.413653373718262,1,1049.0,0.0,0.0,399,watts
known,static_conjecture,barabasi_400,11.716666748404496,"[1.258158833825929, 3.0615230346529683, -0.8721351051148234, 3.0515102057847954, 0.5545305383116037, 0.09562765158098031, 3.141592653589793, 2.0402534387926314, 2.192012242116757, 1.3211285201161855]",1.258158833825929,0.09562765158098031,"[1.55       1.55       1.55       1.55       1.55       0.86207424
 1.12341683 0.9468185  0.8559005  0.6654754 ]",1.55,0.8620742360644783,5,15,14,5.149427652359009,1,1639.0,0.0,0.0,400,barabasi
known,static_conjecture,barabasi_401,13.875646875713002,"[2.941490571943996, 2.82563782315495, 1.2602560195922603, 2.7132668013663572, 1.5639249060377192, 2.1213095479351978, 1.9295203841844657, 0.18984234561885827, 1.2979066614211865, 0.33226654606119194]",2.941490571943996,2.1213095479351978,"[1.93834438 1.93834438 1.93834438 1.93834438 1.93834438 0.86207424
 1.12341683 0.9468185  0.8559005  0.6654754 ]",1.9383443813131316,0.8620742360644783,5,16,15,6.851646900177002,1,1846.0,0.0,0.0,401,barabasi
known,static_conjecture,watts_402,12.499473039968352,"[0.25898426564956045, 0.8544445329502182, 2.7136706228916845, 2.550549368496646, 1.087260821882898, 0.9976362207198853, 3.1414209028562547, 1.2866887194985657, 1.6934845857899292, 1.40931791226008]",0.25898426564956045,0.9976362207198853,"[1.54166667 1.54166667 1.54166667 1.54166667 1.54166667 0.86207424
 1.12341683 0.9468185  0.8559005  0.6654754 ]",1.541666666666667,0.8620742360644783,5,15,15,8.234949588775635,1,2284.0,0.0,0.0,402,watts
known,static_conjecture,barabasi_403,15.28319138442218,"[1.3858438150036165, 3.135442058880047, 1.5772036735532706, 2.847951664415265, 0.41567367269742156, 0.010881592469514213, 3.1276823678386103, 2.1262025263199202, 1.7968624151098571, -0.19244440801475432]",1.3858438150036165,0.010881592469514213,"[1.54148586 1.54148586 1.54148586 1.54148586 1.54148586 0.86207424
 1.12341683 0.9468185  0.8559005  0.6654754 ]",1.5414858645627878,0.8620742360644783,5,13,22,2.892564535140991,1,1286.0,0.0,0.0,403,barabasi
known,static_conjecture,watts_404,9.19997216716638,"[2.9468039990302053, 1.6094492157838785, 2.069391993181056, 1.5385794893680695, 2.317720960452997, 1.2288193778431453, 2.379632831464196, 2.5204745124235637, 2.1851755646229125, -0.1832596559307909]",2.9468039990302053,1.2288193778431453,"[1.76771255 1.76771255 1.76771255 1.76771255 1.76771255 0.86207424
 1.12341683 0.9468185  0.8559005  0.6654754 ]",1.7677125506072873,0.8620742360644783,5,7,14,4.825841426849365,1,1805.0,0.0,0.0,404,watts
known,static_conjecture,barabasi_405,24.16305609050339,"[1.6362863891178534, 1.7953167176949019, 1.5489389797144955, 2.8098232184753575, 1.3616118966801505, 0.4835194501285662, 2.909536780676749, 1.4310918445949254, 1.5451453676484301, 0.23424878512263841]",1.6362863891178534,0.4835194501285662,"[1.561875   1.561875   1.561875   1.561875   1.561875   0.86207424
 1.12341683 0.9468185  0.8559005  0.6654754 ]",1.5618750000000001,0.8620742360644783,5,20,36,12.005062580108643,1,1114.0,0.0,0.0,405,barabasi
known,static_conjecture,watts_406,14.019691166373727,"[2.6351978918362247, 1.8386884315325096, 2.6805947508242753, 3.0843129397077416, 1.6947557906206328, 1.2741415517046815, 2.208281977334094, 2.1238629570022685, 1.9563864832884912, 0.7154275950028803]",2.6351978918362247,1.2741415517046815,"[1.57079633 1.57079633 1.57079633 1.57079633 1.57079633 0.86207424
 1.12341683 0.9468185  0.8559005  0.6654754 ]",1.5707963267948966,0.8620742360644783,5,17,17,5.1205222606658936,1,1515.0,0.0,0.0,406,watts
known,static_conjecture,watts_407,14.135766291389894,"[1.5947340942881914, 1.9649259915706407, 1.1887023726520676, 1.8065570515333444, 2.371536328988714, 0.6814385283033992, 2.0374728928085264, 1.6425421200304333, 0.7911753145079496, 0.20375784654767065]",1.5947340942881914,0.6814385283033992,"[1.57079633 1.57079633 1.57079633 1.57079633 1.57079633 0.86207424
 1.12341683 0.9468185  0.8559005  0.6654754 ]",1.5707963267948966,0.8620742360644783,5,17,17,3.2889444828033447,1,857.0,0.0,0.0,407,watts
known,static_conjecture,barabasi_408,26.481962971664778,"[3.0048020253427272, 2.910219446647483, 1.5791781011652388, 1.6875713419834564, 2.651524997254776, 0.4414216211879415, 1.980232584745574, 1.5813438620641933, 1.4628871479347447, 0.19776378329982414]",3.0048020253427272,0.4414216211879415,"[1.75400095 1.75400095 1.75400095 1.75400095 1.75400095 0.86207424
 1.12341683 0.9468185  0.8559005  0.6654754 ]",1.7540009469696967,0.8620742360644783,5,16,39,5.51478910446167,1,976.0,0.0,0.0,408,barabasi
known,static_conjecture,barabasi_409,8.555301759184934,"[1.4121854515860786, 2.0823343093444437, 1.369166255850841, 2.1095275174707657, 1.589052039903851, 0.7905042636095483, 1.7170927639492826, 1.0478363436660056, 1.1105668713514842, 0.46464152490405475]",1.4121854515860786,0.7905042636095483,"[1.55371901 1.55371901 1.55371901 1.55371901 1.55371901 0.86207424
 1.12341683 0.9468185  0.8559005  0.6654754 ]",1.5537190082644627,0.8620742360644783,5,11,10,3.2150022983551025,1,1314.0,0.0,0.0,409,barabasi
known,static_conjecture,gnm_410,34.60350796058693,"[2.406315750009804, 2.3071740213022025, 2.519398734640032, 2.2976090985734325, 2.2874852092153546, 0.7846212365618794, 1.852980002736833, 1.5797005940212183, 1.5351157781939795, 0.7306047134952238]",2.406315750009804,0.7846212365618794,"[2.29598009 2.29598009 2.29598009 2.29598009 2.29598009 0.86207424
 1.12341683 0.9468185  0.8559005  0.6654754 ]",2.295980089862011,0.8620742360644783,5,14,69,9.22341012954712,1,678.0,0.0,0.0,410,gnm
known,static_conjecture,watts_411,16.332370596445184,"[1.342340930292496, 3.140441941344914, 1.5250767849875833, 3.1415708427677083, 1.5799060109530307, 0.8867975265213323, 2.7435126580135, 2.6825422357576296, 2.3669183493294215, 1.1109140094159227]",1.342340930292496,0.8867975265213323,"[1.54166667 1.54166667 1.54166667 1.54166667 1.54166667 0.86207424
 1.12341683 0.9468185  0.8559005  0.6654754 ]",1.541666666666667,0.8620742360644783,5,13,26,3.1487393379211426,1,645.0,0.0,0.0,411,watts
known,static_conjecture,barabasi_412,11.904172301533665,"[1.6419819002944986, 1.5134489071142019, -0.2782483077833521, 2.6781434350571596, 1.2897435039621838, 1.8453850676642505, 3.141033461726055, 1.8948501770441222, 1.7926739951433783, 1.3809136489797735]",1.6419819002944986,1.8453850676642505,"[1.55555556 1.55555556 1.55555556 1.55555556 1.55555556 0.86207424
 1.12341683 0.9468185  0.8559005  0.6654754 ]",1.5555555555555556,0.8620742360644783,5,15,14,4.823834180831909,1,1392.0,0.0,0.0,412,barabasi
known,static_conjecture,barabasi_413,9.344149112188553,"[1.5566895100928768, 1.9211576675272442, 1.9003068330607098, 1.831099414450559, -0.08173370755264166, 0.9194610888628227, 2.757000912225429, 1.737140546520779, 2.1006752670409394, 0.8214240600245577]",1.5566895100928768,0.9194610888628227,"[1.55034722 1.55034722 1.55034722 1.55034722 1.55034722 0.86207424
 1.12341683 0.9468185  0.8559005  0.6654754 ]",1.5503472222222223,0.8620742360644783,5,12,11,2.709404468536377,1,996.0,0.0,0.0,413,barabasi
known,static_conjecture,gnm_414,46.09896965547895,"[2.181346338549211, 2.408040866039751, 2.1491010519623166, 1.9323011676547175, 2.5771499321396787, 1.5594557221363492, 1.7486194489498474, 1.58008564385079, 1.5722373650549173, -0.21079604751749895]",2.181346338549211,1.5594557221363492,"[2.34865779 2.34865779 2.34865779 2.34865779 2.34865779 0.86207424
 1.12341683 0.9468185  0.8559005  0.6654754 ]",2.348657794090501,0.8620742360644783,5,16,83,11.394917964935303,1,735.0,0.0,0.0,414,gnm
known,static_conjecture,barabasi_415,11.85951551863947,"[1.3066598456626768, 2.1158045110012984, 2.1170539888109134, 1.6590907411345062, 1.5658649567582945, 0.18225925464788606, 1.1793726305157666, 1.1619135810559076, 1.3275815998309435, 0.5491693948518681]",1.3066598456626768,0.18225925464788606,"[1.55555556 1.55555556 1.55555556 1.55555556 1.55555556 0.86207424
 1.12341683 0.9468185  0.8559005  0.6654754 ]",1.5555555555555556,0.8620742360644783,5,15,14,6.494122505187988,1,1466.0,0.0,0.0,415,barabasi
known,static_conjecture,regular_416,9.999991207106728,"[2.184259475984477, 2.2632231168211288, 2.186620287579432, 2.3124714809056335, 2.0460165497310294, 1.0961020559562993, 0.8285471277601183, 0.9546888991392384, 0.8782820973457797, 0.9583797239506793]",2.184259475984477,1.0961020559562993,"[1.24210526 1.24210526 1.24210526 1.24210526 1.24210526 0.86207424
 1.12341683 0.9468185  0.8559005  0.6654754 ]",1.2421052631578946,0.8620742360644783,5,10,10,5.9190757274627686,1,1121.0,0.0,0.0,416,regular
known,static_conjecture,regular_417,24.23344046403607,"[2.8236598566601345, 1.740623971880158, 3.106544403316022, 2.66625451741837, 2.1203768989636114, 1.2676532386309867, 1.8294089393170474, 0.6807087759327948, 1.76249698287751, 1.4239636769869688]",2.8236598566601345,1.2676532386309867,"[3.14159265 3.14159265 3.14159265 3.14159265 3.14159265 0.86207424
 1.12341683 0.9468185  0.8559005  0.6654754 ]",3.141592653589793,0.8620742360644783,5,17,34,8.759445905685425,1,1375.0,0.0,0.0,417,regular
known,static_conjecture,regular_418,13.500215750941152,"[1.4288181537461782, 1.2867947239004933, 1.261988739511699, 1.2597682552991822, 1.2427192655684083, 0.5584035181550802, 2.042419591492338, 1.9451020688147969, 1.8497316317869474, 0.15847117242632994]",1.4288181537461782,0.5584035181550802,"[1.1        1.1        1.1        1.1        1.1        0.86207424
 1.12341683 0.9468185  0.8559005  0.6654754 ]",1.1,0.8620742360644783,5,9,18,5.820152759552002,1,1620.0,0.0,0.0,418,regular
known,static_conjecture,barabasi_419,6.539103746748424,"[2.872894529333405, 2.1639139445689803, 2.8846846232553514, 2.260804742163498, 1.9631504323104751, 1.7468020990955944, 1.8707243587522737, 1.5925683563063353, 1.3141097913467126, 0.1851852457336943]",2.872894529333405,1.7468020990955944,"[2.18324468 2.18324468 2.18324468 2.18324468 2.18324468 0.86207424
 1.12341683 0.9468185  0.8559005  0.6654754 ]",2.183244677593048,0.8620742360644783,5,8,7,5.895904779434204,1,1390.0,0.0,0.0,419,barabasi
known,static_conjecture,watts_420,14.080639920864918,"[2.8576519821473685, 2.006487828050825, 1.7504088885017912, 1.4164644935371475, 1.1716290395225062, 1.699166521876781, 2.722766300866718, 1.2667269173918831, 1.9008947993835905, 0.18558850684298886]",2.8576519821473685,1.699166521876781,"[1.49076923 1.49076923 1.49076923 1.49076923 1.49076923 0.86207424
 1.12341683 0.9468185  0.8559005  0.6654754 ]",1.4907692307692306,0.8620742360644783,5,10,20,7.533823251724243,1,1949.0,0.0,0.0,420,watts
known,static_conjecture,watts_421,27.70772467724453,"[2.84733902714337, 1.675093293879054, 1.5916757712129412, 1.5449527976888717, 2.1150076654037773, 1.2245985360644327, 2.5675017482624547, 2.267997072394585, 2.0954506471539056, 1.4068169681043348]",2.84733902714337,1.2245985360644327,"[1.83625087 1.83625087 1.83625087 1.83625087 1.83625087 0.86207424
 1.12341683 0.9468185  0.8559005  0.6654754 ]",1.836250872249442,0.8620742360644783,5,20,40,10.021268367767334,1,891.0,0.0,0.0,421,watts
known,static_conjecture,watts_422,18.202492726649623,"[1.4712132517534435, 3.10731210638634, 1.3889830695233067, 3.141556816275306, 1.2596878191120355, 1.1218253193628627, 3.0690540505494823, 2.593176004163954, 2.4461163077233645, 1.404927416974283]",1.4712132517534435,1.1218253193628627,"[1.54166667 1.54166667 1.54166667 1.54166667 1.54166667 0.86207424
 1.12341683 0.9468185  0.8559005  0.6654754 ]",1.541666666666667,0.8620742360644783,5,14,28,1.2299752235412598,1,778.0,0.0,0.0,422,watts
known,static_conjecture,barabasi_423,4.558908899364724,"[2.568624815472236, 2.4207997311768454, 1.7631036016799337, 1.4610231926051704, 2.3862853255385783, 1.7900540403843694, 2.0107049848584424, 1.175666051015765, 2.6947529883328136, 1.305876786240928]",2.568624815472236,1.7900540403843694,"[2.28139837 2.28139837 2.28139837 2.28139837 2.28139837 0.86207424
 1.12341683 0.9468185  0.8559005  0.6654754 ]",2.281398371365477,0.8620742360644783,5,6,5,1.6999881267547607,1,1509.0,0.0,0.0,423,barabasi
known,static_conjecture,watts_424,16.57986245392419,"[1.5854247672974475, 1.8191928884655861, 0.5768017942852096, 3.141563640914189, 3.0151514433805815, 0.9910294572511227, 2.615237231121268, 0.8969945113591243, 1.1507358106679748, 0.7957446091513468]",1.5854247672974475,0.9910294572511227,"[1.57079633 1.57079633 1.57079633 1.57079633 1.57079633 0.86207424
 1.12341683 0.9468185  0.8559005  0.6654754 ]",1.5707963267948966,0.8620742360644783,5,20,20,5.052173852920532,1,830.0,0.0,0.0,424,watts
known,static_conjecture,watts_425,4.742350578693731,"[0.2505585378303647, 3.0463836299132856, 2.531064230510002, 3.131931713253429, 0.7506651136221395, 2.4513427956223306, 2.167434860531702, 1.9921464752146276, 2.9787023620432804, 1.3366466104196624]",0.2505585378303647,2.4513427956223306,"[1.48824786 1.48824786 1.48824786 1.48824786 1.48824786 0.86207424
 1.12341683 0.9468185  0.8559005  0.6654754 ]",1.4882478632478633,0.8620742360644783,5,6,6,2.090766668319702,1,1788.0,0.0,0.0,425,watts
known,static_conjecture,barabasi_426,11.696971999459384,"[1.3775011584526355, 2.051024402614015, 2.094454359221398, 1.6104007225715287, 1.5877197223461745, 0.1767602085252485, 1.2221372137556938, 1.1056285408062845, 1.334230321446888, 0.6304985162453507]",1.3775011584526355,0.1767602085252485,"[1.55555556 1.55555556 1.55555556 1.55555556 1.55555556 0.86207424
 1.12341683 0.9468185  0.8559005  0.6654754 ]",1.5555555555555556,0.8620742360644783,5,15,14,2.9250528812408447,1,1002.0,0.0,0.0,426,barabasi
known,static_conjecture,regular_427,29.265982377257163,"[3.139377510838056, 1.4129834419536826, 2.828830021466376, 1.8899315708143476, 1.4868860499986687, 1.5205524892060045, 2.2261483958809447, 1.8815994148973383, 2.3400232044156684, 0.6463050322872286]",3.139377510838056,1.5205524892060045,"[3.14159265 3.14159265 3.14159265 3.14159265 3.14159265 0.86207424
 1.12341683 0.9468185  0.8559005  0.6654754 ]",3.141592653589793,0.8620742360644783,5,20,40,18.414069414138794,1,1627.0,0.0,0.0,427,regular
known,static_conjecture,regular_428,14.726313980703367,"[1.3872147534858539, 2.8124174817026475, 1.2328636520753258, 1.0595826989666897, 0.13840105402152728, 0.929970874284245, 2.536372427520507, 2.1616849570615315, 0.37931383448693, 0.8569851867749005]",1.3872147534858539,0.929970874284245,"[1.35020243 1.35020243 1.35020243 1.35020243 1.35020243 0.86207424
 1.12341683 0.9468185  0.8559005  0.6654754 ]",1.3502024291497978,0.8620742360644783,5,10,15,4.805963039398193,1,2724.0,0.0,0.0,428,regular
known,static_conjecture,barabasi_429,15.267475957508458,"[1.8066823187893193, 2.7002077653576153, 1.472252862955052, 1.6987160192727075, 1.5731898306381717, 1.3822091075337288, 1.9941924042564936, 2.036002257440534, 2.8281946401892624, 1.3961248020055887]",1.8066823187893193,1.3822091075337288,"[1.65066443 1.65066443 1.65066443 1.65066443 1.65066443 0.86207424
 1.12341683 0.9468185  0.8559005  0.6654754 ]",1.6506644299299014,0.8620742360644783,5,13,22,4.786726474761963,1,999.0,0.0,0.0,429,barabasi
known,static_conjecture,regular_430,9.94780255818337,"[2.4134928894959256, 2.1634619475981847, 2.3097239242043672, 1.8736824022419134, 1.6854055109091854, -0.24969612582517406, 2.2885169315906033, 1.2291159526325632, 1.0557318898291386, 0.9894350909581046]",2.4134928894959256,-0.24969612582517406,"[1.53632918 1.53632918 1.53632918 1.53632918 1.53632918 0.86207424
 1.12341683 0.9468185  0.8559005  0.6654754 ]",1.5363291750727188,0.8620742360644783,5,11,11,3.3770036697387695,1,1393.0,0.0,0.0,430,regular
known,static_conjecture,regular_431,27.525659563611782,"[2.9343005680828993, 1.956333087960137, 2.879591874936133, 2.6030026030757663, 3.1310438157068834, 0.9041436616352507, 1.6402377410890594, 1.1723412663435033, 1.3194453142186964, 0.47018346693123947]",2.9343005680828993,0.9041436616352507,"[3.14159265 3.14159265 3.14159265 3.14159265 3.14159265 0.86207424
 1.12341683 0.9468185  0.8559005  0.6654754 ]",3.141592653589793,0.8620742360644783,5,19,38,10.514509201049805,1,1244.0,0.0,0.0,431,regular
known,static_conjecture,regular_432,27.82191622409542,"[2.7543649474449836, 1.8293283382179446, 2.9225446084010867, 3.0520477065276146, 1.7134294274394088, 1.4108050243807315, 2.112953338569124, 0.4425109653858498, 2.0207627680215356, 0.9946668419964249]",2.7543649474449836,1.4108050243807315,"[3.14159265 3.14159265 3.14159265 3.14159265 3.14159265 0.86207424
 1.12341683 0.9468185  0.8559005  0.6654754 ]",3.141592653589793,0.8620742360644783,5,18,36,7.324174404144287,1,1382.0,0.0,0.0,432,regular
known,static_conjecture,regular_433,23.814987145148436,"[2.9818045829990476, 1.907635473341749, 2.9235626220449644, 2.3964355986931225, 2.3021372582903536, 0.9019856187209536, 1.712916061009789, 1.9829097692493294, 1.59262645163178, 0.5956144241791865]",2.9818045829990476,0.9019856187209536,"[3.14159265 3.14159265 3.14159265 3.14159265 3.14159265 0.86207424
 1.12341683 0.9468185  0.8559005  0.6654754 ]",3.141592653589793,0.8620742360644783,5,17,34,5.491666316986084,1,814.0,0.0,0.0,433,regular
known,static_conjecture,gnm_434,36.571619846193904,"[2.254632001892614, 2.2761014479135255, 2.295348012613147, 2.2162751510365277, 2.2512948016363037, 0.8815261930595645, 2.7155998089314703, 2.513203638686438, 2.2759076337250734, 0.948415458837983]",2.254632001892614,0.8815261930595645,"[2.26482842 2.26482842 2.26482842 2.26482842 2.26482842 0.86207424
 1.12341683 0.9468185  0.8559005  0.6654754 ]",2.264828415010765,0.8620742360644783,5,17,73,9.06818175315857,1,617.0,0.0,0.0,434,gnm
known,static_conjecture,watts_435,10.373941983597742,"[1.5545631170237189, 1.8382008430083263, 1.686211213623773, 1.9469470604677803, 0.5567418889374325, 0.97100470796687, 2.5424623304807286, 1.5345820432005168, 1.1274318987054297, 1.3261879558602356]",1.5545631170237189,0.97100470796687,"[1.54166667 1.54166667 1.54166667 1.54166667 1.54166667 0.86207424
 1.12341683 0.9468185  0.8559005  0.6654754 ]",1.541666666666667,0.8620742360644783,5,12,12,1.715501308441162,1,709.0,0.0,0.0,435,watts
known,static_conjecture,barabasi_436,7.605299794010389,"[2.756733704079746, 1.2743918888131378, 2.9475692844969426, 2.8246817505155515, 3.014591174301237, 0.28362091281296514, 2.9203475314529306, 1.8079204544161116, 2.0820493400711224, 0.7333241383751452]",2.756733704079746,0.28362091281296514,"[2.28139837 2.28139837 2.28139837 2.28139837 2.28139837 0.86207424
 1.12341683 0.9468185  0.8559005  0.6654754 ]",2.281398371365477,0.8620742360644783,5,10,9,2.105228900909424,1,1082.0,0.0,0.0,436,barabasi
known,static_conjecture,watts_437,9.850523901092007,"[2.4173504210023165, 0.4244237192083302, 2.248994497673899, 2.8505750794646487, 0.5180495619500509, 1.4323303175757887, 2.1557783141171347, 1.3010767982972848, 1.6766222525384649, 0.38046406947801614]",2.4173504210023165,1.4323303175757887,"[1.54166667 1.54166667 1.54166667 1.54166667 1.54166667 0.86207424
 1.12341683 0.9468185  0.8559005  0.6654754 ]",1.541666666666667,0.8620742360644783,5,12,12,4.667713403701782,1,1775.0,0.0,0.0,437,watts
known,static_conjecture,gnm_438,25.446613360873897,"[3.0169925706863836, 1.9425731822152663, 2.840118014042135, 1.8852646225771212, 1.5395620071914484, 1.7736438829165055, 2.5317555723155376, 1.5866487522553836, 1.3280124804853062, 0.5991519390200871]",3.0169925706863836,1.7736438829165055,"[1.96487096 1.96487096 1.96487096 1.96487096 1.96487096 0.86207424
 1.12341683 0.9468185  0.8559005  0.6654754 ]",1.9648709606669574,0.8620742360644783,5,14,41,7.535200119018555,1,1272.0,0.0,0.0,438,gnm
known,static_conjecture,barabasi_439,4.775469539490587,"[2.659040716826808, 2.3614181043029694, 2.2733810013189064, 3.0362519095204954, 2.13857723177204, 1.699727776570565, 2.0238121673616547, 1.8073813365991505, 0.991395214967179, 0.18825412175037565]",2.659040716826808,1.699727776570565,"[2.28139837 2.28139837 2.28139837 2.28139837 2.28139837 0.86207424
 1.12341683 0.9468185  0.8559005  0.6654754 ]",2.281398371365477,0.8620742360644783,5,6,5,3.8077685832977295,1,2113.0,0.0,0.0,439,barabasi
known,static_conjecture,gnm_440,60.07294298680563,"[2.967069281051482, 1.9646652110538334, 2.094011748643118, 3.141231232926378, 2.6109761870440695, 0.9223319241391416, 2.5273879729054096, 1.8588263348882257, 1.2819657202414527, 0.6417358746250144]",2.967069281051482,0.9223319241391416,"[2.51454223 2.51454223 2.51454223 2.51454223 2.51454223 0.86207424
 1.12341683 0.9468185  0.8559005  0.6654754 ]",2.514542228094913,0.8620742360644783,5,17,116,23.03265142440796,1,984.0,0.0,0.0,440,gnm
known,static_conjecture,watts_441,10.340045667259972,"[2.8278214532120636, 2.629708526460586, 2.1805970127855288, 1.5825872386352622, 1.4437461295544973, 1.3047790612943577, 1.6208132086978868, 1.3626785498717773, 0.6435657719250059, 0.24552671202965495]",2.8278214532120636,1.3047790612943577,"[1.8668712  1.8668712  1.8668712  1.8668712  1.8668712  0.86207424
 1.12341683 0.9468185  0.8559005  0.6654754 ]",1.8668712044534415,0.8620742360644783,5,8,16,4.953165531158447,1,1555.0,0.0,0.0,441,watts
known,static_conjecture,barabasi_442,9.064833435993918,"[1.742090602971525, 1.9633289521912074, 0.8923537452613683, 2.855768741295422, 1.445802130665675, 0.587552635132563, 2.799966560683295, 1.3434729641291017, 1.5429069995071862, 0.20108675426275324]",1.742090602971525,0.587552635132563,"[1.56382002 1.56382002 1.56382002 1.56382002 1.56382002 0.86207424
 1.12341683 0.9468185  0.8559005  0.6654754 ]",1.563820018365473,0.8620742360644783,5,11,10,2.8907289505004883,1,1137.0,0.0,0.0,442,barabasi
known,static_conjecture,gnm_443,22.59941573598917,"[2.7473206045464194, 2.1780340248753394, 2.1312542885654375, 2.231903614692725, 1.7941481281643197, 0.9818132988341931, 2.7471326815877735, 2.2641624616215714, 2.049360063599573, 0.70748915474803]",2.7473206045464194,0.9818132988341931,"[2.1422249  2.1422249  2.1422249  2.1422249  2.1422249  0.86207424
 1.12341683 0.9468185  0.8559005  0.6654754 ]",2.1422248982234677,0.8620742360644783,5,10,43,7.741690635681152,1,992.0,0.0,0.0,443,gnm
known,static_conjecture,barabasi_444,4.47701103799227,"[2.0126140793634564, 2.69004847914794, 2.0765475251056844, 1.8890353893451635, 2.0526097982822, 1.2981476124503897, 2.8720210259223813, 2.674406107677293, 1.8120742638359237, 1.3823775031399932]",2.0126140793634564,1.2981476124503897,"[2.28139837 2.28139837 2.28139837 2.28139837 2.28139837 0.86207424
 1.12341683 0.9468185  0.8559005  0.6654754 ]",2.281398371365477,0.8620742360644783,5,6,5,5.477379322052002,1,1743.0,0.0,0.0,444,barabasi
known,static_conjecture,regular_445,21.74993874780874,"[2.9890319663826874, 1.988449002249887, 2.3736985891329345, 2.04711532027063, 2.019957863082933, 0.7168184797886435, 1.5390483208901966, 0.13648428938635476, 1.1841870250645843, -0.19124492952193517]",2.9890319663826874,0.7168184797886435,"[1.97142857 1.97142857 1.97142857 1.97142857 1.97142857 0.86207424
 1.12341683 0.9468185  0.8559005  0.6654754 ]",1.971428571428571,0.8620742360644783,5,15,30,8.359000205993652,1,1342.0,0.0,0.0,445,regular
known,static_conjecture,gnm_446,31.127064480806474,"[2.9958176702095596, 2.3061003493418166, 2.287682790298711, 2.237061896969859, 2.291833370959953, 1.9870588535886804, 1.5754720620535614, 1.484160537179374, 1.5611261461261674, 0.2518477360117621]",2.9958176702095596,1.9870588535886804,"[2.26948118 2.26948118 2.26948118 2.26948118 2.26948118 0.86207424
 1.12341683 0.9468185  0.8559005  0.6654754 ]",2.2694811806301467,0.8620742360644783,5,17,48,6.26433539390564,1,827.0,0.0,0.0,446,gnm
known,static_conjecture,gnm_447,59.55553770715301,"[2.419964993291803, 2.8626121987529065, 2.344874083485413, 2.265748943962522, 2.3895357819377114, 0.8367034592582373, 2.662804538559292, 0.7906379912249002, 2.381110630714897, 0.7383395596739792]",2.419964993291803,0.8367034592582373,"[2.37385356 2.37385356 2.37385356 2.37385356 2.37385356 0.86207424
 1.12341683 0.9468185  0.8559005  0.6654754 ]",2.3738535561597764,0.8620742360644783,5,19,119,15.195080518722534,1,581.0,0.0,0.0,447,gnm
known,static_conjecture,watts_448,9.403739336259605,"[2.7946715471817347, 1.6884721532290579, 2.0814351343546273, 1.5704122231135473, 2.4224136020203506, 1.2781880229196894, 2.2696475456434824, 0.9144228918321909, 2.1730170186742654, -0.15554795723193765]",2.7946715471817347,1.2781880229196894,"[1.76771255 1.76771255 1.76771255 1.76771255 1.76771255 0.86207424
 1.12341683 0.9468185  0.8559005  0.6654754 ]",1.7677125506072873,0.8620742360644783,5,7,14,4.465221881866455,1,2253.0,0.0,0.0,448,watts
known,static_conjecture,watts_449,16.105156827375854,"[1.6114314906341094, 3.0190522034901583, 1.9339355671008371, 3.0266706295772408, 1.4170475279132009, 0.05175839553064819, 2.7415492556540837, 1.9773838657199985, 2.3701444409915657, 1.5077821293946814]",1.6114314906341094,0.05175839553064819,"[1.54166667 1.54166667 1.54166667 1.54166667 1.54166667 0.86207424
 1.12341683 0.9468185  0.8559005  0.6654754 ]",1.541666666666667,0.8620742360644783,5,12,24,3.7508013248443604,1,843.0,0.0,0.0,449,watts
known,static_conjecture,regular_450,18.17792264449278,"[3.141592653589793, 2.924884707777043, 3.1174690403415752, 1.1317709326702485, 3.141586418798303, 1.4819781661973659, 3.141508729122781, 2.1266988964495646, 1.9037102475899248, 0.9312567447231261]",3.141592653589793,1.4819781661973659,"[3.14159265 3.14159265 3.14159265 3.14159265 3.14159265 0.86207424
 1.12341683 0.9468185  0.8559005  0.6654754 ]",3.141592653589793,0.8620742360644783,5,16,24,1.7926712036132812,1,751.0,0.0,0.0,450,regular
known,static_conjecture,gnm_451,91.20582803543908,"[2.7158687131095407, 2.7881547925273082, 3.0069811660995605, 2.8956971142281533, 2.606170471797025, 1.0072404622240132, 2.218063753601086, 1.6113805121952125, 1.238862298843109, 0.8812895443177067]",2.7158687131095407,1.0072404622240132,"[2.75614987 2.75614987 2.75614987 2.75614987 2.75614987 0.86207424
 1.12341683 0.9468185  0.8559005  0.6654754 ]",2.7561498730378577,0.8620742360644783,5,20,189,47.082457065582275,1,973.0,0.0,0.0,451,gnm
known,static_conjecture,gnm_452,13.62978739241666,"[1.6036731326063043, 1.3056965120849808, 1.435237772665562, 2.7175480121615565, 1.722098753122506, 0.0072419652457137995, 2.083159134238179, 1.5793741214892725, 1.576281088346287, 0.29953091117687014]",1.6036731326063043,0.0072419652457137995,"[1.47788784 1.47788784 1.47788784 1.47788784 1.47788784 0.86207424
 1.12341683 0.9468185  0.8559005  0.6654754 ]",1.4778878421398665,0.8620742360644783,5,13,18,2.8401668071746826,1,887.0,0.0,0.0,452,gnm
known,static_conjecture,gnm_453,61.827902602640286,"[2.3637802278291757, 2.360443091875141, 3.1322698982397075, 2.7944392891548926, 2.798401845883191, 1.5051338857949095, 3.1155338784637614, 2.282140984152684, 3.1411912486732714, 2.879677024412732]",2.3637802278291757,1.5051338857949095,"[2.72195585 2.72195585 2.72195585 2.72195585 2.72195585 0.86207424
 1.12341683 0.9468185  0.8559005  0.6654754 ]",2.721955849601761,0.8620742360644783,5,16,117,18.151053190231323,1,869.0,0.0,0.0,453,gnm
known,static_conjecture,barabasi_454,8.38391453007663,"[2.9092069744558007, 2.682441887874229, 2.6188425011816303, 2.6329849175876006, 1.8301680734568277, 2.1201619473224413, 1.9637669741717763, 1.8269671829306153, 1.7492960153042887, 1.5485940489119503]",2.9092069744558007,2.1201619473224413,"[2.28139837 2.28139837 2.28139837 2.28139837 2.28139837 0.86207424
 1.12341683 0.9468185  0.8559005  0.6654754 ]",2.281398371365477,0.8620742360644783,5,10,9,4.00611424446106,1,1755.0,0.0,0.0,454,barabasi
known,static_conjecture,barabasi_455,6.7437132700950215,"[1.7756019695603267, 3.07656706258184, 2.860590617166338, 2.503879154793082, 1.572016901742911, 1.7049694695853603, 0.8992717174814152, 1.839570531329035, 1.1593379951499294, 0.4055138503618735]",1.7756019695603267,1.7049694695853603,"[2.18324468 2.18324468 2.18324468 2.18324468 2.18324468 0.86207424
 1.12341683 0.9468185  0.8559005  0.6654754 ]",2.183244677593048,0.8620742360644783,5,8,7,10.831335306167603,1,2084.0,0.0,0.0,455,barabasi
known,static_conjecture,barabasi_456,4.775469539490587,"[2.659040716826808, 2.3614181043029694, 2.2733810013189064, 3.0362519095204954, 2.13857723177204, 1.699727776570565, 2.0238121673616547, 1.8073813365991505, 0.991395214967179, 0.18825412175037565]",2.659040716826808,1.699727776570565,"[2.28139837 2.28139837 2.28139837 2.28139837 2.28139837 0.86207424
 1.12341683 0.9468185  0.8559005  0.6654754 ]",2.281398371365477,0.8620742360644783,5,6,5,6.628751039505005,1,2113.0,0.0,0.0,456,barabasi
