graph_source,init_strategy,graphname,optimal_expectation,optimal_parameters,optimal_gamma,optimal_beta,initial_parameters,initial_gamma,initial_beta,num_layers,num_qubits,num_interactions,sim_time,n_restarts,mean_n_obj_calls,gamma_std_across_restarts,beta_std_across_restarts,graph_id,model
known,static_conjecture,barabasi_457,13.91232655731329,"[1.6895375584816636, 1.876484217514271, 1.883708722603211, 1.827257877670689, 2.127869292956957, 0.44462272619602367, -0.33728250464127396, 1.8268783075599935, 1.3902356736935586, 1.656536623720842]",1.6895375584816636,0.44462272619602367,"[1.93398431 1.93398431 1.93398431 1.93398431 1.93398431 0.72080711
 0.07118902 0.12350619 1.23570971 1.4231607 ]",1.9339843067351719,0.7208071062769887,5,17,16,8.773018598556519,1,1244.0,0.0,0.0,457,barabasi
known,static_conjecture,regular_458,24.076645189677308,"[2.810139054989749, 1.7592322943691936, 2.93325817972392, 3.0192117487781114, 1.747416876010095, 1.3411808523624735, 2.20604845162654, 0.47790613040999386, 1.834277072193938, 1.080450540576363]",2.810139054989749,1.3411808523624735,"[3.14159265 3.14159265 3.14159265 3.14159265 3.14159265 0.86207424
 1.12341683 0.9468185  0.8559005  0.6654754 ]",3.141592653589793,0.8620742360644783,5,16,32,17.467599868774414,1,1223.0,0.0,0.0,458,regular
known,static_conjecture,barabasi_459,24.797338404426398,"[1.4838917843739345, 1.4690994496832845, 1.7609797377922398, 2.9780268042333042, 1.196493105909204, 1.4756483430633007, 2.0084756509669734, 1.5962637796999366, 1.5849152471068364, 0.2611483924891488]",1.4838917843739345,1.4756483430633007,"[1.561875   1.561875   1.561875   1.561875   1.561875   0.86207424
 1.12341683 0.9468185  0.8559005  0.6654754 ]",1.5618750000000001,0.8620742360644783,5,20,36,15.290733575820923,1,994.0,0.0,0.0,459,barabasi
known,static_conjecture,watts_460,12.047995108738007,"[1.7790277314031337, 2.7061555792349097, 1.463879630643759, 1.6313115316533189, 1.6171978356077075, 1.3948601808345713, 3.1373739446599584, 2.771072964086652, 1.4748743105956048, 0.7536196271983715]",1.7790277314031337,1.3948601808345713,"[1.63924033 1.63924033 1.63924033 1.63924033 1.63924033 0.86207424
 1.12341683 0.9468185  0.8559005  0.6654754 ]",1.6392403283850654,0.8620742360644783,5,9,18,8.047402620315552,1,1458.0,0.0,0.0,460,watts
known,static_conjecture,regular_461,6.749807040414453,"[2.7488358126142973, 3.141576780978151, 3.1415476908714908, 3.1415769079938025, 3.1415880634439404, 1.4670233358558837, 2.9890726809047585, 2.400228573609578, 1.794221196444707, 1.1669844108756435]",2.7488358126142973,1.4670233358558837,"[1.29838057 1.29838057 1.29838057 1.29838057 1.29838057 0.86207424
 1.12341683 0.9468185  0.8559005  0.6654754 ]",1.2983805668016197,0.8620742360644783,5,9,9,3.8779361248016357,1,625.0,0.0,0.0,461,regular
known,static_conjecture,regular_462,20.7007166704709,"[2.987560799232246, 1.8061019071492228, 2.432996699471591, 1.5967380565332903, 1.6819320446727195, 0.6186286277312314, 3.1015122162703967, 3.1070038903117547, 2.8181174465376264, 0.6877489744998535]",2.987560799232246,0.6186286277312314,"[1.97142857 1.97142857 1.97142857 1.97142857 1.97142857 0.86207424
 1.12341683 0.9468185  0.8559005  0.6654754 ]",1.971428571428571,0.8620742360644783,5,14,28,25.595418691635132,1,1601.0,0.0,0.0,462,regular
known,static_conjecture,gnm_463,13.411798549889056,"[2.1598345853242042, 2.3522099333838065, 1.9474705565867119, 1.3984824603997936, 2.08854098004899, -0.0029761817610221555, 3.1402466732311813, 1.13041262067095, 3.1359337140992296, 1.3299024256122358]",2.1598345853242042,-0.0029761817610221555,"[2.1422249  2.1422249  2.1422249  2.1422249  2.1422249  0.86207424
 1.12341683 0.9468185  0.8559005  0.6654754 ]",2.1422248982234677,0.8620742360644783,5,10,20,16.537532091140747,1,1654.0,0.0,0.0,463,gnm
known,static_conjecture,gnm_464,16.838612077069158,"[2.9921661334489453, 2.6449122380623513, 3.03099334382348, 1.8928714885695612, 2.007960548740499, 0.5443766980082896, 3.1415735391673865, 3.1414497264319348, 2.941680686855702, 1.3613456786344784]",2.9921661334489453,0.5443766980082896,"[2.1422249  2.1422249  2.1422249  2.1422249  2.1422249  0.86207424
 1.12341683 0.9468185  0.8559005  0.6654754 ]",2.1422248982234677,0.8620742360644783,5,10,27,18.824952363967896,1,1273.0,0.0,0.0,464,gnm
known,static_conjecture,gnm_465,7.652033656845759,"[2.7904633309934495, 2.097717551697152, 2.641045563067115, 1.8157744954645518, 1.652393003766206, 0.966247282531538, 3.1155161460069722, 1.0617458247184857, 2.5965916256369628, 1.93188405720732]",2.7904633309934495,0.966247282531538,"[1.96365347 1.96365347 1.96365347 1.96365347 1.96365347 0.86207424
 1.12341683 0.9468185  0.8559005  0.6654754 ]",1.9636534696520394,0.8620742360644783,5,9,10,5.300182342529297,1,751.0,0.0,0.0,465,gnm
known,static_conjecture,regular_466,15.696356544815249,"[3.124618533617027, 2.0169583039359087, 3.1218272312121593, 2.762094839652346, 0.9619863511432976, 1.3240479263609337, 2.601320335805033, 1.103044970930371, 1.9888817927153322, 1.150561671871034]",3.124618533617027,1.3240479263609337,"[3.14159265 3.14159265 3.14159265 3.14159265 3.14159265 0.86207424
 1.12341683 0.9468185  0.8559005  0.6654754 ]",3.141592653589793,0.8620742360644783,5,18,18,6.54592490196228,1,950.0,0.0,0.0,466,regular
known,static_conjecture,watts_467,14.444801813154672,"[1.1743827714808175, 1.9096224714659595, 0.15639528941915634, 3.0029139881552123, 1.586288892899372, 1.383658111698563, 2.5891143514801853, 2.1627027964551684, 2.055273613262088, 0.1390656963742071]",1.1743827714808175,1.383658111698563,"[1.54166667 1.54166667 1.54166667 1.54166667 1.54166667 0.86207424
 1.12341683 0.9468185  0.8559005  0.6654754 ]",1.541666666666667,0.8620742360644783,5,11,22,12.675370931625366,1,1244.0,0.0,0.0,467,watts
known,static_conjecture,regular_468,11.793712995544816,"[0.6894374498483082, 2.787988339021477, 0.9533796219746635, 1.7565492670414482, 0.8290686362670272, 1.7040398982456701, 2.9012976511935626, 2.412178440825948, 2.6832040214694444, 1.3603193923881771]",0.6894374498483082,1.7040398982456701,"[1.35020243 1.35020243 1.35020243 1.35020243 1.35020243 0.86207424
 1.12341683 0.9468185  0.8559005  0.6654754 ]",1.3502024291497978,0.8620742360644783,5,10,15,25.47663164138794,1,2174.0,0.0,0.0,468,regular
known,static_conjecture,barabasi_469,12.857175716369216,"[1.7670293467560612, 2.6696218814987507, 1.6548192095397005, 3.048689296415769, 1.573343021171514, 1.2811707481963817, 2.1841706321913232, 1.612887192969242, 1.900207208726546, 0.8026106614372359]",1.7670293467560612,1.2811707481963817,"[1.54449958 1.54449958 1.54449958 1.54449958 1.54449958 0.86207424
 1.12341683 0.9468185  0.8559005  0.6654754 ]",1.5444995848675187,0.8620742360644783,5,12,20,9.988847732543945,1,823.0,0.0,0.0,469,barabasi
known,static_conjecture,barabasi_470,11.224102196224434,"[1.8251495770362536, 1.544883677318853, 1.8787744577725822, 2.3510074886158714, 1.5733736284457347, 0.7264954207932872, 2.252357527036179, 1.2610081670648938, 1.1587036124673324, 0.4274632147261951]",1.8251495770362536,0.7264954207932872,"[1.55102041 1.55102041 1.55102041 1.55102041 1.55102041 0.86207424
 1.12341683 0.9468185  0.8559005  0.6654754 ]",1.5510204081632653,0.8620742360644783,5,14,13,9.382133483886719,1,955.0,0.0,0.0,470,barabasi
known,static_conjecture,watts_471,12.187516353204344,"[2.9517402623186495, 2.909584824814727, 1.4888844507421377, 1.4899388700812746, 1.662389368794237, 0.43787747113431696, 3.1415482242401076, 2.813921773965823, 1.8457233533962538, 0.3073403609903619]",2.9517402623186495,0.43787747113431696,"[1.63924033 1.63924033 1.63924033 1.63924033 1.63924033 0.86207424
 1.12341683 0.9468185  0.8559005  0.6654754 ]",1.6392403283850654,0.8620742360644783,5,9,18,13.91093921661377,1,1179.0,0.0,0.0,471,watts
known,static_conjecture,barabasi_472,7.465440334092733,"[3.1415897633926937, 2.7562255824882422, 3.141590483292824, 2.4427296990176215, 2.132941942278699, 0.9319553688993751, 2.5845190445315254, 0.9111706381271243, 1.8054985583279342, 1.4173868941402614]",3.1415897633926937,0.9319553688993751,"[2.21419442 2.21419442 2.21419442 2.21419442 2.21419442 0.86207424
 1.12341683 0.9468185  0.8559005  0.6654754 ]",2.2141944239970557,0.8620742360644783,5,10,9,5.538297176361084,1,1043.0,0.0,0.0,472,barabasi
known,static_conjecture,watts_473,7.10258934017719,"[1.7922609155904552, 0.9987005259937077, 1.4978052938476112, 2.924369506076705, 1.1656749063490777, 1.640878858849248, 2.031529770801253, 1.8327102904708719, 1.3424214266727577, 0.21276369648853896]",1.7922609155904552,1.640878858849248,"[1.48824786 1.48824786 1.48824786 1.48824786 1.48824786 0.86207424
 1.12341683 0.9468185  0.8559005  0.6654754 ]",1.4882478632478633,0.8620742360644783,5,9,9,9.248356342315674,1,1258.0,0.0,0.0,473,watts
known,static_conjecture,regular_474,5.999896122190301,"[3.132482718790718, 2.058511124545414, 3.074878153066278, 2.498793815898317, 1.8088482814944318, 1.2624115206885822, 2.6772135167194975, 1.8135036521180483, 0.6477746327063141, 1.123455361287685]",3.132482718790718,1.2624115206885822,"[1.56614833 1.56614833 1.56614833 1.56614833 1.56614833 0.86207424
 1.12341683 0.9468185  0.8559005  0.6654754 ]",1.5661483253588515,0.8620742360644783,5,7,7,6.909745454788208,1,1172.0,0.0,0.0,474,regular
known,static_conjecture,gnm_475,40.923793174989676,"[3.050422842509724, 2.413857775510254, 2.2479680310724968, 2.2420328659242577, 2.2995633886743443, 0.587504165507971, 1.57063251093547, 0.9233801339505932, 1.5707495785012604, 0.3044576096767192]",3.050422842509724,0.587504165507971,"[2.24962072 2.24962072 2.24962072 2.24962072 2.24962072 0.86207424
 1.12341683 0.9468185  0.8559005  0.6654754 ]",2.2496207241853257,0.8620742360644783,5,18,71,18.126879930496216,1,656.0,0.0,0.0,475,gnm
known,static_conjecture,gnm_476,32.335313502632275,"[2.149892987406691, 1.9984256480487494, 2.2888933141845227, 2.716643099371774, 2.022469964916336, 1.5722448035772096, 1.5712155233999725, 1.4060742596915285, 1.8118398283005428, 1.5675903241840818]",2.149892987406691,1.5722448035772096,"[2.07791143 2.07791143 2.07791143 2.07791143 2.07791143 0.86207424
 1.12341683 0.9468185  0.8559005  0.6654754 ]",2.0779114279909416,0.8620742360644783,5,15,54,17.366788625717163,1,840.0,0.0,0.0,476,gnm
known,static_conjecture,gnm_477,25.621137331314998,"[2.304620235563805, 2.3826986843407907, 2.3803425400196754, 2.3744583639954833, 2.894116460609105, 0.7593374040164105, 2.6382154596447718, 2.459682233727368, 2.50683207796009, 0.6061446853824171]",2.304620235563805,0.7593374040164105,"[2.36945465 2.36945465 2.36945465 2.36945465 2.36945465 0.86207424
 1.12341683 0.9468185  0.8559005  0.6654754 ]",2.3694546470352997,0.8620742360644783,5,11,49,13.794384241104126,1,731.0,0.0,0.0,477,gnm
known,static_conjecture,regular_478,29.822290733866488,"[2.9275904912333712, 1.9650879319737458, 3.0282822399475, 2.1226655176659595, 3.0641146848689, 0.16497309030607699, 2.3058792550325506, 0.35362305278173517, 2.012789844494176, 0.8556661449120978]",2.9275904912333712,0.16497309030607699,"[3.14159265 3.14159265 3.14159265 3.14159265 3.14159265 0.86207424
 1.12341683 0.9468185  0.8559005  0.6654754 ]",3.141592653589793,0.8620742360644783,5,20,40,33.008217573165894,1,2001.0,0.0,0.0,478,regular
known,static_conjecture,watts_479,7.269255128587929,"[2.078280992280236, 1.3386495631153663, 1.983988410759987, 2.0638788941080497, 1.5634723188520705, 0.12614443892791746, 2.4721340580082813, 1.2263889691576768, 1.1384723071493275, 0.27421372464243]",2.078280992280236,0.12614443892791746,"[1.47746394 1.47746394 1.47746394 1.47746394 1.47746394 0.86207424
 1.12341683 0.9468185  0.8559005  0.6654754 ]",1.4774639423076923,0.8620742360644783,5,8,8,6.5882790088653564,1,2157.0,0.0,0.0,479,watts
known,static_conjecture,barabasi_480,8.187117879452373,"[2.8759461405545528, 3.141433413501698, 2.6554751453963266, 2.6948320278993743, 1.7325186818961618, 1.5150989090143605, 2.075344033690879, 1.8275263791731713, 1.7639863829595637, 1.4711910096082723]",2.8759461405545528,1.5150989090143605,"[2.1846071  2.1846071  2.1846071  2.1846071  2.1846071  0.86207424
 1.12341683 0.9468185  0.8559005  0.6654754 ]",2.184607103422893,0.8620742360644783,5,10,9,10.268410682678223,1,1693.0,0.0,0.0,480,barabasi
known,static_conjecture,watts_481,7.866377807418758,"[1.2961238250883278, 2.648147289170544, 2.030695542927047, 1.827257199328122, 1.7135124439462572, 1.1131824948751983, 1.5477558809366467, 1.944372471452981, 1.1189447324629893, -0.16161760786849197]",1.2961238250883278,1.1131824948751983,"[1.63924033 1.63924033 1.63924033 1.63924033 1.63924033 0.86207424
 1.12341683 0.9468185  0.8559005  0.6654754 ]",1.6392403283850654,0.8620742360644783,5,6,12,10.08795714378357,1,1530.0,0.0,0.0,481,watts
known,static_conjecture,watts_482,9.709460085787727,"[1.692837422314986, 1.806156345183238, 1.9864831922654955, 1.7666915342173364, 1.326479581040933, 1.0502557172034108, 1.1051195353600662, 1.0588016422977813, 1.2632469927734054, 0.3685822957334218]",1.692837422314986,1.0502557172034108,"[1.54166667 1.54166667 1.54166667 1.54166667 1.54166667 0.86207424
 1.12341683 0.9468185  0.8559005  0.6654754 ]",1.541666666666667,0.8620742360644783,5,11,11,13.558454036712646,1,1941.0,0.0,0.0,482,watts
known,static_conjecture,watts_483,16.322059307170147,"[1.6802207241039717, 1.1835771837514462, 2.6366482425475883, 2.5579460069364366, 1.3029653289095822, -0.07846905972505931, 2.169069290241146, 2.0295439661027874, 1.8080036682843321, 1.5768494317634254]",1.6802207241039717,-0.07846905972505931,"[1.57079633 1.57079633 1.57079633 1.57079633 1.57079633 0.86207424
 1.12341683 0.9468185  0.8559005  0.6654754 ]",1.5707963267948966,0.8620742360644783,5,19,19,7.750555038452148,1,1199.0,0.0,0.0,483,watts
known,static_conjecture,barabasi_484,8.07248827371166,"[2.825472847292408, 2.776301344849764, 1.676745154506746, 0.9664548156047107, 2.108191947274765, 1.928141359661005, 1.943126520045088, 1.9489617575197535, 1.782456847402682, 1.3273881387661564]",2.825472847292408,1.928141359661005,"[2.21419442 2.21419442 2.21419442 2.21419442 2.21419442 0.86207424
 1.12341683 0.9468185  0.8559005  0.6654754 ]",2.2141944239970557,0.8620742360644783,5,10,9,3.057868242263794,1,1169.0,0.0,0.0,484,barabasi
known,static_conjecture,gnm_485,58.832998015774315,"[2.9796393940947925, 2.438288290808348, 2.702311274875597, 2.7430695198462534, 2.3984541840073352, 0.9073285602376562, 2.161419648127385, 1.5788820731436757, 1.5645864508302978, 0.9201001047863838]",2.9796393940947925,0.9073285602376562,"[2.54449997 2.54449997 2.54449997 2.54449997 2.54449997 0.86207424
 1.12341683 0.9468185  0.8559005  0.6654754 ]",2.544499965149832,0.8620742360644783,5,17,115,23.45847725868225,1,692.0,0.0,0.0,485,gnm
known,static_conjecture,gnm_486,23.16993451361649,"[2.3587347489955874, 1.6703458622737393, 2.021392798130909, 1.9016316973202534, 2.362992280646846, 0.7888986040695294, 2.356980499703219, 1.5617442460693547, 1.3715498128795942, 0.7819472354010899]",2.3587347489955874,0.7888986040695294,"[2.05831733 2.05831733 2.05831733 2.05831733 2.05831733 0.86207424
 1.12341683 0.9468185  0.8559005  0.6654754 ]",2.058317333343594,0.8620742360644783,5,14,43,9.600672483444214,1,696.0,0.0,0.0,486,gnm
known,static_conjecture,gnm_487,14.086312683453457,"[2.74493463063881, 2.5684139080295347, 2.2445859668672217, 2.01874882307858, 2.2298650750805047, 0.980730030032199, 1.1709319950987669, 0.8982822909499507, 1.1537365894935632, 0.9700785150320437]",2.74493463063881,0.980730030032199,"[2.1422249  2.1422249  2.1422249  2.1422249  2.1422249  0.86207424
 1.12341683 0.9468185  0.8559005  0.6654754 ]",2.1422248982234677,0.8620742360644783,5,10,27,15.082682132720947,1,1052.0,0.0,0.0,487,gnm
known,static_conjecture,barabasi_488,7.684500543587745,"[2.619567255372229, 2.0794597516486633, 1.979821111004017, 2.0315426453651946, 1.9465948451899933, 1.466584093301579, 2.565214013374559, 1.166456625955612, 1.8107872191457317, 1.3769866017061063]",2.619567255372229,1.466584093301579,"[2.21419442 2.21419442 2.21419442 2.21419442 2.21419442 0.86207424
 1.12341683 0.9468185  0.8559005  0.6654754 ]",2.2141944239970557,0.8620742360644783,5,10,9,6.92759370803833,1,916.0,0.0,0.0,488,barabasi
known,static_conjecture,watts_489,18.855794837677877,"[1.5456760101910907, 2.8971090063146097, 1.586816327765665, 2.8326439539397086, 1.5854996104291992, 0.6951106506766425, 2.339385661164229, 1.0983675847138217, 2.397235651327805, 0.7892344343719124]",1.5456760101910907,0.6951106506766425,"[1.54166667 1.54166667 1.54166667 1.54166667 1.54166667 0.86207424
 1.12341683 0.9468185  0.8559005  0.6654754 ]",1.541666666666667,0.8620742360644783,5,15,30,12.806315660476685,1,763.0,0.0,0.0,489,watts
known,static_conjecture,gnm_490,7.2246359345153905,"[2.7198304783180354, 1.9267598282662097, 2.484782087316338, 1.8372923151785445, 2.8586425413767027, 0.9731489152248709, 2.4089275992008297, 2.1420825637368726, 2.008534875459876, 0.9571103037156671]",2.7198304783180354,0.9731489152248709,"[1.85651061 1.85651061 1.85651061 1.85651061 1.85651061 0.86207424
 1.12341683 0.9468185  0.8559005  0.6654754 ]",1.8565106125091821,0.8620742360644783,5,6,10,6.70530891418457,1,1101.0,0.0,0.0,490,gnm
known,static_conjecture,watts_491,23.742804941015756,"[2.8928046890556685, 1.4780756706704388, 2.14418333426516, 2.2052596469975203, 1.2993785412072199, 0.14016257508918728, 3.1387197134507163, 1.2055915965745077, 1.5646380480603577, 1.3439346445352547]",2.8928046890556685,0.14016257508918728,"[1.57079633 1.57079633 1.57079633 1.57079633 1.57079633 0.86207424
 1.12341683 0.9468185  0.8559005  0.6654754 ]",1.5707963267948966,0.8620742360644783,5,17,34,18.72110676765442,1,1384.0,0.0,0.0,491,watts
known,static_conjecture,barabasi_492,5.474770749689924,"[2.803078099567706, 2.654304029642015, 3.0803499360289464, 2.5881305820946654, 2.1173886330317195, 2.0241457278927037, 1.602304956462954, 1.8399711640364405, 1.7588669197266937, 1.4703066893394838]",2.803078099567706,2.0241457278927037,"[2.23017809 2.23017809 2.23017809 2.23017809 2.23017809 0.86207424
 1.12341683 0.9468185  0.8559005  0.6654754 ]",2.230178092584108,0.8620742360644783,5,7,6,6.008371114730835,1,1272.0,0.0,0.0,492,barabasi
known,static_conjecture,regular_493,17.891328963510773,"[2.6544259444524476, 1.8632779154361168, 1.6200443056386822, 2.1321353372633665, 1.5027319987629082, 1.53087399891823, 2.4394719197780828, 2.5625993238102844, 2.12058841548839, 0.810902577159457]",2.6544259444524476,1.53087399891823,"[1.97142857 1.97142857 1.97142857 1.97142857 1.97142857 0.86207424
 1.12341683 0.9468185  0.8559005  0.6654754 ]",1.971428571428571,0.8620742360644783,5,13,26,19.520716428756714,1,1248.0,0.0,0.0,493,regular
known,static_conjecture,barabasi_494,4.790060121948045,"[1.988379655732056, 2.455007563011347, 2.647150823700984, 1.698913040869717, 2.3864836591085146, 0.14682205971085732, 2.720097200183069, 0.9632047412414088, 2.8432999965587014, 0.21169004571624123]",1.988379655732056,0.14682205971085732,"[2.28139837 2.28139837 2.28139837 2.28139837 2.28139837 0.86207424
 1.12341683 0.9468185  0.8559005  0.6654754 ]",2.281398371365477,0.8620742360644783,5,6,5,5.5572075843811035,1,1211.0,0.0,0.0,494,barabasi
known,static_conjecture,watts_495,11.42812331289942,"[2.58617022946498, 0.34687518043755106, 2.5987901814323884, 2.1889747665527026, 1.119688246118156, 1.356668239586294, 2.2559444814406997, 1.0103007697747217, 1.6167902004842967, 0.7639957578460014]",2.58617022946498,1.356668239586294,"[1.54166667 1.54166667 1.54166667 1.54166667 1.54166667 0.86207424
 1.12341683 0.9468185  0.8559005  0.6654754 ]",1.541666666666667,0.8620742360644783,5,13,13,20.224987268447876,1,1977.0,0.0,0.0,495,watts
known,static_conjecture,gnm_496,8.428265527632902,"[1.4128048493778032, 2.910089739169707, 2.8489606322296366, 1.662563648593717, 2.068966922196913, 1.1324506989572587, 2.5447929763655486, 1.690537802292479, 1.9778096680570347, 0.4587278056074995]",1.4128048493778032,1.1324506989572587,"[1.85651061 1.85651061 1.85651061 1.85651061 1.85651061 0.86207424
 1.12341683 0.9468185  0.8559005  0.6654754 ]",1.8565106125091821,0.8620742360644783,5,6,13,11.084183692932129,1,1440.0,0.0,0.0,496,gnm
known,static_conjecture,gnm_497,10.860903625110854,"[1.2920603538203568, 1.4749198714500196, 2.4353052314345716, 2.488817886354501, 2.232102731187238, 0.8029383357020337, 2.701744415947868, 0.8359798462460497, 1.5722315399616424, 0.6532735572730564]",1.2920603538203568,0.8029383357020337,"[1.57309547 1.57309547 1.57309547 1.57309547 1.57309547 0.86207424
 1.12341683 0.9468185  0.8559005  0.6654754 ]",1.57309546998624,0.8620742360644783,5,12,16,17.891427040100098,1,1580.0,0.0,0.0,497,gnm
known,static_conjecture,barabasi_498,8.574353758834956,"[2.792649313172989, 1.4919911142577562, 1.7211887348217172, 2.672008048374744, 0.4875598802892389, 0.9908261078510485, 2.9810406869935235, 1.186134752484499, 1.8500817821354256, 1.3461938980637012]",2.792649313172989,0.9908261078510485,"[1.55165289 1.55165289 1.55165289 1.55165289 1.55165289 0.86207424
 1.12341683 0.9468185  0.8559005  0.6654754 ]",1.5516528925619835,0.8620742360644783,5,11,10,12.988426446914673,1,1740.0,0.0,0.0,498,barabasi
known,static_conjecture,watts_499,5.391396210885432,"[2.268514847486915, 1.3191047554731405, 1.66044422403327, 2.9435231859539686, 1.4598445351780562, 0.37695472698002264, 2.0491132390166493, 2.6236877186912397, 1.6753904768277135, 0.71097212051246]",2.268514847486915,0.37695472698002264,"[1.46995192 1.46995192 1.46995192 1.46995192 1.46995192 0.86207424
 1.12341683 0.9468185  0.8559005  0.6654754 ]",1.4699519230769231,0.8620742360644783,5,6,6,6.888041019439697,1,1502.0,0.0,0.0,499,watts
known,static_conjecture,barabasi_500,11.99917262037984,"[0.2867883098350432, 1.7106287491725074, 1.342291691926589, 2.4413227616662585, 1.30468403199257, 1.9472367889305684, 3.14068715964617, 2.3537315394038196, 1.769415720314012, 1.3796150497300788]",0.2867883098350432,1.9472367889305684,"[1.55555556 1.55555556 1.55555556 1.55555556 1.55555556 0.86207424
 1.12341683 0.9468185  0.8559005  0.6654754 ]",1.5555555555555556,0.8620742360644783,5,15,14,14.611445903778076,1,1496.0,0.0,0.0,500,barabasi
known,static_conjecture,gnm_501,82.68631180407708,"[2.4198148286149284, 2.4404142820310897, 2.8671966759996526, 3.1395393435907026, 2.8535811380009255, 1.568883602156957, 2.946793226585185, 3.100838808685405, 2.3990515641504673, 1.4282928517753128]",2.4198148286149284,1.568883602156957,"[2.65395064 2.65395064 2.65395064 2.65395064 2.65395064 0.86207424
 1.12341683 0.9468185  0.8559005  0.6654754 ]",2.6539506391377348,0.8620742360644783,5,19,160,37.82073163986206,1,823.0,0.0,0.0,501,gnm
known,static_conjecture,regular_502,5.999969584710328,"[3.139898311988464, 1.9448188317668698, 2.7594620965307675, 2.5335147653147416, 1.6347686336228304, 0.8802805754840703, 2.240533519754316, 1.8808657154754975, 1.7943170204754673, 0.9458498483462244]",3.139898311988464,0.8802805754840703,"[1.56614833 1.56614833 1.56614833 1.56614833 1.56614833 0.86207424
 1.12341683 0.9468185  0.8559005  0.6654754 ]",1.5661483253588515,0.8620742360644783,5,7,7,1.2387781143188477,1,564.0,0.0,0.0,502,regular
known,static_conjecture,barabasi_503,5.459350721961073,"[2.910989612111596, 2.421531535304772, 1.663002601529029, 1.584655224970922, 1.9659585525236536, 1.9712556823780265, 2.8060609115211816, 2.8978825376762942, 2.253848164279438, 1.6525609195772815]",2.910989612111596,1.9712556823780265,"[2.23017809 2.23017809 2.23017809 2.23017809 2.23017809 0.86207424
 1.12341683 0.9468185  0.8559005  0.6654754 ]",2.230178092584108,0.8620742360644783,5,7,6,2.9522757530212402,1,1541.0,0.0,0.0,503,barabasi
known,static_conjecture,gnm_504,14.696787758278884,"[2.7657115578971934, 2.5201170948494633, 2.3170948603854398, 2.1453347455805485, 1.5656724127921073, 1.2293752409176708, 1.580016100221119, 0.66777019539309, 0.9118786340980608, 0.6454198393268904]",2.7657115578971934,1.2293752409176708,"[1.74829742 1.74829742 1.74829742 1.74829742 1.74829742 0.86207424
 1.12341683 0.9468185  0.8559005  0.6654754 ]",1.748297419065092,0.8620742360644783,5,12,21,16.540812730789185,1,1449.0,0.0,0.0,504,gnm
known,static_conjecture,watts_505,13.458329658943567,"[2.8572981089684175, 2.8109681016896406, 1.7396687319055353, 1.560175397953357, 1.6122031323375503, 0.4540784220743504, 2.315937032336912, 0.5615652139430063, 2.6009467017487817, 1.0030641529009459]",2.8572981089684175,0.4540784220743504,"[1.57079633 1.57079633 1.57079633 1.57079633 1.57079633 0.86207424
 1.12341683 0.9468185  0.8559005  0.6654754 ]",1.5707963267948966,0.8620742360644783,5,16,16,17.637553691864014,1,1498.0,0.0,0.0,505,watts
known,static_conjecture,barabasi_506,7.622360492633305,"[2.9239412135341505, 2.8524357656921926, 2.9738154450717005, 2.8738801635587206, 2.4457073618376235, 1.9932256887957536, 1.7325447542091075, 1.7670159931054075, 1.8339791669838195, 0.18166997861945297]",2.9239412135341505,1.9932256887957536,"[2.20255013 2.20255013 2.20255013 2.20255013 2.20255013 0.86207424
 1.12341683 0.9468185  0.8559005  0.6654754 ]",2.2025501301817094,0.8620742360644783,5,9,8,7.438443422317505,1,1259.0,0.0,0.0,506,barabasi
known,static_conjecture,barabasi_507,8.070826482091604,"[2.708362702268127, 1.8704930846608234, 2.3586089901544893, 2.2084797333826773, 2.316863578268471, 0.24360843915092345, 3.129927650855193, 1.336582287252345, 1.7302776417598387, 0.26883776820041705]",2.708362702268127,0.24360843915092345,"[2.1846071  2.1846071  2.1846071  2.1846071  2.1846071  0.86207424
 1.12341683 0.9468185  0.8559005  0.6654754 ]",2.184607103422893,0.8620742360644783,5,10,9,8.356984615325928,1,1323.0,0.0,0.0,507,barabasi
known,static_conjecture,watts_508,9.818538011109922,"[2.3712375284232703, 1.88535804347623, 2.1474279000842387, 2.1813969256389987, 0.44336485454093677, 1.4803062927335193, 2.572474831128128, 0.9173877051652177, 1.914084945355326, 1.7887508570341237]",2.3712375284232703,1.4803062927335193,"[1.76771255 1.76771255 1.76771255 1.76771255 1.76771255 0.86207424
 1.12341683 0.9468185  0.8559005  0.6654754 ]",1.7677125506072873,0.8620742360644783,5,7,14,13.139736413955688,1,1626.0,0.0,0.0,508,watts
known,static_conjecture,regular_509,16.05565194060417,"[3.0116323574124726, -0.6484423795866758, 2.393254737550282, 2.9511158782995124, 1.2812484400473578, 2.1673848208975364, 1.8559047326516234, 1.9794573532044684, 2.250420184902414, 0.4135998083356797]",3.0116323574124726,2.1673848208975364,"[3.14159265 3.14159265 3.14159265 3.14159265 3.14159265 0.86207424
 1.12341683 0.9468185  0.8559005  0.6654754 ]",3.141592653589793,0.8620742360644783,5,18,18,8.289454698562622,1,1359.0,0.0,0.0,509,regular
known,static_conjecture,barabasi_510,10.370383812675545,"[0.26027404772992324, 1.0727284622956392, 1.2504720396144569, 3.141549210129145, 1.283704765142467, 1.2482396141914465, 2.987255525656353, 2.6711551890032883, 2.2512085272441644, 1.3796708055295595]",0.26027404772992324,1.2482396141914465,"[1.55029586 1.55029586 1.55029586 1.55029586 1.55029586 0.86207424
 1.12341683 0.9468185  0.8559005  0.6654754 ]",1.5502958579881656,0.8620742360644783,5,13,12,8.140100717544556,1,1315.0,0.0,0.0,510,barabasi
known,static_conjecture,barabasi_511,41.932221325677844,"[3.042231571182597, 3.1254222810131664, 2.937313227382414, 2.883728369663338, 2.8325577273738016, 1.8041772931791082, 1.8295431477545243, 0.3608227056118516, 1.8355289834212765, 0.18006908936514399]",3.042231571182597,1.8041772931791082,"[2.81434975 2.81434975 2.81434975 2.81434975 2.81434975 0.86207424
 1.12341683 0.9468185  0.8559005  0.6654754 ]",2.814349747474748,0.8620742360644783,5,20,64,29.090113401412964,1,1220.0,0.0,0.0,511,barabasi
known,static_conjecture,watts_512,14.273139081616483,"[2.878234964335658, 2.496222422290327, 1.8421053623596082, 1.4446740064824106, 1.6905025437334347, 0.5852763704184916, 2.7364394633137543, 1.7372796212972101, 0.7145367426342925, -0.13751264227431173]",2.878234964335658,0.5852763704184916,"[1.57079633 1.57079633 1.57079633 1.57079633 1.57079633 0.86207424
 1.12341683 0.9468185  0.8559005  0.6654754 ]",1.5707963267948966,0.8620742360644783,5,17,17,12.882389068603516,1,1632.0,0.0,0.0,512,watts
known,static_conjecture,gnm_513,19.31422940716675,"[1.9659470702922117, 2.842409671519524, 2.7298114463500935, 1.4963925112729122, 2.0977033482104734, 1.9154155538156186, 1.8640381682328675, 1.0235877815537773, 1.248458444334695, 0.8896936831102544]",1.9659470702922117,1.9154155538156186,"[1.96365347 1.96365347 1.96365347 1.96365347 1.96365347 0.86207424
 1.12341683 0.9468185  0.8559005  0.6654754 ]",1.9636534696520394,0.8620742360644783,5,9,35,15.812130689620972,1,842.0,0.0,0.0,513,gnm
known,static_conjecture,regular_514,14.874979956560967,"[3.141592653589793, 1.0009924245765176, 3.141490207453854, 0.7189250240264176, 1.2757596044907271, 0.9140729068835531, 1.9782867317175956, 3.028854558465986, 2.423109740983593, 0.5688256850030304]",3.141592653589793,0.9140729068835531,"[3.14159265 3.14159265 3.14159265 3.14159265 3.14159265 0.86207424
 1.12341683 0.9468185  0.8559005  0.6654754 ]",3.141592653589793,0.8620742360644783,5,17,17,13.147589445114136,1,1077.0,0.0,0.0,514,regular
known,static_conjecture,barabasi_515,16.51965086857343,"[1.4108334635437871, 2.824759539054984, 1.5769771329934161, 2.770271629038065, 1.5687303097045766, 0.6844345471294451, 2.695078993262612, 2.693415710103775, 2.385475358888529, 0.8116356087261406]",1.4108334635437871,0.6844345471294451,"[1.58200089 1.58200089 1.58200089 1.58200089 1.58200089 0.86207424
 1.12341683 0.9468185  0.8559005  0.6654754 ]",1.5820008881939218,0.8620742360644783,5,14,24,11.351000308990479,1,781.0,0.0,0.0,515,barabasi
known,static_conjecture,barabasi_516,13.97498093381773,"[1.7275468370827896, 2.6587885240538163, 1.5939820714923965, 1.4718285282165011, 1.7559968270697315, 1.3390474923688436, 2.915332794709368, 1.116202311361359, 1.7506142368950468, 0.8466199047436083]",1.7275468370827896,1.3390474923688436,"[1.64371229 1.64371229 1.64371229 1.64371229 1.64371229 0.86207424
 1.12341683 0.9468185  0.8559005  0.6654754 ]",1.6437122941281777,0.8620742360644783,5,12,20,13.922844648361206,1,1088.0,0.0,0.0,516,barabasi
known,static_conjecture,regular_517,15.383939579923883,"[2.8789584032280984, 2.1946621220611355, 1.4829980705976742, 1.930232017534751, 3.0272838080259303, 0.12825631388553432, 1.9245908939620513, 2.4246866422368663, 1.2986845322591987, -1.4186043226794918]",2.8789584032280984,0.12825631388553432,"[1.97142857 1.97142857 1.97142857 1.97142857 1.97142857 0.86207424
 1.12341683 0.9468185  0.8559005  0.6654754 ]",1.971428571428571,0.8620742360644783,5,11,22,27.434842824935913,1,1961.0,0.0,0.0,517,regular
known,static_conjecture,barabasi_518,26.31662413910327,"[0.8747322040564627, 2.467349494387559, 3.0822046195807147, 2.7047662844520497, 1.2521167947114182, 1.5656357085326698, 2.144430353030356, 0.7200676407303738, 1.8095547858900902, 1.4844925444433472]",0.8747322040564627,1.5656357085326698,"[1.76040286 1.76040286 1.76040286 1.76040286 1.76040286 0.86207424
 1.12341683 0.9468185  0.8559005  0.6654754 ]",1.760402856691919,0.8620742360644783,5,16,39,21.994349718093872,1,1496.0,0.0,0.0,518,barabasi
known,static_conjecture,barabasi_519,8.405737333468263,"[2.934883701919402, 2.7182485515886974, 2.624233235110995, 2.6219196078619804, 2.1306803099473246, 0.5567304667156968, 1.935670206326051, 1.8259235056975807, 1.7354912671382383, 1.5399226984634475]",2.934883701919402,0.5567304667156968,"[2.38013342 2.38013342 2.38013342 2.38013342 2.38013342 0.86207424
 1.12341683 0.9468185  0.8559005  0.6654754 ]",2.380133419212367,0.8620742360644783,5,10,9,5.775522708892822,1,976.0,0.0,0.0,519,barabasi
known,static_conjecture,barabasi_520,11.266241389583056,"[0.24298987582475243, 1.0867345708094676, 1.288083355087792, 3.07874365386638, 1.2559261465205385, 1.2734729601177208, 2.9246691143853996, 3.133678724015531, 1.782625095424624, 1.3971171912754559]",0.24298987582475243,1.2734729601177208,"[1.55102041 1.55102041 1.55102041 1.55102041 1.55102041 0.86207424
 1.12341683 0.9468185  0.8559005  0.6654754 ]",1.5510204081632653,0.8620742360644783,5,14,13,12.283254861831665,1,1427.0,0.0,0.0,520,barabasi
known,static_conjecture,barabasi_521,17.70243474895064,"[2.227293303804437, 2.2933242247833303, 1.5403639398633526, 1.7400260804811896, 1.5862929764706257, 1.472473001189798, 2.068322288883631, 0.6603357962508968, 2.8265660914489503, 1.2666034439589686]",2.227293303804437,1.472473001189798,"[1.54933333 1.54933333 1.54933333 1.54933333 1.54933333 0.86207424
 1.12341683 0.9468185  0.8559005  0.6654754 ]",1.5493333333333335,0.8620742360644783,5,15,26,867.1592001914978,1,2189.0,0.0,0.0,521,barabasi
known,static_conjecture,regular_522,11.868042598675485,"[0.4216137108344844, 0.7845773788664174, 3.09776829423436, 1.7082137190492466, 0.9128271258050713, 1.46732091481747, 2.961042712758831, 2.2806953687895386, 2.536169434912419, 1.3483240123335283]",0.4216137108344844,1.46732091481747,"[1.35020243 1.35020243 1.35020243 1.35020243 1.35020243 0.86207424
 1.12341683 0.9468185  0.8559005  0.6654754 ]",1.3502024291497978,0.8620742360644783,5,10,15,9.064412832260132,1,1581.0,0.0,0.0,522,regular
known,static_conjecture,watts_523,9.665901756207301,"[3.104955879056546, 2.1561220233533085, 2.4457282549793087, 1.6905533064730545, 1.7643310425283514, 0.009378601586450288, 2.838964552257118, 2.4476372598400182, 1.3437679256769517, 1.068008983905845]",3.104955879056546,0.009378601586450288,"[1.54166667 1.54166667 1.54166667 1.54166667 1.54166667 0.86207424
 1.12341683 0.9468185  0.8559005  0.6654754 ]",1.541666666666667,0.8620742360644783,5,11,11,4.917842388153076,1,1095.0,0.0,0.0,523,watts
known,static_conjecture,regular_524,19.488190740906457,"[1.3897536622701456, 2.6337339811526745, 2.8564622709400798, 2.644444373162494, 2.488676150860109, -0.614339375785521, 2.1529036909177286, 1.4278947333238716, 1.6286512454129176, 0.8821535968322961]",1.3897536622701456,-0.614339375785521,"[3.14159265 3.14159265 3.14159265 3.14159265 3.14159265 0.86207424
 1.12341683 0.9468185  0.8559005  0.6654754 ]",3.141592653589793,0.8620742360644783,5,16,24,5.9333038330078125,1,952.0,0.0,0.0,524,regular
known,static_conjecture,watts_525,11.185771492677759,"[1.716077176667551, 2.8096206812064004, 0.43345373574722873, 2.7339774593024018, 1.9715720946731814, 1.6008976325015645, 1.8201247352533816, 1.6629013623667608, 1.5027565984999778, 1.2468100931278912]",1.716077176667551,1.6008976325015645,"[1.63924033 1.63924033 1.63924033 1.63924033 1.63924033 0.86207424
 1.12341683 0.9468185  0.8559005  0.6654754 ]",1.6392403283850654,0.8620742360644783,5,9,18,2.4381303787231445,1,660.0,0.0,0.0,525,watts
known,static_conjecture,gnm_526,32.71079158365453,"[2.9751206969765214, 2.2845166065420344, 2.1685404930604024, 2.267657803344566, 2.3112177601441077, 0.8991495407695653, 2.9357124453350085, 2.5784301370526848, 2.341278187425, 0.8146554523473215]",2.9751206969765214,0.8991495407695653,"[2.25250437 2.25250437 2.25250437 2.25250437 2.25250437 0.86207424
 1.12341683 0.9468185  0.8559005  0.6654754 ]",2.252504372912907,0.8620742360644783,5,14,65,12.547633647918701,1,789.0,0.0,0.0,526,gnm
known,static_conjecture,watts_527,7.9366036059800535,"[2.178361065821112, 2.4819927277834903, 1.1616857995353167, 1.140824060628627, 2.1211940813463235, 1.5607890898236754, 3.141256910962934, 1.1426059975729146, 1.7449947231486367, 0.7522456134399127]",2.178361065821112,1.5607890898236754,"[1.63924033 1.63924033 1.63924033 1.63924033 1.63924033 0.86207424
 1.12341683 0.9468185  0.8559005  0.6654754 ]",1.6392403283850654,0.8620742360644783,5,6,12,4.764136791229248,1,1497.0,0.0,0.0,527,watts
known,static_conjecture,gnm_528,62.03194770937232,"[2.2034179094747506, 2.5656142279286374, 2.581989254108201, 2.3363683120448226, 2.584461116475251, 0.6926919712359377, 1.887390106946939, 0.9833742222297297, 1.0281610588043344, -0.43845163397929066]",2.2034179094747506,0.6926919712359377,"[2.36720346 2.36720346 2.36720346 2.36720346 2.36720346 0.86207424
 1.12341683 0.9468185  0.8559005  0.6654754 ]",2.367203458268531,0.8620742360644783,5,20,124,21.699002981185913,1,535.0,0.0,0.0,528,gnm
known,static_conjecture,watts_529,27.942369422180505,"[2.962704178065402, 2.7673630970285865, 1.5580895734846867, 1.656324138042331, 1.4677933492154, 0.4689105845983942, 2.5044590473398642, 1.5845731156091332, 2.4962116072480502, 1.5466579363765471]",2.962704178065402,0.4689105845983942,"[1.67125087 1.67125087 1.67125087 1.67125087 1.67125087 0.86207424
 1.12341683 0.9468185  0.8559005  0.6654754 ]",1.6712508722494421,0.8620742360644783,5,20,40,20.24985980987549,1,1587.0,0.0,0.0,529,watts
known,static_conjecture,watts_530,8.990077610632465,"[0.7422795267731448, 2.275451302885883, 1.7646439793700113, 1.8444346987852684, 1.5072281584953222, 1.3745138979127494, 0.6824088944694751, 1.2194450522279388, 1.0911829527893195, 0.31032991489423256]",0.7422795267731448,1.3745138979127494,"[1.54166667 1.54166667 1.54166667 1.54166667 1.54166667 0.86207424
 1.12341683 0.9468185  0.8559005  0.6654754 ]",1.541666666666667,0.8620742360644783,5,11,11,9.708683729171753,1,1832.0,0.0,0.0,530,watts
known,static_conjecture,barabasi_531,7.622224196291299,"[2.9210927514014875, 2.85474523338857, 2.975034686133914, 2.875075752754014, 2.4461599418682214, 1.9905163911591526, 1.7328200796125248, 1.764885001155999, 1.8355915653387345, 0.17984507965189622]",2.9210927514014875,1.9905163911591526,"[2.20255013 2.20255013 2.20255013 2.20255013 2.20255013 0.86207424
 1.12341683 0.9468185  0.8559005  0.6654754 ]",2.2025501301817094,0.8620742360644783,5,9,8,7.3724682331085205,1,1409.0,0.0,0.0,531,barabasi
known,static_conjecture,watts_532,7.680258454049181,"[1.75580610055365, 2.575070446561328, 2.203038203757708, 3.0855144648231754, 0.6324421698862722, 1.4962585868835143, 3.141123347138846, 2.023263899085533, 2.28254423463306, 1.4081331655935476]",1.75580610055365,1.4962585868835143,"[1.63924033 1.63924033 1.63924033 1.63924033 1.63924033 0.86207424
 1.12341683 0.9468185  0.8559005  0.6654754 ]",1.6392403283850654,0.8620742360644783,5,6,12,13.40207052230835,1,1857.0,0.0,0.0,532,watts
known,static_conjecture,watts_533,15.402079455957972,"[2.732766712523115, 2.003621315256772, 1.9236022387064478, 1.8459050636531167, 1.8750629928278655, -1.3991850968574182, 2.9475330207156913, 2.718452563453112, 1.4987363515431968, 1.3663323025182716]",2.732766712523115,-1.3991850968574182,"[1.57079633 1.57079633 1.57079633 1.57079633 1.57079633 0.86207424
 1.12341683 0.9468185  0.8559005  0.6654754 ]",1.5707963267948966,0.8620742360644783,5,18,18,5.87450385093689,1,987.0,0.0,0.0,533,watts
known,static_conjecture,watts_534,7.524673623325228,"[1.5562730626313708, 1.2795448810293502, 0.6755829021412566, 3.1330908614599036, 2.9929212916010393, 0.4007242426130105, 1.800257595170994, 1.6045089322217465, 0.5060831398394481, 0.7364806224650572]",1.5562730626313708,0.4007242426130105,"[1.46869065 1.46869065 1.46869065 1.46869065 1.46869065 0.86207424
 1.12341683 0.9468185  0.8559005  0.6654754 ]",1.4686906457739792,0.8620742360644783,5,9,9,3.7656400203704834,1,1032.0,0.0,0.0,534,watts
known,static_conjecture,regular_535,24.266274717772596,"[2.8264177751841197, 1.7964327288463813, 1.9018213173573424, 2.5779753454290715, 3.134250070757254, -0.19334428786821012, 2.1708616930109423, 1.3733375598706499, 1.193876027119066, 0.5074489243952529]",2.8264177751841197,-0.19334428786821012,"[3.14159265 3.14159265 3.14159265 3.14159265 3.14159265 0.86207424
 1.12341683 0.9468185  0.8559005  0.6654754 ]",3.141592653589793,0.8620742360644783,5,17,34,16.15140461921692,1,1065.0,0.0,0.0,535,regular
known,static_conjecture,watts_536,25.310193936959948,"[2.9049314284982577, 3.1412156058421834, 3.1415913989132696, 1.4154765795986504, 2.2811096200598824, 1.478962375266817, 2.8310957087369513, 2.1863626298744743, 1.553148728581092, 1.33562222378808]",2.9049314284982577,1.478962375266817,"[1.78522594 1.78522594 1.78522594 1.78522594 1.78522594 0.86207424
 1.12341683 0.9468185  0.8559005  0.6654754 ]",1.7852259415015195,0.8620742360644783,5,19,38,12.019947528839111,1,801.0,0.0,0.0,536,watts
known,static_conjecture,gnm_537,8.142157419810246,"[2.8419572245148337, 1.9538832889595128, 1.7734897716399853, 1.8123300020794348, 1.7286251690632397, 0.14694024177672416, 3.1412799568879954, 1.174384860639979, 3.132237504013945, 1.294112898590734]",2.8419572245148337,0.14694024177672416,"[1.82079633 1.82079633 1.82079633 1.82079633 1.82079633 0.86207424
 1.12341683 0.9468185  0.8559005  0.6654754 ]",1.8207963267948966,0.8620742360644783,5,7,11,3.108792304992676,1,881.0,0.0,0.0,537,gnm
known,static_conjecture,barabasi_538,10.620101636886082,"[1.7929152491800848, 2.1660088138630234, 1.5909035233048119, 2.288002231433471, 0.12550997175375997, 1.2121757644049138, 2.743291683379951, 0.411293596745584, 1.6252353628558156, 1.5382293602449255]",1.7929152491800848,1.2121757644049138,"[1.56055227 1.56055227 1.56055227 1.56055227 1.56055227 0.86207424
 1.12341683 0.9468185  0.8559005  0.6654754 ]",1.5605522682445758,0.8620742360644783,5,13,12,12.522657632827759,1,1649.0,0.0,0.0,538,barabasi
known,static_conjecture,regular_539,21.053549311356246,"[2.897675419890759, 2.1188051363289597, 2.329992192267815, 1.8022903057702608, 1.660420369330874, 0.1463863679891113, 2.9972767790358494, 2.9771135753901277, 2.295374743011047, 1.1302766809607836]",2.897675419890759,0.1463863679891113,"[1.97142857 1.97142857 1.97142857 1.97142857 1.97142857 0.86207424
 1.12341683 0.9468185  0.8559005  0.6654754 ]",1.971428571428571,0.8620742360644783,5,15,30,17.913436889648438,1,1004.0,0.0,0.0,539,regular
known,static_conjecture,barabasi_540,31.585138514218,"[2.9795969511052007, 3.141592653589793, 2.409163650996478, 1.943617903110636, 1.6314954124445893, 1.2885183574478138, 2.2795337746743085, 1.5979682864984224, 3.137247236826374, 0.25158072394815817]",2.9795969511052007,1.2885183574478138,"[1.83719536 1.83719536 1.83719536 1.83719536 1.83719536 0.86207424
 1.12341683 0.9468185  0.8559005  0.6654754 ]",1.8371953608103186,0.8620742360644783,5,19,48,18.34456205368042,1,1010.0,0.0,0.0,540,barabasi
known,static_conjecture,barabasi_541,5.488860661891778,"[2.8435391703493673, 2.604256410064206, 2.491093647122305, 0.5881000153261796, 3.011624290872774, 0.6153085734023513, 2.203314850126109, 1.79822016600706, 2.5752151586933185, 0.40127476351185765]",2.8435391703493673,0.6153085734023513,"[2.34870595 2.34870595 2.34870595 2.34870595 2.34870595 0.86207424
 1.12341683 0.9468185  0.8559005  0.6654754 ]",2.34870594630933,0.8620742360644783,5,7,6,8.731650114059448,1,3174.0,0.0,0.0,541,barabasi
known,static_conjecture,regular_542,11.647630363758253,"[2.869369053191684, 1.679416837225622, 2.7264525620820725, 2.795090488458072, 2.024611569097312, 1.0890481108743237, 2.6805839167495016, 2.0794415219308267, 1.789765437898918, 1.4802559585606194]",2.869369053191684,1.0890481108743237,"[1.56614833 1.56614833 1.56614833 1.56614833 1.56614833 0.86207424
 1.12341683 0.9468185  0.8559005  0.6654754 ]",1.5661483253588515,0.8620742360644783,5,7,14,16.600935697555542,1,1966.0,0.0,0.0,542,regular
known,static_conjecture,gnm_543,32.947641934687866,"[1.5975265548192752, 2.2595756023063336, 2.23391851982763, 3.141582451648248, 3.1415807357486334, 1.2220114553691743, 3.138979458653545, 2.393260290606434, 1.5999050025451087, 1.0477940513082742]",1.5975265548192752,1.2220114553691743,"[2.26617582 2.26617582 2.26617582 2.26617582 2.26617582 0.86207424
 1.12341683 0.9468185  0.8559005  0.6654754 ]",2.266175817630496,0.8620742360644783,5,18,55,13.365305423736572,1,641.0,0.0,0.0,543,gnm
known,static_conjecture,watts_544,13.044300977338892,"[2.772780457084791, 2.4597812971511566, 2.419127732312764, 1.4494084871071333, 1.6344256002548314, 1.3489636272524157, 1.5668707125085446, 0.7068246016801861, 0.5548358966625995, 0.9104954809671808]",2.772780457084791,1.3489636272524157,"[1.72872217 1.72872217 1.72872217 1.72872217 1.72872217 0.86207424
 1.12341683 0.9468185  0.8559005  0.6654754 ]",1.7287221659919028,0.8620742360644783,5,10,20,8.496546745300293,1,974.0,0.0,0.0,544,watts
known,static_conjecture,watts_545,10.740447042613258,"[1.0724394089739069, 2.3288871223364493, 2.06786279279516, 1.8680227300503374, 1.3887227877490818, 1.6658224801600157, 1.0420281818021226, 1.1430227696251514, 1.2395040124004195, 0.33996980240245855]",1.0724394089739069,1.6658224801600157,"[1.54166667 1.54166667 1.54166667 1.54166667 1.54166667 0.86207424
 1.12341683 0.9468185  0.8559005  0.6654754 ]",1.541666666666667,0.8620742360644783,5,13,13,18.000117540359497,1,1754.0,0.0,0.0,545,watts
known,static_conjecture,watts_546,10.791489685294437,"[1.4397999355684057, 3.0563353092262013, 1.328213998339665, 1.4463705960915771, 1.801174579735962, 1.1254538995642391, 2.6860063465470865, 1.2450389168209364, 1.6278661095371048, 0.6534518192795986]",1.4397999355684057,1.1254538995642391,"[1.53033274 1.53033274 1.53033274 1.53033274 1.53033274 0.86207424
 1.12341683 0.9468185  0.8559005  0.6654754 ]",1.5303327429149798,0.8620742360644783,5,8,16,10.222378730773926,1,908.0,0.0,0.0,546,watts
known,static_conjecture,regular_547,13.766331014524845,"[2.332168114540005, 1.26759270298342, 2.1281979612053896, 2.4326448850949403, 2.0165987840181647, -0.12781868253293574, 3.1414940029673772, 1.730063208312787, 2.0822052699951903, 1.3277215237117939]",2.332168114540005,-0.12781868253293574,"[2.09196429 2.09196429 2.09196429 2.09196429 2.09196429 0.86207424
 1.12341683 0.9468185  0.8559005  0.6654754 ]",2.091964285714286,0.8620742360644783,5,12,18,14.083701848983765,1,1123.0,0.0,0.0,547,regular
known,static_conjecture,barabasi_548,6.876334450272999,"[1.8848714543074887, 2.0972210189154605, 2.827683444740205, 1.974389054010414, 3.118513077914268, 1.2509441417036187, 2.7044965638632004, 1.6854227328376745, 0.34704856164616804, 1.6933119475888232]",1.8848714543074887,1.2509441417036187,"[2.33235845 2.33235845 2.33235845 2.33235845 2.33235845 0.86207424
 1.12341683 0.9468185  0.8559005  0.6654754 ]",2.332358447270728,0.8620742360644783,5,9,8,9.689667224884033,1,1338.0,0.0,0.0,548,barabasi
known,static_conjecture,gnm_549,25.68258051703928,"[2.0806195015696405, 2.346849518065664, 2.1096113153835927, 2.4599410187301203, 2.069730485657389, 0.9389951257355698, 1.1811764173850197, 0.9524208357203946, 1.0437360117714758, 0.9040039126331858]",2.0806195015696405,0.9389951257355698,"[2.07640271 2.07640271 2.07640271 2.07640271 2.07640271 0.86207424
 1.12341683 0.9468185  0.8559005  0.6654754 ]",2.0764027109186602,0.8620742360644783,5,14,51,13.55190896987915,1,667.0,0.0,0.0,549,gnm
known,static_conjecture,gnm_550,11.525455791443846,"[1.8666686591804014, 1.485071862189105, 3.1055881026125642, 1.695427670577935, 1.9037937802583866, 0.18139932963847863, 3.1277031418952888, 1.1134772570004272, 2.8730694984029634, 1.2954193064550865]",1.8666686591804014,0.18139932963847863,"[1.85651061 1.85651061 1.85651061 1.85651061 1.85651061 0.86207424
 1.12341683 0.9468185  0.8559005  0.6654754 ]",1.8565106125091821,0.8620742360644783,5,8,17,10.96402883529663,1,987.0,0.0,0.0,550,gnm
known,static_conjecture,barabasi_551,6.181820095834468,"[2.8140029125265213, 2.3447573057290363, 1.9869698420312143, 2.108847749944831, 2.2921287576708442, 0.7290531042874252, 3.1376789127030635, 1.3636717675385586, 1.2809640631846362, 0.20742922778872144]",2.8140029125265213,0.7290531042874252,"[2.28139837 2.28139837 2.28139837 2.28139837 2.28139837 0.86207424
 1.12341683 0.9468185  0.8559005  0.6654754 ]",2.281398371365477,0.8620742360644783,5,8,7,4.6534600257873535,1,869.0,0.0,0.0,551,barabasi
known,static_conjecture,barabasi_552,30.675917568705795,"[3.0003367820109887, 2.892146626223279, 3.141592653589793, 1.8067465702701044, 1.7257111332851451, 2.099181125188597, 2.9803396693801694, 1.9651586300060924, 1.5932099351082158, 1.3884958365598195]",3.0003367820109887,2.099181125188597,"[1.81359428 1.81359428 1.81359428 1.81359428 1.81359428 0.86207424
 1.12341683 0.9468185  0.8559005  0.6654754 ]",1.8135942760942756,0.8620742360644783,5,18,45,23.444146633148193,1,1380.0,0.0,0.0,552,barabasi
known,static_conjecture,watts_553,9.253788077082845,"[2.982012033093218, 2.7829486991978625, 0.9802017215475267, 2.9820633357826187, 1.8938085415771395, 0.4513569081623028, 1.8139808082805993, 1.633919265536537, 1.4753067071547346, 0.1544094494230055]",2.982012033093218,0.4513569081623028,"[1.48238815 1.48238815 1.48238815 1.48238815 1.48238815 0.86207424
 1.12341683 0.9468185  0.8559005  0.6654754 ]",1.482388147566719,0.8620742360644783,5,7,14,6.510820150375366,1,1252.0,0.0,0.0,553,watts
known,static_conjecture,barabasi_554,11.93220260877259,"[0.2553771641234179, 0.3549084383313623, 2.2036981406175125, 2.746038685395056, 0.9457509276248457, 1.141235285173806, 2.841697164446642, 3.1415072991085493, 1.756925788022176, 1.7269239052149459]",0.2553771641234179,1.141235285173806,"[1.55       1.55       1.55       1.55       1.55       0.86207424
 1.12341683 0.9468185  0.8559005  0.6654754 ]",1.55,0.8620742360644783,5,15,14,21.26156234741211,1,1902.0,0.0,0.0,554,barabasi
known,static_conjecture,barabasi_555,9.813906979513227,"[1.882620790701206, 1.5808888145448703, 1.5903201884304738, 2.0269085028073435, 0.3538525833670815, 0.8141924099345115, 2.7497495822059013, 2.438419331452778, 1.3122949492646228, 1.372581427580388]",1.882620790701206,0.8141924099345115,"[1.56203704 1.56203704 1.56203704 1.56203704 1.56203704 0.86207424
 1.12341683 0.9468185  0.8559005  0.6654754 ]",1.5620370370370371,0.8620742360644783,5,12,11,6.884480714797974,1,704.0,0.0,0.0,555,barabasi
known,static_conjecture,barabasi_556,16.73990684855902,"[2.9451436807319875, 2.8353731871391226, 1.6167370133416878, 1.4251835778403108, 1.6651140017015855, 0.47070943555801725, 3.1270286706276464, 2.927635835154992, 1.8513460069749657, 0.1669360777870526]",2.9451436807319875,0.47070943555801725,"[1.6486856  1.6486856  1.6486856  1.6486856  1.6486856  0.86207424
 1.12341683 0.9468185  0.8559005  0.6654754 ]",1.6486856028961292,0.8620742360644783,5,14,24,24.069640398025513,1,1559.0,0.0,0.0,556,barabasi
known,static_conjecture,watts_557,13.725592442049017,"[2.900743888803209, 3.103887669636724, 0.4982668367967461, 3.055194953580646, 0.5365155275974594, 1.8333944185466458, 3.031177374855219, 2.584850286102919, 1.7886391949784854, 1.3671617967798877]",2.900743888803209,1.8333944185466458,"[1.72872217 1.72872217 1.72872217 1.72872217 1.72872217 0.86207424
 1.12341683 0.9468185  0.8559005  0.6654754 ]",1.7287221659919028,0.8620742360644783,5,10,20,22.52945041656494,1,1881.0,0.0,0.0,557,watts
known,static_conjecture,regular_558,29.673576413167613,"[2.8517499084895688, 2.1677607727623536, 3.042964828917804, 2.06121350206179, 3.060754342533362, 0.11514542159949655, 1.9008304171041819, 2.311101788244934, 1.9950085814495078, 0.9111261937837319]",2.8517499084895688,0.11514542159949655,"[3.14159265 3.14159265 3.14159265 3.14159265 3.14159265 0.86207424
 1.12341683 0.9468185  0.8559005  0.6654754 ]",3.141592653589793,0.8620742360644783,5,20,40,26.392826795578003,1,1440.0,0.0,0.0,558,regular
known,static_conjecture,barabasi_559,5.4794678599027975,"[2.8514283566955276, 1.2060637030886605, 2.6910223736583663, 1.489634584854405, 2.1561276018915114, 0.2674721985823444, 3.112594299537843, 2.8947695308769585, 1.675245989159708, 1.375879532099062]",2.8514283566955276,0.2674721985823444,"[2.17599942 2.17599942 2.17599942 2.17599942 2.17599942 0.86207424
 1.12341683 0.9468185  0.8559005  0.6654754 ]",2.1759994235088223,0.8620742360644783,5,7,6,4.598374605178833,1,1903.0,0.0,0.0,559,barabasi
known,static_conjecture,regular_560,7.997082337755273,"[2.7822348293745485, 2.1817342780183235, 1.6109698760884044, 1.8717211234248545, 1.620225328138849, 0.8586149587438803, 1.5901963763517941, 0.4836266676046935, 2.056600727237327, 0.628314052159022]",2.7822348293745485,0.8586149587438803,"[1.70442584 1.70442584 1.70442584 1.70442584 1.70442584 0.86207424
 1.12341683 0.9468185  0.8559005  0.6654754 ]",1.704425837320574,0.8620742360644783,5,6,12,10.863352060317993,1,1777.0,0.0,0.0,560,regular
known,static_conjecture,watts_561,12.935212446655337,"[2.7084083738845326, 1.7364677157386306, 2.260737600623851, 1.5762167340152906, 3.1414041477066137, 1.2172400081628982, 2.277516284209481, 0.9517223478465104, 1.4088851523338741, 0.7542873969599865]",2.7084083738845326,1.2172400081628982,"[1.57079633 1.57079633 1.57079633 1.57079633 1.57079633 0.86207424
 1.12341683 0.9468185  0.8559005  0.6654754 ]",1.5707963267948966,0.8620742360644783,5,16,16,20.407835721969604,1,1679.0,0.0,0.0,561,watts
known,static_conjecture,barabasi_562,26.479998648684095,"[3.000496195097031, 2.7988782508825327, 1.636273563880434, 1.9416646044681314, 1.5701574551519346, 0.4356576470356633, 2.6578777466963865, 2.3505143085494185, 2.3763756712631547, 0.7658049388628049]",3.000496195097031,0.4356576470356633,"[1.74564591 1.74564591 1.74564591 1.74564591 1.74564591 0.86207424
 1.12341683 0.9468185  0.8559005  0.6654754 ]",1.7456459122474746,0.8620742360644783,5,16,39,21.412834882736206,1,1300.0,0.0,0.0,562,barabasi
known,static_conjecture,gnm_563,31.487114740666335,"[0.7421610519805866, 2.6012838894659183, 2.7326624529297394, 3.084706544157126, 1.9370182604688462, 1.5639143186720321, 2.9488528236819755, 3.138387023257285, 1.8531574358185794, 1.6025479670818525]",0.7421610519805866,1.5639143186720321,"[2.31875807 2.31875807 2.31875807 2.31875807 2.31875807 0.86207424
 1.12341683 0.9468185  0.8559005  0.6654754 ]",2.318758070049566,0.8620742360644783,5,20,48,20.1972393989563,1,1070.0,0.0,0.0,563,gnm
known,static_conjecture,barabasi_564,8.093643987482132,"[2.93775377539254, 2.027839879534615, 2.005829091953271, 2.8116968748598987, 1.9170289024120069, 0.2572138117303805, 2.958379681001922, 1.210372448770806, 1.6171886860945315, 0.37917471612296216]",2.93775377539254,0.2572138117303805,"[2.1846071  2.1846071  2.1846071  2.1846071  2.1846071  0.86207424
 1.12341683 0.9468185  0.8559005  0.6654754 ]",2.184607103422893,0.8620742360644783,5,10,9,3.7728052139282227,1,1186.0,0.0,0.0,564,barabasi
known,static_conjecture,watts_565,5.686547874032385,"[1.593364523906454, 2.776388014419692, 2.0780920571880643, 2.631563640939567, 1.6080528111418175, 0.6339508368437428, 2.2847746509999958, 1.572447280790699, 1.9291106079319025, 0.910907387338054]",1.593364523906454,0.6339508368437428,"[1.46995192 1.46995192 1.46995192 1.46995192 1.46995192 0.86207424
 1.12341683 0.9468185  0.8559005  0.6654754 ]",1.4699519230769231,0.8620742360644783,5,8,8,1.7254068851470947,1,579.0,0.0,0.0,565,watts
known,static_conjecture,watts_566,9.038898490249267,"[2.9892671710811527, 2.996325790013785, 3.1298008907142596, 2.2173893052317415, 1.6319905711008782, 1.7351819543278073, 1.4862553318169345, 1.7487043559522624, 1.502728420648706, 1.3508710766363767]",2.9892671710811527,1.7351819543278073,"[1.48238815 1.48238815 1.48238815 1.48238815 1.48238815 0.86207424
 1.12341683 0.9468185  0.8559005  0.6654754 ]",1.482388147566719,0.8620742360644783,5,7,14,7.256068706512451,1,1093.0,0.0,0.0,566,watts
known,static_conjecture,gnm_567,78.01747060097728,"[2.1786365041826583, 3.1397833637667434, 2.7581691321876445, 2.8092747994909737, 2.6285818734990594, 1.5918338524716047, 3.1247896782450595, 3.065524307844525, 2.758346854847975, 1.545453486648447]",2.1786365041826583,1.5918338524716047,"[2.71869845 2.71869845 2.71869845 2.71869845 2.71869845 0.86207424
 1.12341683 0.9468185  0.8559005  0.6654754 ]",2.7186984544264425,0.8620742360644783,5,18,149,29.737386226654053,1,600.0,0.0,0.0,567,gnm
known,static_conjecture,barabasi_568,29.63286625969774,"[2.954022210307306, 3.141587694457974, 1.718357999204395, 1.887926360264478, 2.621493576601254, 1.9221855899332514, 1.3746364193157459, 1.6690745971767544, 1.3399320771981151, 0.15646156593047722]",2.954022210307306,1.9221855899332514,"[1.79816218 1.79816218 1.79816218 1.79816218 1.79816218 0.86207424
 1.12341683 0.9468185  0.8559005  0.6654754 ]",1.7981621773288434,0.8620742360644783,5,18,45,19.001524209976196,1,1269.0,0.0,0.0,568,barabasi
known,static_conjecture,regular_569,9.624866480608034,"[3.1351789562618455, 1.9097551613365646, 2.8586077659348037, 3.0129220660938776, 1.7699648693531387, 0.6795689543180872, 1.9587253936954006, 0.5539915427231499, 2.578633171865188, 0.7606631152372243]",3.1351789562618455,0.6795689543180872,"[1.56614833 1.56614833 1.56614833 1.56614833 1.56614833 0.86207424
 1.12341683 0.9468185  0.8559005  0.6654754 ]",1.5661483253588515,0.8620742360644783,5,7,14,4.886895179748535,1,1243.0,0.0,0.0,569,regular
known,static_conjecture,barabasi_570,17.13433508706953,"[2.973975607839567, 2.7576055705732614, 1.6566028414028986, 2.229576749545669, 1.5580202833771013, 0.48515277935758927, 2.671197435025168, 2.3696208481489673, 2.360670525680888, 0.7914345394917663]",2.973975607839567,0.48515277935758927,"[1.65126539 1.65126539 1.65126539 1.65126539 1.65126539 0.86207424
 1.12341683 0.9468185  0.8559005  0.6654754 ]",1.651265392181458,0.8620742360644783,5,14,24,10.13571834564209,1,798.0,0.0,0.0,570,barabasi
known,static_conjecture,gnm_571,86.40782098004402,"[2.6086635206778244, 2.68898415103813, 3.141436435512788, 2.665134175432788, 2.631652510917036, 0.00025178316290482716, 3.0772291189116947, 1.6347028764912777, 2.8319868539776714, 1.6179222586881776]",2.6086635206778244,0.00025178316290482716,"[2.71394204 2.71394204 2.71394204 2.71394204 2.71394204 0.86207424
 1.12341683 0.9468185  0.8559005  0.6654754 ]",2.7139420391983355,0.8620742360644783,5,19,166,32.50152277946472,1,626.0,0.0,0.0,571,gnm
known,static_conjecture,regular_572,17.487433332514858,"[2.00373675795682, 2.9575467818059202, 3.141592653589793, 3.1414448329844715, 3.141592653589793, 1.2286247842453943, 2.134423774049796, 1.0984457105760863, 1.704900164918473, 0.4885378789491036]",2.00373675795682,1.2286247842453943,"[3.14159265 3.14159265 3.14159265 3.14159265 3.14159265 0.86207424
 1.12341683 0.9468185  0.8559005  0.6654754 ]",3.141592653589793,0.8620742360644783,5,16,24,6.543411016464233,1,801.0,0.0,0.0,572,regular
known,static_conjecture,regular_573,14.466251285548061,"[1.8939039259457384, 2.5910380457516684, 2.731001722332782, 1.809056298486565, 1.871020357461632, 1.6672215911181667, 2.6636455050884313, 1.8041411076664902, 2.1750561549623995, 0.38293260993703065]",1.8939039259457384,1.6672215911181667,"[2.09196429 2.09196429 2.09196429 2.09196429 2.09196429 0.86207424
 1.12341683 0.9468185  0.8559005  0.6654754 ]",2.091964285714286,0.8620742360644783,5,12,18,28.74872064590454,1,2373.0,0.0,0.0,573,regular
known,static_conjecture,gnm_574,18.514686226172433,"[3.027616673652405, 2.9180470310929487, 2.8869886212022466, 2.8267676346736783, 2.7257275390390276, 0.4644915707227668, 1.9057995297474957, 1.8259638713139217, 1.7910814113919444, 0.1442398928782942]",3.027616673652405,0.4644915707227668,"[2.0601272  2.0601272  2.0601272  2.0601272  2.0601272  0.86207424
 1.12341683 0.9468185  0.8559005  0.6654754 ]",2.0601271998521806,0.8620742360644783,5,11,27,24.549309730529785,1,1548.0,0.0,0.0,574,gnm
known,static_conjecture,watts_575,5.695073525555017,"[1.5048562887303205, 0.306463379421358, 1.0716885260583022, 2.5940740765251222, 0.8227367368098925, 1.7720011552896484, 3.141467934166303, 2.226499318251057, 1.837743011127435, 1.367670212244636]",1.5048562887303205,1.7720011552896484,"[1.4696821  1.4696821  1.4696821  1.4696821  1.4696821  0.86207424
 1.12341683 0.9468185  0.8559005  0.6654754 ]",1.469682103610675,0.8620742360644783,5,7,7,9.653357744216919,1,1886.0,0.0,0.0,575,watts
known,static_conjecture,gnm_576,32.21059853749193,"[2.348848089289061, 2.3628973538617064, 2.3970842884885597, 2.503905285706686, 2.3766920680551245, 0.9320407464599225, 2.477949097687246, 0.7350309415337362, 2.239022750149868, 0.940306071861407]",2.348848089289061,0.9320407464599225,"[2.39631563 2.39631563 2.39631563 2.39631563 2.39631563 0.86207424
 1.12341683 0.9468185  0.8559005  0.6654754 ]",2.3963156252958497,0.8620742360644783,5,12,62,19.380345582962036,1,843.0,0.0,0.0,576,gnm
known,static_conjecture,gnm_577,12.957713807682646,"[1.3064498656202894, 1.715337142749924, 1.949908863401062, 1.5747658543520913, 1.5778418353854309, 1.1009306986723637, 0.9327679086701477, 1.1164816360712213, 1.1146089544138742, 0.7811359078202342]",1.3064498656202894,1.1009306986723637,"[1.47736761 1.47736761 1.47736761 1.47736761 1.47736761 0.86207424
 1.12341683 0.9468185  0.8559005  0.6654754 ]",1.477367608836907,0.8620742360644783,5,15,17,6.649374008178711,1,754.0,0.0,0.0,577,gnm
known,static_conjecture,watts_578,17.96213436554488,"[2.1033605251655123, 3.1231719560177873, 1.3221685569960093, 3.0529315356677538, 2.600277600202111, 1.165622733245038, 1.9854960887760467, 2.0186182748589387, 2.369676817985189, 1.7328616055000672]",2.1033605251655123,1.165622733245038,"[1.54166667 1.54166667 1.54166667 1.54166667 1.54166667 0.86207424
 1.12341683 0.9468185  0.8559005  0.6654754 ]",1.541666666666667,0.8620742360644783,5,13,26,20.04941415786743,1,1648.0,0.0,0.0,578,watts
known,static_conjecture,watts_579,7.4050842734305675,"[1.8526630871811713, 2.359751302298611, 1.8862240631613232, 2.560836847689983, 1.2792737301003432, 1.2342058730529808, 2.889915791438743, 1.976798574371473, 1.828011464312539, -0.17613542856800862]",1.8526630871811713,1.2342058730529808,"[1.47857312 1.47857312 1.47857312 1.47857312 1.47857312 0.86207424
 1.12341683 0.9468185  0.8559005  0.6654754 ]",1.4785731244064577,0.8620742360644783,5,9,9,10.341508388519287,1,2457.0,0.0,0.0,579,watts
known,static_conjecture,barabasi_580,17.181606723487977,"[2.976149778113151, 2.7646706009711024, 1.6453439853688234, 1.918247647059852, 1.5792750316310114, 0.4559169058338112, 2.644259822839051, 0.7994758695830002, 2.3683870074242774, 0.8418701348650898]",2.976149778113151,0.4559169058338112,"[1.64896558 1.64896558 1.64896558 1.64896558 1.64896558 0.86207424
 1.12341683 0.9468185  0.8559005  0.6654754 ]",1.6489655788320818,0.8620742360644783,5,14,24,9.071629285812378,1,763.0,0.0,0.0,580,barabasi
known,static_conjecture,watts_581,19.002764993998102,"[1.8295650272343589, 2.9299367871666475, 1.3091941955493458, 2.7688229860156515, 2.226216998926809, 1.4349486445972852, 1.7420759876473464, 2.012660302830838, 1.8176866209835776, 1.5532537793801486]",1.8295650272343589,1.4349486445972852,"[1.54166667 1.54166667 1.54166667 1.54166667 1.54166667 0.86207424
 1.12341683 0.9468185  0.8559005  0.6654754 ]",1.541666666666667,0.8620742360644783,5,14,28,17.565983533859253,1,1562.0,0.0,0.0,581,watts
known,static_conjecture,regular_582,21.88743936209397,"[1.371115798538869, 1.0443768551493176, 1.6897101150869118, 2.471106772699838, 3.141592653589793, 0.9719997263516942, 2.643396747512172, 2.26247727491553, 2.2224125375797117, 0.7285742997930935]",1.371115798538869,0.9719997263516942,"[3.14159265 3.14159265 3.14159265 3.14159265 3.14159265 0.86207424
 1.12341683 0.9468185  0.8559005  0.6654754 ]",3.141592653589793,0.8620742360644783,5,18,27,10.823487281799316,1,1047.0,0.0,0.0,582,regular
known,static_conjecture,watts_583,25.678680609613536,"[2.977271853796636, 2.7241770086286667, 1.6626133977666098, 1.5119685513461933, 1.5654773190638644, 0.5142653670231849, 2.703810132659979, 2.2579376735732004, 2.319595000308341, 0.8936364109413164]",2.977271853796636,0.5142653670231849,"[1.72736198 1.72736198 1.72736198 1.72736198 1.72736198 0.86207424
 1.12341683 0.9468185  0.8559005  0.6654754 ]",1.7273619833605531,0.8620742360644783,5,18,36,11.287439107894897,1,791.0,0.0,0.0,583,watts
known,static_conjecture,barabasi_584,5.34332529274468,"[2.809908475406002, 1.3528538210462548, 2.5027667242619955, 1.866723257307945, 1.9237708669840912, 1.740066828401814, 3.1414825483847215, 2.805256273514781, 1.6650582485446008, 1.3611796585648799]",2.809908475406002,1.740066828401814,"[2.23017809 2.23017809 2.23017809 2.23017809 2.23017809 0.86207424
 1.12341683 0.9468185  0.8559005  0.6654754 ]",2.230178092584108,0.8620742360644783,5,7,6,2.0813913345336914,1,970.0,0.0,0.0,584,barabasi
known,static_conjecture,barabasi_585,13.599084267239942,"[1.4889597896645204, 2.90590222610132, 1.6502326521888735, 2.7185732108045375, 1.8927199155297405, 1.2648591630804136, 1.7200788285447066, 2.0147316260309656, 1.7982951551439605, 1.4962315601424898]",1.4889597896645204,1.2648591630804136,"[1.58616513 1.58616513 1.58616513 1.58616513 1.58616513 0.86207424
 1.12341683 0.9468185  0.8559005  0.6654754 ]",1.5861651317447056,0.8620742360644783,5,12,20,7.410285472869873,1,780.0,0.0,0.0,585,barabasi
known,static_conjecture,barabasi_586,14.960376124700185,"[2.8692674556119897, 2.714949748167222, 1.3999182861914743, 2.2619727547858415, 2.23428773646338, 0.5626763611053721, 1.8434465862378513, 1.483055800714288, 1.436285577229021, 0.15808127023967472]",2.8692674556119897,0.5626763611053721,"[1.93069117 1.93069117 1.93069117 1.93069117 1.93069117 0.86207424
 1.12341683 0.9468185  0.8559005  0.6654754 ]",1.9306911709689487,0.8620742360644783,5,18,17,6.550693511962891,1,974.0,0.0,0.0,586,barabasi
known,static_conjecture,watts_587,6.3572514214974944,"[1.9362219050277027, 1.6132773765217736, 2.901292250133242, 0.7307026245124806, 1.8560518691893106, 1.4758910743771736, 0.5393260605807803, 0.4473437214397721, 1.2678310302682503, 1.4843794877974015]",1.9362219050277027,1.4758910743771736,"[1.4696821  1.4696821  1.4696821  1.4696821  1.4696821  0.86207424
 1.12341683 0.9468185  0.8559005  0.6654754 ]",1.469682103610675,0.8620742360644783,5,7,7,8.673486948013306,1,2619.0,0.0,0.0,587,watts
known,static_conjecture,watts_588,7.999986775427714,"[2.746623959505332, 2.5044309467528114, 2.5039221154352855, 2.408705734197664, 2.4672412507552006, 0.6718645881587372, 2.147359853600779, 0.9062265649982861, 1.7764468013265042, 1.0299607248552982]",2.746623959505332,0.6718645881587372,"[1.46995192 1.46995192 1.46995192 1.46995192 1.46995192 0.86207424
 1.12341683 0.9468185  0.8559005  0.6654754 ]",1.4699519230769231,0.8620742360644783,5,8,8,2.763369083404541,1,447.0,0.0,0.0,588,watts
known,static_conjecture,gnm_589,62.12457128678621,"[2.9804010533237557, 2.573816682273258, 2.9330784015553313, 2.481149966341943, 2.418782970052888, 0.9646620320141734, 2.335498853733607, 1.5588366401762468, 1.5733224047250505, 0.7893742747561396]",2.9804010533237557,0.9646620320141734,"[2.44342171 2.44342171 2.44342171 2.44342171 2.44342171 0.86207424
 1.12341683 0.9468185  0.8559005  0.6654754 ]",2.443421705171295,0.8620742360644783,5,18,121,20.847766876220703,1,565.0,0.0,0.0,589,gnm
known,static_conjecture,gnm_590,69.80897230416218,"[1.6638171557063497, 3.139627839027107, 2.818688030921543, 2.0076632619858414, 3.108270951230004, 0.7670937559032854, 3.134675900639925, 3.1324598674051396, 2.630985191252255, 0.26861888111547766]",1.6638171557063497,0.7670937559032854,"[2.42834228 2.42834228 2.42834228 2.42834228 2.42834228 0.86207424
 1.12341683 0.9468185  0.8559005  0.6654754 ]",2.4283422767475917,0.8620742360644783,5,19,127,39.06131196022034,1,836.0,0.0,0.0,590,gnm
known,static_conjecture,gnm_591,58.873118989846844,"[2.2935045461592667, 3.138777181789138, 3.140283520347711, 3.1326599325706326, 2.2773297011724716, 0.6718821024924357, 2.431692050146096, 1.5807624493864252, 1.5999381037117506, 1.1382958877070497]",2.2935045461592667,0.6718821024924357,"[2.51520184 2.51520184 2.51520184 2.51520184 2.51520184 0.86207424
 1.12341683 0.9468185  0.8559005  0.6654754 ]",2.515201842022507,0.8620742360644783,5,17,114,26.12242293357849,1,716.0,0.0,0.0,591,gnm
known,static_conjecture,barabasi_592,16.215855281908922,"[1.5971449411023473, 2.814940101977782, 1.7058397062799624, 2.818722518339293, 2.0422441874947634, 1.9576884408001145, 3.1411924829056432, 2.00351918094541, 1.8248584996149504, -0.05520600395256939]",1.5971449411023473,1.9576884408001145,"[1.54557823 1.54557823 1.54557823 1.54557823 1.54557823 0.86207424
 1.12341683 0.9468185  0.8559005  0.6654754 ]",1.545578231292517,0.8620742360644783,5,14,24,18.526983976364136,1,1284.0,0.0,0.0,592,barabasi
known,static_conjecture,watts_593,7.866659278053703,"[1.2956139568661138, 2.637301903580183, 2.0416103387799995, 1.8275338891564932, 1.7144921381675098, 1.1136340153457829, 1.5472834648067, 1.9434214466725446, 1.118973619783494, -0.1620452927041649]",1.2956139568661138,1.1136340153457829,"[1.63924033 1.63924033 1.63924033 1.63924033 1.63924033 0.86207424
 1.12341683 0.9468185  0.8559005  0.6654754 ]",1.6392403283850654,0.8620742360644783,5,6,12,9.271177530288696,1,1434.0,0.0,0.0,593,watts
known,static_conjecture,barabasi_594,5.4752351328228315,"[2.8935170318895382, 2.1834057717145203, 1.7993930719796125, 3.060508476071824, 1.6778947661608736, 1.9129256561210872, 3.089656567135212, 2.2561557296335426, 2.200027568333593, 0.3234872883846904]",2.8935170318895382,1.9129256561210872,"[2.17599942 2.17599942 2.17599942 2.17599942 2.17599942 0.86207424
 1.12341683 0.9468185  0.8559005  0.6654754 ]",2.1759994235088223,0.8620742360644783,5,7,6,4.984667778015137,1,1020.0,0.0,0.0,594,barabasi
known,static_conjecture,gnm_595,74.49792285367285,"[2.364207476909188, 2.2888059599804746, 2.4256742474623345, 2.7551030860424786, 2.611549814641795, 0.7830879682628982, 1.5723557512061346, 0.7894032661713349, 1.5914967327172111, 0.4008268900793405]",2.364207476909188,0.7830879682628982,"[2.47114783 2.47114783 2.47114783 2.47114783 2.47114783 0.86207424
 1.12341683 0.9468185  0.8559005  0.6654754 ]",2.471147827644778,0.8620742360644783,5,20,144,47.42622184753418,1,831.0,0.0,0.0,595,gnm
known,static_conjecture,gnm_596,14.690026220061554,"[2.9046133846911646, 2.0591090756245847, 1.8785108616661446, 2.7213304525480293, 2.443259304777205, 0.9841761314642232, 1.476971969156535, 0.7547485203523733, 1.1500237838447027, 0.784598688388776]",2.9046133846911646,0.9841761314642232,"[1.96365347 1.96365347 1.96365347 1.96365347 1.96365347 0.86207424
 1.12341683 0.9468185  0.8559005  0.6654754 ]",1.9636534696520394,0.8620742360644783,5,9,28,14.001184463500977,1,1378.0,0.0,0.0,596,gnm
known,static_conjecture,gnm_597,34.123614215253895,"[2.2858963816792146, 2.611393995580233, 2.655612752587418, 2.260512548750457, 2.373074247003851, 0.5371799275731026, 2.1789253828407364, 2.1843716925782823, 2.3741287254476404, 0.6713634905271477]",2.2858963816792146,0.5371799275731026,"[2.1997586  2.1997586  2.1997586  2.1997586  2.1997586  0.86207424
 1.12341683 0.9468185  0.8559005  0.6654754 ]",2.199758601520082,0.8620742360644783,5,15,68,15.120303392410278,1,614.0,0.0,0.0,597,gnm
known,static_conjecture,barabasi_598,4.65176614056783,"[2.188396892115895, 3.1409664886858613, 2.758422018349451, 2.1390494492871093, 1.5647535385228233, 1.557719330748834, 1.614286222950121, 1.2003410534738825, 1.184359556436984, 0.41090073965379975]",2.188396892115895,1.557719330748834,"[2.18690907 2.18690907 2.18690907 2.18690907 2.18690907 0.86207424
 1.12341683 0.9468185  0.8559005  0.6654754 ]",2.1869090704617022,0.8620742360644783,5,6,5,3.119623899459839,1,823.0,0.0,0.0,598,barabasi
known,static_conjecture,barabasi_599,21.81470778922151,"[1.4849237460938733, 3.1328756172020045, 0.03570228097879165, 3.115144840939501, 1.941352931093957, 1.4166759300579908, 2.68993436597586, 2.253399516556108, 1.762649325611008, 1.231911408626018]",1.4849237460938733,1.4166759300579908,"[1.56364266 1.56364266 1.56364266 1.56364266 1.56364266 0.86207424
 1.12341683 0.9468185  0.8559005  0.6654754 ]",1.5636426592797785,0.8620742360644783,5,19,34,8.004512548446655,1,661.0,0.0,0.0,599,barabasi
known,static_conjecture,regular_600,7.993387238813739,"[2.8964524638811717, 1.672054900774846, 1.7861497250485083, 1.971281692874764, 1.8338364973513344, 0.9048344967343313, 2.264235379032514, 1.9539025836049082, 1.7652532030361252, 0.5972973562349727]",2.8964524638811717,0.9048344967343313,"[1.70442584 1.70442584 1.70442584 1.70442584 1.70442584 0.86207424
 1.12341683 0.9468185  0.8559005  0.6654754 ]",1.704425837320574,0.8620742360644783,5,6,12,3.540571928024292,1,1110.0,0.0,0.0,600,regular
known,static_conjecture,watts_601,20.716435422051244,"[1.794533640858161, 3.1307604684414634, 1.1531523149080276, 2.7781558075339916, 2.118204014467897, 0.8374776080030624, 2.1901399338266296, 2.0310894513985027, 1.8113994955330988, 1.507114225889518]",1.794533640858161,0.8374776080030624,"[1.54166667 1.54166667 1.54166667 1.54166667 1.54166667 0.86207424
 1.12341683 0.9468185  0.8559005  0.6654754 ]",1.541666666666667,0.8620742360644783,5,15,30,27.728918075561523,1,1586.0,0.0,0.0,601,watts
known,static_conjecture,gnm_602,45.942901631338415,"[1.987761658173561, 2.0272323693805827, 2.413218304835066, 3.141559525752076, 3.1411267438804877, 0.7989750072902917, 3.028022162872671, 2.741860452111805, 2.1955055828724657, 1.1979433367475965]",1.987761658173561,0.7989750072902917,"[2.35556424 2.35556424 2.35556424 2.35556424 2.35556424 0.86207424
 1.12341683 0.9468185  0.8559005  0.6654754 ]",2.3555642441661067,0.8620742360644783,5,15,91,25.26753854751587,1,698.0,0.0,0.0,602,gnm
known,static_conjecture,barabasi_603,12.894111637697348,"[1.7433272546344099, 1.2262134458649174, 2.3020830513274984, 1.7672141351722863, 1.5665613941228544, 1.159124801382415, 1.8135844689175122, 1.5221364006259261, 1.2384653049674443, 0.37870312831986475]",1.7433272546344099,1.159124801382415,"[1.55555556 1.55555556 1.55555556 1.55555556 1.55555556 0.86207424
 1.12341683 0.9468185  0.8559005  0.6654754 ]",1.5555555555555556,0.8620742360644783,5,15,14,10.583533763885498,1,1051.0,0.0,0.0,603,barabasi
known,static_conjecture,regular_604,22.85904077141804,"[2.983001523987644, 2.5189836406576243, 1.8066628926954267, 1.7912970226491456, 1.778388785961268, 0.5408713078336025, 1.5668770212952754, 1.3976736878053748, 2.2219619615764286, 1.2130292160921283]",2.983001523987644,0.5408713078336025,"[1.97142857 1.97142857 1.97142857 1.97142857 1.97142857 0.86207424
 1.12341683 0.9468185  0.8559005  0.6654754 ]",1.971428571428571,0.8620742360644783,5,15,30,28.036632537841797,1,1493.0,0.0,0.0,604,regular
known,static_conjecture,watts_605,16.869276134224826,"[1.7036140892599714, 1.1448598116335567, 1.334046540932389, 1.984459899657736, 2.363219751120429, -0.33663062530344956, 2.433023095430606, 1.628172650529701, 1.232776105665656, 0.28717366888944135]",1.7036140892599714,-0.33663062530344956,"[1.57079633 1.57079633 1.57079633 1.57079633 1.57079633 0.86207424
 1.12341683 0.9468185  0.8559005  0.6654754 ]",1.5707963267948966,0.8620742360644783,5,20,20,14.954947233200073,1,1667.0,0.0,0.0,605,watts
known,static_conjecture,barabasi_606,22.60008758845422,"[2.2610387306455824, 2.648377773479034, 1.1767035762336386, 2.8271113064243987, 2.07007351072838, 1.519136651613711, 1.4677579426059681, 1.9901427671606728, 1.8125051376708883, -0.10091184136540012]",2.2610387306455824,1.519136651613711,"[1.5890873  1.5890873  1.5890873  1.5890873  1.5890873  0.86207424
 1.12341683 0.9468185  0.8559005  0.6654754 ]",1.5890873015873015,0.8620742360644783,5,18,32,17.32221508026123,1,1540.0,0.0,0.0,606,barabasi
known,static_conjecture,barabasi_607,21.919976250972105,"[0.17029322345268116, 3.065245563847979, 0.40702680821748993, 3.068961167834752, 1.114749202275954, 1.1606542605730492, 3.081118827159923, 0.5392199687577985, 2.275613109051158, 1.644772388545778]",0.17029322345268116,1.1606542605730492,"[1.56342753 1.56342753 1.56342753 1.56342753 1.56342753 0.86207424
 1.12341683 0.9468185  0.8559005  0.6654754 ]",1.5634275278738947,0.8620742360644783,5,17,30,22.933579683303833,1,1911.0,0.0,0.0,607,barabasi
known,static_conjecture,watts_608,11.642664051864926,"[1.4324235085251642, 3.075860716464974, 3.1415666593044116, 2.109363787397931, 3.056353653321372, 1.4745055760063557, 2.3552716973924976, 2.2826308401411426, 2.008883438822286, 0.8181145964113548]",1.4324235085251642,1.4745055760063557,"[1.63924033 1.63924033 1.63924033 1.63924033 1.63924033 0.86207424
 1.12341683 0.9468185  0.8559005  0.6654754 ]",1.6392403283850654,0.8620742360644783,5,9,18,25.373752117156982,1,1517.0,0.0,0.0,608,watts
known,static_conjecture,barabasi_609,5.748450631121841,"[3.1415027198777423, 2.218438790507685, 3.1415053576566487, 2.227441028207286, 2.369128239452616, 1.856050038072361, 3.1358121076541408, 1.8468542261915364, 1.7281988214735633, 1.135824681465722]",3.1415027198777423,1.856050038072361,"[2.20232017 2.20232017 2.20232017 2.20232017 2.20232017 0.86207424
 1.12341683 0.9468185  0.8559005  0.6654754 ]",2.202320171604711,0.8620742360644783,5,8,7,5.656538724899292,1,550.0,0.0,0.0,609,barabasi
known,static_conjecture,watts_610,5.790377956664599,"[1.3261111367549936, 2.0245070846489073, 0.8506651612540596, 2.9423332803462943, 2.1323366734469094, 0.15905618815926675, 2.528530701160336, 1.8972309523456872, 1.0771781614877285, 0.15253906406538803]",1.3261111367549936,0.15905618815926675,"[1.48238815 1.48238815 1.48238815 1.48238815 1.48238815 0.86207424
 1.12341683 0.9468185  0.8559005  0.6654754 ]",1.482388147566719,0.8620742360644783,5,7,7,16.192282676696777,1,1621.0,0.0,0.0,610,watts
known,static_conjecture,gnm_611,15.258809096818553,"[1.9508022496482897, 2.5084076898637813, 1.5876375669678722, 2.7392715451099567, 2.133491394841942, 1.5123640037343111, 1.5411079910235195, 2.08076480236262, 1.8713441606724186, 1.5617702795620212]",1.9508022496482897,1.5123640037343111,"[1.47615542 1.47615542 1.47615542 1.47615542 1.47615542 0.86207424
 1.12341683 0.9468185  0.8559005  0.6654754 ]",1.476155418307674,0.8620742360644783,5,14,20,33.21148133277893,1,1437.0,0.0,0.0,611,gnm
known,static_conjecture,gnm_612,34.50901658286906,"[1.5715854966654645, 1.8607562276930019, 3.021882888260331, 2.726588776483265, 1.9896821257667534, 2.258500146745348, 3.141592417862872, 1.4021489626492538, 1.8495678068432662, 1.5823533641811434]",1.5715854966654645,2.258500146745348,"[2.259822   2.259822   2.259822   2.259822   2.259822   0.86207424
 1.12341683 0.9468185  0.8559005  0.6654754 ]",2.25982200442808,0.8620742360644783,5,18,55,37.35054159164429,1,804.0,0.0,0.0,612,gnm
known,static_conjecture,barabasi_613,8.70073858253761,"[0.29361438682620566, 1.5746760253643557, 1.9229648280648555, 3.124952035734018, 0.7138558652353361, 1.1082210774509713, 3.1342404768109198, 2.5702432535345734, 1.8709768169264094, 1.3727053765710295]",0.29361438682620566,1.1082210774509713,"[1.55165289 1.55165289 1.55165289 1.55165289 1.55165289 0.86207424
 1.12341683 0.9468185  0.8559005  0.6654754 ]",1.5516528925619835,0.8620742360644783,5,11,10,7.433891773223877,1,775.0,0.0,0.0,613,barabasi
known,static_conjecture,gnm_614,37.38430275033302,"[2.993417488389343, 2.9877797247062094, 2.4223783348492427, 2.381514578745475, 2.3455578499158785, 0.8169167117786457, 2.7691155711015942, 2.164678433833087, 1.5813988191277588, 0.5863143684241727]",2.993417488389343,0.8169167117786457,"[2.38598222 2.38598222 2.38598222 2.38598222 2.38598222 0.86207424
 1.12341683 0.9468185  0.8559005  0.6654754 ]",2.385982219942534,0.8620742360644783,5,13,70,53.31241035461426,1,976.0,0.0,0.0,614,gnm
known,static_conjecture,gnm_615,50.61711786430509,"[2.3525592273633844, 2.0573728625228385, 2.4844057567543345, 2.5280078422115455, 3.132830654290726, 0.7700310964736461, 2.3616352292885185, 1.183152512541966, 2.3875343705882677, 0.7170170243104512]",2.3525592273633844,0.7700310964736461,"[2.42012931 2.42012931 2.42012931 2.42012931 2.42012931 0.86207424
 1.12341683 0.9468185  0.8559005  0.6654754 ]",2.420129307537464,0.8620742360644783,5,17,100,67.80566573143005,1,595.0,0.0,0.0,615,gnm
known,static_conjecture,regular_616,9.658061194082478,"[1.8437718131369651, 1.3938253877780742, 1.1300096572329985, 2.64188676763235, 1.424631269381294, 1.2516221275644965, 2.4589296459566046, 1.2337407448399915, 1.4727581155364378, 0.07820549709946306]",1.8437718131369651,1.2516221275644965,"[1.55020243 1.55020243 1.55020243 1.55020243 1.55020243 0.86207424
 1.12341683 0.9468185  0.8559005  0.6654754 ]",1.5502024291497978,0.8620742360644783,5,8,12,28.204633951187134,1,1970.0,0.0,0.0,616,regular
known,static_conjecture,regular_617,11.693933053715993,"[2.636124071620287, 0.7667506253934674, 1.2542449769190824, 2.085145586588888, 3.132827563381401, 1.0412952808911942, 1.9032391379404445, 0.7898006875554144, 0.817233540060863, 1.2788221020559618]",2.636124071620287,1.0412952808911942,"[1.53632918 1.53632918 1.53632918 1.53632918 1.53632918 0.86207424
 1.12341683 0.9468185  0.8559005  0.6654754 ]",1.5363291750727188,0.8620742360644783,5,13,13,22.8328640460968,1,1702.0,0.0,0.0,617,regular
known,static_conjecture,gnm_618,13.514224632231898,"[2.968007286691777, 2.8168241713906323, 2.725010571220296, 2.157770881647517, 1.9544188774591547, 2.042664319264265, 1.8115229499127645, 1.6851273404424787, 1.574451356527057, 1.493489681264172]",2.968007286691777,2.042664319264265,"[2.1422249  2.1422249  2.1422249  2.1422249  2.1422249  0.86207424
 1.12341683 0.9468185  0.8559005  0.6654754 ]",2.1422248982234677,0.8620742360644783,5,10,20,29.389958381652832,1,1565.0,0.0,0.0,618,gnm
known,static_conjecture,watts_619,9.268098168904544,"[2.820051238239369, 1.68610977177572, 1.740401601884987, 1.541392079488147, 0.10985251623484618, 1.1236799735215561, 2.3076070339677104, 2.3365596154798216, 1.3628098638260933, 1.024322479772509]",2.820051238239369,1.1236799735215561,"[1.48238815 1.48238815 1.48238815 1.48238815 1.48238815 0.86207424
 1.12341683 0.9468185  0.8559005  0.6654754 ]",1.482388147566719,0.8620742360644783,5,7,14,22.996301412582397,1,1596.0,0.0,0.0,619,watts
known,static_conjecture,barabasi_620,5.46264541585424,"[2.2582171640381588, 2.405661326804189, 2.28116720859206, 2.7019872163871366, 2.3205014548029164, -0.12184033799827695, 2.3690017824435747, 1.197418486106269, 1.4464035611681423, 0.22250706924688157]",2.2582171640381588,-0.12184033799827695,"[2.17599942 2.17599942 2.17599942 2.17599942 2.17599942 0.86207424
 1.12341683 0.9468185  0.8559005  0.6654754 ]",2.1759994235088223,0.8620742360644783,5,7,6,13.444149732589722,1,1496.0,0.0,0.0,620,barabasi
known,static_conjecture,gnm_621,56.758983193234464,"[2.5680938877163024, 2.8835772957370254, 2.7970195471453323, 2.5021008832078886, 2.599080083943746, 0.682996516232009, 1.7385268174471964, 1.9915279915657953, 1.5524242106003463, 0.7855409713597564]",2.5680938877163024,0.682996516232009,"[2.52543075 2.52543075 2.52543075 2.52543075 2.52543075 0.86207424
 1.12341683 0.9468185  0.8559005  0.6654754 ]",2.525430746832403,0.8620742360644783,5,17,113,70.3680329322815,1,599.0,0.0,0.0,621,gnm
known,static_conjecture,barabasi_622,14.003580140889719,"[2.967066745665676, 2.819590462119126, 3.1321452565791716, 3.141592653589793, 2.7758023403637067, 2.052580205141968, 0.06596013488114844, 2.767781579120397, 2.1853568976285667, 0.18457934044230107]",2.967066745665676,2.052580205141968,"[1.53703704 1.53703704 1.53703704 1.53703704 1.53703704 0.86207424
 1.12341683 0.9468185  0.8559005  0.6654754 ]",1.5370370370370372,0.8620742360644783,5,12,20,31.03012752532959,1,1375.0,0.0,0.0,622,barabasi
known,static_conjecture,barabasi_623,7.6226478141744,"[2.918242105022218, 2.8522367611648427, 2.972096910791763, 2.8788842117186695, 2.44765458177772, 1.9891676012153936, 1.7404316028227256, 1.7600312582820017, 1.833052446606404, 0.17756009485788626]",2.918242105022218,1.9891676012153936,"[2.20255013 2.20255013 2.20255013 2.20255013 2.20255013 0.86207424
 1.12341683 0.9468185  0.8559005  0.6654754 ]",2.2025501301817094,0.8620742360644783,5,9,8,14.865385055541992,1,1263.0,0.0,0.0,623,barabasi
known,static_conjecture,gnm_624,8.413756185580496,"[1.85840989161959, 1.6170306795642047, 1.5709965979961251, 1.4586275273288192, 2.5976593177342115, 0.6206998952763293, 2.042729102262739, 0.9463503330440999, 2.319309222831583, 0.22256072512289604]",1.85840989161959,0.6206998952763293,"[1.85651061 1.85651061 1.85651061 1.85651061 1.85651061 0.86207424
 1.12341683 0.9468185  0.8559005  0.6654754 ]",1.8565106125091821,0.8620742360644783,5,8,11,30.318893671035767,1,2293.0,0.0,0.0,624,gnm
known,static_conjecture,barabasi_625,8.989099198846148,"[0.28606932902368176, 1.7275004020219433, 1.8111066855818883, 2.884671894367975, 0.7566547017903977, 1.0400209397008406, 3.126540955654849, 2.776657504551578, 1.7038434574248087, 1.3560715900702371]",0.28606932902368176,1.0400209397008406,"[1.55371901 1.55371901 1.55371901 1.55371901 1.55371901 0.86207424
 1.12341683 0.9468185  0.8559005  0.6654754 ]",1.5537190082644627,0.8620742360644783,5,11,10,12.593636274337769,1,983.0,0.0,0.0,625,barabasi
known,static_conjecture,regular_626,12.80652470004361,"[1.4050384329322028, 1.242904935705924, 1.3444188589971828, 0.23121022768332394, 1.4480516302568827, 0.5346904397924075, 2.05808275953848, 2.0978115745610806, 1.9206658467610522, 0.8321376368888234]",1.4050384329322028,0.5346904397924075,"[1.1        1.1        1.1        1.1        1.1        0.86207424
 1.12341683 0.9468185  0.8559005  0.6654754 ]",1.1,0.8620742360644783,5,9,18,34.7623724937439,1,2052.0,0.0,0.0,626,regular
known,static_conjecture,gnm_627,12.6363389173775,"[1.6055093734531327, 1.8179451656865697, 3.0575221969593893, 2.5789797209419874, 2.264871112730292, 1.3064521541252627, 2.0888920536352624, 0.7548253396761337, 1.7595962836206465, -0.00868938821718784]",1.6055093734531327,1.3064521541252627,"[2.1422249  2.1422249  2.1422249  2.1422249  2.1422249  0.86207424
 1.12341683 0.9468185  0.8559005  0.6654754 ]",2.1422248982234677,0.8620742360644783,5,10,18,23.206158876419067,1,1192.0,0.0,0.0,627,gnm
known,static_conjecture,gnm_628,8.796704643171324,"[2.950940598329119, 3.1414227422955925, 2.676735936417793, 1.434031055921182, 1.8226517298080125, 0.5437670998194337, 3.0843327373957194, 1.1009647108615996, 1.6475316732343357, 0.8330929123120778]",2.950940598329119,0.5437670998194337,"[1.82079633 1.82079633 1.82079633 1.82079633 1.82079633 0.86207424
 1.12341683 0.9468185  0.8559005  0.6654754 ]",1.8207963267948966,0.8620742360644783,5,7,12,21.09459948539734,1,1460.0,0.0,0.0,628,gnm
known,static_conjecture,regular_629,12.119331837789606,"[-0.2025467574995396, 2.8962506484481203, 1.9847356162650587, 1.467363997801729, 0.7543269397063171, 2.277856985669538, 1.8449801350106156, 0.9309565316276608, 2.1681023871637013, 1.3699322507751865]",-0.2025467574995396,2.277856985669538,"[1.35020243 1.35020243 1.35020243 1.35020243 1.35020243 0.86207424
 1.12341683 0.9468185  0.8559005  0.6654754 ]",1.3502024291497978,0.8620742360644783,5,10,15,28.01697301864624,1,1457.0,0.0,0.0,629,regular
known,static_conjecture,watts_630,11.960223602637996,"[1.7934967631892116, 2.4377704768252446, 1.678568717750265, 1.6254246422710668, 1.6260604744542713, 1.4516881568906967, 1.6178292911051986, 1.204152795333926, 1.4674419331822177, 0.7252066327169974]",1.7934967631892116,1.4516881568906967,"[1.63924033 1.63924033 1.63924033 1.63924033 1.63924033 0.86207424
 1.12341683 0.9468185  0.8559005  0.6654754 ]",1.6392403283850654,0.8620742360644783,5,9,18,21.14362406730652,1,997.0,0.0,0.0,630,watts
known,static_conjecture,watts_631,17.455408651160027,"[1.5840674741679366, 1.7927652877333995, 1.565216294568938, 2.7361038319814224, 1.4473052191018771, 0.18993418754285155, 2.9343907072611595, 1.5876633838218148, 1.625609758151573, 0.2579786040888499]",1.5840674741679366,0.18993418754285155,"[1.54166667 1.54166667 1.54166667 1.54166667 1.54166667 0.86207424
 1.12341683 0.9468185  0.8559005  0.6654754 ]",1.541666666666667,0.8620742360644783,5,13,26,19.73994016647339,1,654.0,0.0,0.0,631,watts
known,static_conjecture,barabasi_632,34.10848706735347,"[2.9896253921196, 3.141590671548731, 3.1415608246336353, 2.870817571050484, 1.1895676556238723, 1.2183662710418286, 2.948549483374137, 1.0054222813239302, 1.865370062876997, 1.4951890052232792]",2.9896253921196,1.2183662710418286,"[1.85904672 1.85904672 1.85904672 1.85904672 1.85904672 0.86207424
 1.12341683 0.9468185  0.8559005  0.6654754 ]",1.8590467171717162,0.8620742360644783,5,20,51,45.60206174850464,1,879.0,0.0,0.0,632,barabasi
known,static_conjecture,regular_633,27.506608468428535,"[3.1415713189547736, 2.9716692126786906, 2.7034489238989647, 3.141592653589793, 1.676558526306035, 1.2637235475200224, 2.128703728753705, 1.5590447387575352, 2.741964753166149, 0.7397924262834996]",3.1415713189547736,1.2637235475200224,"[3.14159265 3.14159265 3.14159265 3.14159265 3.14159265 0.86207424
 1.12341683 0.9468185  0.8559005  0.6654754 ]",3.141592653589793,0.8620742360644783,5,19,38,39.6986026763916,1,998.0,0.0,0.0,633,regular
known,static_conjecture,barabasi_634,20.173187446319965,"[1.680154141237277, 2.817036652802786, 0.5564291872154566, 3.1068037837685383, 1.5342344029452426, 1.3302038562215184, 1.758149242699445, 1.144712564141941, 0.6434205194396221, 1.1680440223484907]",1.680154141237277,1.3302038562215184,"[1.55842945 1.55842945 1.55842945 1.55842945 1.55842945 0.86207424
 1.12341683 0.9468185  0.8559005  0.6654754 ]",1.5584294502114573,0.8620742360644783,5,17,30,24.77848219871521,1,748.0,0.0,0.0,634,barabasi
known,static_conjecture,watts_635,5.802764666534358,"[0.3143455454666896, 2.5061157252539497, 1.805929571783336, 3.141047397401429, 0.7749981167124824, 1.4358348441095656, 1.9738242660332859, -0.09770006262121737, 1.7509944528832428, 0.2279895818484356]",0.3143455454666896,1.4358348441095656,"[1.4696821  1.4696821  1.4696821  1.4696821  1.4696821  0.86207424
 1.12341683 0.9468185  0.8559005  0.6654754 ]",1.469682103610675,0.8620742360644783,5,7,7,15.633690118789673,1,1549.0,0.0,0.0,635,watts
known,static_conjecture,barabasi_636,10.908454223784087,"[1.943803283462243, 1.5948653772511308, 1.9660854026992314, 1.825527226687061, -0.0932398155939545, 1.2808377113857436, 2.7345138597523047, 1.938585610066702, 2.0182767356928166, 0.8515447745493943]",1.943803283462243,1.2808377113857436,"[1.56055227 1.56055227 1.56055227 1.56055227 1.56055227 0.86207424
 1.12341683 0.9468185  0.8559005  0.6654754 ]",1.5605522682445758,0.8620742360644783,5,13,12,16.328059911727905,1,1019.0,0.0,0.0,636,barabasi
known,static_conjecture,regular_637,15.353416635386635,"[1.970809601567002, 1.4114934694757189, 2.0431546226686153, 3.099977571020425, 3.0973497879206104, 1.2140205708718639, 2.3730177430269648, 2.1852059866683713, 1.4038423689040067, 1.2567843007136597]",1.970809601567002,1.2140205708718639,"[2.09196429 2.09196429 2.09196429 2.09196429 2.09196429 0.86207424
 1.12341683 0.9468185  0.8559005  0.6654754 ]",2.091964285714286,0.8620742360644783,5,14,21,22.05329728126526,1,1053.0,0.0,0.0,637,regular
known,static_conjecture,gnm_638,17.662036692336187,"[1.952340573486934, 2.859112812665656, 2.078007302942652, 3.0454382636064823, 2.9576337690632295, 1.5204715239875592, 1.9695799585092904, 1.3087836422477883, 1.9386750815977203, 1.2052870616855627]",1.952340573486934,1.5204715239875592,"[1.96365347 1.96365347 1.96365347 1.96365347 1.96365347 0.86207424
 1.12341683 0.9468185  0.8559005  0.6654754 ]",1.9636534696520394,0.8620742360644783,5,9,30,33.689751625061035,1,1300.0,0.0,0.0,638,gnm
known,static_conjecture,regular_639,25.8815921619007,"[3.0485517795741144, 1.9825906548297842, 3.0791460409761378, 1.660606825202694, 2.9865691306838613, 0.22844966999469332, 3.139527631626496, 1.0029356630905344, 1.1905034902879774, 0.5526626553922599]",3.0485517795741144,0.22844966999469332,"[3.14159265 3.14159265 3.14159265 3.14159265 3.14159265 0.86207424
 1.12341683 0.9468185  0.8559005  0.6654754 ]",3.141592653589793,0.8620742360644783,5,18,36,51.77040648460388,1,1718.0,0.0,0.0,639,regular
known,static_conjecture,gnm_640,78.65119655274539,"[2.4874715407518426, 2.7616916095652604, 2.5983909058089436, 2.9769519052470974, 2.44918858459862, 0.027015140975797762, 3.130840528952759, 3.028230097541721, 2.5681296836323257, 1.6699363003756817]",2.4874715407518426,0.027015140975797762,"[2.59980373 2.59980373 2.59980373 2.59980373 2.59980373 0.86207424
 1.12341683 0.9468185  0.8559005  0.6654754 ]",2.599803725268731,0.8620742360644783,5,19,154,83.00402212142944,1,629.0,0.0,0.0,640,gnm
known,static_conjecture,gnm_641,11.878942112723053,"[2.3062381716031184, 3.139328226440694, 2.1493988003938815, 2.4044627715226623, 3.045623554796841, 3.1053675386154715, 0.5760345316529283, 1.9240213434731626, 2.057839776445349, 0.5724251816403895]",2.3062381716031184,3.1053675386154715,"[2.1422249  2.1422249  2.1422249  2.1422249  2.1422249  0.86207424
 1.12341683 0.9468185  0.8559005  0.6654754 ]",2.1422248982234677,0.8620742360644783,5,10,23,23.98538899421692,1,1263.0,0.0,0.0,641,gnm
known,static_conjecture,regular_642,11.012419576785575,"[0.21671960899705364, 1.4277190299729887, 3.1415412687342252, 1.275761340553775, 1.1268995879773818, 0.9906261479968634, 2.462222394593079, 2.0252474354586165, 0.027951476221000953, -0.21232374902694673]",0.21671960899705364,0.9906261479968634,"[1.35020243 1.35020243 1.35020243 1.35020243 1.35020243 0.86207424
 1.12341683 0.9468185  0.8559005  0.6654754 ]",1.3502024291497978,0.8620742360644783,5,10,15,23.570590257644653,1,1569.0,0.0,0.0,642,regular
known,static_conjecture,barabasi_643,23.15034342599654,"[0.8686716678086431, 3.135037526086316, 0.6393348225967441, 3.14117948353527, 1.909653334118432, 1.647838565168418, 3.1343133325352435, 3.0021538671981887, 1.9064384151283993, 1.1990197025186293]",0.8686716678086431,1.647838565168418,"[1.5890873  1.5890873  1.5890873  1.5890873  1.5890873  0.86207424
 1.12341683 0.9468185  0.8559005  0.6654754 ]",1.5890873015873015,0.8620742360644783,5,20,36,30.232094526290894,1,867.0,0.0,0.0,643,barabasi
known,static_conjecture,watts_644,11.594928198734815,"[1.5644385649074701, 1.8489312643127631, 1.5969424102335392, 2.1157142918702236, -0.11529390371202455, 0.5514013227453887, 2.613878057989275, 1.551036363439818, 2.0047072795131298, 0.8394178536656296]",1.5644385649074701,0.5514013227453887,"[1.54166667 1.54166667 1.54166667 1.54166667 1.54166667 0.86207424
 1.12341683 0.9468185  0.8559005  0.6654754 ]",1.541666666666667,0.8620742360644783,5,14,14,12.22632646560669,1,840.0,0.0,0.0,644,watts
known,static_conjecture,watts_645,6.613630462712479,"[-0.3234523764558913, 1.4589988054787244, 2.1800427508367703, 2.8249855302674334, 0.8180111632424517, 0.9851850088429841, 2.926693565395351, 1.6904687621261947, 2.427292051125729, 1.3716670576474235]",-0.3234523764558913,0.9851850088429841,"[1.46995192 1.46995192 1.46995192 1.46995192 1.46995192 0.86207424
 1.12341683 0.9468185  0.8559005  0.6654754 ]",1.4699519230769231,0.8620742360644783,5,8,8,17.309734106063843,1,1677.0,0.0,0.0,645,watts
known,static_conjecture,gnm_646,29.960215050558787,"[2.3302824132453557, 2.3066810357071477, 2.4145678784485223, 2.5465039323854315, 2.8338662520195026, 0.8109094264277557, 3.1104283152643197, 2.351390071601031, 1.8979772697790194, 1.0761021033847769]",2.3302824132453557,0.8109094264277557,"[2.36130807 2.36130807 2.36130807 2.36130807 2.36130807 0.86207424
 1.12341683 0.9468185  0.8559005  0.6654754 ]",2.361308067631244,0.8620742360644783,5,12,56,47.49324631690979,1,1028.0,0.0,0.0,646,gnm
known,static_conjecture,watts_647,12.027526126519438,"[3.140733645491789, 1.870109203019512, 1.741271251024981, 1.7090054212510317, 2.861025901648951, 0.5441110350840581, 2.6438169445651862, 1.161227654754267, 1.6965014032364256, 0.34018637513330574]",3.140733645491789,0.5441110350840581,"[1.57079633 1.57079633 1.57079633 1.57079633 1.57079633 0.86207424
 1.12341683 0.9468185  0.8559005  0.6654754 ]",1.5707963267948966,0.8620742360644783,5,16,16,23.73759436607361,1,1096.0,0.0,0.0,647,watts
known,static_conjecture,regular_648,23.51837938540169,"[2.8553865878248725, 1.7093663755859687, 3.120347027872892, 2.836002412387365, 1.6778012151835369, 1.1487619631540364, 1.258345483175369, 1.257873349132308, 2.0957064865752346, 1.190984179761972]",2.8553865878248725,1.1487619631540364,"[3.14159265 3.14159265 3.14159265 3.14159265 3.14159265 0.86207424
 1.12341683 0.9468185  0.8559005  0.6654754 ]",3.141592653589793,0.8620742360644783,5,16,32,38.92699575424194,1,1456.0,0.0,0.0,648,regular
known,static_conjecture,regular_649,6.749831527600691,"[2.748868445670004, 3.141584771698573, 3.1415474563779853, 3.141582263667603, 3.141592015333722, 1.473473194733891, 2.985178152854349, 2.3992265280756944, 1.7904836279617466, 1.1699131331074004]",2.748868445670004,1.473473194733891,"[1.29838057 1.29838057 1.29838057 1.29838057 1.29838057 0.86207424
 1.12341683 0.9468185  0.8559005  0.6654754 ]",1.2983805668016197,0.8620742360644783,5,9,9,8.486951351165771,1,733.0,0.0,0.0,649,regular
known,static_conjecture,watts_650,17.54774066229619,"[2.356863052646549, 1.2946670811680185, 2.6753439383198896, 2.9386122066936227, 0.3258724869706616, 0.06482311443141552, 1.867687981560878, 1.9761225707989787, 1.192975040241683, 0.7386556306742592]",2.356863052646549,0.06482311443141552,"[1.57079633 1.57079633 1.57079633 1.57079633 1.57079633 0.86207424
 1.12341683 0.9468185  0.8559005  0.6654754 ]",1.5707963267948966,0.8620742360644783,5,20,20,21.260519981384277,1,1417.0,0.0,0.0,650,watts
known,static_conjecture,watts_651,10.314204605723189,"[2.7608404228663375, 0.6630177887815452, 1.8183137705437813, 1.7984867551024846, 2.553738439905181, 0.14906500271233858, 2.5864562896482317, 1.5328320199932373, 1.3604211697159885, 0.21815139546317325]",2.7608404228663375,0.14906500271233858,"[1.54166667 1.54166667 1.54166667 1.54166667 1.54166667 0.86207424
 1.12341683 0.9468185  0.8559005  0.6654754 ]",1.541666666666667,0.8620742360644783,5,12,12,22.66156268119812,1,1845.0,0.0,0.0,651,watts
known,static_conjecture,watts_652,13.52211324135137,"[1.7698971770269707, 1.7747277390154097, 1.499370800203438, 0.8691873851293896, 3.141567529139051, 1.2740570202459953, 2.8450399272341187, 1.8661577093288955, 1.2958428769936998, 2.081231517755824]",1.7698971770269707,1.2740570202459953,"[1.57079633 1.57079633 1.57079633 1.57079633 1.57079633 0.86207424
 1.12341683 0.9468185  0.8559005  0.6654754 ]",1.5707963267948966,0.8620742360644783,5,17,17,41.10327410697937,1,1811.0,0.0,0.0,652,watts
known,static_conjecture,watts_653,7.411203630693546,"[1.5559598839354967, 1.7524337606331093, 0.907768875045911, 2.783152553942157, 2.2366354860666338, 0.6292539460945413, 2.585601849956287, 0.04980187052241097, 2.89186342188259, 0.1835257347947402]",1.5559598839354967,0.6292539460945413,"[1.47857312 1.47857312 1.47857312 1.47857312 1.47857312 0.86207424
 1.12341683 0.9468185  0.8559005  0.6654754 ]",1.4785731244064577,0.8620742360644783,5,9,9,13.298776388168335,1,1070.0,0.0,0.0,653,watts
known,static_conjecture,regular_654,25.435508792736435,"[2.8220022881151534, 1.808815240399824, 3.0716610715447477, 2.768774623743556, 2.7942275399303425, 1.3476061215962927, 1.91724770814763, 2.2114610011919256, 0.4880511035390569, 0.25767048100164647]",2.8220022881151534,1.3476061215962927,"[3.14159265 3.14159265 3.14159265 3.14159265 3.14159265 0.86207424
 1.12341683 0.9468185  0.8559005  0.6654754 ]",3.141592653589793,0.8620742360644783,5,16,32,43.20505714416504,1,1264.0,0.0,0.0,654,regular
known,static_conjecture,barabasi_655,6.297765631184404,"[2.8692203055100807, 2.5612732965293104, 2.8686825001758054, 0.27131637325255287, 2.9931871317739573, 2.1718736065114395, 2.0874282094133347, 2.1692002870221474, 1.9176387040939544, 0.6674281241629603]",2.8692203055100807,2.1718736065114395,"[2.28139837 2.28139837 2.28139837 2.28139837 2.28139837 0.86207424
 1.12341683 0.9468185  0.8559005  0.6654754 ]",2.281398371365477,0.8620742360644783,5,8,7,30.131329774856567,1,2807.0,0.0,0.0,655,barabasi
known,static_conjecture,gnm_656,36.544815379454526,"[2.9179139257364843, 2.6059567750760397, 2.29716309850195, 2.2122731173226082, 2.3668225566499164, 1.114442077511461, 1.570333830941539, 1.5515618548605916, 1.570323055854809, 0.8054540093888207]",2.9179139257364843,1.114442077511461,"[2.24751413 2.24751413 2.24751413 2.24751413 2.24751413 0.86207424
 1.12341683 0.9468185  0.8559005  0.6654754 ]",2.247514129006866,0.8620742360644783,5,17,60,64.21166777610779,1,1047.0,0.0,0.0,656,gnm
known,static_conjecture,gnm_657,7.911217874925754,"[2.5734295572121426, 0.7708124743163856, 1.8800285825066538, 1.935725112043365, 2.216843111223361, 1.5809396716751138, 2.624321644128033, 1.8632804221581303, 1.368101759833082, 0.19826294980377224]",2.5734295572121426,1.5809396716751138,"[1.85651061 1.85651061 1.85651061 1.85651061 1.85651061 0.86207424
 1.12341683 0.9468185  0.8559005  0.6654754 ]",1.8565106125091821,0.8620742360644783,5,8,11,20.824155807495117,1,1645.0,0.0,0.0,657,gnm
known,static_conjecture,barabasi_658,9.193747117705303,"[1.582005982598056, 1.8781885762081372, 2.2230589320695353, 1.508214657394401, 1.7131482269970486, -0.5275717710709131, 1.2122992637271817, 0.9994363382175011, 1.37004735148744, 0.7358269874829861]",1.582005982598056,-0.5275717710709131,"[1.55555556 1.55555556 1.55555556 1.55555556 1.55555556 0.86207424
 1.12341683 0.9468185  0.8559005  0.6654754 ]",1.5555555555555556,0.8620742360644783,5,12,11,16.617674589157104,1,1147.0,0.0,0.0,658,barabasi
known,static_conjecture,watts_659,24.59913998956829,"[1.6177575877799648, 1.871244804313911, 2.2673291019522535, 0.7456566985233539, 1.587703436181983, -0.13735992809827519, 1.9334037108197464, 1.5812234615447989, 0.8326397667898358, 1.5724490135367615]",1.6177575877799648,-0.13735992809827519,"[1.57079633 1.57079633 1.57079633 1.57079633 1.57079633 0.86207424
 1.12341683 0.9468185  0.8559005  0.6654754 ]",1.5707963267948966,0.8620742360644783,5,18,36,28.547134399414062,1,1001.0,0.0,0.0,659,watts
known,static_conjecture,gnm_660,44.530238276225916,"[2.4414458526312433, 2.7215828150466033, 2.2835880252778034, 2.200568250102643, 2.231791712457521, 0.8497099589640503, 2.0833216939100705, 1.8096555296403791, 0.9768944468571907, 0.774732806517953]",2.4414458526312433,0.8497099589640503,"[2.24717198 2.24717198 2.24717198 2.24717198 2.24717198 0.86207424
 1.12341683 0.9468185  0.8559005  0.6654754 ]",2.2471719811868844,0.8620742360644783,5,20,89,39.38653588294983,1,498.0,0.0,0.0,660,gnm
known,static_conjecture,gnm_661,32.3472785192248,"[2.0190877624710337, 2.4238171557590915, 3.1141192471551453, 2.3847640452291774, 2.925868657410061, 1.7139108556649574, 1.3257725109506244, 0.9884292585583838, 0.9161901864604427, 0.7575302737640977]",2.0190877624710337,1.7139108556649574,"[2.3900957  2.3900957  2.3900957  2.3900957  2.3900957  0.86207424
 1.12341683 0.9468185  0.8559005  0.6654754 ]",2.390095696246789,0.8620742360644783,5,12,61,1839.8902776241302,1,877.0,0.0,0.0,661,gnm
known,static_conjecture,regular_662,12.495507415797874,"[1.5054073933157492, 1.648272099447914, 0.1060338859446625, 0.4526991203028691, 1.4917101962172483, 0.39162357502610734, 3.128873415820655, 2.7775876053941975, 2.036846245686733, 0.8362735019224905]",1.5054073933157492,0.39162357502610734,"[1.1        1.1        1.1        1.1        1.1        0.86207424
 1.12341683 0.9468185  0.8559005  0.6654754 ]",1.1,0.8620742360644783,5,9,18,4.81624698638916,1,1329.0,0.0,0.0,662,regular
known,static_conjecture,regular_663,14.981064668629422,"[3.0206229471509696, 0.995637562027629, 3.011012646263352, 2.752702424636782, 0.6412478609571899, 2.0963657443008628, 3.1103681912477628, 2.6284594241280628, 1.7800255522585617, 0.7494546841417463]",3.0206229471509696,2.0963657443008628,"[3.14159265 3.14159265 3.14159265 3.14159265 3.14159265 0.86207424
 1.12341683 0.9468185  0.8559005  0.6654754 ]",3.141592653589793,0.8620742360644783,5,17,17,5.12211012840271,1,1213.0,0.0,0.0,663,regular
known,static_conjecture,gnm_664,16.63501538001531,"[2.9112000394012902, 1.3488365661273418, 1.644843300254531, 2.1983970829576123, 1.6248196974509312, 0.19608097693290338, 3.1228001158442, 3.141591483245457, 3.140330184268285, 1.3015166656028159]",2.9112000394012902,0.19608097693290338,"[1.78157803 1.78157803 1.78157803 1.78157803 1.78157803 0.86207424
 1.12341683 0.9468185  0.8559005  0.6654754 ]",1.7815780268195724,0.8620742360644783,5,13,25,1.8483977317810059,1,683.0,0.0,0.0,664,gnm
known,static_conjecture,barabasi_665,6.220240433705726,"[2.8199673599637842, 2.1346158960178965, 2.2250905422422007, 2.1195380231325998, 2.216045650152058, 0.6808225078878929, 3.0568870831469117, 1.311975699555143, 1.3121604108918912, 0.2531434468323519]",2.8199673599637842,0.6808225078878929,"[2.28139837 2.28139837 2.28139837 2.28139837 2.28139837 0.86207424
 1.12341683 0.9468185  0.8559005  0.6654754 ]",2.281398371365477,0.8620742360644783,5,8,7,1.8575246334075928,1,1260.0,0.0,0.0,665,barabasi
known,static_conjecture,barabasi_666,7.159913662679397,"[2.9015414944093387, 1.7110374684014236, 2.002226489555578, 1.981026099928257, 1.958796403709707, 1.7878743121152065, 3.1414704412274856, 1.2656184967111384, 1.795280859306116, 1.391769733537957]",2.9015414944093387,1.7878743121152065,"[2.24017012 2.24017012 2.24017012 2.24017012 2.24017012 0.86207424
 1.12341683 0.9468185  0.8559005  0.6654754 ]",2.2401701165955554,0.8620742360644783,5,9,8,0.897789478302002,1,575.0,0.0,0.0,666,barabasi
known,static_conjecture,gnm_667,64.68124467622685,"[2.608364678568548, 2.521508307897471, 2.566067599888487, 3.05425724648836, 2.195111401057516, 1.66593186460571, 3.141291940519473, 1.569603944340188, 2.309799215576475, 1.5629975560729856]",2.608364678568548,1.66593186460571,"[2.62659678 2.62659678 2.62659678 2.62659678 2.62659678 0.86207424
 1.12341683 0.9468185  0.8559005  0.6654754 ]",2.626596777474692,0.8620742360644783,5,17,124,20.83469009399414,1,780.0,0.0,0.0,667,gnm
known,static_conjecture,watts_668,14.93953491569042,"[1.5725034871673171, 1.8876794797016714, 2.5539450286391046, 1.505738528561769, 1.7987089734788657, 0.9133747189402606, 1.278162224194428, 0.8854613680903455, 1.5349732490106236, 0.9030492027487771]",1.5725034871673171,0.9133747189402606,"[1.57079633 1.57079633 1.57079633 1.57079633 1.57079633 0.86207424
 1.12341683 0.9468185  0.8559005  0.6654754 ]",1.5707963267948966,0.8620742360644783,5,18,18,6.211865186691284,1,1282.0,0.0,0.0,668,watts
known,static_conjecture,barabasi_669,6.929596714456579,"[2.700296062402984, 2.4968080206608647, 2.5629909569638927, 1.9723621303187326, 2.25512767403784, 1.4193349200962118, 1.6641170283098359, 0.9289059371012607, 1.2347826369957118, 0.2766441918527638]",2.700296062402984,1.4193349200962118,"[2.18690907 2.18690907 2.18690907 2.18690907 2.18690907 0.86207424
 1.12341683 0.9468185  0.8559005  0.6654754 ]",2.1869090704617022,0.8620742360644783,5,9,8,-0.26602959632873535,1,1008.0,0.0,0.0,669,barabasi
known,static_conjecture,regular_670,6.862315390328149,"[1.9213090669378448, 2.0251923916215326, 3.0059443892021296, 1.2834272262717854, 1.8344634602742766, 2.4351900088474663, 2.74008392166398, 1.5760326521562826, 2.306076007542425, 0.7681219192183131]",1.9213090669378448,2.4351900088474663,"[1.75020243 1.75020243 1.75020243 1.75020243 1.75020243 0.86207424
 1.12341683 0.9468185  0.8559005  0.6654754 ]",1.7502024291497977,0.8620742360644783,5,6,9,2.7669944763183594,1,1701.0,0.0,0.0,670,regular
known,static_conjecture,gnm_671,39.535390247641125,"[2.2390081472241903, 2.3146828013549303, 2.7223978449760056, 2.303147061870865, 2.6703298176265076, 0.8087995401120844, 2.0388282901073724, 1.0810198312349282, 1.4063334840589228, 0.7006928785467261]",2.2390081472241903,0.8087995401120844,"[2.24663108 2.24663108 2.24663108 2.24663108 2.24663108 0.86207424
 1.12341683 0.9468185  0.8559005  0.6654754 ]",2.2466310781391656,0.8620742360644783,5,19,79,10.276783466339111,1,516.0,0.0,0.0,671,gnm
known,static_conjecture,barabasi_672,11.352194968933919,"[1.4737873083757278, 0.7416975021023585, 1.3628843343821428, 2.386495854887394, 0.6329053515519766, 1.2459334533307134, 3.1403278402308104, 1.4262710093085675, 1.8319793039920071, 1.364109986292775]",1.4737873083757278,1.2459334533307134,"[1.55555556 1.55555556 1.55555556 1.55555556 1.55555556 0.86207424
 1.12341683 0.9468185  0.8559005  0.6654754 ]",1.5555555555555556,0.8620742360644783,5,15,14,3.676729679107666,1,923.0,0.0,0.0,672,barabasi
known,static_conjecture,gnm_673,9.66487499262439,"[2.8592866242550468, 1.9760290056005194, 2.756540303979897, 1.8588522362350555, 1.7551995001658993, 0.954823297719431, 2.6813500449025565, 0.8739113098053395, 1.5269691657993392, 0.6837226432012631]",2.8592866242550468,0.954823297719431,"[1.82079633 1.82079633 1.82079633 1.82079633 1.82079633 0.86207424
 1.12341683 0.9468185  0.8559005  0.6654754 ]",1.8207963267948966,0.8620742360644783,5,7,17,3.276746988296509,1,1240.0,0.0,0.0,673,gnm
known,static_conjecture,regular_674,10.860943671852645,"[2.4053744181245067, 2.174585124820047, 2.277313623955577, 1.8824647282233582, 1.7030567124507208, -0.2518749289866537, 2.288355018773882, 1.260090066346069, 1.0679167554774556, 0.930508026018892]",2.4053744181245067,-0.2518749289866537,"[1.53632918 1.53632918 1.53632918 1.53632918 1.53632918 0.86207424
 1.12341683 0.9468185  0.8559005  0.6654754 ]",1.5363291750727188,0.8620742360644783,5,12,12,4.938753843307495,1,1524.0,0.0,0.0,674,regular
known,static_conjecture,gnm_675,68.59997563557593,"[2.4527723916117288, 2.6068501281525327, 2.6951564065507707, 2.983447034660134, 2.704289863777515, 1.5636402632904711, 1.4976740376503628, 1.0904330641950968, 1.2955249022569528, 1.6244730411824817]",2.4527723916117288,1.5636402632904711,"[2.55538461 2.55538461 2.55538461 2.55538461 2.55538461 0.86207424
 1.12341683 0.9468185  0.8559005  0.6654754 ]",2.5553846106018447,0.8620742360644783,5,18,132,18.82718801498413,1,740.0,0.0,0.0,675,gnm
known,static_conjecture,watts_676,7.023557390365156,"[0.9632616223892558, 3.1414525931604347, 1.8365774767858296, 3.1415919926457896, 0.7716974265869678, 3.0801900123745325, 1.5222186823182535, 2.3168064925582463, 2.6574002153102407, 1.336040564641736]",0.9632616223892558,3.0801900123745325,"[1.46869065 1.46869065 1.46869065 1.46869065 1.46869065 0.86207424
 1.12341683 0.9468185  0.8559005  0.6654754 ]",1.4686906457739792,0.8620742360644783,5,9,9,1.2138705253601074,1,692.0,0.0,0.0,676,watts
known,static_conjecture,gnm_677,17.357255315637303,"[2.985955208542788, 2.9295180516905233, 2.156494119816921, 2.179886426866034, 2.5309412217734053, 0.8491191859796876, 1.1123734154860956, 0.7337765923912882, 1.5545383247580322, 0.7278343785808341]",2.985955208542788,0.8491191859796876,"[2.1422249  2.1422249  2.1422249  2.1422249  2.1422249  0.86207424
 1.12341683 0.9468185  0.8559005  0.6654754 ]",2.1422248982234677,0.8620742360644783,5,10,31,5.297699451446533,1,1096.0,0.0,0.0,677,gnm
known,static_conjecture,watts_678,13.489587070018974,"[3.140853062401173, 2.7413479604618205, 2.3779017066839856, 1.5359221975857817, 1.5620724118109264, 1.2977377431796109, 1.819407348028663, 0.9265448173704114, 1.3180870301583036, 0.6647127992573194]",3.140853062401173,1.2977377431796109,"[1.57079633 1.57079633 1.57079633 1.57079633 1.57079633 0.86207424
 1.12341683 0.9468185  0.8559005  0.6654754 ]",1.5707963267948966,0.8620742360644783,5,17,17,4.605005264282227,1,1090.0,0.0,0.0,678,watts
known,static_conjecture,gnm_679,71.5326431867915,"[2.4917983231778065, 2.4514936896703206, 2.4410486731327916, 2.4555408426528724, 2.463667434470789, 0.8703824910435309, 2.6835114280971415, 0.9845774395958469, 2.2963197031725047, 1.2096096125307083]",2.4917983231778065,0.8703824910435309,"[2.46601462 2.46601462 2.46601462 2.46601462 2.46601462 0.86207424
 1.12341683 0.9468185  0.8559005  0.6654754 ]",2.4660146154072287,0.8620742360644783,5,20,143,18.027430772781372,1,522.0,0.0,0.0,679,gnm
known,static_conjecture,gnm_680,31.16226869086219,"[2.2198574445923915, 2.3770165246408888, 2.2760973001789435, 2.406104825180775, 2.378511096239857, 0.7751089020453152, 3.013813680694075, 1.597295492461872, 1.7766290563647469, 0.7425529428545816]",2.2198574445923915,0.7751089020453152,"[2.38481554 2.38481554 2.38481554 2.38481554 2.38481554 0.86207424
 1.12341683 0.9468185  0.8559005  0.6654754 ]",2.3848155447960955,0.8620742360644783,5,12,59,8.268906831741333,1,866.0,0.0,0.0,680,gnm
known,static_conjecture,regular_681,17.79335981711663,"[2.7710033473061157, 2.1506110584696936, 1.5760859831858016, 2.4085913058914636, 1.868304306310563, 1.0524273810260145, 2.361875045064455, 0.8152704955858348, 1.7061805556608747, 0.8013314420305964]",2.7710033473061157,1.0524273810260145,"[1.97142857 1.97142857 1.97142857 1.97142857 1.97142857 0.86207424
 1.12341683 0.9468185  0.8559005  0.6654754 ]",1.971428571428571,0.8620742360644783,5,13,26,4.662561655044556,1,952.0,0.0,0.0,681,regular
known,static_conjecture,gnm_682,60.87169591260892,"[2.3578189734708634, 2.6877543983590666, 2.464483974369247, 2.7001422630486376, 2.5135822398904875, 0.7890370279016093, 1.5702813102648057, 1.571014955077051, 0.78930532789278, 0.5051626858974814]",2.3578189734708634,0.7890370279016093,"[2.41877845 2.41877845 2.41877845 2.41877845 2.41877845 0.86207424
 1.12341683 0.9468185  0.8559005  0.6654754 ]",2.4187784460487967,0.8620742360644783,5,18,118,24.465461254119873,1,1144.0,0.0,0.0,682,gnm
known,static_conjecture,barabasi_683,7.64024305278307,"[2.703360109137674, 2.9290918160682757, 1.6698642632889804, 1.851789429380862, 2.5312597905579475, 2.820428539263156, 3.14159192611395, 1.5005292623528281, 0.8072338919710357, 0.21788226844955988]",2.703360109137674,2.820428539263156,"[2.28139837 2.28139837 2.28139837 2.28139837 2.28139837 0.86207424
 1.12341683 0.9468185  0.8559005  0.6654754 ]",2.281398371365477,0.8620742360644783,5,10,9,3.2472777366638184,1,1897.0,0.0,0.0,683,barabasi
known,static_conjecture,gnm_684,45.11140074398252,"[3.0208109053115018, 2.9024498222125263, 1.6905752437597077, 1.9573173769839096, 3.054462528724881, 2.0403313907532055, 1.7820014038903156, 1.5820065418183553, 1.5767235785521734, -0.15575043260257154]",3.0208109053115018,2.0403313907532055,"[2.24754238 2.24754238 2.24754238 2.24754238 2.24754238 0.86207424
 1.12341683 0.9468185  0.8559005  0.6654754 ]",2.247542380494559,0.8620742360644783,5,20,71,18.885469675064087,1,1122.0,0.0,0.0,684,gnm
known,static_conjecture,watts_685,22.248917648700107,"[2.774371898515173, 1.9293275597106203, 1.3621095150188163, 1.8641378918263525, 1.332365742221501, 1.3715727699413844, 3.1238947091634732, 2.754219374111285, 1.677575536250035, 0.9532220167300145]",2.774371898515173,1.3715727699413844,"[1.79593837 1.79593837 1.79593837 1.79593837 1.79593837 0.86207424
 1.12341683 0.9468185  0.8559005  0.6654754 ]",1.795938372249442,0.8620742360644783,5,16,32,7.530076265335083,1,1241.0,0.0,0.0,685,watts
known,static_conjecture,regular_686,27.187252789432485,"[1.726855304463391, 1.9529543374625598, 3.1341119412048464, -0.08225544105580529, 0.45369807867763257, 1.017738517459057, 2.787573113462477, 2.387443978987907, 2.2260407002905285, 1.3684994986942043]",1.726855304463391,1.017738517459057,"[3.14159265 3.14159265 3.14159265 3.14159265 3.14159265 0.86207424
 1.12341683 0.9468185  0.8559005  0.6654754 ]",3.141592653589793,0.8620742360644783,5,18,36,14.640030860900879,1,2362.0,0.0,0.0,686,regular
known,static_conjecture,gnm_687,55.620653410173844,"[2.982969852186633, 2.692719695525124, 2.596606191400146, 2.0989268278778264, 2.531521562629943, 1.0588865410757362, 2.239363990991399, 1.5932614533875944, 0.8036877803035416, 1.6578831473149203]",2.982969852186633,1.0588865410757362,"[2.43718885 2.43718885 2.43718885 2.43718885 2.43718885 0.86207424
 1.12341683 0.9468185  0.8559005  0.6654754 ]",2.437188846598864,0.8620742360644783,5,17,108,24.7606520652771,1,1145.0,0.0,0.0,687,gnm
known,static_conjecture,watts_688,8.509002858953744,"[2.1860625672978498, 1.3984516216436784, 2.505941414059716, 1.8989259522273407, 1.481727233098657, -0.11254858327127958, 2.9024398498076267, 2.34106905842918, 1.4794909831759238, 1.0171688190727304]",2.1860625672978498,-0.11254858327127958,"[1.46995192 1.46995192 1.46995192 1.46995192 1.46995192 0.86207424
 1.12341683 0.9468185  0.8559005  0.6654754 ]",1.4699519230769231,0.8620742360644783,5,10,10,4.384011268615723,1,2122.0,0.0,0.0,688,watts
known,static_conjecture,gnm_689,71.03177738758066,"[2.5092301055208512, 2.92352578224796, 2.4497330324434152, 2.936979763956826, 2.4743817211609214, 0.9429640875282571, 2.402312829845184, 0.821192695558189, 2.1194307747196754, 0.7525926070509457]",2.5092301055208512,0.9429640875282571,"[2.4608751  2.4608751  2.4608751  2.4608751  2.4608751  0.86207424
 1.12341683 0.9468185  0.8559005  0.6654754 ]",2.460875098807379,0.8620742360644783,5,20,142,17.412583351135254,1,511.0,0.0,0.0,689,gnm
known,static_conjecture,gnm_690,87.86918645596982,"[2.998279861476231, 2.650990550116511, 2.859506623561227, 2.5643881982852785, 2.6178750794471144, -0.023854115234217176, 3.141446259659104, 1.5704426290970877, 2.8897830664374773, 1.608038017064945]",2.998279861476231,-0.023854115234217176,"[2.73484823 2.73484823 2.73484823 2.73484823 2.73484823 0.86207424
 1.12341683 0.9468185  0.8559005  0.6654754 ]",2.73484823207763,0.8620742360644783,5,19,168,20.643357276916504,1,676.0,0.0,0.0,690,gnm
known,static_conjecture,barabasi_691,9.655475864144725,"[1.8267392007677148, 1.5641928967180476, 1.8388423423493994, 2.3385003931087507, 1.5718993904857468, 0.7339106367002695, 2.3371979724984993, 1.2077924325034615, 1.173314695220511, 0.39860709276307155]",1.8267392007677148,0.7339106367002695,"[1.55165289 1.55165289 1.55165289 1.55165289 1.55165289 0.86207424
 1.12341683 0.9468185  0.8559005  0.6654754 ]",1.5516528925619835,0.8620742360644783,5,11,10,1.6423892974853516,1,982.0,0.0,0.0,691,barabasi
known,static_conjecture,barabasi_692,12.271825578292407,"[1.7797920604604678, 1.1088023516641736, 2.396804508050337, 2.3479681977909435, 1.06894152794433, 0.18416366913733934, 2.0019391768125256, 1.7487860675520392, 1.7279982505483589, 0.2100787292009471]",1.7797920604604678,0.18416366913733934,"[1.55555556 1.55555556 1.55555556 1.55555556 1.55555556 0.86207424
 1.12341683 0.9468185  0.8559005  0.6654754 ]",1.5555555555555556,0.8620742360644783,5,15,14,4.513893365859985,1,1617.0,0.0,0.0,692,barabasi
known,static_conjecture,gnm_693,14.20526020518264,"[1.8383152478080313, 1.4899416988166763, 3.0803654500330797, 2.0230684915159447, 2.7749125471917915, 0.34788263117767393, 1.4384995480059104, 1.4070105421657704, 1.6576431473450488, 1.1869136232422315]",1.8383152478080313,0.34788263117767393,"[1.96365347 1.96365347 1.96365347 1.96365347 1.96365347 0.86207424
 1.12341683 0.9468185  0.8559005  0.6654754 ]",1.9636534696520394,0.8620742360644783,5,9,24,4.235193729400635,1,1115.0,0.0,0.0,693,gnm
known,static_conjecture,regular_694,13.435288414956801,"[1.9507315940155059, 2.6514706944898205, 1.2569405939738836, 1.1588232471267155, 2.512339848498498, 1.117765832441965, 2.2669953931966838, 1.7617658013673156, 1.6349268888091981, 0.8746215958260801]",1.9507315940155059,1.117765832441965,"[1.59388889 1.59388889 1.59388889 1.59388889 1.59388889 0.86207424
 1.12341683 0.9468185  0.8559005  0.6654754 ]",1.5938888888888887,0.8620742360644783,5,15,15,4.329612493515015,1,889.0,0.0,0.0,694,regular
known,static_conjecture,watts_695,14.57265500128689,"[1.5887320485875025, 3.1305848115096495, 1.3243592607145667, 3.1401300380281443, 0.5554404705369658, 0.9027073926444267, 2.5275005716799024, 2.7796291905574515, 2.12232692273032, 1.3136847318852243]",1.5887320485875025,0.9027073926444267,"[1.54166667 1.54166667 1.54166667 1.54166667 1.54166667 0.86207424
 1.12341683 0.9468185  0.8559005  0.6654754 ]",1.541666666666667,0.8620742360644783,5,11,22,3.965242624282837,1,1018.0,0.0,0.0,695,watts
known,static_conjecture,gnm_696,20.339584334981737,"[2.9870185611827473, 2.1088095311230908, 2.0113545943972433, 2.114728481104906, 2.1326942288076585, 1.819538093778566, 1.987207554690293, 1.5483920303689767, 1.549842165183704, 1.069506573204529]",2.9870185611827473,1.819538093778566,"[2.1422249  2.1422249  2.1422249  2.1422249  2.1422249  0.86207424
 1.12341683 0.9468185  0.8559005  0.6654754 ]",2.1422248982234677,0.8620742360644783,5,10,36,3.2502825260162354,1,574.0,0.0,0.0,696,gnm
known,static_conjecture,gnm_697,18.86474328725194,"[2.877445868665763, 2.137397927618747, 3.108248352275504, 2.4374973676004092, 2.2150772365432854, 0.7574217899017268, 3.044791756043324, 2.554363878406514, 2.311565504747373, 0.863381839777277]",2.877445868665763,0.7574217899017268,"[2.20785187 2.20785187 2.20785187 2.20785187 2.20785187 0.86207424
 1.12341683 0.9468185  0.8559005  0.6654754 ]",2.207851870528532,0.8620742360644783,5,11,37,3.1962575912475586,1,813.0,0.0,0.0,697,gnm
known,static_conjecture,regular_698,21.94860496289729,"[2.8151285250326326, 1.7759979388719085, 1.483833980799218, 2.062153733189011, 2.18432834040046, 1.3087821695715975, 1.9530743238142265, 0.49233228038841015, 1.631626795001309, 0.25949707852863035]",2.8151285250326326,1.3087821695715975,"[1.97142857 1.97142857 1.97142857 1.97142857 1.97142857 0.86207424
 1.12341683 0.9468185  0.8559005  0.6654754 ]",1.971428571428571,0.8620742360644783,5,15,30,9.490386486053467,1,1443.0,0.0,0.0,698,regular
known,static_conjecture,barabasi_699,4.775469539490587,"[2.659040716826808, 2.3614181043029694, 2.2733810013189064, 3.0362519095204954, 2.13857723177204, 1.699727776570565, 2.0238121673616547, 1.8073813365991505, 0.991395214967179, 0.18825412175037565]",2.659040716826808,1.699727776570565,"[2.28139837 2.28139837 2.28139837 2.28139837 2.28139837 0.86207424
 1.12341683 0.9468185  0.8559005  0.6654754 ]",2.281398371365477,0.8620742360644783,5,6,5,7.309191703796387,1,2113.0,0.0,0.0,699,barabasi
known,static_conjecture,watts_700,16.27936637675317,"[1.7691829888324904, 0.9917678911621794, 2.7710256897372174, 0.5594460123001053, 2.3728722008691667, -0.10352980818499657, 2.502366557397907, 1.6823146439967516, 1.1514163745687847, 1.7796217305480373]",1.7691829888324904,-0.10352980818499657,"[1.57079633 1.57079633 1.57079633 1.57079633 1.57079633 0.86207424
 1.12341683 0.9468185  0.8559005  0.6654754 ]",1.5707963267948966,0.8620742360644783,5,19,19,9.551356315612793,1,1925.0,0.0,0.0,700,watts
known,static_conjecture,gnm_701,24.175340582585633,"[1.5682507058777062, 2.9078452864789734, 2.932218786347886, 2.196343706340188, 1.2804640990246474, 0.8270670933953537, 3.0219185227167777, 1.5577799265040833, 1.2939166998562128, 1.474972204381738]",1.5682507058777062,0.8270670933953537,"[2.02746891 2.02746891 2.02746891 2.02746891 2.02746891 0.86207424
 1.12341683 0.9468185  0.8559005  0.6654754 ]",2.027468906694828,0.8620742360644783,5,13,41,6.697135925292969,1,1116.0,0.0,0.0,701,gnm
known,static_conjecture,regular_702,26.304931916030714,"[2.987073146109871, 1.2802865315487506, 2.7724824997243873, 2.9972494256523, 1.6870641571012004, 2.1168338731260867, 1.974955564170087, 0.3722886192872777, 1.8793398158017185, 1.2069851944272543]",2.987073146109871,2.1168338731260867,"[3.14159265 3.14159265 3.14159265 3.14159265 3.14159265 0.86207424
 1.12341683 0.9468185  0.8559005  0.6654754 ]",3.141592653589793,0.8620742360644783,5,18,36,12.791538715362549,1,1669.0,0.0,0.0,702,regular
known,static_conjecture,barabasi_703,20.115791976618635,"[1.5548787916490867, 0.10030775967674034, 1.2178201147044108, 3.14158819734821, 1.2965801828906538, 1.6781060304817452, 3.0060175748431024, 1.337625320712382, 2.1544674026333133, 1.6214221445973875]",1.5548787916490867,1.6781060304817452,"[1.56141975 1.56141975 1.56141975 1.56141975 1.56141975 0.86207424
 1.12341683 0.9468185  0.8559005  0.6654754 ]",1.5614197530864198,0.8620742360644783,5,18,32,6.190869331359863,1,901.0,0.0,0.0,703,barabasi
known,static_conjecture,gnm_704,43.47825930624642,"[2.92070166733187, 1.6288385097170632, 2.9849547284532747, 1.7215663466018891, 3.1413136178865675, 1.1549185377412057, 3.1259176894593432, 1.5651746223179241, 1.4475574176703399, 0.8692903119319795]",2.92070166733187,1.1549185377412057,"[2.25811284 2.25811284 2.25811284 2.25811284 2.25811284 0.86207424
 1.12341683 0.9468185  0.8559005  0.6654754 ]",2.2581128356377063,0.8620742360644783,5,19,73,16.97588086128235,1,1166.0,0.0,0.0,704,gnm
known,static_conjecture,barabasi_705,17.120010200814182,"[2.984996153080756, 2.772999676405695, 1.6552223517675184, 1.9990950520726227, 1.5633497289414855, 0.48242442559958926, 2.7024776871681953, 0.8211885336161242, 2.4591637596146714, 0.9213888629277589]",2.984996153080756,0.48242442559958926,"[1.64737697 1.64737697 1.64737697 1.64737697 1.64737697 0.86207424
 1.12341683 0.9468185  0.8559005  0.6654754 ]",1.6473769724900742,0.8620742360644783,5,14,24,3.4213974475860596,1,804.0,0.0,0.0,705,barabasi
known,static_conjecture,watts_706,11.938337642624475,"[1.7940171998131798, 2.5497302568683855, 1.5971892133346017, 1.5188025071640716, 1.680922498366355, 1.3959219412400947, 2.717306519534043, 1.0718582032767907, 1.9346848732579884, 0.8488679363632029]",1.7940171998131798,1.3959219412400947,"[1.63924033 1.63924033 1.63924033 1.63924033 1.63924033 0.86207424
 1.12341683 0.9468185  0.8559005  0.6654754 ]",1.6392403283850654,0.8620742360644783,5,9,18,4.042438507080078,1,1367.0,0.0,0.0,706,watts
known,static_conjecture,watts_707,11.632747073974766,"[1.6583239478232292, 1.8812197402281672, 1.9549910059015811, 2.74018005385601, 1.4632977799485365, 1.3264297158887652, 2.373694540838197, 1.3681156274168336, 1.544174398434738, 0.4351704027278823]",1.6583239478232292,1.3264297158887652,"[1.54166667 1.54166667 1.54166667 1.54166667 1.54166667 0.86207424
 1.12341683 0.9468185  0.8559005  0.6654754 ]",1.541666666666667,0.8620742360644783,5,14,14,2.9543509483337402,1,960.0,0.0,0.0,707,watts
known,static_conjecture,gnm_708,36.91777313539743,"[1.5469787440150993, 3.1412072340001584, 3.1384202650237283, 2.4843100851705597, 2.4136622748117933, 1.303629376935449, 2.5647378919478436, 1.2914291961917344, 1.5710107153752602, 1.2734074286602786]",1.5469787440150993,1.303629376935449,"[2.25005386 2.25005386 2.25005386 2.25005386 2.25005386 0.86207424
 1.12341683 0.9468185  0.8559005  0.6654754 ]",2.250053855423748,0.8620742360644783,5,17,64,7.382404088973999,1,544.0,0.0,0.0,708,gnm
known,static_conjecture,gnm_709,40.59545230459841,"[2.9282459275131716, 2.3199627021094194, 2.370729093310601, 2.3571848640537993, 2.3171886788861014, 0.6894220748792205, 2.54679859278677, 2.4289443810190274, 2.2528174808060344, 1.0475394713800388]",2.9282459275131716,0.6894220748792205,"[2.32564819 2.32564819 2.32564819 2.32564819 2.32564819 0.86207424
 1.12341683 0.9468185  0.8559005  0.6654754 ]",2.3256481864241385,0.8620742360644783,5,16,81,7.471080541610718,1,573.0,0.0,0.0,709,gnm
known,static_conjecture,barabasi_710,5.319467734828777,"[2.25469226140961, 2.565603399362577, 2.8005290837326147, 2.201560822534515, 2.2447250581188953, 0.24591584561292434, 1.6834554598788793, 1.564842870359136, 1.3474607496344042, 0.28392429053760104]",2.25469226140961,0.24591584561292434,"[2.23017809 2.23017809 2.23017809 2.23017809 2.23017809 0.86207424
 1.12341683 0.9468185  0.8559005  0.6654754 ]",2.230178092584108,0.8620742360644783,5,7,6,4.028252363204956,1,1781.0,0.0,0.0,710,barabasi
known,static_conjecture,gnm_711,23.348579530899862,"[2.9012064265159125, 2.2729335017471564, 2.107613293180177, 2.199670110853953, 2.276121807486887, 0.9550114901085643, 2.5756922658066936, 0.9805971551689077, 2.3246101286748244, 0.9889141809895319]",2.9012064265159125,0.9550114901085643,"[2.21839685 2.21839685 2.21839685 2.21839685 2.21839685 0.86207424
 1.12341683 0.9468185  0.8559005  0.6654754 ]",2.2183968512618724,0.8620742360644783,5,12,46,5.040081262588501,1,626.0,0.0,0.0,711,gnm
known,static_conjecture,gnm_712,18.253967169428506,"[0.2132629898767022, 3.141592653589793, 2.582527053985146, 1.105048331779156, 2.564247873370329, 2.078730066333093, 3.045964520829574, 1.5643424665755497, 1.5865842976587554, 0.8773850641854213]",0.2132629898767022,2.078730066333093,"[1.96365347 1.96365347 1.96365347 1.96365347 1.96365347 0.86207424
 1.12341683 0.9468185  0.8559005  0.6654754 ]",1.9636534696520394,0.8620742360644783,5,9,32,6.863013505935669,1,1387.0,0.0,0.0,712,gnm
known,static_conjecture,gnm_713,40.8410911741482,"[2.4652942598704994, 2.26358716399762, 1.7397835546349394, 3.079298073844871, 2.8218556204014638, 1.5715142137328102, 1.250650431531887, 1.9565144603943065, 0.8419424481829121, 0.19813279123759342]",2.4652942598704994,1.5715142137328102,"[2.25492366 2.25492366 2.25492366 2.25492366 2.25492366 0.86207424
 1.12341683 0.9468185  0.8559005  0.6654754 ]",2.254923656892252,0.8620742360644783,5,18,64,11.20602297782898,1,911.0,0.0,0.0,713,gnm
known,static_conjecture,gnm_714,17.02359839526794,"[2.9705616418075214, 2.7036047189473873, 1.6482404606407153, 2.1218105226036252, 1.5725003519107041, 0.4614438414863728, 2.6406504056116162, 0.7462315057213892, 2.327516326185637, 0.8269987418106989]",2.9705616418075214,0.4614438414863728,"[1.66282035 1.66282035 1.66282035 1.66282035 1.66282035 0.86207424
 1.12341683 0.9468185  0.8559005  0.6654754 ]",1.6628203544575726,0.8620742360644783,5,14,24,2.105496883392334,1,913.0,0.0,0.0,714,gnm
known,static_conjecture,gnm_715,90.71018417690014,"[2.3071419448245734, 2.5675324368943264, 2.8977726054320936, 3.070574096743971, 2.6224123614732706, -0.005853117078774479, 2.9789142081927213, 2.7121324095631714, 2.5886310279232054, 1.5658277659729374]",2.3071419448245734,-0.005853117078774479,"[2.61753181 2.61753181 2.61753181 2.61753181 2.61753181 0.86207424
 1.12341683 0.9468185  0.8559005  0.6654754 ]",2.617531813822585,0.8620742360644783,5,20,173,26.37721610069275,1,597.0,0.0,0.0,715,gnm
known,static_conjecture,regular_716,17.09085814154458,"[2.306008058195443, 2.127447479993314, 3.1270003177723122, 2.89298405308683, 2.467528988176716, 0.6805850301921849, 1.9835867493885977, 1.4170974050987275, 2.586582062353429, 0.8263436220897327]",2.306008058195443,0.6805850301921849,"[3.14159265 3.14159265 3.14159265 3.14159265 3.14159265 0.86207424
 1.12341683 0.9468185  0.8559005  0.6654754 ]",3.141592653589793,0.8620742360644783,5,19,19,7.156593084335327,1,2286.0,0.0,0.0,716,regular
known,static_conjecture,barabasi_717,6.414860538416406,"[2.8447752281245235, 2.5593522482777926, 1.8854391814855231, 1.367016592009885, 2.6048897745455046, 2.0609233069617305, 2.7450346942936656, 1.508078706206559, 2.287337380942662, 1.7617438001898158]",2.8447752281245235,2.0609233069617305,"[2.28139837 2.28139837 2.28139837 2.28139837 2.28139837 0.86207424
 1.12341683 0.9468185  0.8559005  0.6654754 ]",2.281398371365477,0.8620742360644783,5,8,7,1.5498871803283691,1,1229.0,0.0,0.0,717,barabasi
known,static_conjecture,gnm_718,5.809274428229401,"[2.7596593852492726, 3.0621572354719704, 1.7938309811152573, 1.8461687504213153, 1.6297126235337056, 1.1757327982792316, 3.099064365485682, 2.3087015420659265, 2.3671432678328377, 0.8281170734216707]",2.7596593852492726,1.1757327982792316,"[1.82079633 1.82079633 1.82079633 1.82079633 1.82079633 0.86207424
 1.12341683 0.9468185  0.8559005  0.6654754 ]",1.8207963267948966,0.8620742360644783,5,7,8,1.8268945217132568,1,1363.0,0.0,0.0,718,gnm
known,static_conjecture,regular_719,19.507071220443688,"[2.790159944197943, 2.0836792377583953, 1.857305555561551, 1.9200004828342125, 1.962756188876561, 0.050808227386942795, 2.633973697250867, 2.719719991507455, 2.822747375521189, 1.4062499809824778]",2.790159944197943,0.050808227386942795,"[1.97142857 1.97142857 1.97142857 1.97142857 1.97142857 0.86207424
 1.12341683 0.9468185  0.8559005  0.6654754 ]",1.971428571428571,0.8620742360644783,5,13,26,6.174155950546265,1,1263.0,0.0,0.0,719,regular
known,static_conjecture,regular_720,5.99999769761998,"[3.1411085102812173, 1.8876633740135966, 2.4846030359461757, 1.914827305595883, 2.1507067533798825, 0.2668826805886114, 1.538110524526513, 0.8593898546550551, 1.3016610633935606, 0.3659333614752983]",3.1411085102812173,0.2668826805886114,"[1.56614833 1.56614833 1.56614833 1.56614833 1.56614833 0.86207424
 1.12341683 0.9468185  0.8559005  0.6654754 ]",1.5661483253588515,0.8620742360644783,5,7,7,0.7161259651184082,1,520.0,0.0,0.0,720,regular
known,static_conjecture,watts_721,16.28874526056235,"[1.7008492536729591, 1.7372578071833025, 1.4478565015124318, 2.793292071463059, 1.4492749509718328, 0.4482559729945378, 2.8996238741786735, 1.2679194570673071, 1.5564386301082915, 0.23143796173836195]",1.7008492536729591,0.4482559729945378,"[1.54166667 1.54166667 1.54166667 1.54166667 1.54166667 0.86207424
 1.12341683 0.9468185  0.8559005  0.6654754 ]",1.541666666666667,0.8620742360644783,5,12,24,4.005727529525757,1,911.0,0.0,0.0,721,watts
known,static_conjecture,barabasi_722,12.949533489316389,"[2.0309987188525778, 1.4878211083330668, 2.390881311637261, 3.043417869429981, 2.950017156476015, 1.7769934279287631, 2.82162514481613, 1.980293434714492, 1.2624108499722826, 1.8585122065496134]",2.0309987188525778,1.7769934279287631,"[2.02933098 2.02933098 2.02933098 2.02933098 2.02933098 0.86207424
 1.12341683 0.9468185  0.8559005  0.6654754 ]",2.0293309771825396,0.8620742360644783,5,16,15,7.671881198883057,1,2126.0,0.0,0.0,722,barabasi
known,static_conjecture,gnm_723,8.510507768988646,"[2.9065309513656175, 1.921945520345059, 3.057422211743169, 2.139766913750158, 3.0452546521509167, 1.7758874249328143, 2.1324167096463458, 1.2665836931249115, 2.0759250552765045, 0.7974606696889196]",2.9065309513656175,1.7758874249328143,"[1.82079633 1.82079633 1.82079633 1.82079633 1.82079633 0.86207424
 1.12341683 0.9468185  0.8559005  0.6654754 ]",1.8207963267948966,0.8620742360644783,5,7,12,2.687572479248047,1,1939.0,0.0,0.0,723,gnm
known,static_conjecture,barabasi_724,21.27447857830613,"[2.970746655996593, 2.795804743007476, 1.6477893193100797, 2.00425824047082, 1.5628744772005692, 0.44731541565265037, 2.657531564609608, 2.368927470215274, 2.3276398790093547, 0.7564639536159148]",2.970746655996593,0.44731541565265037,"[1.65000824 1.65000824 1.65000824 1.65000824 1.65000824 0.86207424
 1.12341683 0.9468185  0.8559005  0.6654754 ]",1.6500082385895536,0.8620742360644783,5,17,30,9.507404327392578,1,1467.0,0.0,0.0,724,barabasi
known,static_conjecture,gnm_725,55.57386331077031,"[2.376806878730511, 2.519384048683133, 2.9747757070528182, 2.467219888162852, 2.3308365076675495, 0.7969811853774775, 2.7739600600796948, 2.7408126013170033, 1.4735522890095325, 0.6938912968729466]",2.376806878730511,0.7969811853774775,"[2.46912522 2.46912522 2.46912522 2.46912522 2.46912522 0.86207424
 1.12341683 0.9468185  0.8559005  0.6654754 ]",2.469125216876466,0.8620742360644783,5,17,111,13.191722393035889,1,584.0,0.0,0.0,725,gnm
known,static_conjecture,barabasi_726,25.75881511082912,"[2.996729437492953, 1.7409413683618244, 1.861388035166219, 1.3096569192036684, 1.7602984869074505, 1.771009648423263, 2.989491832630672, 2.0884131393633467, 1.5306087396622505, 0.7517951223101021]",2.996729437492953,1.771009648423263,"[1.75400095 1.75400095 1.75400095 1.75400095 1.75400095 0.86207424
 1.12341683 0.9468185  0.8559005  0.6654754 ]",1.7540009469696967,0.8620742360644783,5,16,39,6.749373912811279,1,854.0,0.0,0.0,726,barabasi
known,static_conjecture,regular_727,21.77304514717629,"[2.8239930858520887, 2.058762849437524, 1.8697062894481715, 1.9425339308087533, 1.9903252219812897, 0.06433285747410075, 2.6520822485958475, 2.7458353612012267, 2.8747843624985236, 1.446277051128917]",2.8239930858520887,0.06433285747410075,"[1.97142857 1.97142857 1.97142857 1.97142857 1.97142857 0.86207424
 1.12341683 0.9468185  0.8559005  0.6654754 ]",1.971428571428571,0.8620742360644783,5,15,30,5.960759878158569,1,1316.0,0.0,0.0,727,regular
known,static_conjecture,regular_728,16.75074545747008,"[3.0175423291345345, 1.044751702340455, 2.9543477819196973, 2.7604763352968575, 0.6272456221198534, 2.1287842917820416, 3.1303131979876335, 2.6006209596281074, 1.781825575273961, 0.7588957078587018]",3.0175423291345345,2.1287842917820416,"[3.14159265 3.14159265 3.14159265 3.14159265 3.14159265 0.86207424
 1.12341683 0.9468185  0.8559005  0.6654754 ]",3.141592653589793,0.8620742360644783,5,19,19,5.195282220840454,1,1204.0,0.0,0.0,728,regular
known,static_conjecture,gnm_729,35.05754194900283,"[2.293036447323571, 2.2406952076080344, 2.318791866184543, 2.320675127219152, 2.23589924057666, 0.857427397299643, 2.648790242741729, 1.2308901280524318, 2.373339618912296, 1.0710868590362987]",2.293036447323571,0.857427397299643,"[2.25365113 2.25365113 2.25365113 2.25365113 2.25365113 0.86207424
 1.12341683 0.9468185  0.8559005  0.6654754 ]",2.2536511338305436,0.8620742360644783,5,17,70,6.634701490402222,1,503.0,0.0,0.0,729,gnm
known,static_conjecture,regular_730,13.324252732586089,"[2.890594613015348, 1.1377705371810487, 1.6112165138174022, 2.319314312282485, 1.7658846056367463, 0.6173498507856059, 2.159855733030897, 1.5247315492387554, 1.2035596133873356, 0.6308671939556264]",2.890594613015348,0.6173498507856059,"[1.53632918 1.53632918 1.53632918 1.53632918 1.53632918 0.86207424
 1.12341683 0.9468185  0.8559005  0.6654754 ]",1.5363291750727188,0.8620742360644783,5,15,15,3.2287139892578125,1,873.0,0.0,0.0,730,regular
known,static_conjecture,watts_731,17.66822451329776,"[2.7071097874409498, 0.2337811046582505, 2.570540854636151, 2.6025106506401783, 1.778735433633297, 1.231550073643037, 2.539575575011315, 1.9351838198724882, 1.7799756882989373, 1.5811102700291193]",2.7071097874409498,1.231550073643037,"[1.57079633 1.57079633 1.57079633 1.57079633 1.57079633 0.86207424
 1.12341683 0.9468185  0.8559005  0.6654754 ]",1.5707963267948966,0.8620742360644783,5,20,20,10.846038579940796,1,1989.0,0.0,0.0,731,watts
known,static_conjecture,watts_732,7.689484350826097,"[1.8648344763990365, 1.7539257984463306, 1.4817365830961333, 2.6023244204404374, 1.326232387242214, 1.223587379328639, 2.8507624148667645, 1.933096723502301, 1.51058145485156, 0.20445197121496794]",1.8648344763990365,1.223587379328639,"[1.46995192 1.46995192 1.46995192 1.46995192 1.46995192 0.86207424
 1.12341683 0.9468185  0.8559005  0.6654754 ]",1.4699519230769231,0.8620742360644783,5,10,10,-0.15694093704223633,1,857.0,0.0,0.0,732,watts
known,static_conjecture,gnm_733,36.73249826762588,"[2.372695661072406, 1.9927875973349016, 2.7200084590596667, 2.162861603315164, 2.4498697751803378, 0.7836555190482318, 1.5707635136903764, 0.7849111050944919, 1.9549220160884473, -0.0027894930427171142]",2.372695661072406,0.7836555190482318,"[2.24661498 2.24661498 2.24661498 2.24661498 2.24661498 0.86207424
 1.12341683 0.9468185  0.8559005  0.6654754 ]",2.2466149806706595,0.8620742360644783,5,19,68,15.524436950683594,1,1055.0,0.0,0.0,733,gnm
known,static_conjecture,watts_734,20.07331425822531,"[1.79376802532639, 2.8600541765939886, 1.361862330619469, 2.761668838403853, 2.0869508546452042, 1.3867264285721135, 1.7268013152232742, 1.9504273407857573, 1.7724417872565315, 1.4538955399134716]",1.79376802532639,1.3867264285721135,"[1.54166667 1.54166667 1.54166667 1.54166667 1.54166667 0.86207424
 1.12341683 0.9468185  0.8559005  0.6654754 ]",1.541666666666667,0.8620742360644783,5,15,30,7.636607885360718,1,1500.0,0.0,0.0,734,watts
known,static_conjecture,barabasi_735,14.11650749893158,"[2.918830389626748, 2.313558341971524, 2.8288145702733782, 2.033718629172898, 1.790614290604537, 1.9560833834512272, 1.7481197089583043, 1.689860179568448, 1.4018313538772698, 0.16611586026248742]",2.918830389626748,1.9560833834512272,"[1.93417654 1.93417654 1.93417654 1.93417654 1.93417654 0.86207424
 1.12341683 0.9468185  0.8559005  0.6654754 ]",1.9341765404914195,0.8620742360644783,5,17,16,6.623310327529907,1,1636.0,0.0,0.0,735,barabasi
known,static_conjecture,gnm_736,33.66581381263927,"[2.4151799078159355, 2.9593260316138656, 2.4101195025326088, 2.408660402549023, 2.4252632844802373, 0.8559990654778977, 2.632580823688027, 0.8599530809614406, 2.517283262685408, 0.8192484730061014]",2.4151799078159355,0.8559990654778977,"[2.40967576 2.40967576 2.40967576 2.40967576 2.40967576 0.86207424
 1.12341683 0.9468185  0.8559005  0.6654754 ]",2.409675762866846,0.8620742360644783,5,12,65,6.727902173995972,1,774.0,0.0,0.0,736,gnm
known,static_conjecture,barabasi_737,7.923703437627297,"[2.5665690021122725, 2.1440975181498674, 1.928613323969493, 2.407041060738348, 2.551957585565972, 1.4753047888551563, 2.828573729757925, 2.9478171246959257, 1.9854044750130229, 1.7838705840328009]",2.5665690021122725,1.4753047888551563,"[2.28139837 2.28139837 2.28139837 2.28139837 2.28139837 0.86207424
 1.12341683 0.9468185  0.8559005  0.6654754 ]",2.281398371365477,0.8620742360644783,5,10,9,4.503618478775024,1,1526.0,0.0,0.0,737,barabasi
known,static_conjecture,regular_738,14.981018886714905,"[3.02086285382467, 0.9967722844501818, 3.010517644641293, 2.7528230229828674, 0.6415061021250725, 2.094226178081164, 3.110491454749422, 2.6285295690692507, 1.7796439088311502, 0.7493992932023152]",3.02086285382467,2.094226178081164,"[3.14159265 3.14159265 3.14159265 3.14159265 3.14159265 0.86207424
 1.12341683 0.9468185  0.8559005  0.6654754 ]",3.141592653589793,0.8620742360644783,5,17,17,4.4745869636535645,1,1199.0,0.0,0.0,738,regular
known,static_conjecture,barabasi_739,21.18655959868184,"[1.730792923817679, 2.6764794672464833, 0.3567943420051271, 3.1149312551944415, 1.2604495901301782, 1.211846212674417, 2.9351502771482805, 2.5511666011684557, 2.243753010297744, 1.9663113637801959]",1.730792923817679,1.211846212674417,"[1.56141975 1.56141975 1.56141975 1.56141975 1.56141975 0.86207424
 1.12341683 0.9468185  0.8559005  0.6654754 ]",1.5614197530864198,0.8620742360644783,5,18,32,6.1758012771606445,1,934.0,0.0,0.0,739,barabasi
known,static_conjecture,barabasi_740,11.862270277400711,"[1.3983400242876707, 2.391917455582595, 1.6794046123817932, 1.4824864464904168, 0.0982395765264347, 0.35069835719403875, 3.0565723076342026, 1.9469399955689144, 1.5199624760061687, 1.2701171592714613]",1.3983400242876707,0.35069835719403875,"[1.55929705 1.55929705 1.55929705 1.55929705 1.55929705 0.86207424
 1.12341683 0.9468185  0.8559005  0.6654754 ]",1.559297052154195,0.8620742360644783,5,14,13,2.4542453289031982,1,935.0,0.0,0.0,740,barabasi
known,static_conjecture,regular_741,23.842322579400665,"[2.9746459035886232, 2.039383763745956, 2.9765904692119425, 2.8655163020210876, 1.7553344305859206, 0.24142060863484135, 1.7302918415860873, 2.1196136621734833, 1.4191507632452196, 0.6856998293795706]",2.9746459035886232,0.24142060863484135,"[3.14159265 3.14159265 3.14159265 3.14159265 3.14159265 0.86207424
 1.12341683 0.9468185  0.8559005  0.6654754 ]",3.141592653589793,0.8620742360644783,5,16,32,6.686983823776245,1,1253.0,0.0,0.0,741,regular
known,static_conjecture,watts_742,28.102550842175358,"[2.9809333465568635, 2.7302246876298506, 1.656206141666174, 2.1964160826815524, 1.5714718945195196, 0.49806026635323686, 2.6575055292690895, 0.7936651196478491, 2.3658623713926117, 0.7911034857727871]",2.9809333465568635,0.49806026635323686,"[1.67125087 1.67125087 1.67125087 1.67125087 1.67125087 0.86207424
 1.12341683 0.9468185  0.8559005  0.6654754 ]",1.6712508722494421,0.8620742360644783,5,20,40,7.29413914680481,1,661.0,0.0,0.0,742,watts
known,static_conjecture,gnm_743,7.798876171760639,"[1.5920559965926335, 2.961049693279912, 1.4911169655301983, 1.7702898390951365, 2.0345783736416285, 0.3798250269464888, 3.117057789904025, 1.780966758276937, 1.59068567464129, 1.3734755844342126]",1.5920559965926335,0.3798250269464888,"[1.82079633 1.82079633 1.82079633 1.82079633 1.82079633 0.86207424
 1.12341683 0.9468185  0.8559005  0.6654754 ]",1.8207963267948966,0.8620742360644783,5,7,12,1.457869291305542,1,729.0,0.0,0.0,743,gnm
known,static_conjecture,barabasi_744,19.138998785709067,"[1.6210071370625103, 2.9337577292457753, 0.4417351758781878, 2.642301283727522, 1.6361722952199917, 1.0401461876306102, 1.727170246218967, 1.3596226162574108, 1.0424329788250573, 0.6845871195900897]",1.6210071370625103,1.0401461876306102,"[1.56082899 1.56082899 1.56082899 1.56082899 1.56082899 0.86207424
 1.12341683 0.9468185  0.8559005  0.6654754 ]",1.5608289930555557,0.8620742360644783,5,16,28,5.194404125213623,1,893.0,0.0,0.0,744,barabasi
known,static_conjecture,barabasi_745,8.786340142235032,"[1.5867382603974005, 1.8738146517561252, 1.1203222855068706, 2.468228533251774, 0.44202642317997864, 0.8196532685268142, 2.640626727630198, 1.6806999900219708, 1.27799826180072, 1.318285043047056]",1.5867382603974005,0.8196532685268142,"[1.55371901 1.55371901 1.55371901 1.55371901 1.55371901 0.86207424
 1.12341683 0.9468185  0.8559005  0.6654754 ]",1.5537190082644627,0.8620742360644783,5,11,10,2.9769043922424316,1,797.0,0.0,0.0,745,barabasi
known,static_conjecture,regular_746,19.618535167547076,"[2.8449483760973555, 1.8299193423315645, 1.829134276347874, 1.944322168599077, 1.9618552957809698, 1.4065239973790458, 2.2052794342087534, 2.6404562455632803, 2.7488754681542567, 1.3504003988821283]",2.8449483760973555,1.4065239973790458,"[1.97142857 1.97142857 1.97142857 1.97142857 1.97142857 0.86207424
 1.12341683 0.9468185  0.8559005  0.6654754 ]",1.971428571428571,0.8620742360644783,5,13,26,6.5136682987213135,1,1199.0,0.0,0.0,746,regular
known,static_conjecture,watts_747,10.375184638823457,"[1.9300046408420353, 1.6692228184305717, 0.21886190592502092, 2.6998557554256237, 0.8030727847802206, 1.500182207248396, 2.297397867808602, 1.3724895397410388, 2.014172345100525, 1.340570337718257]",1.9300046408420353,1.500182207248396,"[1.54166667 1.54166667 1.54166667 1.54166667 1.54166667 0.86207424
 1.12341683 0.9468185  0.8559005  0.6654754 ]",1.541666666666667,0.8620742360644783,5,12,12,2.676652431488037,1,905.0,0.0,0.0,747,watts
known,static_conjecture,watts_748,5.986356794908261,"[1.3115337939317313, 1.5135551365625017, 1.6895043095529014, 2.3715458625304415, 1.66949240352274, 1.5210664365208926, 2.1587872866399245, 1.7170934783010192, 1.6867895074481356, 0.3533697023272734]",1.3115337939317313,1.5210664365208926,"[1.48238815 1.48238815 1.48238815 1.48238815 1.48238815 0.86207424
 1.12341683 0.9468185  0.8559005  0.6654754 ]",1.482388147566719,0.8620742360644783,5,7,7,4.274585723876953,1,2075.0,0.0,0.0,748,watts
known,static_conjecture,watts_749,24.19850441532922,"[2.9724340783833982, 2.7108201644634766, 1.6693687643939112, 1.5935850379546599, 1.5729897977954534, 0.508904984669597, 2.690831326053215, 0.7576201680856283, 2.350006661496689, 0.8054665139936241]",2.9724340783833982,0.508904984669597,"[1.66123357 1.66123357 1.66123357 1.66123357 1.66123357 0.86207424
 1.12341683 0.9468185  0.8559005  0.6654754 ]",1.6612335712113797,0.8620742360644783,5,17,34,6.339430570602417,1,893.0,0.0,0.0,749,watts
known,static_conjecture,gnm_750,27.988075833723013,"[2.9214890692676154, 3.060100756684839, 1.792609606727311, 1.4387368550721322, 1.8292543862837651, 0.3264836201463126, 2.414594307347625, 1.6019152161040628, 0.8441055534169613, -0.03494281027649475]",2.9214890692676154,0.3264836201463126,"[1.88321672 1.88321672 1.88321672 1.88321672 1.88321672 0.86207424
 1.12341683 0.9468185  0.8559005  0.6654754 ]",1.8832167221114466,0.8620742360644783,5,15,43,10.370930433273315,1,1190.0,0.0,0.0,750,gnm
known,static_conjecture,barabasi_751,11.693276563702284,"[0.7061732685441028, 2.529513964889544, 0.3583159690140565, 2.960220318062968, 0.8606395896338876, 1.3501669547059563, 3.140806635552222, 2.9113338668277526, 1.3857771601081998, 1.2980276312730192]",0.7061732685441028,1.3501669547059563,"[1.55555556 1.55555556 1.55555556 1.55555556 1.55555556 0.86207424
 1.12341683 0.9468185  0.8559005  0.6654754 ]",1.5555555555555556,0.8620742360644783,5,15,14,5.608867645263672,1,1477.0,0.0,0.0,751,barabasi
known,static_conjecture,gnm_752,27.139155454860926,"[2.867057577120727, 2.6556245479803477, 2.3112808894482066, 2.2830054410853258, 2.253978056912087, 1.1628801491887701, 1.574844147175443, 1.5555165148575352, 1.5758500583005661, 0.7587390428964079]",2.867057577120727,1.1628801491887701,"[2.24669077 2.24669077 2.24669077 2.24669077 2.24669077 0.86207424
 1.12341683 0.9468185  0.8559005  0.6654754 ]",2.246690773348813,0.8620742360644783,5,17,43,6.630767583847046,1,750.0,0.0,0.0,752,gnm
known,static_conjecture,regular_753,9.228907574288314,"[1.2368977915807275, 1.6743607180102826, 2.3186367073061565, 3.021993572634005, 1.5647444709207528, 0.5233757411655191, 2.3508791357525256, 2.6552671937685672, 0.8072446443792868, 0.0747230308525951]",1.2368977915807275,0.5233757411655191,"[1.55020243 1.55020243 1.55020243 1.55020243 1.55020243 0.86207424
 1.12341683 0.9468185  0.8559005  0.6654754 ]",1.5502024291497978,0.8620742360644783,5,8,12,3.0339183807373047,1,1333.0,0.0,0.0,753,regular
known,static_conjecture,regular_754,15.597212140552198,"[2.9758994666241767, 1.3745859101963946, 1.7650770308625794, 2.1375146394003073, 2.470877714923358, 0.5329439508207422, 2.1961100715790676, 1.8793598332025208, 1.5620470198400627, 0.8494012770772779]",2.9758994666241767,0.5329439508207422,"[1.97142857 1.97142857 1.97142857 1.97142857 1.97142857 0.86207424
 1.12341683 0.9468185  0.8559005  0.6654754 ]",1.971428571428571,0.8620742360644783,5,11,22,5.067443132400513,1,1759.0,0.0,0.0,754,regular
known,static_conjecture,barabasi_755,19.166949056721833,"[1.4782548159771034, 2.0074301117851077, 1.423042085297937, 3.020849473544571, 1.7103681299560356, 1.329514951147176, 1.9424747113407226, 1.3768612924748864, 1.6942176278459493, 0.8210871316867686]",1.4782548159771034,1.329514951147176,"[1.56082899 1.56082899 1.56082899 1.56082899 1.56082899 0.86207424
 1.12341683 0.9468185  0.8559005  0.6654754 ]",1.5608289930555557,0.8620742360644783,5,16,28,7.066468954086304,1,1216.0,0.0,0.0,755,barabasi
known,static_conjecture,barabasi_756,19.29096151048388,"[1.6994605114289851, 3.068550843700387, 1.7808446726560305, 2.5679050107970633, 1.63017198961086, 0.32389294111732225, 2.4497087654753877, 1.392103926567156, 1.840103336703137, 1.4878528253160623]",1.6994605114289851,0.32389294111732225,"[1.55442708 1.55442708 1.55442708 1.55442708 1.55442708 0.86207424
 1.12341683 0.9468185  0.8559005  0.6654754 ]",1.5544270833333333,0.8620742360644783,5,16,28,8.526497602462769,1,1421.0,0.0,0.0,756,barabasi
known,static_conjecture,watts_757,5.38456190218767,"[0.6426382979780859, 3.1090841666309394, 1.5924010808209519, 2.972998925904009, 1.4362816337758175, 1.9496699806124154, 1.5356131443269045, 1.810737058894761, 2.979580938210649, 0.9308619063681378]",0.6426382979780859,1.9496699806124154,"[1.4696821  1.4696821  1.4696821  1.4696821  1.4696821  0.86207424
 1.12341683 0.9468185  0.8559005  0.6654754 ]",1.469682103610675,0.8620742360644783,5,7,7,2.1252782344818115,1,1418.0,0.0,0.0,757,watts
known,static_conjecture,regular_758,10.792069585029529,"[2.379571471061353, 2.2741071749515758, 2.029573039806136, 2.8576638331853896, -2.0723670123978604, 0.23538660436567854, 2.9142777339682113, 2.209166673358452, 1.8532615723671118, 1.1516163651651181]",2.379571471061353,0.23538660436567854,"[1.53632918 1.53632918 1.53632918 1.53632918 1.53632918 0.86207424
 1.12341683 0.9468185  0.8559005  0.6654754 ]",1.5363291750727188,0.8620742360644783,5,12,12,3.333254814147949,1,1287.0,0.0,0.0,758,regular
known,static_conjecture,watts_759,14.450261681704472,"[1.1757428445665308, 1.908825216131785, 0.16057908881845165, 3.0045142090553982, 1.5873164028582998, 1.3827011156832354, 2.586157920102738, 2.161929136935869, 2.064373383047984, 0.1296544465223871]",1.1757428445665308,1.3827011156832354,"[1.54166667 1.54166667 1.54166667 1.54166667 1.54166667 0.86207424
 1.12341683 0.9468185  0.8559005  0.6654754 ]",1.541666666666667,0.8620742360644783,5,11,22,4.144152402877808,1,1219.0,0.0,0.0,759,watts
known,static_conjecture,barabasi_760,15.911345187708397,"[2.768520972858755, 1.9049061732998451, 1.3605976145131655, 1.4353687984548475, 2.376168900489291, 1.1247307143802843, 1.7467522047926314, 2.3852532139614393, 1.3176906124805559, 1.3856933039588308]",2.768520972858755,1.1247307143802843,"[1.9214899  1.9214899  1.9214899  1.9214899  1.9214899  0.86207424
 1.12341683 0.9468185  0.8559005  0.6654754 ]",1.9214898989898987,0.8620742360644783,5,20,19,4.8259687423706055,1,1187.0,0.0,0.0,760,barabasi
known,static_conjecture,regular_761,17.591237676998784,"[2.8978817154005307, 2.378998655854918, 1.5713225159970174, 2.4220110541840887, 2.051671792858497, 1.0203298516712875, 3.130425857563381, 3.1337730353372977, 2.432052523137208, 1.3546705056509782]",2.8978817154005307,1.0203298516712875,"[1.97142857 1.97142857 1.97142857 1.97142857 1.97142857 0.86207424
 1.12341683 0.9468185  0.8559005  0.6654754 ]",1.971428571428571,0.8620742360644783,5,12,24,3.5028109550476074,1,894.0,0.0,0.0,761,regular
known,static_conjecture,regular_762,20.024968032998398,"[2.9568743469401735, 2.217651279891235, 2.1563367775916245, 2.388964790315841, 1.9199252756972334, 0.5100983197802508, 1.5940125707980584, 1.9564941293158773, 1.5734509929630605, 0.21606446557680123]",2.9568743469401735,0.5100983197802508,"[1.97142857 1.97142857 1.97142857 1.97142857 1.97142857 0.86207424
 1.12341683 0.9468185  0.8559005  0.6654754 ]",1.971428571428571,0.8620742360644783,5,14,28,3.9148759841918945,1,737.0,0.0,0.0,762,regular
known,static_conjecture,barabasi_763,4.97298954649159,"[3.0419351193232336, 2.315564262336488, 2.7502043825750624, 2.2688747002828658, 2.4492522481431465, 0.36313595520800845, 1.9407491529252936, 1.7101335256815315, 1.3049443015632507, -0.01897240278288828]",3.0419351193232336,0.36313595520800845,"[2.19780229 2.19780229 2.19780229 2.19780229 2.19780229 0.86207424
 1.12341683 0.9468185  0.8559005  0.6654754 ]",2.197802286579731,0.8620742360644783,5,6,5,4.135590076446533,1,1391.0,0.0,0.0,763,barabasi
known,static_conjecture,gnm_764,28.843341307401264,"[2.9660692171103653, 1.9552540148642379, 2.4194880342735403, 2.119180230685271, 2.56011114514887, 1.047952152639718, 1.4512802650680028, 0.7279178808558937, 1.5732930361573572, 0.966464340225519]",2.9660692171103653,1.047952152639718,"[2.14197983 2.14197983 2.14197983 2.14197983 2.14197983 0.86207424
 1.12341683 0.9468185  0.8559005  0.6654754 ]",2.1419798261184817,0.8620742360644783,5,14,56,10.11433744430542,1,1014.0,0.0,0.0,764,gnm
known,static_conjecture,watts_765,16.931011454099124,"[1.4143313563659334, 3.1415798148734435, 1.412101351927532, 3.1415926534305822, 1.6451101099830105, 0.5890393168536856, 2.9862177192124957, 2.6805393876583485, 2.401861505878678, 1.3031257540817416]",1.4143313563659334,0.5890393168536856,"[1.54166667 1.54166667 1.54166667 1.54166667 1.54166667 0.86207424
 1.12341683 0.9468185  0.8559005  0.6654754 ]",1.541666666666667,0.8620742360644783,5,13,26,4.329326868057251,1,884.0,0.0,0.0,765,watts
known,static_conjecture,barabasi_766,13.981659440281533,"[1.5587252643951166, 2.9543831679353834, 1.5641249935120465, 2.77594582994725, 1.564742080569296, 0.994480349830811, 3.1069060446731678, 2.051940863585184, 1.855999615962847, 1.5287990769806132]",1.5587252643951166,0.994480349830811,"[1.63049872 1.63049872 1.63049872 1.63049872 1.63049872 0.86207424
 1.12341683 0.9468185  0.8559005  0.6654754 ]",1.6304987170306722,0.8620742360644783,5,12,20,1.9760746955871582,1,933.0,0.0,0.0,766,barabasi
known,static_conjecture,gnm_767,24.206648977464504,"[1.457110106853704, 3.1415408968041714, 2.9784371213389935, 2.0556964499901476, 1.8600258681603967, 0.13327344314099082, 3.140149440104033, 1.6179374280347067, 1.2634508242515974, 1.3634745034465818]",1.457110106853704,0.13327344314099082,"[2.17836709 2.17836709 2.17836709 2.17836709 2.17836709 0.86207424
 1.12341683 0.9468185  0.8559005  0.6654754 ]",2.1783670893571103,0.8620742360644783,5,12,40,10.042388677597046,1,1525.0,0.0,0.0,767,gnm
known,static_conjecture,barabasi_768,16.01224121493883,"[2.96763394849015, 1.9182402066725965, 3.0842950955400905, 1.9224309099271002, 2.1213042213510915, 1.8361241899005778, 1.9494639929051503, 1.425578443599868, 1.333775253930011, 0.19536176760312352]",2.96763394849015,1.8361241899005778,"[2.06305556 2.06305556 2.06305556 2.06305556 2.06305556 0.86207424
 1.12341683 0.9468185  0.8559005  0.6654754 ]",2.0630555555555556,0.8620742360644783,5,20,19,5.699030160903931,1,1020.0,0.0,0.0,768,barabasi
known,static_conjecture,regular_769,9.85322280094988,"[2.8706714580383874, 1.6680045913979282, 2.554228821811038, 1.7217217465525327, 1.509324051215903, 1.2380406847235916, 2.467902971805782, 1.2391303734594203, 1.7615716341832388, 0.4077579221156651]",2.8706714580383874,1.2380406847235916,"[1.56614833 1.56614833 1.56614833 1.56614833 1.56614833 0.86207424
 1.12341683 0.9468185  0.8559005  0.6654754 ]",1.5661483253588515,0.8620742360644783,5,7,14,3.310227632522583,1,1734.0,0.0,0.0,769,regular
known,static_conjecture,gnm_770,15.14598026726162,"[1.8014664895958552, 1.8358688396912397, 2.7104259433889943, 1.9140801013455075, 2.653775088875504, 1.0274717090620957, 2.3976799405091755, 0.9166445745603096, 2.2905948152880162, 0.619985420532743]",1.8014664895958552,1.0274717090620957,"[1.85651061 1.85651061 1.85651061 1.85651061 1.85651061 0.86207424
 1.12341683 0.9468185  0.8559005  0.6654754 ]",1.8565106125091821,0.8620742360644783,5,8,27,3.624356269836426,1,933.0,0.0,0.0,770,gnm
known,static_conjecture,gnm_771,7.000456113015389,"[1.7076361938905158, 1.1871089165583215, 3.141584774612354, 2.7398855788475203, 1.5754202685592098, 0.22506771904244918, 2.322379519298117, 1.2980338602382309, 1.8892584677924968, 1.6041251153686464]",1.7076361938905158,0.22506771904244918,"[1.82079633 1.82079633 1.82079633 1.82079633 1.82079633 0.86207424
 1.12341683 0.9468185  0.8559005  0.6654754 ]",1.8207963267948966,0.8620742360644783,5,7,9,2.697998285293579,1,1596.0,0.0,0.0,771,gnm
known,static_conjecture,barabasi_772,30.02070460073055,"[2.8982237139957308, 2.847729010413633, 1.9311628834698, 1.9271765414399482, 1.5738741607789148, 1.1272032277013513, 1.583609027238402, 0.7853358139186577, 0.8326473551439626, 0.8062231394620538]",2.8982237139957308,1.1272032277013513,"[1.84288942 1.84288942 1.84288942 1.84288942 1.84288942 0.86207424
 1.12341683 0.9468185  0.8559005  0.6654754 ]",1.842889420520999,0.8620742360644783,5,19,48,10.26767349243164,1,946.0,0.0,0.0,772,barabasi
known,static_conjecture,gnm_773,8.772100178422988,"[2.811877602783243, 1.9470974131950913, 1.7522558845631557, 2.0306402018740206, 1.6959993912961357, 1.0453693940643727, 2.281715980982339, 0.7772831390296666, 1.5684349069478771, 0.7374848461730287]",2.811877602783243,1.0453693940643727,"[1.85651061 1.85651061 1.85651061 1.85651061 1.85651061 0.86207424
 1.12341683 0.9468185  0.8559005  0.6654754 ]",1.8565106125091821,0.8620742360644783,5,6,14,2.0598506927490234,1,1221.0,0.0,0.0,773,gnm
known,static_conjecture,gnm_774,9.08384737012966,"[2.973304990003695, 1.6648917513273527, 2.1944135761175976, 2.1395390377778947, 0.8851919061864983, 0.7359302153378435, 2.6418193588745975, 1.9766516698971646, 1.4723183655266865, 0.8495434369951076]",2.973304990003695,0.7359302153378435,"[1.82079633 1.82079633 1.82079633 1.82079633 1.82079633 0.86207424
 1.12341683 0.9468185  0.8559005  0.6654754 ]",1.8207963267948966,0.8620742360644783,5,7,13,4.623824834823608,1,2407.0,0.0,0.0,774,gnm
known,static_conjecture,barabasi_775,7.399495432590018,"[2.9202279059428946, 2.7102101806069134, 3.1411219469599607, 2.6470525201908206, 2.6220944815978995, 2.1184898454690373, 3.139791527031746, 0.3975160999900311, 1.8403382273259425, 1.7384811384989214]",2.9202279059428946,2.1184898454690373,"[2.18690907 2.18690907 2.18690907 2.18690907 2.18690907 0.86207424
 1.12341683 0.9468185  0.8559005  0.6654754 ]",2.1869090704617022,0.8620742360644783,5,9,8,7.029612064361572,1,1870.0,0.0,0.0,775,barabasi
known,static_conjecture,barabasi_776,9.29792530150138,"[1.6318794286250156, 1.8546189552915848, 2.11696076849957, 1.7315833334713588, 1.5039910325402002, 1.180551276096859, 1.1393391013932632, 1.1025706363130023, 1.3075391109483845, 0.553974878216356]",1.6318794286250156,1.180551276096859,"[1.56203704 1.56203704 1.56203704 1.56203704 1.56203704 0.86207424
 1.12341683 0.9468185  0.8559005  0.6654754 ]",1.5620370370370371,0.8620742360644783,5,12,11,2.2280802726745605,1,826.0,0.0,0.0,776,barabasi
known,static_conjecture,watts_777,23.820041087746173,"[3.1415508901035736, 2.8170058366670894, 1.6780420211107512, 1.3560458802946886, 1.5632139671644505, 1.2991272154294187, 2.724403696139726, 0.7861106027378237, 2.357852336230147, 0.7606292633433991]",3.1415508901035736,1.2991272154294187,"[1.72736198 1.72736198 1.72736198 1.72736198 1.72736198 0.86207424
 1.12341683 0.9468185  0.8559005  0.6654754 ]",1.7273619833605531,0.8620742360644783,5,18,36,7.619361400604248,1,1124.0,0.0,0.0,777,watts
known,static_conjecture,watts_778,10.42155617685421,"[1.742413516760769, 2.9918245368869782, 1.2250825953427804, 3.141270847400098, 1.1586553447507777, 0.3994819797348491, 2.8778864103142876, 2.192895259818565, 2.821535913375901, 1.42274562171681]",1.742413516760769,0.3994819797348491,"[1.53033274 1.53033274 1.53033274 1.53033274 1.53033274 0.86207424
 1.12341683 0.9468185  0.8559005  0.6654754 ]",1.5303327429149798,0.8620742360644783,5,8,16,2.6531097888946533,1,1207.0,0.0,0.0,778,watts
known,static_conjecture,gnm_779,43.25839620551932,"[2.4525189209876554, 2.3914947573094887, 2.804885423199842, 2.301640609245979, 0.8735898949165569, 1.574408488698328, 2.916698951999948, 2.4040438374821305, 1.5672348904314972, 0.9513873636435741]",2.4525189209876554,1.574408488698328,"[2.29445236 2.29445236 2.29445236 2.29445236 2.29445236 0.86207424
 1.12341683 0.9468185  0.8559005  0.6654754 ]",2.294452357337889,0.8620742360644783,5,15,79,12.55659031867981,1,1048.0,0.0,0.0,779,gnm
known,static_conjecture,regular_780,20.20862033947394,"[2.852592277377935, 1.6794577431943085, 1.6183993555743648, 2.0973882387712686, 2.0879209394734795, 1.1977254732452038, 2.656145045439077, -0.15093769586222266, 1.6117585920600512, 0.26741584137369595]",2.852592277377935,1.1977254732452038,"[1.97142857 1.97142857 1.97142857 1.97142857 1.97142857 0.86207424
 1.12341683 0.9468185  0.8559005  0.6654754 ]",1.971428571428571,0.8620742360644783,5,14,28,9.28028416633606,1,1873.0,0.0,0.0,780,regular
known,static_conjecture,watts_781,10.944081506313887,"[3.0068107007408527, 0.33049208015748854, 0.6947100174891003, 3.018073044187074, 2.3214338438610027, 1.834491161827388, 2.602027060745813, 0.361223596702155, 1.0098001653162525, 0.15130081584428437]",3.0068107007408527,1.834491161827388,"[1.54166667 1.54166667 1.54166667 1.54166667 1.54166667 0.86207424
 1.12341683 0.9468185  0.8559005  0.6654754 ]",1.541666666666667,0.8620742360644783,5,13,13,6.614802122116089,1,2163.0,0.0,0.0,781,watts
known,static_conjecture,watts_782,8.994244040735301,"[1.577359910289744, 1.8991322554847163, 2.53787594464639, 1.802597764814175, 1.4772974296760746, 0.8433322713496914, 1.2798926860100641, 0.8424013356588109, 1.5293189347920495, 0.9295559705561272]",1.577359910289744,0.8433322713496914,"[1.54166667 1.54166667 1.54166667 1.54166667 1.54166667 0.86207424
 1.12341683 0.9468185  0.8559005  0.6654754 ]",1.541666666666667,0.8620742360644783,5,11,11,3.026285171508789,1,1063.0,0.0,0.0,782,watts
known,static_conjecture,barabasi_783,8.460624392788013,"[1.8514035557895894, 1.606806042831757, 1.6075723731260703, 2.020542005006906, 0.9904192770124941, 0.9574723537574432, 2.69735666431641, 2.2689607706076678, 1.2503034539590319, 1.3692235171255382]",1.8514035557895894,0.9574723537574432,"[1.55165289 1.55165289 1.55165289 1.55165289 1.55165289 0.86207424
 1.12341683 0.9468185  0.8559005  0.6654754 ]",1.5516528925619835,0.8620742360644783,5,11,10,4.472316026687622,1,1222.0,0.0,0.0,783,barabasi
known,static_conjecture,gnm_784,15.565629039532503,"[1.724705692655561, 1.6364473869550644, 1.4483148689079304, 1.1534122696402413, 3.141583349952861, 1.6653575031810877, 2.949616569267527, 3.06953585033728, 2.1305701845468192, 1.249860449398302]",1.724705692655561,1.6653575031810877,"[1.90977385 1.90977385 1.90977385 1.90977385 1.90977385 0.86207424
 1.12341683 0.9468185  0.8559005  0.6654754 ]",1.9097738509496882,0.8620742360644783,5,11,24,3.0397050380706787,1,673.0,0.0,0.0,784,gnm
known,static_conjecture,watts_785,11.22956933483593,"[1.7924331821360617, -0.02417198083955957, 1.845405720118365, 2.9777617548898894, 2.251238211395436, 3.004965446328928, 1.8526600159661446, 0.433391866707079, 2.4028402579151824, 1.7513875097372225]",1.7924331821360617,3.004965446328928,"[1.54166667 1.54166667 1.54166667 1.54166667 1.54166667 0.86207424
 1.12341683 0.9468185  0.8559005  0.6654754 ]",1.541666666666667,0.8620742360644783,5,14,14,7.43473219871521,1,1936.0,0.0,0.0,785,watts
known,static_conjecture,regular_786,11.438433599838273,"[2.102682118011065, 2.4487743172437715, 1.805290242950373, 1.562561783878873, 1.7061651496336525, 1.2705015991771973, 2.4069012060124404, 0.6206218217335366, 2.04351475588685, 1.3632655022643672]",2.102682118011065,1.2705015991771973,"[1.64880013 1.64880013 1.64880013 1.64880013 1.64880013 0.86207424
 1.12341683 0.9468185  0.8559005  0.6654754 ]",1.648800131492439,0.8620742360644783,5,13,13,3.3734145164489746,1,986.0,0.0,0.0,786,regular
known,static_conjecture,gnm_787,8.553535915467364,"[1.4478526684464796, 2.8055114730544757, 2.7683696551327888, 1.6788674587998913, 2.0689744335688163, 0.485995923097133, 2.440321601883921, 1.9660340036134105, 2.031517593735029, 0.7091944267107462]",1.4478526684464796,0.485995923097133,"[1.85651061 1.85651061 1.85651061 1.85651061 1.85651061 0.86207424
 1.12341683 0.9468185  0.8559005  0.6654754 ]",1.8565106125091821,0.8620742360644783,5,6,13,3.1692233085632324,1,1399.0,0.0,0.0,787,gnm
known,static_conjecture,watts_788,20.31562571215761,"[1.8542093437752802, 3.0966946138769433, 1.0972858386252033, 2.7545406800615932, 2.0858155736376305, 1.6996651997749481, 2.8562792233604153, 1.991368710011868, 1.7873110010117421, -0.11671042250005463]",1.8542093437752802,1.6996651997749481,"[1.54166667 1.54166667 1.54166667 1.54166667 1.54166667 0.86207424
 1.12341683 0.9468185  0.8559005  0.6654754 ]",1.541666666666667,0.8620742360644783,5,15,30,10.27512502670288,1,1836.0,0.0,0.0,788,watts
known,static_conjecture,gnm_789,47.53963346941318,"[2.3056138637403096, 2.3722034563672416, 2.536866690164596, 2.3493221890190727, 2.3115265973569286, 1.0230769383815224, 1.4672895385125928, 1.240428273578591, 1.0559666103076952, 0.7637065796778615]",2.3056138637403096,1.0230769383815224,"[2.29228309 2.29228309 2.29228309 2.29228309 2.29228309 0.86207424
 1.12341683 0.9468185  0.8559005  0.6654754 ]",2.292283092978221,0.8620742360644783,5,18,95,8.886505842208862,1,489.0,0.0,0.0,789,gnm
known,static_conjecture,barabasi_790,6.501570352976184,"[2.8903164697685675, 2.6642967300113805, 2.649633312931026, 2.6210767422341252, 3.1415543256307528, 0.5543583731435646, 1.9788118386886095, 1.8407997062997903, 1.2506736495860857, 2.0728340556031295]",2.8903164697685675,0.5543583731435646,"[2.28139837 2.28139837 2.28139837 2.28139837 2.28139837 0.86207424
 1.12341683 0.9468185  0.8559005  0.6654754 ]",2.281398371365477,0.8620742360644783,5,8,7,3.198939800262451,1,3531.0,0.0,0.0,790,barabasi
known,static_conjecture,gnm_791,12.701252320053754,"[2.2384645392465563, 1.7823388425609097, 1.998718235326956, 1.8340266942409946, 1.577713243883016, 1.2142642203525005, 2.2004266225358475, 1.8453988664459937, 1.5677855277237522, 1.2673575822614391]",2.2384645392465563,1.2142642203525005,"[1.85651061 1.85651061 1.85651061 1.85651061 1.85651061 0.86207424
 1.12341683 0.9468185  0.8559005  0.6654754 ]",1.8565106125091821,0.8620742360644783,5,8,24,3.217346668243408,1,894.0,0.0,0.0,791,gnm
known,static_conjecture,barabasi_792,15.542191915220618,"[2.9052507253834667, 2.282943305390991, 3.141071612434356, 1.689828588197571, 1.7787764388950416, 1.953108579701216, 1.855549751410566, 1.4630655228714513, 1.3903935407773622, 0.16988509496008067]",2.9052507253834667,1.953108579701216,"[1.92736296 1.92736296 1.92736296 1.92736296 1.92736296 0.86207424
 1.12341683 0.9468185  0.8559005  0.6654754 ]",1.9273629648283386,0.8620742360644783,5,19,18,4.6616222858428955,1,1217.0,0.0,0.0,792,barabasi
known,static_conjecture,watts_793,16.569038332509738,"[2.288554533936522, 0.5851430900092597, 2.078656476739944, 1.7679193811999416, 1.9582175515766496, -0.1308672046118438, 2.0403443545515216, 1.5839680910334701, 1.5056771676940812, 0.22198055197211763]",2.288554533936522,-0.1308672046118438,"[1.57079633 1.57079633 1.57079633 1.57079633 1.57079633 0.86207424
 1.12341683 0.9468185  0.8559005  0.6654754 ]",1.5707963267948966,0.8620742360644783,5,20,20,4.576240301132202,1,883.0,0.0,0.0,793,watts
known,static_conjecture,gnm_794,88.92686762090142,"[2.5663358800552736, 2.7567724704069896, 2.5168098501440817, 3.090839708091013, 2.525685171417413, -0.16504726323883767, 3.140319270208563, 3.107413171449176, 2.4075246049333243, 1.6123422894090198]",2.5663358800552736,-0.16504726323883767,"[2.61906715 2.61906715 2.61906715 2.61906715 2.61906715 0.86207424
 1.12341683 0.9468185  0.8559005  0.6654754 ]",2.619067152653186,0.8620742360644783,5,20,173,24.52333950996399,1,578.0,0.0,0.0,794,gnm
known,static_conjecture,gnm_795,63.60690787820364,"[3.0692936706221476, 2.37120537284949, 2.2512662294643078, 2.289105891625193, 2.3138226157247015, 0.8906917749284764, 1.566996078486525, 0.8637565092184334, 1.5737007113192518, 0.2782787114051656]",3.0692936706221476,0.8906917749284764,"[2.30874369 2.30874369 2.30874369 2.30874369 2.30874369 0.86207424
 1.12341683 0.9468185  0.8559005  0.6654754 ]",2.3087436857558448,0.8620742360644783,5,20,113,25.30399799346924,1,901.0,0.0,0.0,795,gnm
known,static_conjecture,gnm_796,10.525841972797934,"[1.692279406665482, 1.998617334894206, 2.0408614666553513, 2.0940516538034535, 1.7202374005745804, 1.1423645746917535, 2.145166408706671, 1.908017148342418, 1.9019075725218078, 0.6215477674109906]",1.692279406665482,1.1423645746917535,"[1.82079633 1.82079633 1.82079633 1.82079633 1.82079633 0.86207424
 1.12341683 0.9468185  0.8559005  0.6654754 ]",1.8207963267948966,0.8620742360644783,5,7,18,1.303093671798706,1,1176.0,0.0,0.0,796,gnm
known,static_conjecture,barabasi_797,14.67272708526665,"[1.6406239975562005, 2.8449693747275733, 2.0761602554104357, 1.8141302811310682, 1.2018825152830046, 1.024006130564493, 1.6201048188660558, 1.0133302218354268, 1.3540736849745076, 0.24383147595513804]",1.6406239975562005,1.024006130564493,"[1.57217708 1.57217708 1.57217708 1.57217708 1.57217708 0.86207424
 1.12341683 0.9468185  0.8559005  0.6654754 ]",1.57217708495904,0.8620742360644783,5,13,22,5.583160161972046,1,1462.0,0.0,0.0,797,barabasi
known,static_conjecture,gnm_798,27.705904198618768,"[2.9922192153312293, 2.944734823131464, 2.207990603388607, 2.3046788987222873, 2.293775428865973, 0.7594571676633464, 2.872948372310721, 2.72705855385561, 2.3513561250798487, 0.926990205934493]",2.9922192153312293,0.7594571676633464,"[2.25367887 2.25367887 2.25367887 2.25367887 2.25367887 0.86207424
 1.12341683 0.9468185  0.8559005  0.6654754 ]",2.253678865727479,0.8620742360644783,5,13,55,6.985392808914185,1,637.0,0.0,0.0,798,gnm
known,static_conjecture,gnm_799,44.10406660918479,"[2.315889700870759, 2.4312864250300117, 2.939259331130107, 2.3649924671717075, 3.0440490454588742, 0.8677979288258881, 2.6767680915684187, 2.5102919734121043, 2.1826611367621043, 0.5082763509566252]",2.315889700870759,0.8677979288258881,"[2.38716519 2.38716519 2.38716519 2.38716519 2.38716519 0.86207424
 1.12341683 0.9468185  0.8559005  0.6654754 ]",2.3871651931384124,0.8620742360644783,5,16,88,9.709322452545166,1,530.0,0.0,0.0,799,gnm
known,static_conjecture,regular_800,9.522716676856362,"[1.2165818713773926, 2.2340876487877104, 2.133706084924606, 3.0148741281535516, 0.6195537774103256, 1.4553361621328589, 2.6622510320884127, 1.0380342349259917, 2.5430643783318208, 0.24176502575187853]",1.2165818713773926,1.4553361621328589,"[1.55020243 1.55020243 1.55020243 1.55020243 1.55020243 0.86207424
 1.12341683 0.9468185  0.8559005  0.6654754 ]",1.5502024291497978,0.8620742360644783,5,8,12,8.664620399475098,1,2169.0,0.0,0.0,800,regular
known,static_conjecture,watts_801,22.26311428102241,"[2.831511474887407, 1.6852559682311363, 1.3502014363781516, 1.5817223943119887, 1.6311080341503343, -0.26584746732365555, 2.4530216485627387, 1.0583111045633244, 2.1814612192129754, 1.2140256771846394]",2.831511474887407,-0.26584746732365555,"[1.58500087 1.58500087 1.58500087 1.58500087 1.58500087 0.86207424
 1.12341683 0.9468185  0.8559005  0.6654754 ]",1.585000872249442,0.8620742360644783,5,16,32,9.070673942565918,1,1291.0,0.0,0.0,801,watts
known,static_conjecture,watts_802,6.000010775487291,"[1.8735349332340998, -0.37638028619859604, 3.0638891818133223, 2.255717224148614, 1.2744645759263484, 0.3412989597188763, 2.6696545974062404, 0.9963102149391232, 2.168600124724791, 0.7481214923792594]",1.8735349332340998,0.3412989597188763,"[1.48238815 1.48238815 1.48238815 1.48238815 1.48238815 0.86207424
 1.12341683 0.9468185  0.8559005  0.6654754 ]",1.482388147566719,0.8620742360644783,5,7,7,3.8763701915740967,1,1157.0,0.0,0.0,802,watts
known,static_conjecture,gnm_803,21.495559203755953,"[2.353247367760006, 2.2557609298289316, 2.8151006433495995, 2.3088014661741223, 2.631054310926853, 0.8487393190372384, 2.2953354167834386, 2.082518875321873, 1.954077536614514, 0.9218038154851305]",2.353247367760006,0.8487393190372384,"[2.27224229 2.27224229 2.27224229 2.27224229 2.27224229 0.86207424
 1.12341683 0.9468185  0.8559005  0.6654754 ]",2.2722422869338454,0.8620742360644783,5,11,42,8.056722164154053,1,858.0,0.0,0.0,803,gnm
known,static_conjecture,regular_804,16.318058062282503,"[1.1766675248654734, 2.2197448451119435, 2.464390391488349, 2.7369528688440012, 2.1270430239110873, 1.4698726866277334, 2.686694169148012, 1.5519446400555341, 1.8835352714830362, 1.3902732282753112]",1.1766675248654734,1.4698726866277334,"[2.09196429 2.09196429 2.09196429 2.09196429 2.09196429 0.86207424
 1.12341683 0.9468185  0.8559005  0.6654754 ]",2.091964285714286,0.8620742360644783,5,14,21,12.969887971878052,1,2301.0,0.0,0.0,804,regular
known,static_conjecture,gnm_805,11.835949769127183,"[2.1422579546283727, 2.647222766476756, 1.7495094684675316, 2.3141670755943498, 1.678017603888736, 0.6410137686513082, 0.9674803278207197, 0.9260497012807194, 0.7406064426176941, 0.6163401687162005]",2.1422579546283727,0.6410137686513082,"[1.82079633 1.82079633 1.82079633 1.82079633 1.82079633 0.86207424
 1.12341683 0.9468185  0.8559005  0.6654754 ]",1.8207963267948966,0.8620742360644783,5,7,20,5.8559346199035645,1,1179.0,0.0,0.0,805,gnm
known,static_conjecture,barabasi_806,12.025777888973662,"[1.599315268538438, -0.04984000947800369, 1.8577240294639976, 2.3842703095862934, 1.3454266395531043, 1.116147642356125, 2.7574280620233766, 1.2312264773875508, 1.7882964639816161, 1.3589250588037811]",1.599315268538438,1.116147642356125,"[1.55555556 1.55555556 1.55555556 1.55555556 1.55555556 0.86207424
 1.12341683 0.9468185  0.8559005  0.6654754 ]",1.5555555555555556,0.8620742360644783,5,15,14,3.853374481201172,1,1150.0,0.0,0.0,806,barabasi
known,static_conjecture,gnm_807,45.76738068743097,"[2.368329506667112, 2.3184222395049967, 2.393478393238718, 2.5294261951541706, 2.4907970061528495, 0.7846253610264183, 1.5717330210313696, 0.7886739833822177, 1.1423509724118914, 1.5702582041287148]",2.368329506667112,0.7846253610264183,"[2.31357069 2.31357069 2.31357069 2.31357069 2.31357069 0.86207424
 1.12341683 0.9468185  0.8559005  0.6654754 ]",2.3135706884692957,0.8620742360644783,5,17,86,12.04420018196106,1,673.0,0.0,0.0,807,gnm
known,static_conjecture,regular_808,11.840348743494783,"[1.9589472878738525, 2.3145096038141206, 1.0971310791681192, 1.769962834042012, 2.2047262512044288, 1.2049048808117906, 2.61059539549517, 0.5682168323339002, 2.6817605470271184, 0.7089400143788395]",1.9589472878738525,1.2049048808117906,"[1.64880013 1.64880013 1.64880013 1.64880013 1.64880013 0.86207424
 1.12341683 0.9468185  0.8559005  0.6654754 ]",1.648800131492439,0.8620742360644783,5,13,13,4.331000328063965,1,1875.0,0.0,0.0,808,regular
known,static_conjecture,watts_809,9.322894282570815,"[2.9831818672231805, 2.659778556315577, 1.6468725547099776, 1.6360710118535797, 1.5868291699167227, 1.9782673524232057, 2.6713813807785156, 2.369922081093544, 2.2873093182323188, 0.760085288963895]",2.9831818672231805,1.9782673524232057,"[1.76771255 1.76771255 1.76771255 1.76771255 1.76771255 0.86207424
 1.12341683 0.9468185  0.8559005  0.6654754 ]",1.7677125506072873,0.8620742360644783,5,7,14,3.821605682373047,1,1468.0,0.0,0.0,809,watts
known,static_conjecture,gnm_810,23.861111678982,"[2.235460086877273, 2.3442972686798584, 2.1971321025429997, 2.4127554950614334, 2.289050097432882, 0.9281539671770158, 2.7946026180579726, 1.011273556967144, 2.4724903777203204, 0.7041247407581357]",2.235460086877273,0.9281539671770158,"[2.30347134 2.30347134 2.30347134 2.30347134 2.30347134 0.86207424
 1.12341683 0.9468185  0.8559005  0.6654754 ]",2.303471340065699,0.8620742360644783,5,12,47,5.913233041763306,1,758.0,0.0,0.0,810,gnm
known,static_conjecture,barabasi_811,14.446953321831135,"[1.928691647909781, 2.066074596752879, 1.7402125490181262, 2.8585291078454853, 1.716435780899551, 0.17501514851401678, 2.6745665432913066, 1.818361385735747, 1.7977470458356941, 0.3614183612296284]",1.928691647909781,0.17501514851401678,"[1.92991957 1.92991957 1.92991957 1.92991957 1.92991957 0.86207424
 1.12341683 0.9468185  0.8559005  0.6654754 ]",1.9299195660306772,0.8620742360644783,5,18,17,7.657233238220215,1,2056.0,0.0,0.0,811,barabasi
known,static_conjecture,barabasi_812,13.905375809403917,"[1.8879258482763754, 2.6868773743259835, 1.9627167831529289, 2.553853499824662, 1.56538730562308, 1.57761727053198, 1.784287305928205, 2.91969432370992, 1.8277548115337523, 1.4652511500120529]",1.8879258482763754,1.57761727053198,"[1.64481309 1.64481309 1.64481309 1.64481309 1.64481309 0.86207424
 1.12341683 0.9468185  0.8559005  0.6654754 ]",1.6448130909283794,0.8620742360644783,5,12,20,5.175917387008667,1,1540.0,0.0,0.0,812,barabasi
known,static_conjecture,barabasi_813,6.500030240088054,"[2.2813500688745307, 1.6454795995345493, 1.5692247670422117, 2.3237704644968007, 3.140042615096129, 1.5585825458513494, 2.7490560938881208, 1.9747194933444758, 1.769295177703405, 1.3720947906184624]",2.2813500688745307,1.5585825458513494,"[2.18324468 2.18324468 2.18324468 2.18324468 2.18324468 0.86207424
 1.12341683 0.9468185  0.8559005  0.6654754 ]",2.183244677593048,0.8620742360644783,5,8,7,1.812330961227417,1,651.0,0.0,0.0,813,barabasi
known,static_conjecture,gnm_814,24.784010020607184,"[2.360836618329121, 2.3954384223717957, 2.366724551564751, 2.1838485209959764, 2.767122755020308, 0.9028978385268747, 1.7918211518908889, 1.297385160558542, 1.6545283673391515, 0.772755942204908]",2.360836618329121,0.9028978385268747,"[2.38123631 2.38123631 2.38123631 2.38123631 2.38123631 0.86207424
 1.12341683 0.9468185  0.8559005  0.6654754 ]",2.381236305024966,0.8620742360644783,5,11,48,7.543353319168091,1,1137.0,0.0,0.0,814,gnm
known,static_conjecture,barabasi_815,14.09101450050315,"[1.545536637891827, 2.836038864575369, 1.566924139031542, 2.906662835328162, 1.5893976352988841, 0.9801225285968758, 2.458259876101551, 1.0471897288429717, 2.4718058954316975, 0.8179393428247668]",1.545536637891827,0.9801225285968758,"[1.54148586 1.54148586 1.54148586 1.54148586 1.54148586 0.86207424
 1.12341683 0.9468185  0.8559005  0.6654754 ]",1.5414858645627878,0.8620742360644783,5,13,22,4.346281051635742,1,1020.0,0.0,0.0,815,barabasi
known,static_conjecture,regular_816,17.45803239853486,"[2.944814662850545, 1.9535181813575517, 3.140952646613685, 1.8926827129020865, 1.9638025363134377, 0.11252446866325036, 2.882701452421992, 2.9628445595579604, 2.7984086098140453, 1.3850951118622215]",2.944814662850545,0.11252446866325036,"[1.97142857 1.97142857 1.97142857 1.97142857 1.97142857 0.86207424
 1.12341683 0.9468185  0.8559005  0.6654754 ]",1.971428571428571,0.8620742360644783,5,12,24,7.691802978515625,1,1681.0,0.0,0.0,816,regular
known,static_conjecture,watts_817,16.451304491271294,"[2.872137717345309, 2.640317989490534, 0.9804544616911555, 1.6303564436487843, 1.5081722201641976, 2.195776971636398, 2.0624643259958475, 0.9439588493674576, 1.8364551963065514, 0.6244241774020063]",2.872137717345309,2.195776971636398,"[1.57079633 1.57079633 1.57079633 1.57079633 1.57079633 0.86207424
 1.12341683 0.9468185  0.8559005  0.6654754 ]",1.5707963267948966,0.8620742360644783,5,19,19,4.4617908000946045,1,1044.0,0.0,0.0,817,watts
known,static_conjecture,gnm_818,13.080610679950496,"[1.2928145721673312, 2.935393532382866, 2.1954368307171235, 0.39384834234730143, 3.0939808280740384, 1.6047006291507124, 3.140286267069428, 1.1909990605292466, 2.2037467647171614, 0.6895111680225565]",1.2928145721673312,1.6047006291507124,"[1.85651061 1.85651061 1.85651061 1.85651061 1.85651061 0.86207424
 1.12341683 0.9468185  0.8559005  0.6654754 ]",1.8565106125091821,0.8620742360644783,5,8,21,2.214282512664795,1,896.0,0.0,0.0,818,gnm
known,static_conjecture,watts_819,6.000005401679248,"[2.9230725549212253, 2.9247420897518266, 2.2510839850898843, 2.212148105857789, 2.1637841478916062, 1.343809665817511, 1.2488483743375804, 0.9280572525636697, 0.9373450702246671, 0.6938145930135571]",2.9230725549212253,1.343809665817511,"[1.46995192 1.46995192 1.46995192 1.46995192 1.46995192 0.86207424
 1.12341683 0.9468185  0.8559005  0.6654754 ]",1.4699519230769231,0.8620742360644783,5,6,6,0.5297794342041016,1,477.0,0.0,0.0,819,watts
known,static_conjecture,watts_820,10.64502759055227,"[1.7952960707063, 1.6168148038356556, 0.4784332054482377, 3.141540939152349, 0.5311048837078223, 1.4885724801788067, 2.557405709349589, 1.2713696869669866, 1.4211619771941355, 1.3306036734400526]",1.7952960707063,1.4885724801788067,"[1.54166667 1.54166667 1.54166667 1.54166667 1.54166667 0.86207424
 1.12341683 0.9468185  0.8559005  0.6654754 ]",1.541666666666667,0.8620742360644783,5,12,12,5.2350709438323975,1,2223.0,0.0,0.0,820,watts
known,static_conjecture,barabasi_821,7.920865346307308,"[2.574386813845351, 0.8263073639523866, 2.5525790141175504, 2.4445906071084087, 1.9040395786571587, 1.6869278844039288, 2.8540784081205373, 1.7760716843476547, 1.6637914625464372, 1.4069839998622864]",2.574386813845351,1.6869278844039288,"[2.1846071  2.1846071  2.1846071  2.1846071  2.1846071  0.86207424
 1.12341683 0.9468185  0.8559005  0.6654754 ]",2.184607103422893,0.8620742360644783,5,10,9,1.1040666103363037,1,626.0,0.0,0.0,821,barabasi
known,static_conjecture,watts_822,13.02265150516573,"[2.7305492864404757, 0.7628889712860578, 2.3316409350005736, 1.7715745469272197, 1.518201644970815, 0.12867224752954043, 1.3679895949699916, 0.9877206596182215, 1.5181212317300008, 0.7465266925973009]",2.7305492864404757,0.12867224752954043,"[1.57079633 1.57079633 1.57079633 1.57079633 1.57079633 0.86207424
 1.12341683 0.9468185  0.8559005  0.6654754 ]",1.5707963267948966,0.8620742360644783,5,16,16,4.915486097335815,1,1406.0,0.0,0.0,822,watts
known,static_conjecture,gnm_823,39.0054933249495,"[2.991344316800935, 2.3235023507457946, 2.5972743686007385, 1.7678336157730081, 2.3648820230473335, 0.16179526040329234, 3.1352984440747202, 3.0816150641308626, 1.3220388220337436, 0.009379800183720668]",2.991344316800935,0.16179526040329234,"[2.24801501 2.24801501 2.24801501 2.24801501 2.24801501 0.86207424
 1.12341683 0.9468185  0.8559005  0.6654754 ]",2.2480150135712176,0.8620742360644783,5,17,65,7.683104991912842,1,686.0,0.0,0.0,823,gnm
known,static_conjecture,gnm_824,18.227541105541466,"[2.869507849105612, 2.730912469471483, 2.0533429055444135, 2.120183803077019, 1.5770840133462614, 1.1334508240854362, 3.1414129130928656, 2.3716833714581917, 2.372671391269103, 0.816856951927168]",2.869507849105612,1.1334508240854362,"[2.07036961 2.07036961 2.07036961 2.07036961 2.07036961 0.86207424
 1.12341683 0.9468185  0.8559005  0.6654754 ]",2.070369607957143,0.8620742360644783,5,12,29,3.801593542098999,1,700.0,0.0,0.0,824,gnm
known,static_conjecture,barabasi_825,7.578510686922176,"[2.80039931591452, 2.233733634641704, 1.8489413462598465, 2.574249631823718, 1.892045199823511, 1.853521940120166, 1.96729399836, 1.3273861591139924, 1.5354312813149562, 1.3241463845310082]",2.80039931591452,1.853521940120166,"[2.28139837 2.28139837 2.28139837 2.28139837 2.28139837 0.86207424
 1.12341683 0.9468185  0.8559005  0.6654754 ]",2.281398371365477,0.8620742360644783,5,10,9,4.052290678024292,1,1296.0,0.0,0.0,825,barabasi
known,static_conjecture,gnm_826,41.452584173811154,"[2.9131575015146143, 2.723382273211348, 2.6166683950900778, 1.8862061610359737, 2.260581187934839, 1.1677540394451302, 1.572513837529352, 1.5688732926792472, 1.5707654752204456, 0.7610328650911129]",2.9131575015146143,1.1677540394451302,"[2.24667197 2.24667197 2.24667197 2.24667197 2.24667197 0.86207424
 1.12341683 0.9468185  0.8559005  0.6654754 ]",2.2466719698925104,0.8620742360644783,5,18,68,11.53993821144104,1,911.0,0.0,0.0,826,gnm
known,static_conjecture,gnm_827,26.55552276791546,"[2.9327177691388506, 2.2575970145841846, 2.0916199145476844, 2.184630964822265, 2.5223666083364313, 1.046813521761314, 1.604905798194161, 0.869016075336194, 1.5728064210667063, 0.5800189697336235]",2.9327177691388506,1.046813521761314,"[2.15055161 2.15055161 2.15055161 2.15055161 2.15055161 0.86207424
 1.12341683 0.9468185  0.8559005  0.6654754 ]",2.1505516067217916,0.8620742360644783,5,13,51,4.765113353729248,1,767.0,0.0,0.0,827,gnm
known,static_conjecture,watts_828,7.59567795584735,"[1.879144971011788, 2.8700465606534222, 1.6832303810268765, 2.8692490061534457, 0.87610430030368, 1.4763905694045227, 3.141316135151232, 2.711537680616531, 1.6631937341826792, 1.3960166896006931]",1.879144971011788,1.4763905694045227,"[1.63924033 1.63924033 1.63924033 1.63924033 1.63924033 0.86207424
 1.12341683 0.9468185  0.8559005  0.6654754 ]",1.6392403283850654,0.8620742360644783,5,6,12,1.8648912906646729,1,964.0,0.0,0.0,828,watts
known,static_conjecture,watts_829,8.687765745502762,"[1.5395100157592283, 0.387686242428684, 1.6485787926768263, 3.120677624026109, 1.6149945706419715, 1.7682311023813635, 2.2786151423716117, 1.373062527225433, 1.3936704021448911, 0.8469428814311122]",1.5395100157592283,1.7682311023813635,"[1.54166667 1.54166667 1.54166667 1.54166667 1.54166667 0.86207424
 1.12341683 0.9468185  0.8559005  0.6654754 ]",1.541666666666667,0.8620742360644783,5,12,12,1.6215336322784424,1,550.0,0.0,0.0,829,watts
known,static_conjecture,barabasi_830,15.057456907417821,"[2.605406894990155, 2.226678376993781, 1.1236029898034148, 1.7951977361646145, 2.138333256694605, 1.6881667909670746, 1.8103731237692002, 1.7842425824749655, 1.5198463589466575, 1.3473359750038676]",2.605406894990155,1.6881667909670746,"[1.92364268 1.92364268 1.92364268 1.92364268 1.92364268 0.86207424
 1.12341683 0.9468185  0.8559005  0.6654754 ]",1.9236426767676766,0.8620742360644783,5,20,19,4.868761777877808,1,863.0,0.0,0.0,830,barabasi
known,static_conjecture,gnm_831,43.974978146798215,"[2.3856453740284342, 2.4667823315924218, 2.246406327512098, 2.531811360183653, 2.4272546657473173, 0.788031485875209, 1.5749033025904247, 0.7884972805274482, 1.044715767136501, 1.5591265316210872]",2.3856453740284342,0.788031485875209,"[2.32870044 2.32870044 2.32870044 2.32870044 2.32870044 0.86207424
 1.12341683 0.9468185  0.8559005  0.6654754 ]",2.328700441924538,0.8620742360644783,5,15,83,11.093748569488525,1,745.0,0.0,0.0,831,gnm
known,static_conjecture,regular_832,14.3231972972537,"[2.9841192357424666, 3.004889402207377, 2.909113357248906, 1.6343546766950925, 2.662797387955477, 0.4868732599194562, 3.1412085971629478, 2.5916862026421104, 0.9465542952054927, 0.17865440647875658]",2.9841192357424666,0.4868732599194562,"[1.         1.         1.         1.         1.         0.86207424
 1.12341683 0.9468185  0.8559005  0.6654754 ]",1.0,0.8620742360644783,5,10,20,7.386282920837402,1,2139.0,0.0,0.0,832,regular
known,static_conjecture,barabasi_833,16.90655143703902,"[1.4353497236615387, 3.1415749617478848, 1.3373267338627601, 3.1414546484935295, 1.5832608052751898, 1.2481454739402602, 3.024417978386096, 2.746394762369075, 2.3166756842657428, 0.3330871725615385]",1.4353497236615387,1.2481454739402602,"[1.54933333 1.54933333 1.54933333 1.54933333 1.54933333 0.86207424
 1.12341683 0.9468185  0.8559005  0.6654754 ]",1.5493333333333335,0.8620742360644783,5,15,26,3.2248170375823975,1,884.0,0.0,0.0,833,barabasi
known,static_conjecture,watts_834,16.558540846543984,"[0.3857903395151244, 1.075961730511409, 1.9143075650406551, 1.1649266979905533, 2.5607207026062593, 0.3675706624540983, 3.056520921557347, 2.277780603219329, 1.4585120592239558, 1.3727874828812445]",0.3857903395151244,0.3675706624540983,"[1.57079633 1.57079633 1.57079633 1.57079633 1.57079633 0.86207424
 1.12341683 0.9468185  0.8559005  0.6654754 ]",1.5707963267948966,0.8620742360644783,5,20,20,9.810465574264526,1,1759.0,0.0,0.0,834,watts
known,static_conjecture,watts_835,12.034047501188416,"[3.140876340393868, 0.49645137884847745, -0.24567256711648314, 3.1268005275232986, 0.7548749605688949, 3.1414228009891696, 1.9503678706050884, 1.7212396873688094, 2.000127477445189, 1.2649926686620614]",3.140876340393868,3.1414228009891696,"[1.54166667 1.54166667 1.54166667 1.54166667 1.54166667 0.86207424
 1.12341683 0.9468185  0.8559005  0.6654754 ]",1.541666666666667,0.8620742360644783,5,14,14,6.004396438598633,1,2334.0,0.0,0.0,835,watts
known,static_conjecture,gnm_836,33.50291582562293,"[3.023905073541401, 2.952743300396514, 2.9120563326064635, 2.8079218773285186, 2.2058966809227702, 0.7279961376158904, 1.9365498108205037, 1.5455419492427613, 1.5273039491165366, 0.8034061182349044]",3.023905073541401,0.7279961376158904,"[2.35364527 2.35364527 2.35364527 2.35364527 2.35364527 0.86207424
 1.12341683 0.9468185  0.8559005  0.6654754 ]",2.353645271514954,0.8620742360644783,5,12,57,10.751672983169556,1,1250.0,0.0,0.0,836,gnm
known,static_conjecture,gnm_837,13.568482821226354,"[2.0597870907937392, 2.2165950711741718, 2.0937971323059186, 2.168287305299269, 2.0659014988521207, 1.1722492318178481, 2.3460812488927623, 2.1658361471662317, 2.175396705201126, 0.5213290232716992]",2.0597870907937392,1.1722492318178481,"[2.1422249  2.1422249  2.1422249  2.1422249  2.1422249  0.86207424
 1.12341683 0.9468185  0.8559005  0.6654754 ]",2.1422248982234677,0.8620742360644783,5,10,26,3.470093250274658,1,823.0,0.0,0.0,837,gnm
known,static_conjecture,barabasi_838,24.778501055817703,"[1.677346375188298, 1.2859860550420141, 1.6187351587919965, 2.6662459613173626, 1.6262995776656117, 1.3310311196673184, 2.0486340952291817, 1.384268564005532, 1.508785896156251, 0.27289751342981217]",1.677346375188298,1.3310311196673184,"[1.561875   1.561875   1.561875   1.561875   1.561875   0.86207424
 1.12341683 0.9468185  0.8559005  0.6654754 ]",1.5618750000000001,0.8620742360644783,5,20,36,11.035138607025146,1,1280.0,0.0,0.0,838,barabasi
known,static_conjecture,gnm_839,5.32764766964101,"[2.93545658221666, 2.288313357788521, 0.6888961136837988, 2.4362272340475215, 1.776272762943225, 1.3885819213702768, 1.6912917073246616, 1.1479423372787982, 2.084929859366352, 0.7903647244543581]",2.93545658221666,1.3885819213702768,"[1.78519119 1.78519119 1.78519119 1.78519119 1.78519119 0.86207424
 1.12341683 0.9468185  0.8559005  0.6654754 ]",1.7851911872545445,0.8620742360644783,5,7,6,2.000960111618042,1,1866.0,0.0,0.0,839,gnm
known,static_conjecture,gnm_840,13.183296027408703,"[1.68416909182659, 1.8697698359820105, 2.0293851267072656, 1.6668891542703386, 1.5015898587741938, 1.038365519803196, 1.1388444230972594, 1.0450777296304254, 1.304210043827619, 0.5418410692186946]",1.68416909182659,1.038365519803196,"[1.47474891 1.47474891 1.47474891 1.47474891 1.47474891 0.86207424
 1.12341683 0.9468185  0.8559005  0.6654754 ]",1.4747489099968858,0.8620742360644783,5,13,17,5.049388408660889,1,1422.0,0.0,0.0,840,gnm
known,static_conjecture,gnm_841,32.209951350319386,"[2.3484640304899753, 2.363302487221045, 2.39688862136874, 2.503924642842463, 2.3765355159762507, 0.9317108481211479, 2.4775626243345816, 0.7357602966496273, 2.239346643152705, 0.9407366018697216]",2.3484640304899753,0.9317108481211479,"[2.39631563 2.39631563 2.39631563 2.39631563 2.39631563 0.86207424
 1.12341683 0.9468185  0.8559005  0.6654754 ]",2.3963156252958497,0.8620742360644783,5,12,62,7.684366703033447,1,794.0,0.0,0.0,841,gnm
known,static_conjecture,regular_842,18.277485084546157,"[2.702076970694499, 1.7702302539677162, 1.6480692512809347, 2.084195642924981, 1.4896633138421234, 1.536873517792648, 2.774622023880778, 2.271416289587565, 2.1371576472763074, 0.7870697918915817]",2.702076970694499,1.536873517792648,"[1.97142857 1.97142857 1.97142857 1.97142857 1.97142857 0.86207424
 1.12341683 0.9468185  0.8559005  0.6654754 ]",1.971428571428571,0.8620742360644783,5,13,26,79.67438697814941,1,880.0,0.0,0.0,842,regular
known,static_conjecture,barabasi_843,5.474578139937876,"[2.803690297395101, 2.654614217672748, 3.0799470110550176, 2.590070838460803, 2.1124043822738194, 2.0254125330630277, 1.6002649075920712, 1.842176360120398, 1.7598431276824196, 1.4741133061838312]",2.803690297395101,2.0254125330630277,"[2.23017809 2.23017809 2.23017809 2.23017809 2.23017809 0.86207424
 1.12341683 0.9468185  0.8559005  0.6654754 ]",2.230178092584108,0.8620742360644783,5,7,6,2.86881160736084,1,1128.0,0.0,0.0,843,barabasi
known,static_conjecture,regular_844,22.31506573989344,"[1.9815026921914014, 2.5104735325255523, 2.7818544405025376, 3.0251667087969967, 2.7436875892075654, 0.07996859545196798, 2.587081281744908, 1.231645261914088, 1.4124898226778146, 1.3362015362552757]",1.9815026921914014,0.07996859545196798,"[3.14159265 3.14159265 3.14159265 3.14159265 3.14159265 0.86207424
 1.12341683 0.9468185  0.8559005  0.6654754 ]",3.141592653589793,0.8620742360644783,5,18,27,9.241211891174316,1,1373.0,0.0,0.0,844,regular
known,static_conjecture,regular_845,19.281750462360883,"[2.90332811305146, 2.0801896868422847, 2.5793726666230015, 1.7682141530968407, 1.8458710324698377, 1.6400551485194397, 1.4192485403729518, 1.251184869822632, 0.6543166061822516, -0.25568069810179084]",2.90332811305146,1.6400551485194397,"[1.97142857 1.97142857 1.97142857 1.97142857 1.97142857 0.86207424
 1.12341683 0.9468185  0.8559005  0.6654754 ]",1.971428571428571,0.8620742360644783,5,13,26,8.511605501174927,1,1179.0,0.0,0.0,845,regular
known,static_conjecture,watts_846,7.999986775427714,"[2.746623959505332, 2.5044309467528114, 2.5039221154352855, 2.408705734197664, 2.4672412507552006, 0.6718645881587372, 2.147359853600779, 0.9062265649982861, 1.7764468013265042, 1.0299607248552982]",2.746623959505332,0.6718645881587372,"[1.46995192 1.46995192 1.46995192 1.46995192 1.46995192 0.86207424
 1.12341683 0.9468185  0.8559005  0.6654754 ]",1.4699519230769231,0.8620742360644783,5,8,8,0.9355649948120117,1,447.0,0.0,0.0,846,watts
known,static_conjecture,watts_847,8.657436618055362,"[1.2516385317503267, 1.5214966578974451, 1.5042721168830129, 2.3683605104926726, 1.7030154104059219, 0.5625675123255104, 2.0922603393830803, 0.7796729407688008, 1.4322462200631112, 0.2380314900078561]",1.2516385317503267,0.5625675123255104,"[1.54166667 1.54166667 1.54166667 1.54166667 1.54166667 0.86207424
 1.12341683 0.9468185  0.8559005  0.6654754 ]",1.541666666666667,0.8620742360644783,5,11,11,4.77713680267334,1,1132.0,0.0,0.0,847,watts
known,static_conjecture,watts_848,10.400547150166858,"[1.585640547748329, 1.9524392348826392, 2.9432694604337475, 2.6880504568681336, 0.8438400611908572, 0.22643409477906484, 3.141588690049428, 2.7231526183110475, 1.5560815328917392, 1.329792742280918]",1.585640547748329,0.22643409477906484,"[1.8668712  1.8668712  1.8668712  1.8668712  1.8668712  0.86207424
 1.12341683 0.9468185  0.8559005  0.6654754 ]",1.8668712044534415,0.8620742360644783,5,8,16,2.9592554569244385,1,948.0,0.0,0.0,848,watts
known,static_conjecture,barabasi_849,9.076467722167283,"[1.7740933823925804, 1.1835294963373708, 2.578734700424536, 1.5368716073229578, 1.628758101090845, 1.136322222091935, 1.8206831136664339, 1.0267816943986428, 1.2475386591093807, 0.9064823322241136]",1.7740933823925804,1.136322222091935,"[1.55371901 1.55371901 1.55371901 1.55371901 1.55371901 0.86207424
 1.12341683 0.9468185  0.8559005  0.6654754 ]",1.5537190082644627,0.8620742360644783,5,11,10,5.288479804992676,1,1996.0,0.0,0.0,849,barabasi
known,static_conjecture,watts_850,8.461179533037086,"[1.5567566255664949, 1.2488605031449684, 1.7600612937289322, 2.5554749527651293, 1.4195192718794174, 0.7026440800489668, 2.1090781060030808, 1.63251558357987, 1.635930043757793, 0.3212969003524981]",1.5567566255664949,0.7026440800489668,"[1.47298077 1.47298077 1.47298077 1.47298077 1.47298077 0.86207424
 1.12341683 0.9468185  0.8559005  0.6654754 ]",1.4729807692307693,0.8620742360644783,5,10,10,2.330535650253296,1,998.0,0.0,0.0,850,watts
known,static_conjecture,barabasi_851,14.469193672259994,"[0.3207160440539929, -0.4522331502515945, 3.1414516591687747, 2.9053848991629887, 0.5362725193115603, 1.4171971357538138, 3.117336267302943, 1.8225157950707507, 1.758524314105721, 1.3960134764092396]",0.3207160440539929,1.4171971357538138,"[1.56584218 1.56584218 1.56584218 1.56584218 1.56584218 0.86207424
 1.12341683 0.9468185  0.8559005  0.6654754 ]",1.5658421774601112,0.8620742360644783,5,12,20,7.561702728271484,1,1941.0,0.0,0.0,851,barabasi
known,static_conjecture,barabasi_852,16.808454755778264,"[1.769121517420336, 3.0212758662556842, 1.2786483723944426, 1.2795202557248246, 1.9808649150610371, 1.4323422647939874, 3.1412540980788597, 0.5173628012837739, 1.7546089173257031, 1.3503214370672953]",1.769121517420336,1.4323422647939874,"[1.65463266 1.65463266 1.65463266 1.65463266 1.65463266 0.86207424
 1.12341683 0.9468185  0.8559005  0.6654754 ]",1.6546326619918765,0.8620742360644783,5,14,24,7.951473951339722,1,1781.0,0.0,0.0,852,barabasi
known,static_conjecture,gnm_853,70.24011218373897,"[2.4464981921842543, 3.141215705206295, 3.140892332278596, 2.6240106703384587, 2.6458677759839677, 1.3067902150452775, 2.3670077357880936, 1.0357983535198763, 1.5918159158233596, 0.42891681013904315]",2.4464981921842543,1.3067902150452775,"[2.4247162  2.4247162  2.4247162  2.4247162  2.4247162  0.86207424
 1.12341683 0.9468185  0.8559005  0.6654754 ]",2.4247162033683294,0.8620742360644783,5,20,135,18.742245197296143,1,561.0,0.0,0.0,853,gnm
known,static_conjecture,gnm_854,15.46924380721292,"[1.9914063180650707, 1.3838066425773596, 2.600209261214675, 0.6963061633767326, 3.0596793473741615, 1.5707473084703998, 3.047134641037066, 1.7120144576317116, 2.108613998324137, 0.8244468377247391]",1.9914063180650707,1.5707473084703998,"[2.02836113 2.02836113 2.02836113 2.02836113 2.02836113 0.86207424
 1.12341683 0.9468185  0.8559005  0.6654754 ]",2.0283611256539062,0.8620742360644783,5,11,23,5.292835712432861,1,1454.0,0.0,0.0,854,gnm
known,static_conjecture,watts_855,6.403571200591607,"[1.2150712642682893, 2.956521941852894, 2.4805957070911635, 2.0873415167447202, 1.6376119105650155, 1.471803764549151, 1.7304040566272745, 1.1875354589417313, 1.745528005778435, 1.3645990396047047]",1.2150712642682893,1.471803764549151,"[1.46995192 1.46995192 1.46995192 1.46995192 1.46995192 0.86207424
 1.12341683 0.9468185  0.8559005  0.6654754 ]",1.4699519230769231,0.8620742360644783,5,8,8,3.702366828918457,1,1514.0,0.0,0.0,855,watts
known,static_conjecture,barabasi_856,16.22183214362021,"[2.9794398916510363, 2.7694722672078678, 1.6636173650748456, 1.8664576909635076, 1.560202819410074, 0.4890725427887462, 2.6716528445341767, 2.3189063279218853, 2.456728655837983, 0.9475704944471726]",2.9794398916510363,0.4890725427887462,"[1.64500225 1.64500225 1.64500225 1.64500225 1.64500225 0.86207424
 1.12341683 0.9468185  0.8559005  0.6654754 ]",1.6450022492127756,0.8620742360644783,5,13,22,4.899584054946899,1,1153.0,0.0,0.0,856,barabasi
known,static_conjecture,watts_857,9.486955102531283,"[2.8464166302622504, 1.60460262639167, 1.628417846487063, 1.3994415066468258, 1.2584442489602554, 1.2180325151871438, 1.6698129554102432, 0.8449645257625309, 1.4635657350519693, 0.21876733683521477]",2.8464166302622504,1.2180325151871438,"[1.48238815 1.48238815 1.48238815 1.48238815 1.48238815 0.86207424
 1.12341683 0.9468185  0.8559005  0.6654754 ]",1.482388147566719,0.8620742360644783,5,7,14,2.6165268421173096,1,1057.0,0.0,0.0,857,watts
known,static_conjecture,watts_858,9.683984079990417,"[1.794071653663118, 1.0433588273105885, 1.6810282310897986, 2.513709734791261, 1.508733058431692, 0.1952176964381892, 2.115162756760781, 1.8525403384768966, 1.7483290397280093, 0.3189012122074929]",1.794071653663118,0.1952176964381892,"[1.54166667 1.54166667 1.54166667 1.54166667 1.54166667 0.86207424
 1.12341683 0.9468185  0.8559005  0.6654754 ]",1.541666666666667,0.8620742360644783,5,12,12,3.0849573612213135,1,1107.0,0.0,0.0,858,watts
known,static_conjecture,barabasi_859,12.212107896361882,"[1.1889834280389397, 1.6137188320173812, 1.6500008176480274, 2.669470769473021, 1.171262089277025, 0.3077762812339242, 2.0200081945372963, 1.2900680059424894, 1.313184277063552, 0.21703069777680808]",1.1889834280389397,0.3077762812339242,"[1.55822222 1.55822222 1.55822222 1.55822222 1.55822222 0.86207424
 1.12341683 0.9468185  0.8559005  0.6654754 ]",1.5582222222222222,0.8620742360644783,5,15,14,2.7078850269317627,1,793.0,0.0,0.0,859,barabasi
known,static_conjecture,gnm_860,74.66070214573782,"[2.354478326587822, 2.473789026568484, 2.64381927121637, 2.4916323230943442, 2.1400610419189112, 0.7829887895787195, 1.9731803338346268, 1.5852266429637245, 1.5072011319921714, 1.5515008238309709]",2.354478326587822,0.7829887895787195,"[2.49161893 2.49161893 2.49161893 2.49161893 2.49161893 0.86207424
 1.12341683 0.9468185  0.8559005  0.6654754 ]",2.4916189273597764,0.8620742360644783,5,20,148,22.4156014919281,1,628.0,0.0,0.0,860,gnm
known,static_conjecture,barabasi_861,8.369569285651323,"[0.1784104961782889, 1.5509879627216219, 1.4243038149357123, 2.804867207117487, 0.8622914111114979, 1.8375447514401828, 2.8744355039966756, 2.129446184486831, 1.7891888481818046, 1.3645009990298957]",0.1784104961782889,1.8375447514401828,"[1.56382002 1.56382002 1.56382002 1.56382002 1.56382002 0.86207424
 1.12341683 0.9468185  0.8559005  0.6654754 ]",1.563820018365473,0.8620742360644783,5,11,10,2.643897294998169,1,1476.0,0.0,0.0,861,barabasi
known,static_conjecture,barabasi_862,4.791207089983118,"[1.7566021160855008, 3.1356118454965323, 2.795127986503, 2.52926827530505, 1.560146138337901, 3.028316985955007, 1.177732887241003, 0.27789609598699605, 1.1480724789753778, 0.41360866892422804]",1.7566021160855008,3.028316985955007,"[2.18690907 2.18690907 2.18690907 2.18690907 2.18690907 0.86207424
 1.12341683 0.9468185  0.8559005  0.6654754 ]",2.1869090704617022,0.8620742360644783,5,6,5,1.6880333423614502,1,1792.0,0.0,0.0,862,barabasi
known,static_conjecture,gnm_863,21.169611743961013,"[2.285519993510616, 2.1437288143276296, 2.165890835257229, 2.2155413250519973, 1.8287284761104599, 0.9009022827989237, 2.500658450744342, 1.2823476697656042, 1.422824561309708, 0.8974424636092679]",2.285519993510616,0.9009022827989237,"[2.1422249  2.1422249  2.1422249  2.1422249  2.1422249  0.86207424
 1.12341683 0.9468185  0.8559005  0.6654754 ]",2.1422248982234677,0.8620742360644783,5,10,41,5.065619230270386,1,821.0,0.0,0.0,863,gnm
known,static_conjecture,barabasi_864,13.704496490477739,"[1.7394141833999095, 1.9635792219470276, -0.7987919198364088, 3.1354026575757654, 1.1956211481749002, 1.3641721366732704, 3.0347421820283134, 3.051187554435921, 1.9489991807236047, 1.7812818065346634]",1.7394141833999095,1.3641721366732704,"[1.54390102 1.54390102 1.54390102 1.54390102 1.54390102 0.86207424
 1.12341683 0.9468185  0.8559005  0.6654754 ]",1.5439010223972631,0.8620742360644783,5,12,20,4.259985446929932,1,1242.0,0.0,0.0,864,barabasi
known,static_conjecture,barabasi_865,8.564988386919024,"[1.4930609974534383, 0.9797461258572038, 0.3729822599615328, 2.729602779689557, 1.2719501746102093, 1.2172381686954088, 3.1214356710507873, 1.8369643846480708, 1.798198700171979, 1.3456510314020311]",1.4930609974534383,1.2172381686954088,"[1.55165289 1.55165289 1.55165289 1.55165289 1.55165289 0.86207424
 1.12341683 0.9468185  0.8559005  0.6654754 ]",1.5516528925619835,0.8620742360644783,5,11,10,2.662644386291504,1,1200.0,0.0,0.0,865,barabasi
known,static_conjecture,watts_866,6.000010775487291,"[1.8735349332340998, -0.37638028619859604, 3.0638891818133223, 2.255717224148614, 1.2744645759263484, 0.3412989597188763, 2.6696545974062404, 0.9963102149391232, 2.168600124724791, 0.7481214923792594]",1.8735349332340998,0.3412989597188763,"[1.48238815 1.48238815 1.48238815 1.48238815 1.48238815 0.86207424
 1.12341683 0.9468185  0.8559005  0.6654754 ]",1.482388147566719,0.8620742360644783,5,7,7,1.8649351596832275,1,1157.0,0.0,0.0,866,watts
known,static_conjecture,watts_867,24.342126522098848,"[2.9853982833736037, 2.75887408368043, 1.649448368916575, 2.1935973213718225, 1.5723577257613188, 0.4992341550278032, 2.6623353880618486, 0.7781775616595717, 2.369149887010642, 0.7845139903814884]",2.9853982833736037,0.4992341550278032,"[1.66123357 1.66123357 1.66123357 1.66123357 1.66123357 0.86207424
 1.12341683 0.9468185  0.8559005  0.6654754 ]",1.6612335712113797,0.8620742360644783,5,17,34,6.07032036781311,1,836.0,0.0,0.0,867,watts
known,static_conjecture,barabasi_868,15.816524565153193,"[2.915843215351311, 2.7236901876541717, 2.707436514659875, 2.075616945758644, 3.0739778146893797, 1.9789219119491843, 1.8166470600488331, 1.7880574447768902, 1.8488501237933694, 1.2425106269305348]",2.915843215351311,1.9789219119491843,"[2.16563558 2.16563558 2.16563558 2.16563558 2.16563558 0.86207424
 1.12341683 0.9468185  0.8559005  0.6654754 ]",2.1656355801785163,0.8620742360644783,5,19,18,7.334089517593384,1,1977.0,0.0,0.0,868,barabasi
known,static_conjecture,regular_869,9.847033345029558,"[2.8760223961319267, 1.6663527239425797, 2.57631911829489, 1.769054178468798, 1.4641738255030035, 1.240790697137066, 2.4664282743441834, 1.165951566563809, 1.614961948870994, 0.6297701185088662]",2.8760223961319267,1.240790697137066,"[1.56614833 1.56614833 1.56614833 1.56614833 1.56614833 0.86207424
 1.12341683 0.9468185  0.8559005  0.6654754 ]",1.5661483253588515,0.8620742360644783,5,7,14,2.092824697494507,1,1125.0,0.0,0.0,869,regular
known,static_conjecture,regular_870,11.438626724372634,"[2.1024068850298483, 2.448531492759228, 1.8041203340711556, 1.5627420938812921, 1.7060568687512832, 1.2694203441405105, 2.408858295158473, 0.6244930264812942, 2.04099155877497, 1.3594375742939975]",2.1024068850298483,1.2694203441405105,"[1.64880013 1.64880013 1.64880013 1.64880013 1.64880013 0.86207424
 1.12341683 0.9468185  0.8559005  0.6654754 ]",1.648800131492439,0.8620742360644783,5,13,13,2.283108711242676,1,999.0,0.0,0.0,870,regular
known,static_conjecture,regular_871,9.64479131817643,"[2.9841455060174087, 1.0335497783201957, 2.4779953313366443, 2.026171629834482, 1.9117769580970223, 0.3357246110425575, 2.5765641323901027, 1.6307609926238622, 1.6369232574117871, 0.7689466386340056]",2.9841455060174087,0.3357246110425575,"[1.56614833 1.56614833 1.56614833 1.56614833 1.56614833 0.86207424
 1.12341683 0.9468185  0.8559005  0.6654754 ]",1.5661483253588515,0.8620742360644783,5,7,14,5.064183950424194,1,2210.0,0.0,0.0,871,regular
known,static_conjecture,barabasi_872,13.850362038439139,"[3.1415709002999694, 2.910414950304962, 0.4865772316687854, 2.256986778235018, 1.5607753526515478, 1.3503174006324707, 3.1409319114704366, 2.7879380623205976, 1.8219823566690796, 1.307416519397455]",3.1415709002999694,1.3503174006324707,"[1.93263867 1.93263867 1.93263867 1.93263867 1.93263867 0.86207424
 1.12341683 0.9468185  0.8559005  0.6654754 ]",1.9326386704414387,0.8620742360644783,5,17,16,3.3460659980773926,1,899.0,0.0,0.0,872,barabasi
known,static_conjecture,gnm_873,36.33123150960533,"[2.9108778974134064, 2.595893599400984, 2.68440895123092, 2.395384753815536, 2.4669253618643703, 0.9809289064713917, 1.5874816009596218, 1.4311178718848157, 1.423251955629627, 0.7175348100679844]",2.9108778974134064,0.9809289064713917,"[2.39910717 2.39910717 2.39910717 2.39910717 2.39910717 0.86207424
 1.12341683 0.9468185  0.8559005  0.6654754 ]",2.399107172598544,0.8620742360644783,5,13,73,11.378458738327026,1,953.0,0.0,0.0,873,gnm
known,static_conjecture,watts_874,8.18563351647349,"[1.7695008190279942, 1.754435967034007, 1.5784738289161786, 2.1436796431504668, 1.6851562898230303, 1.2579396932426294, 2.7240491233138453, 1.7993204179495548, 1.378033164976174, 0.13627439794704094]",1.7695008190279942,1.2579396932426294,"[1.47298077 1.47298077 1.47298077 1.47298077 1.47298077 0.86207424
 1.12341683 0.9468185  0.8559005  0.6654754 ]",1.4729807692307693,0.8620742360644783,5,10,10,3.0080606937408447,1,1405.0,0.0,0.0,874,watts
known,static_conjecture,regular_875,23.749272605381005,"[3.141592653589793, 1.3482448467657333, 3.0536774811360816, 1.4719900388969447, 1.78429358837665, 1.2311518163819546, 2.107183773317166, 1.6569787629881985, 1.817764325698803, 1.2476184016714074]",3.141592653589793,1.2311518163819546,"[3.14159265 3.14159265 3.14159265 3.14159265 3.14159265 0.86207424
 1.12341683 0.9468185  0.8559005  0.6654754 ]",3.141592653589793,0.8620742360644783,5,17,34,6.463727951049805,1,965.0,0.0,0.0,875,regular
known,static_conjecture,regular_876,6.000004341461167,"[3.140956487668653, 0.8799398350249836, 3.0901151030132947, 2.975007779678708, 2.106190031694877, 0.9960002156228882, 2.7253043248289304, 1.4032856488329577, 1.8344380772119133, 0.6932372109025932]",3.140956487668653,0.9960002156228882,"[1.56614833 1.56614833 1.56614833 1.56614833 1.56614833 0.86207424
 1.12341683 0.9468185  0.8559005  0.6654754 ]",1.5661483253588515,0.8620742360644783,5,7,7,0.8231980800628662,1,620.0,0.0,0.0,876,regular
known,static_conjecture,barabasi_877,9.48315668276489,"[0.23392488839544348, 0.8661497547959502, 1.8150525390529855, 2.9813878319458813, 1.0497095274133867, 1.2299361679508451, 2.995512623759089, 3.1415736201251825, 1.7325481078607425, 1.4012946983180896]",0.23392488839544348,1.2299361679508451,"[1.55034722 1.55034722 1.55034722 1.55034722 1.55034722 0.86207424
 1.12341683 0.9468185  0.8559005  0.6654754 ]",1.5503472222222223,0.8620742360644783,5,12,11,2.584800958633423,1,1066.0,0.0,0.0,877,barabasi
known,static_conjecture,regular_878,5.99999431501483,"[1.9285240816440419, 2.4170960282475518, 1.441439792982378, 2.8239776602019844, 2.377380917010245, 1.17282744614786, 2.5023943379546076, 1.4354514486542282, 1.7643286591764213, 0.877589298719346]",1.9285240816440419,1.17282744614786,"[1.70442584 1.70442584 1.70442584 1.70442584 1.70442584 0.86207424
 1.12341683 0.9468185  0.8559005  0.6654754 ]",1.704425837320574,0.8620742360644783,5,6,6,0.6825211048126221,1,462.0,0.0,0.0,878,regular
known,static_conjecture,regular_879,27.282535514307135,"[2.8595254743843124, 1.7140953891833286, 2.657938868991484, 3.141592653589793, 2.0929572446794094, 1.1631947457493443, 2.6494468640641595, 1.2442789388038076, 2.11588353615208, 1.39660665783965]",2.8595254743843124,1.1631947457493443,"[3.14159265 3.14159265 3.14159265 3.14159265 3.14159265 0.86207424
 1.12341683 0.9468185  0.8559005  0.6654754 ]",3.141592653589793,0.8620742360644783,5,18,36,19.495715379714966,1,2594.0,0.0,0.0,879,regular
known,static_conjecture,barabasi_880,28.306060720332482,"[2.9957095128715907, 2.9003475637531957, 1.7487423319320652, 1.772953338253998, 2.4190153711937334, 0.47587438273329996, 1.8381491727895027, 1.5679457640671572, 1.4955456435641223, 0.15265831612261305]",2.9957095128715907,0.47587438273329996,"[1.77287494 1.77287494 1.77287494 1.77287494 1.77287494 0.86207424
 1.12341683 0.9468185  0.8559005  0.6654754 ]",1.772874943203663,0.8620742360644783,5,17,42,8.197220087051392,1,1054.0,0.0,0.0,880,barabasi
known,static_conjecture,barabasi_881,4.97298954649159,"[3.0419351193232336, 2.315564262336488, 2.7502043825750624, 2.2688747002828658, 2.4492522481431465, 0.36313595520800845, 1.9407491529252936, 1.7101335256815315, 1.3049443015632507, -0.01897240278288828]",3.0419351193232336,0.36313595520800845,"[2.19780229 2.19780229 2.19780229 2.19780229 2.19780229 0.86207424
 1.12341683 0.9468185  0.8559005  0.6654754 ]",2.197802286579731,0.8620742360644783,5,6,5,2.95930552482605,1,1391.0,0.0,0.0,881,barabasi
known,static_conjecture,barabasi_882,6.905092477896982,"[2.7896813776253957, 2.1234949281374584, 2.5054179339002607, 2.5370078380301795, 1.6307360152294317, 0.3769729912935963, 3.140518627095556, 1.448327089127399, 1.4035223875998417, 0.20296676845198203]",2.7896813776253957,0.3769729912935963,"[2.24017012 2.24017012 2.24017012 2.24017012 2.24017012 0.86207424
 1.12341683 0.9468185  0.8559005  0.6654754 ]",2.2401701165955554,0.8620742360644783,5,9,8,2.044074535369873,1,1060.0,0.0,0.0,882,barabasi
known,static_conjecture,gnm_883,7.74643380235284,"[2.9849548890462385, 2.734456204105347, 2.617225742496558, 3.141567782429977, 1.5960044294668738, 1.9625095135679775, 1.789154508612397, 2.1688068811720695, 1.125899610776315, 1.560437284658709]",2.9849548890462385,1.9625095135679775,"[1.85651061 1.85651061 1.85651061 1.85651061 1.85651061 0.86207424
 1.12341683 0.9468185  0.8559005  0.6654754 ]",1.8565106125091821,0.8620742360644783,5,6,12,3.888460636138916,1,1802.0,0.0,0.0,883,gnm
known,static_conjecture,watts_884,19.09544415541068,"[1.3198871524996774, 3.140953926814174, 1.6274755547469932, 3.141557272624274, 1.5642973352398721, 0.9707808006527555, 2.7856947358098676, 2.623647171004627, 2.4413306559994603, 0.9337899731131709]",1.3198871524996774,0.9707808006527555,"[1.54166667 1.54166667 1.54166667 1.54166667 1.54166667 0.86207424
 1.12341683 0.9468185  0.8559005  0.6654754 ]",1.541666666666667,0.8620742360644783,5,15,30,4.955249786376953,1,801.0,0.0,0.0,884,watts
known,static_conjecture,barabasi_885,35.01266760472435,"[2.965462686729202, 3.025303189152119, 1.604067556075515, 1.6720648577639392, 2.7195558882806283, 0.5125231250565782, 1.9567178180480385, 1.5773807093336676, 1.2983488948522028, 0.17896548973523954]",2.965462686729202,0.5125231250565782,"[1.85189394 1.85189394 1.85189394 1.85189394 1.85189394 0.86207424
 1.12341683 0.9468185  0.8559005  0.6654754 ]",1.8518939393939384,0.8620742360644783,5,20,51,17.176470279693604,1,1347.0,0.0,0.0,885,barabasi
known,static_conjecture,regular_886,6.892687782747089,"[1.7944812679979505, 2.0429063470798, 2.085613209602231, 1.5703163076087294, 1.6084174730615934, 0.49900355786256295, 2.8237383277201817, 1.2246726609353575, 1.8051720156009279, 0.7298268686645542]",1.7944812679979505,0.49900355786256295,"[1.75020243 1.75020243 1.75020243 1.75020243 1.75020243 0.86207424
 1.12341683 0.9468185  0.8559005  0.6654754 ]",1.7502024291497977,0.8620742360644783,5,6,9,1.377577781677246,1,937.0,0.0,0.0,886,regular
known,static_conjecture,regular_887,12.697213761225255,"[2.1110768092087486, 2.950220065809187, 1.1209140757451483, 2.536861681248007, 2.451526821487621, 0.7727634244410085, 2.0865526513057446, 2.1104167715366327, 1.729939120091485, 0.9133898489002859]",2.1110768092087486,0.7727634244410085,"[1.74450113 1.74450113 1.74450113 1.74450113 1.74450113 0.86207424
 1.12341683 0.9468185  0.8559005  0.6654754 ]",1.744501133786848,0.8620742360644783,5,14,14,4.645556688308716,1,1596.0,0.0,0.0,887,regular
known,static_conjecture,watts_888,26.26264059106789,"[2.801015665279391, 1.9536539568755145, 1.3958328819946952, 1.8105387343757864, 1.2412117832155949, 1.3318481199761378, 1.5915770393856543, 1.8555384598788045, 1.48855646495259, 0.39072932805739813]",2.801015665279391,1.3318481199761378,"[1.57079633 1.57079633 1.57079633 1.57079633 1.57079633 0.86207424
 1.12341683 0.9468185  0.8559005  0.6654754 ]",1.5707963267948966,0.8620742360644783,5,19,38,11.015352487564087,1,1378.0,0.0,0.0,888,watts
known,static_conjecture,watts_889,8.398766239991906,"[1.3640799652107622, 1.320063041264046, 1.8652390950306272, 2.2796875715882994, 1.557513849466211, 1.0187977543410351, 1.9523601726304067, 1.83377198601967, 1.451490268888168, 0.1251891697761418]",1.3640799652107622,1.0187977543410351,"[1.46995192 1.46995192 1.46995192 1.46995192 1.46995192 0.86207424
 1.12341683 0.9468185  0.8559005  0.6654754 ]",1.4699519230769231,0.8620742360644783,5,10,10,2.265782117843628,1,1266.0,0.0,0.0,889,watts
known,static_conjecture,gnm_890,49.55976228367664,"[3.0165405510316345, 2.587472580999045, 2.045663873983441, 2.279829181649828, 2.2878229747852568, 1.9970767445445365, 1.5797240781216333, -0.032023880264229816, 1.572233882889747, 0.29514852157742355]",3.0165405510316345,1.9970767445445365,"[2.2512526  2.2512526  2.2512526  2.2512526  2.2512526  0.86207424
 1.12341683 0.9468185  0.8559005  0.6654754 ]",2.251252598173902,0.8620742360644783,5,20,79,16.01575756072998,1,856.0,0.0,0.0,890,gnm
known,static_conjecture,watts_891,8.500819433950516,"[1.4705642207386234, 2.221176572424479, 1.2626097587068754, 3.081542993451578, 1.6672153692485285, 1.49150198715774, 1.9088032662617977, 1.2160425239316157, 1.928021844886033, 0.874231346550548]",1.4705642207386234,1.49150198715774,"[1.54166667 1.54166667 1.54166667 1.54166667 1.54166667 0.86207424
 1.12341683 0.9468185  0.8559005  0.6654754 ]",1.541666666666667,0.8620742360644783,5,11,11,2.7079412937164307,1,1358.0,0.0,0.0,891,watts
known,static_conjecture,watts_892,10.553607995867923,"[1.5538307163489935, 1.2734622979551973, 1.7478200580917809, 2.811922091094421, 1.1761119866221479, 1.138678088820701, 2.085448309188461, 1.6479338881857934, 1.5680470352347506, 0.27409194138753484]",1.5538307163489935,1.138678088820701,"[1.54166667 1.54166667 1.54166667 1.54166667 1.54166667 0.86207424
 1.12341683 0.9468185  0.8559005  0.6654754 ]",1.541666666666667,0.8620742360644783,5,13,13,2.159893751144409,1,753.0,0.0,0.0,892,watts
known,static_conjecture,gnm_893,17.595902234228312,"[2.9919826076092657, 2.856705986032454, 2.1353920184633712, 2.3728199123713076, 1.8387442082410095, 0.40816367721893987, 2.1258398740922346, -0.0013145464884823429, 1.48898432151581, 1.2645886719726138]",2.9919826076092657,0.40816367721893987,"[2.00327877 2.00327877 2.00327877 2.00327877 2.00327877 0.86207424
 1.12341683 0.9468185  0.8559005  0.6654754 ]",2.0032787727386157,0.8620742360644783,5,11,27,8.882569074630737,1,1875.0,0.0,0.0,893,gnm
known,static_conjecture,barabasi_894,6.36299774080635,"[2.0926932970678305, 2.8626876781357833, 2.0175911038914656, 2.901324348094382, 3.010789790372921, 0.17243221585624155, 3.0771354216721365, 1.6241596004315466, 1.9811404687269563, 0.735286702803627]",2.0926932970678305,0.17243221585624155,"[2.33235845 2.33235845 2.33235845 2.33235845 2.33235845 0.86207424
 1.12341683 0.9468185  0.8559005  0.6654754 ]",2.332358447270728,0.8620742360644783,5,9,8,2.9186935424804688,1,1015.0,0.0,0.0,894,barabasi
known,static_conjecture,barabasi_895,16.280733695097833,"[1.322567117213554, 3.107639743022418, 1.6397687164874484, 2.76895090053619, 2.1424618325790563, 0.9374864614643368, 2.219981042670107, 2.0118778902305063, 1.821635123146433, 1.575155971603997]",1.322567117213554,0.9374864614643368,"[1.551656   1.551656   1.551656   1.551656   1.551656   0.86207424
 1.12341683 0.9468185  0.8559005  0.6654754 ]",1.5516559995028896,0.8620742360644783,5,14,24,5.631611585617065,1,1069.0,0.0,0.0,895,barabasi
known,static_conjecture,barabasi_896,9.47020857892005,"[1.5061257405927833, 1.872291082472571, 2.166542804213372, 1.8650974294507094, -0.30752551515324966, 0.7928203821916563, 2.754136733848087, 1.7148605163195259, 1.470436391244349, 1.3915024358807957]",1.5061257405927833,0.7928203821916563,"[1.55034722 1.55034722 1.55034722 1.55034722 1.55034722 0.86207424
 1.12341683 0.9468185  0.8559005  0.6654754 ]",1.5503472222222223,0.8620742360644783,5,12,11,3.7827115058898926,1,929.0,0.0,0.0,896,barabasi
known,static_conjecture,watts_897,9.743771456847753,"[1.549983919843025, 1.896450206947295, 2.9751689564218085, 1.9301351853561344, 1.6006615639287278, 1.3003538304026927, 2.8307421322454713, 1.0497069281340115, 2.3566147406616658, 1.1573947845117363]",1.549983919843025,1.3003538304026927,"[1.76771255 1.76771255 1.76771255 1.76771255 1.76771255 0.86207424
 1.12341683 0.9468185  0.8559005  0.6654754 ]",1.7677125506072873,0.8620742360644783,5,7,14,4.840955972671509,1,1689.0,0.0,0.0,897,watts
known,static_conjecture,barabasi_898,23.127100654074567,"[1.5698555311215188, 1.790267393718965, 1.6126828465000504, 2.842277862953603, 1.3177173132695001, 0.5760024623988682, 2.9042482246917616, 1.5287351147901846, 1.5976534151563482, 0.25033453402801203]",1.5698555311215188,0.5760024623988682,"[1.55933364 1.55933364 1.55933364 1.55933364 1.55933364 0.86207424
 1.12341683 0.9468185  0.8559005  0.6654754 ]",1.559333641120345,0.8620742360644783,5,19,34,6.995334625244141,1,830.0,0.0,0.0,898,barabasi
known,static_conjecture,watts_899,7.92937777318366,"[2.8004854507493127, 2.7987456766354755, 2.7012407137761354, 1.8933477785763784, 1.8005043414093729, 0.8866080648772292, 2.1675903942258374, 0.7347550479765349, 2.244267693110068, 0.43877007682609065]",2.8004854507493127,0.8866080648772292,"[1.76771255 1.76771255 1.76771255 1.76771255 1.76771255 0.86207424
 1.12341683 0.9468185  0.8559005  0.6654754 ]",1.7677125506072873,0.8620742360644783,5,7,14,1.5742123126983643,1,717.0,0.0,0.0,899,watts
known,static_conjecture,barabasi_900,7.532143530205161,"[1.6504839464337029, 2.7676981427497984, 2.231021508281207, 1.6990107922693878, 1.9518443384583462, 1.2250050468054785, 3.1413509463202702, 2.692527915601424, 1.6371927419162806, 1.3175859558621161]",1.6504839464337029,1.2250050468054785,"[2.1846071  2.1846071  2.1846071  2.1846071  2.1846071  0.86207424
 1.12341683 0.9468185  0.8559005  0.6654754 ]",2.184607103422893,0.8620742360644783,5,10,9,2.839930295944214,1,1676.0,0.0,0.0,900,barabasi
known,static_conjecture,barabasi_901,26.098334378980436,"[3.0114870258061006, 2.823202606936463, 1.6142256882374593, 1.5955223948679123, 1.5863391200194767, 0.44275799938170735, 2.639380778936908, 1.3867130013677658, 2.3946574531821767, 0.17305751526579757]",3.0114870258061006,0.44275799938170735,"[1.74564591 1.74564591 1.74564591 1.74564591 1.74564591 0.86207424
 1.12341683 0.9468185  0.8559005  0.6654754 ]",1.7456459122474746,0.8620742360644783,5,16,39,8.49185562133789,1,1109.0,0.0,0.0,901,barabasi
known,static_conjecture,gnm_902,17.230932329897513,"[2.298047569907515, 2.2835153529978935, 1.554033040482115, 2.8177679183903335, 1.4083292185564031, 1.5807187333168877, 1.4826939705177338, 1.9417815202340667, 1.8097148446374236, 1.5152393513174225]",2.298047569907515,1.5807187333168877,"[2.1422249  2.1422249  2.1422249  2.1422249  2.1422249  0.86207424
 1.12341683 0.9468185  0.8559005  0.6654754 ]",2.1422248982234677,0.8620742360644783,5,10,28,6.173242092132568,1,1490.0,0.0,0.0,902,gnm
known,static_conjecture,barabasi_903,21.54966139697881,"[1.900895445269084, 2.649803146147399, 2.7710499302567513, 3.1415757764484007, 2.3652970938446565, 1.4689790926435795, 2.928158754745115, 2.8072665907599745, 1.9709720923093856, 1.1784820653315813]",1.900895445269084,1.4689790926435795,"[1.69924385 1.69924385 1.69924385 1.69924385 1.69924385 0.86207424
 1.12341683 0.9468185  0.8559005  0.6654754 ]",1.6992438543775992,0.8620742360644783,5,18,32,5.784011363983154,1,883.0,0.0,0.0,903,barabasi
known,static_conjecture,gnm_904,33.64648706515867,"[2.018311276782147, 2.1724006047964073, 2.9358339388713928, 2.201060038144547, 2.1523430632726086, 1.035144704757085, 2.6332412908355085, 2.4420863161817845, 2.2309238376883425, 0.7336746363449125]",2.018311276782147,1.035144704757085,"[2.15448671 2.15448671 2.15448671 2.15448671 2.15448671 0.86207424
 1.12341683 0.9468185  0.8559005  0.6654754 ]",2.154486714987691,0.8620742360644783,5,15,67,6.145554304122925,1,551.0,0.0,0.0,904,gnm
known,static_conjecture,watts_905,5.630758786131764,"[2.154542447032278, 3.058298078565921, 0.702444979667836, 2.799257680316014, 1.5747504242822343, 0.6430701702042771, 2.195946619046293, 1.7849614637831384, 1.9770984114739414, -0.2500980712610689]",2.154542447032278,0.6430701702042771,"[1.48238815 1.48238815 1.48238815 1.48238815 1.48238815 0.86207424
 1.12341683 0.9468185  0.8559005  0.6654754 ]",1.482388147566719,0.8620742360644783,5,7,7,3.9537744522094727,1,2265.0,0.0,0.0,905,watts
known,static_conjecture,gnm_906,28.080908971941383,"[2.357717487878557, 3.138779517366137, 2.1797545941142706, 2.520635996293932, 2.563367595965154, 0.11843106527628221, 2.2382018209936385, 1.5756387858159657, 0.8144774339195451, 0.7841324985318416]",2.357717487878557,0.11843106527628221,"[2.35024167 2.35024167 2.35024167 2.35024167 2.35024167 0.86207424
 1.12341683 0.9468185  0.8559005  0.6654754 ]",2.350241666331556,0.8620742360644783,5,12,54,8.687727451324463,1,999.0,0.0,0.0,906,gnm
known,static_conjecture,watts_907,15.832575009730784,"[3.097560682805523, 1.8465957855870416, 1.8922487347166639, 2.912585985510268, 1.2993325349177387, 0.2744339660051808, 2.8687044025554127, 0.3912983309475098, 2.3950616166580834, 0.19150659512637935]",3.097560682805523,0.2744339660051808,"[1.57079633 1.57079633 1.57079633 1.57079633 1.57079633 0.86207424
 1.12341683 0.9468185  0.8559005  0.6654754 ]",1.5707963267948966,0.8620742360644783,5,19,19,6.12123703956604,1,1718.0,0.0,0.0,907,watts
known,static_conjecture,barabasi_908,30.020579287609692,"[3.0043042609697936, 2.866315725844845, 1.6649373816661608, 1.9141279658711006, 1.892245175893585, 0.5144785378710958, 1.789954626119131, 1.5827142305017883, 1.3978833360869147, 0.05139704884909513]",3.0043042609697936,0.5144785378710958,"[1.81899551 1.81899551 1.81899551 1.81899551 1.81899551 0.86207424
 1.12341683 0.9468185  0.8559005  0.6654754 ]",1.8189955106621767,0.8620742360644783,5,18,45,13.676121234893799,1,1596.0,0.0,0.0,908,barabasi
known,static_conjecture,barabasi_909,14.600961388766766,"[1.4883500690346239, 2.6923495849337487, 0.5937430523939343, 3.1415817135283324, 1.8220730223598447, 1.4334816728973039, 1.6175702367955935, 1.323134560938903, 1.3080376494954955, 1.20940647727872]",1.4883500690346239,1.4334816728973039,"[1.54148586 1.54148586 1.54148586 1.54148586 1.54148586 0.86207424
 1.12341683 0.9468185  0.8559005  0.6654754 ]",1.5414858645627878,0.8620742360644783,5,13,22,3.9762797355651855,1,1025.0,0.0,0.0,909,barabasi
known,static_conjecture,barabasi_910,11.83014870148407,"[1.3733108502086875, 2.0761710389417525, 1.8287080003862135, 1.9003375120480195, 1.0212915099482607, -0.15383518571477192, 2.7129334657421675, 1.7972473770501416, 1.3209688924537988, 1.410234736849768]",1.3733108502086875,-0.15383518571477192,"[1.55555556 1.55555556 1.55555556 1.55555556 1.55555556 0.86207424
 1.12341683 0.9468185  0.8559005  0.6654754 ]",1.5555555555555556,0.8620742360644783,5,15,14,7.919520854949951,1,2549.0,0.0,0.0,910,barabasi
known,static_conjecture,barabasi_911,13.162240718762483,"[2.8857319846555427, 2.660997873712264, 2.7877816053762645, 1.699863072435067, 1.8478497461948762, 0.4576265942729517, 2.1113238380879613, 1.773333349259289, 1.4404707241255545, -0.32494368957457365]",2.8857319846555427,0.4576265942729517,"[1.93780185 1.93780185 1.93780185 1.93780185 1.93780185 0.86207424
 1.12341683 0.9468185  0.8559005  0.6654754 ]",1.9378018465909093,0.8620742360644783,5,16,15,6.418461084365845,1,2000.0,0.0,0.0,911,barabasi
known,static_conjecture,barabasi_912,8.23175143510548,"[2.5525016190391048, 2.015010707538935, 1.855875032261189, 2.2121409357670627, 2.4870595035056553, 0.411009686397648, 1.5450941670226688, 1.6678897099591343, 1.9301181086305907, 1.75457370537467]",2.5525016190391048,0.411009686397648,"[2.22437983 2.22437983 2.22437983 2.22437983 2.22437983 0.86207424
 1.12341683 0.9468185  0.8559005  0.6654754 ]",2.2243798306956206,0.8620742360644783,5,10,9,2.977588176727295,1,1489.0,0.0,0.0,912,barabasi
known,static_conjecture,watts_913,15.446929079673676,"[1.3909371396870378, 2.006981440443233, 1.4490335226995112, 3.0021610959128737, 1.6574451403889634, 1.3343198512877055, 2.0664166192532587, 1.0067015804910784, 1.9924744875369012, 0.5958418163328469]",1.3909371396870378,1.3343198512877055,"[1.54166667 1.54166667 1.54166667 1.54166667 1.54166667 0.86207424
 1.12341683 0.9468185  0.8559005  0.6654754 ]",1.541666666666667,0.8620742360644783,5,11,22,6.4613587856292725,1,1826.0,0.0,0.0,913,watts
known,static_conjecture,barabasi_914,9.062728786022767,"[1.4420210563773352, 1.2350715607922784, 1.2613118686938631, 2.5049607317926013, 1.8403098514531648, -0.5113051017740782, 1.902718252361024, 1.3601589350112435, 1.4256242801187917, 0.16296421312479414]",1.4420210563773352,-0.5113051017740782,"[1.56382002 1.56382002 1.56382002 1.56382002 1.56382002 0.86207424
 1.12341683 0.9468185  0.8559005  0.6654754 ]",1.563820018365473,0.8620742360644783,5,11,10,4.167199373245239,1,2016.0,0.0,0.0,914,barabasi
known,static_conjecture,regular_915,11.647630363758253,"[2.869369053191684, 1.679416837225622, 2.7264525620820725, 2.795090488458072, 2.024611569097312, 1.0890481108743237, 2.6805839167495016, 2.0794415219308267, 1.789765437898918, 1.4802559585606194]",2.869369053191684,1.0890481108743237,"[1.56614833 1.56614833 1.56614833 1.56614833 1.56614833 0.86207424
 1.12341683 0.9468185  0.8559005  0.6654754 ]",1.5661483253588515,0.8620742360644783,5,7,14,4.592278957366943,1,1966.0,0.0,0.0,915,regular
known,static_conjecture,gnm_916,21.66191471159891,"[2.3550377149662065, 2.3406724913445873, 2.495527374197289, 2.281541143481589, 2.095916627791052, 0.7816992743977791, 2.355069458242065, 1.8293455264918665, 1.549620087079718, 1.4057563352677933]",2.3550377149662065,0.7816992743977791,"[2.32244499 2.32244499 2.32244499 2.32244499 2.32244499 0.86207424
 1.12341683 0.9468185  0.8559005  0.6654754 ]",2.3224449897457733,0.8620742360644783,5,11,41,6.572305679321289,1,1045.0,0.0,0.0,916,gnm
known,static_conjecture,watts_917,27.115483687916065,"[2.955432821069519, 2.9440238537865495, 1.6585645254176407, 2.176391526349636, 1.5742355772540613, 0.23243966817722328, 2.568410652441257, 2.3694616016757557, 2.3898174159433756, 0.7438379133022375]",2.955432821069519,0.23243966817722328,"[1.67125087 1.67125087 1.67125087 1.67125087 1.67125087 0.86207424
 1.12341683 0.9468185  0.8559005  0.6654754 ]",1.6712508722494421,0.8620742360644783,5,20,40,7.787139654159546,1,870.0,0.0,0.0,917,watts
known,static_conjecture,gnm_918,6.413101708167233,"[2.5399668628382095, 2.1495276312328557, 2.3125633068985643, 2.0443612664003217, 2.3018402910942175, 1.1583149516048037, 1.4560571448995558, 1.3220508824230188, 0.7188575455281836, 0.16582146637761097]",2.5399668628382095,1.1583149516048037,"[1.85651061 1.85651061 1.85651061 1.85651061 1.85651061 0.86207424
 1.12341683 0.9468185  0.8559005  0.6654754 ]",1.8565106125091821,0.8620742360644783,5,6,9,1.6778900623321533,1,1186.0,0.0,0.0,918,gnm
known,static_conjecture,gnm_919,7.465501116996165,"[1.9657155962425832, 1.5537015738694264, 2.352581815053713, 1.893613653611244, 1.8639771290065394, 0.6731068392420053, 1.8845968351073559, 1.7196963125406608, 1.9046794283373798, 0.6615652163169601]",1.9657155962425832,0.6731068392420053,"[1.85651061 1.85651061 1.85651061 1.85651061 1.85651061 0.86207424
 1.12341683 0.9468185  0.8559005  0.6654754 ]",1.8565106125091821,0.8620742360644783,5,6,12,2.1716723442077637,1,1367.0,0.0,0.0,919,gnm
known,static_conjecture,watts_920,4.459332949099917,"[1.887564273083135, 2.6754956720713885, 1.422782568276385, 2.899380257709942, 1.7493061650077701, 0.6368199059411197, 2.593169253160894, 1.2300986051908283, 2.2196692765312607, 0.720912117610548]",1.887564273083135,0.6368199059411197,"[1.46995192 1.46995192 1.46995192 1.46995192 1.46995192 0.86207424
 1.12341683 0.9468185  0.8559005  0.6654754 ]",1.4699519230769231,0.8620742360644783,5,6,6,0.6306965351104736,1,545.0,0.0,0.0,920,watts
known,static_conjecture,watts_921,18.990243395034653,"[1.7699999353144618, 3.110373274542029, 1.6567306460980447, 2.5713115346220903, 1.5203274645680998, 1.7767137109123647, 1.3454173339048112, 1.3680525984919563, 1.8451629817087027, 1.5586574035362726]",1.7699999353144618,1.7767137109123647,"[1.54166667 1.54166667 1.54166667 1.54166667 1.54166667 0.86207424
 1.12341683 0.9468185  0.8559005  0.6654754 ]",1.541666666666667,0.8620742360644783,5,14,28,5.949309825897217,1,1066.0,0.0,0.0,921,watts
known,static_conjecture,regular_922,16.051515632172567,"[1.894074102780059, 2.4341264818561346, 2.6213786073511187, 1.7870869436931276, 2.0170105456367677, 1.6860532893887235, 2.2389534643848643, 1.6529234008043807, 1.768250170038494, 0.6210358934848748]",1.894074102780059,1.6860532893887235,"[2.09196429 2.09196429 2.09196429 2.09196429 2.09196429 0.86207424
 1.12341683 0.9468185  0.8559005  0.6654754 ]",2.091964285714286,0.8620742360644783,5,14,21,4.163612365722656,1,958.0,0.0,0.0,922,regular
known,static_conjecture,gnm_923,21.962896835169875,"[2.964701644534064, 2.807380955272915, 2.2338966452140143, 2.466522248492394, 2.0766969388724243, 0.5642753937660612, 1.79528809718397, 1.5761145824756984, 1.575921033166216, 1.3884222230477998]",2.964701644534064,0.5642753937660612,"[2.28877193 2.28877193 2.28877193 2.28877193 2.28877193 0.86207424
 1.12341683 0.9468185  0.8559005  0.6654754 ]",2.288771929824561,0.8620742360644783,5,16,31,7.135822772979736,1,1138.0,0.0,0.0,923,gnm
known,static_conjecture,watts_924,14.519073185429626,"[0.4494714118378836, 2.9870390369914555, 2.4246741875217, 1.1133329078341003, 2.621959515083736, 0.1309288826409205, 2.258175340068025, 1.7310698424177169, 1.2356012559544887, 0.33758297626448364]",0.4494714118378836,0.1309288826409205,"[1.57079633 1.57079633 1.57079633 1.57079633 1.57079633 0.86207424
 1.12341683 0.9468185  0.8559005  0.6654754 ]",1.5707963267948966,0.8620742360644783,5,17,17,7.981258869171143,1,2154.0,0.0,0.0,924,watts
known,static_conjecture,barabasi_925,31.010601882738246,"[2.940321280496976, 3.1415375611910124, 3.1415907354915644, 2.1801244679274006, 1.436134563093188, 3.0369899142058063, 3.0765312106498586, 0.3581957976770921, 1.5642814584310671, 1.3012290777659201]",2.940321280496976,3.0369899142058063,"[1.83011626 1.83011626 1.83011626 1.83011626 1.83011626 0.86207424
 1.12341683 0.9468185  0.8559005  0.6654754 ]",1.830116259548392,0.8620742360644783,5,19,48,11.289474964141846,1,1132.0,0.0,0.0,925,barabasi
known,static_conjecture,gnm_926,19.60614681141635,"[1.9603066050924896, 2.9149135629315186, 2.781945058399844, 1.9989948115093386, 3.099148472099656, 1.5481680986476611, 3.1237201912736863, 2.984753144321445, 2.1273284933593013, 0.7034660548892868]",1.9603066050924896,1.5481680986476611,"[2.1422249  2.1422249  2.1422249  2.1422249  2.1422249  0.86207424
 1.12341683 0.9468185  0.8559005  0.6654754 ]",2.1422248982234677,0.8620742360644783,5,10,33,8.419114351272583,1,1795.0,0.0,0.0,926,gnm
known,static_conjecture,regular_927,18.214211622445763,"[2.9415117234468413, 1.7541013876571738, 1.94557215608521, 1.7699216521323722, 1.9623824205355422, 0.7506341230504106, 2.9082999732773294, 0.16777831404273136, 1.4517740139695068, 0.3020294285855265]",2.9415117234468413,0.7506341230504106,"[1.97142857 1.97142857 1.97142857 1.97142857 1.97142857 0.86207424
 1.12341683 0.9468185  0.8559005  0.6654754 ]",1.971428571428571,0.8620742360644783,5,13,26,6.405257940292358,1,1225.0,0.0,0.0,927,regular
known,static_conjecture,regular_928,6.73465395113044,"[2.827494028291828, 3.105008491705236, 2.68431272209766, 2.9037769890351646, 3.1386660996357163, 0.6141025898072443, 3.140280658338635, 1.7847970378642684, 0.17081117604651058, 3.1406884805440516]",2.827494028291828,0.6141025898072443,"[1.44210526 1.44210526 1.44210526 1.44210526 1.44210526 0.86207424
 1.12341683 0.9468185  0.8559005  0.6654754 ]",1.4421052631578948,0.8620742360644783,5,8,8,3.4401190280914307,1,1663.0,0.0,0.0,928,regular
known,static_conjecture,watts_929,11.548865337011305,"[1.5898185835819294, 1.9543268119987327, 2.2339105444487, 2.826764540676751, 0.4876097423818446, 2.0721745187168374, 1.4366155732221388, 1.0389421759507926, 1.682279772395265, 0.7781652499142576]",1.5898185835819294,2.0721745187168374,"[1.54166667 1.54166667 1.54166667 1.54166667 1.54166667 0.86207424
 1.12341683 0.9468185  0.8559005  0.6654754 ]",1.541666666666667,0.8620742360644783,5,14,14,3.848278284072876,1,1310.0,0.0,0.0,929,watts
known,static_conjecture,gnm_930,16.469300045583907,"[2.9633890728461383, 2.7897938834460874, 2.7005768049048235, 1.4624428695279539, 2.2447637981091075, 0.5127847439141466, 2.0480587655811746, 1.7259608215591966, 1.5504093361514584, 1.3885455279008014]",2.9633890728461383,0.5127847439141466,"[2.28663951 2.28663951 2.28663951 2.28663951 2.28663951 0.86207424
 1.12341683 0.9468185  0.8559005  0.6654754 ]",2.2866395113760962,0.8620742360644783,5,16,22,8.1532621383667,1,1653.0,0.0,0.0,930,gnm
known,static_conjecture,gnm_931,49.085642436395,"[2.7117196610787797, 2.376230669720515, 2.2040819779510525, 2.3752049322608944, 2.8128957956503786, 0.7890894969781613, 1.9620846586468832, 1.61732501111798, 1.6086889764716776, 0.7815443463747972]",2.7117196610787797,0.7890894969781613,"[2.37849303 2.37849303 2.37849303 2.37849303 2.37849303 0.86207424
 1.12341683 0.9468185  0.8559005  0.6654754 ]",2.378493034715856,0.8620742360644783,5,15,95,11.35312557220459,1,667.0,0.0,0.0,931,gnm
known,static_conjecture,watts_932,28.250171084969903,"[2.984317210142181, 2.747993329713001, 1.6514336470038113, 1.8658525476000218, 1.567410391294104, 0.5073201054173742, 2.6668254903865023, 0.7865107849044202, 2.3508191081959473, 0.7982994673443337]",2.984317210142181,0.5073201054173742,"[1.67125087 1.67125087 1.67125087 1.67125087 1.67125087 0.86207424
 1.12341683 0.9468185  0.8559005  0.6654754 ]",1.6712508722494421,0.8620742360644783,5,20,40,8.44144606590271,1,804.0,0.0,0.0,932,watts
known,static_conjecture,barabasi_933,7.622360492633305,"[2.9239412135341505, 2.8524357656921926, 2.9738154450717005, 2.8738801635587206, 2.4457073618376235, 1.9932256887957536, 1.7325447542091075, 1.7670159931054075, 1.8339791669838195, 0.18166997861945297]",2.9239412135341505,1.9932256887957536,"[2.20255013 2.20255013 2.20255013 2.20255013 2.20255013 0.86207424
 1.12341683 0.9468185  0.8559005  0.6654754 ]",2.2025501301817094,0.8620742360644783,5,9,8,1.807518720626831,1,1259.0,0.0,0.0,933,barabasi
known,static_conjecture,barabasi_934,5.478427031708179,"[2.803955318178769, 2.6178224583585843, 3.1113013887875036, 2.6229945187585955, 2.0982192988734423, 2.0417815548624993, 1.7078861117159774, 1.7372186273012669, 1.765257587386579, 1.4887774480327114]",2.803955318178769,2.0417815548624993,"[2.23017809 2.23017809 2.23017809 2.23017809 2.23017809 0.86207424
 1.12341683 0.9468185  0.8559005  0.6654754 ]",2.230178092584108,0.8620742360644783,5,7,6,1.1525452136993408,1,1624.0,0.0,0.0,934,barabasi
known,static_conjecture,watts_935,10.61826711682973,"[1.6736485579667988, 1.7719952696349486, 1.8002028956036704, 2.0510122405852957, -0.158106469510645, 1.2559249506349208, 2.5915160570563778, 1.6438536404325985, 1.9546290333912348, 0.9102141426272197]",1.6736485579667988,1.2559249506349208,"[1.54166667 1.54166667 1.54166667 1.54166667 1.54166667 0.86207424
 1.12341683 0.9468185  0.8559005  0.6654754 ]",1.541666666666667,0.8620742360644783,5,13,13,4.3119165897369385,1,1526.0,0.0,0.0,935,watts
known,static_conjecture,watts_936,24.285746376409232,"[3.141592653589793, 1.8182056118796002, 1.5525284405198674, 3.08094366609953, 1.6404373474905876, 1.003095252710641, 2.3802883706219338, 1.0754565998814383, 1.7050281030781926, 0.7367906411069802]",3.141592653589793,1.003095252710641,"[1.57079633 1.57079633 1.57079633 1.57079633 1.57079633 0.86207424
 1.12341683 0.9468185  0.8559005  0.6654754 ]",1.5707963267948966,0.8620742360644783,5,19,38,5.4056007862091064,1,671.0,0.0,0.0,936,watts
known,static_conjecture,gnm_937,13.601889152128829,"[2.967373913055789, 2.815148919971978, 2.798642950956174, 1.924925578067652, 1.644021706810386, 0.5692656091844892, 2.1294871964840407, 1.7727843135352996, 1.569160799777347, 1.353045261011246]",2.967373913055789,0.5692656091844892,"[1.82334302 1.82334302 1.82334302 1.82334302 1.82334302 0.86207424
 1.12341683 0.9468185  0.8559005  0.6654754 ]",1.8233430214045891,0.8620742360644783,5,11,18,4.2401134967803955,1,1503.0,0.0,0.0,937,gnm
known,static_conjecture,gnm_938,15.25766141720377,"[1.3897182492670213, 2.093759217925712, 2.7900101285177668, 1.7525222088020151, 1.616159665943525, 1.3742088875839418, 1.9349382854104689, 1.505610328349906, 1.4637083105607722, 0.8363723716347563]",1.3897182492670213,1.3742088875839418,"[1.75720666 1.75720666 1.75720666 1.75720666 1.75720666 0.86207424
 1.12341683 0.9468185  0.8559005  0.6654754 ]",1.757206656346749,0.8620742360644783,5,11,22,3.9260594844818115,1,991.0,0.0,0.0,938,gnm
known,static_conjecture,gnm_939,13.889901357888448,"[1.8200119693015957, 1.509112073161331, 2.687830696541047, 2.724780323922463, 2.044477492613567, 1.455959447789783, 2.9854941634159387, 1.806178118541958, 1.755443866329645, 1.5944555229829058]",1.8200119693015957,1.455959447789783,"[1.85651061 1.85651061 1.85651061 1.85651061 1.85651061 0.86207424
 1.12341683 0.9468185  0.8559005  0.6654754 ]",1.8565106125091821,0.8620742360644783,5,8,23,4.225546598434448,1,1272.0,0.0,0.0,939,gnm
known,static_conjecture,watts_940,16.7361185938173,"[1.732150276630788, 2.7296744797744332, 1.5039219753196489, 2.4235488893520656, 1.5561134178704115, 1.260474241198705, 2.2009981467748223, 1.113150579790038, 2.262130738905732, 0.8061587889161013]",1.732150276630788,1.260474241198705,"[1.54166667 1.54166667 1.54166667 1.54166667 1.54166667 0.86207424
 1.12341683 0.9468185  0.8559005  0.6654754 ]",1.541666666666667,0.8620742360644783,5,13,26,6.179628372192383,1,1327.0,0.0,0.0,940,watts
known,static_conjecture,gnm_941,7.9690365497008315,"[2.657514106922827, 1.8900986819987378, 1.1748419985129241, 2.1716417824615, 1.5438797093351675, 1.5061284909668093, 2.256731276759178, 1.6865287001467681, 0.793725598933243, 0.5552376656935145]",2.657514106922827,1.5061284909668093,"[1.82079633 1.82079633 1.82079633 1.82079633 1.82079633 0.86207424
 1.12341683 0.9468185  0.8559005  0.6654754 ]",1.8207963267948966,0.8620742360644783,5,7,12,2.3890557289123535,1,1019.0,0.0,0.0,941,gnm
known,static_conjecture,barabasi_942,5.299765338213547,"[2.8301698380761877, 1.8171295690331095, 2.0128185104441605, 2.9979317573465516, 2.2971206320834234, 1.4948617236880786, 2.558652650946456, 2.073514883729021, 0.7061547208621772, 0.22500179414667418]",2.8301698380761877,1.4948617236880786,"[2.34870595 2.34870595 2.34870595 2.34870595 2.34870595 0.86207424
 1.12341683 0.9468185  0.8559005  0.6654754 ]",2.34870594630933,0.8620742360644783,5,7,6,2.005465507507324,1,1240.0,0.0,0.0,942,barabasi
known,static_conjecture,regular_943,9.900014581607868,"[3.141569753298061, 2.1144866948045733, 2.786168722998462, 2.616498334451526, 2.119768555285743, 0.9059050429902948, 2.591530587143792, 2.0970910892476757, 1.9258244376639397, 1.0255971489150446]",3.141569753298061,0.9059050429902948,"[1.53632918 1.53632918 1.53632918 1.53632918 1.53632918 0.86207424
 1.12341683 0.9468185  0.8559005  0.6654754 ]",1.5363291750727188,0.8620742360644783,5,11,11,3.7150003910064697,1,1304.0,0.0,0.0,943,regular
known,static_conjecture,barabasi_944,13.78082059562596,"[1.6932733920807428, 2.860642153808016, 1.5409631405772237, 2.7539638608125983, 1.8083002743595504, -0.13794894214995257, 3.0607081537016745, 2.001476015193185, 1.8100148100619329, 0.011825013837535772]",1.6932733920807428,-0.13794894214995257,"[1.64117993 1.64117993 1.64117993 1.64117993 1.64117993 0.86207424
 1.12341683 0.9468185  0.8559005  0.6654754 ]",1.6411799339618889,0.8620742360644783,5,12,20,5.080241441726685,1,1277.0,0.0,0.0,944,barabasi
known,static_conjecture,barabasi_945,6.248870009438917,"[2.3612317174263784, 2.7085390313552713, 2.3030409946085886, 2.369850569445151, 1.642144329431467, 1.880882441906637, 1.8311033529198104, 1.2964435991625227, 0.8985149111584305, 0.9008266899302155]",2.3612317174263784,1.880882441906637,"[2.18324468 2.18324468 2.18324468 2.18324468 2.18324468 0.86207424
 1.12341683 0.9468185  0.8559005  0.6654754 ]",2.183244677593048,0.8620742360644783,5,8,7,3.1271519660949707,1,1473.0,0.0,0.0,945,barabasi
known,static_conjecture,barabasi_946,15.019705161926467,"[2.922157219769443, 2.2285223809635566, 1.6825724752089535, 1.9093395289371364, 0.8556252080675634, 2.0316220164668963, 1.694566389486109, 1.4097518657159984, 1.7538179482596772, 1.4327087471630646]",2.922157219769443,2.0316220164668963,"[1.92991957 1.92991957 1.92991957 1.92991957 1.92991957 0.86207424
 1.12341683 0.9468185  0.8559005  0.6654754 ]",1.9299195660306772,0.8620742360644783,5,18,17,7.26830792427063,1,2036.0,0.0,0.0,946,barabasi
known,static_conjecture,gnm_947,24.280514427814943,"[2.326717587324403, 2.6630152642883504, 2.681965949410393, 2.280109136825142, 2.602373261665378, 0.9352547850056556, 1.822406403333698, 0.2834278497453533, 1.926125453730412, 0.71534483292154]",2.326717587324403,0.9352547850056556,"[2.21695471 2.21695471 2.21695471 2.21695471 2.21695471 0.86207424
 1.12341683 0.9468185  0.8559005  0.6654754 ]",2.21695471190613,0.8620742360644783,5,12,48,4.636679649353027,1,690.0,0.0,0.0,947,gnm
known,static_conjecture,watts_948,18.464860720100244,"[1.6347956211597612, 3.140049295594846, 1.7668177456815344, 2.58713092443588, 1.594212703266302, 1.0797854673770497, 1.7926204687762906, 1.3971433818756986, 1.8247351396436724, 1.4990913447787062]",1.6347956211597612,1.0797854673770497,"[1.54166667 1.54166667 1.54166667 1.54166667 1.54166667 0.86207424
 1.12341683 0.9468185  0.8559005  0.6654754 ]",1.541666666666667,0.8620742360644783,5,14,28,6.186135768890381,1,1320.0,0.0,0.0,948,watts
known,static_conjecture,gnm_949,40.19279737362892,"[2.9442074016378506, 2.3620590104610533, 2.3410191641495213, 2.457017133285829, 2.3038434379015493, 1.09175883013417, 1.5686064753796467, 1.5738331206504192, 1.5630123260075335, 0.7970824937749303]",2.9442074016378506,1.09175883013417,"[2.29149613 2.29149613 2.29149613 2.29149613 2.29149613 0.86207424
 1.12341683 0.9468185  0.8559005  0.6654754 ]",2.2914961306474115,0.8620742360644783,5,16,69,11.19693922996521,1,846.0,0.0,0.0,949,gnm
known,static_conjecture,barabasi_950,16.600579172197335,"[2.8970936314753377, 2.694875433844005, 1.963286329163871, 1.9545180777328321, 1.8793847204707168, 2.116765534347528, 1.8793853805427054, 1.6328329334964633, 1.4949659616005584, 0.18680619207772842]",2.8970936314753377,2.116765534347528,"[1.92364268 1.92364268 1.92364268 1.92364268 1.92364268 0.86207424
 1.12341683 0.9468185  0.8559005  0.6654754 ]",1.9236426767676766,0.8620742360644783,5,20,19,6.236376762390137,1,1121.0,0.0,0.0,950,barabasi
known,static_conjecture,gnm_951,8.77211065300071,"[2.8106637162297314, 1.9476258578263055, 1.752367127829729, 1.8056567214862183, 1.9214468936084068, 1.0458151158685607, 2.28604682462243, 0.7771181593057666, 1.5678651469736127, 0.7430086840657797]",2.8106637162297314,1.0458151158685607,"[1.85651061 1.85651061 1.85651061 1.85651061 1.85651061 0.86207424
 1.12341683 0.9468185  0.8559005  0.6654754 ]",1.8565106125091821,0.8620742360644783,5,6,14,1.8390967845916748,1,1122.0,0.0,0.0,951,gnm
known,static_conjecture,regular_952,14.544003287334153,"[2.3398969078989538, 2.5012160278309863, 2.533275177466713, 2.557584116111639, 2.895731510557258, -1.3430163964622837, 2.393227529141141, 1.9205000775440553, 0.8889164545994921, 0.4158097568518181]",2.3398969078989538,-1.3430163964622837,"[3.14159265 3.14159265 3.14159265 3.14159265 3.14159265 0.86207424
 1.12341683 0.9468185  0.8559005  0.6654754 ]",3.141592653589793,0.8620742360644783,5,16,16,5.774306058883667,1,1832.0,0.0,0.0,952,regular
known,static_conjecture,gnm_953,21.52052514884126,"[3.010890870937297, 2.1856150294289414, 3.0158504665614405, 2.485868398389494, 2.336489435727911, 0.8087728589984875, 2.3643453192945865, 1.5667958521178975, 1.1801987849103932, 0.7246429865447148]",3.010890870937297,0.8087728589984875,"[2.1422249  2.1422249  2.1422249  2.1422249  2.1422249  0.86207424
 1.12341683 0.9468185  0.8559005  0.6654754 ]",2.1422248982234677,0.8620742360644783,5,10,40,5.532217025756836,1,972.0,0.0,0.0,953,gnm
known,static_conjecture,regular_954,21.516928665338337,"[2.910354933017157, 2.0312969890414774, 1.437595115537825, 2.1123118565141654, 1.4573651025499224, 1.717971636136543, 2.1385252990111536, 0.4106594484962121, 1.9714536028541787, 0.842684923102875]",2.910354933017157,1.717971636136543,"[1.97142857 1.97142857 1.97142857 1.97142857 1.97142857 0.86207424
 1.12341683 0.9468185  0.8559005  0.6654754 ]",1.971428571428571,0.8620742360644783,5,14,28,8.403945446014404,1,1706.0,0.0,0.0,954,regular
known,static_conjecture,watts_955,17.335123853964305,"[1.783559668983418, 2.5533604007319353, -1.4071671265461063, 3.1414529648793685, 1.7458059358723403, 1.2928309339117796, 3.026666018732583, 2.624198881311115, 2.482803119761764, 1.422470696556831]",1.783559668983418,1.2928309339117796,"[1.54166667 1.54166667 1.54166667 1.54166667 1.54166667 0.86207424
 1.12341683 0.9468185  0.8559005  0.6654754 ]",1.541666666666667,0.8620742360644783,5,13,26,4.986831188201904,1,1031.0,0.0,0.0,955,watts
known,static_conjecture,barabasi_956,14.520260091979432,"[2.1594796850466973, 1.6961558362322608, 1.6093821551223677, 1.5026480245276503, 1.8848437203636714, 1.0338092263792196, 0.496414970453816, 0.5571076493560698, 0.7604450392798447, 0.27127257299143204]",2.1594796850466973,1.0338092263792196,"[1.92567014 1.92567014 1.92567014 1.92567014 1.92567014 0.86207424
 1.12341683 0.9468185  0.8559005  0.6654754 ]",1.9256701362657038,0.8620742360644783,5,19,18,6.12421178817749,1,1396.0,0.0,0.0,956,barabasi
known,static_conjecture,watts_957,10.462958132206495,"[0.22145830028112287, 3.137589034629006, 2.5198632146164868, 0.6460492838642101, 2.5597428941362708, 1.5603569101744734, 2.9875071548182643, 2.6172978394551207, 1.5752630288398515, 0.7612544543361499]",0.22145830028112287,1.5603569101744734,"[1.8668712  1.8668712  1.8668712  1.8668712  1.8668712  0.86207424
 1.12341683 0.9468185  0.8559005  0.6654754 ]",1.8668712044534415,0.8620742360644783,5,8,16,2.689826250076294,1,1146.0,0.0,0.0,957,watts
known,static_conjecture,gnm_958,37.089111982897805,"[2.000732538976935, 3.1185200799255712, 3.0593070597529124, 3.0097430613624234, 2.764399255709729, 1.9452508012790366, 2.51222696981209, 1.8103263663417306, 1.3791305177817528, 1.009388798366772]",2.000732538976935,1.9452508012790366,"[2.37582536 2.37582536 2.37582536 2.37582536 2.37582536 0.86207424
 1.12341683 0.9468185  0.8559005  0.6654754 ]",2.3758253561876916,0.8620742360644783,5,13,70,9.435735940933228,1,902.0,0.0,0.0,958,gnm
known,static_conjecture,regular_959,21.26755330709403,"[2.783397269058999, 2.2371004652312223, 1.5814554111243062, 2.328142228160472, 1.861653426113079, 1.0423597457398537, 2.018287473185465, 1.151162343757218, 1.716195026668774, 0.8268195407940879]",2.783397269058999,1.0423597457398537,"[1.97142857 1.97142857 1.97142857 1.97142857 1.97142857 0.86207424
 1.12341683 0.9468185  0.8559005  0.6654754 ]",1.971428571428571,0.8620742360644783,5,15,30,5.413731575012207,1,937.0,0.0,0.0,959,regular
known,static_conjecture,barabasi_960,4.797020796478364,"[2.804219041704232, 2.8154986516792673, 2.796846776494462, 2.3583734377206427, 2.340735867091359, 0.6822983500257505, 3.13849745655385, 2.1732261965403383, 2.0750115043403694, 1.8372814150669998]",2.804219041704232,0.6822983500257505,"[2.28139837 2.28139837 2.28139837 2.28139837 2.28139837 0.86207424
 1.12341683 0.9468185  0.8559005  0.6654754 ]",2.281398371365477,0.8620742360644783,5,6,5,1.9476828575134277,1,991.0,0.0,0.0,960,barabasi
known,static_conjecture,barabasi_961,10.469177756222887,"[0.2791627359227036, 2.488748996878086, 1.797475531208767, 2.6365421479122, 1.3820662961531882, 1.273567961275405, 1.7982859647582976, 1.5263412218432229, 1.445710331682133, 1.7390141502964251]",0.2791627359227036,1.273567961275405,"[1.55029586 1.55029586 1.55029586 1.55029586 1.55029586 0.86207424
 1.12341683 0.9468185  0.8559005  0.6654754 ]",1.5502958579881656,0.8620742360644783,5,13,12,6.221904516220093,1,2113.0,0.0,0.0,961,barabasi
known,static_conjecture,watts_962,8.621648268209254,"[0.3540472354695968, 2.534210794072462, 1.788087625280561, 1.7098220015868433, 1.5830029650243178, 1.2285156502120933, 0.9416278032227943, 0.9039362329739958, 0.8247650916328864, 0.6287749431321434]",0.3540472354695968,1.2285156502120933,"[1.46995192 1.46995192 1.46995192 1.46995192 1.46995192 0.86207424
 1.12341683 0.9468185  0.8559005  0.6654754 ]",1.4699519230769231,0.8620742360644783,5,10,10,3.587597608566284,1,1666.0,0.0,0.0,962,watts
known,static_conjecture,gnm_963,12.339809603603362,"[1.5699266832599221, 1.213030104936235, 1.0666699826323423, 2.2279799023092455, 2.597946847799916, -0.16266929938348915, 2.767199011941883, 1.5671331890205553, 0.9086074270261757, 0.23336744281430888]",1.5699266832599221,-0.16266929938348915,"[1.57653177 1.57653177 1.57653177 1.57653177 1.57653177 0.86207424
 1.12341683 0.9468185  0.8559005  0.6654754 ]",1.576531765018607,0.8620742360644783,5,11,16,3.5170681476593018,1,1104.0,0.0,0.0,963,gnm
known,static_conjecture,gnm_964,55.03948203822013,"[2.8722562957547124, 2.922889552222711, 2.377884961484292, 2.3293691996299257, 2.247715023443595, 0.7564032231946743, 2.87182564010417, 2.3918370051366127, 2.338574212803802, 0.9848048419564943]",2.8722562957547124,0.7564032231946743,"[2.32366529 2.32366529 2.32366529 2.32366529 2.32366529 0.86207424
 1.12341683 0.9468185  0.8559005  0.6654754 ]",2.323665291474327,0.8620742360644783,5,19,110,11.332742691040039,1,535.0,0.0,0.0,964,gnm
known,static_conjecture,barabasi_965,6.414249445170412,"[2.8443285143757895, 2.5593750955445698, 1.8943619407842083, 1.3595757350833642, 2.604439351328629, 2.061345370793399, 2.7492634037975927, 1.5081295988046604, 2.282958975221456, 1.7627099842625957]",2.8443285143757895,2.061345370793399,"[2.28139837 2.28139837 2.28139837 2.28139837 2.28139837 0.86207424
 1.12341683 0.9468185  0.8559005  0.6654754 ]",2.281398371365477,0.8620742360644783,5,8,7,1.5726885795593262,1,1275.0,0.0,0.0,965,barabasi
known,static_conjecture,gnm_966,21.248891864229563,"[2.1757859933248973, 2.1726739639657673, 2.9516056966573743, 2.1834040046976844, 2.289092810503573, 1.1237782958990226, 2.5503611239697026, 2.6563172441860488, 2.420223397138142, 0.7766967895999324]",2.1757859933248973,1.1237782958990226,"[2.19254628 2.19254628 2.19254628 2.19254628 2.19254628 0.86207424
 1.12341683 0.9468185  0.8559005  0.6654754 ]",2.192546275692138,0.8620742360644783,5,12,42,3.919165849685669,1,647.0,0.0,0.0,966,gnm
known,static_conjecture,gnm_967,6.715001031665452,"[1.9223642296096684, 3.058410676545569, 3.14141006977738, 1.6991289065708217, 3.0102438799031512, 1.6297338172021625, 2.0178699694040945, 1.0574978041955339, 1.929412116025398, 0.873338509464025]",1.9223642296096684,1.6297338172021625,"[1.82079633 1.82079633 1.82079633 1.82079633 1.82079633 0.86207424
 1.12341683 0.9468185  0.8559005  0.6654754 ]",1.8207963267948966,0.8620742360644783,5,7,10,1.4404675960540771,1,712.0,0.0,0.0,967,gnm
known,static_conjecture,watts_968,9.01245993186377,"[1.2069357823094125, 2.249114769219191, 2.607100874834951, 0.7192301681667973, 2.578221444274006, 0.007845493562448694, 1.3029977185999275, 0.846620319755796, 1.6218453418759162, 0.928994965993247]",1.2069357823094125,0.007845493562448694,"[1.54166667 1.54166667 1.54166667 1.54166667 1.54166667 0.86207424
 1.12341683 0.9468185  0.8559005  0.6654754 ]",1.541666666666667,0.8620742360644783,5,11,11,4.087594509124756,1,1562.0,0.0,0.0,968,watts
known,static_conjecture,regular_969,16.22090207292968,"[2.9746024553841934, 1.9268200774885076, 1.896140872096677, 1.9769103919369453, 2.6093013974403148, 0.1272990722769099, 2.6760244006614204, 2.675594194142324, 1.3854838310732434, 0.16058164017946233]",2.9746024553841934,0.1272990722769099,"[1.97142857 1.97142857 1.97142857 1.97142857 1.97142857 0.86207424
 1.12341683 0.9468185  0.8559005  0.6654754 ]",1.971428571428571,0.8620742360644783,5,11,22,8.992856979370117,1,2266.0,0.0,0.0,969,regular
known,static_conjecture,gnm_970,22.700355796735963,"[2.9520082203592737, 3.141526278254739, 3.141568200973982, 2.0425534767948457, 1.5749316715481263, 2.0441507950160416, 2.577656654108162, 1.8426972858638158, 1.5611787930641492, 1.3177719749154058]",2.9520082203592737,2.0441507950160416,"[1.8956038  1.8956038  1.8956038  1.8956038  1.8956038  0.86207424
 1.12341683 0.9468185  0.8559005  0.6654754 ]",1.895603804054327,0.8620742360644783,5,14,36,4.279169797897339,1,613.0,0.0,0.0,970,gnm
known,static_conjecture,regular_971,11.544880741021188,"[0.16646156018368508, 1.090361437675143, 1.7960133680187247, 1.8195410270576506, 0.45632612035160397, 1.4382125330019644, 2.922250998502234, 2.211814959110347, 2.7642881167471085, 1.3935656212419414]",0.16646156018368508,1.4382125330019644,"[1.33696172 1.33696172 1.33696172 1.33696172 1.33696172 0.86207424
 1.12341683 0.9468185  0.8559005  0.6654754 ]",1.3369617224880386,0.8620742360644783,5,8,16,6.316495180130005,1,2245.0,0.0,0.0,971,regular
known,static_conjecture,gnm_972,18.64107068967357,"[2.977698319875388, 2.899755341391704, 2.134027267001813, 2.3724202503824623, 2.326471620688332, 0.8361731554571712, 2.676958437280276, 2.2830246437338957, 1.5764420482089996, 0.669655791462723]",2.977698319875388,0.8361731554571712,"[2.21284882 2.21284882 2.21284882 2.21284882 2.21284882 0.86207424
 1.12341683 0.9468185  0.8559005  0.6654754 ]",2.2128488188027915,0.8620742360644783,5,11,32,2.8245368003845215,1,654.0,0.0,0.0,972,gnm
known,static_conjecture,watts_973,15.08749532150469,"[1.642880521800336, 1.7828554309239952, 1.554525031298137, 2.951691601871288, 1.1957121184885042, 0.4276623254856114, 2.9412482844949124, 1.5715810721916936, 1.4159461538338336, 0.2666328743191724]",1.642880521800336,0.4276623254856114,"[1.54166667 1.54166667 1.54166667 1.54166667 1.54166667 0.86207424
 1.12341683 0.9468185  0.8559005  0.6654754 ]",1.541666666666667,0.8620742360644783,5,11,22,4.169265031814575,1,1035.0,0.0,0.0,973,watts
known,static_conjecture,regular_974,18.85158733177892,"[1.7622121600567167, 2.0539036756123688, 3.0273869111975813, 2.1924223567401446, 3.0753227997331356, 2.165572465903043, 2.0548880931129654, 0.613919537305472, 1.041213716494092, 0.7699943305536361]",1.7622121600567167,2.165572465903043,"[3.14159265 3.14159265 3.14159265 3.14159265 3.14159265 0.86207424
 1.12341683 0.9468185  0.8559005  0.6654754 ]",3.141592653589793,0.8620742360644783,5,16,24,6.703005075454712,1,1279.0,0.0,0.0,974,regular
known,static_conjecture,regular_975,9.845456878516703,"[1.7840485943273716, 2.8281835281789505, 2.563588135317892, 1.8782645339440174, 1.9637588565539108, 0.7519557364853303, 2.14990844334808, 1.3517533952027458, 2.211880229491848, 0.9614288948475629]",1.7840485943273716,0.7519557364853303,"[1.72215335 1.72215335 1.72215335 1.72215335 1.72215335 0.86207424
 1.12341683 0.9468185  0.8559005  0.6654754 ]",1.7221533516988061,0.8620742360644783,5,11,11,4.029493093490601,1,1637.0,0.0,0.0,975,regular
known,static_conjecture,watts_976,17.06561494973117,"[1.3553767972235224, 2.9328449074608427, 1.6075550453932603, 2.8693272929579265, 1.6681923935451715, 0.5220683309623038, 2.3894846343497735, 1.9951080989952419, 1.508168958196113, 0.41928870257161965]",1.3553767972235224,0.5220683309623038,"[1.54166667 1.54166667 1.54166667 1.54166667 1.54166667 0.86207424
 1.12341683 0.9468185  0.8559005  0.6654754 ]",1.541666666666667,0.8620742360644783,5,13,26,4.826320171356201,1,1067.0,0.0,0.0,976,watts
known,static_conjecture,regular_977,17.81163583702673,"[2.122758765843458, 2.152425384932622, 2.21088149751707, 1.858179945424152, 2.0035331920854857, 1.492319379756399, 3.0696434029163617, 1.0114083123370583, 1.991528806085506, 1.3103054498593494]",2.122758765843458,1.492319379756399,"[2.09196429 2.09196429 2.09196429 2.09196429 2.09196429 0.86207424
 1.12341683 0.9468185  0.8559005  0.6654754 ]",2.091964285714286,0.8620742360644783,5,14,21,10.91992998123169,1,2706.0,0.0,0.0,977,regular
known,static_conjecture,gnm_978,24.393028439630484,"[2.289425458962633, 2.609900087422492, 2.8291286064033656, 1.9535358062421764, 3.0825400778286816, 1.5744388756500318, 3.0672885477637166, 1.387754964227463, 2.011585283182905, 0.7951538111097787]",2.289425458962633,1.5744388756500318,"[2.11673099 2.11673099 2.11673099 2.11673099 2.11673099 0.86207424
 1.12341683 0.9468185  0.8559005  0.6654754 ]",2.1167309865710418,0.8620742360644783,5,12,40,4.379591464996338,1,690.0,0.0,0.0,978,gnm
known,static_conjecture,barabasi_979,9.843095657718065,"[1.479885312535103, -0.14048144719890251, 2.2168536576212947, 2.882467212242908, 0.6151445131533606, 1.2227940383461982, 2.982574251605927, 1.2930068748029206, 1.465267476614113, 1.3420061324373076]",1.479885312535103,1.2227940383461982,"[1.55473373 1.55473373 1.55473373 1.55473373 1.55473373 0.86207424
 1.12341683 0.9468185  0.8559005  0.6654754 ]",1.5547337278106508,0.8620742360644783,5,13,12,3.6654140949249268,1,1350.0,0.0,0.0,979,barabasi
known,static_conjecture,gnm_980,13.702690445772532,"[2.3073733625951105, 1.6982177505900535, 2.6967509531291536, 2.426628968391173, 2.0340014841381953, 0.9709899300911361, 2.0798308842226785, 1.6883123135318767, 2.013632917662677, 0.5287148200258821]",2.3073733625951105,0.9709899300911361,"[1.85651061 1.85651061 1.85651061 1.85651061 1.85651061 0.86207424
 1.12341683 0.9468185  0.8559005  0.6654754 ]",1.8565106125091821,0.8620742360644783,5,8,24,5.686099290847778,1,1644.0,0.0,0.0,980,gnm
known,static_conjecture,gnm_981,19.285270282244877,"[2.8683114945945523, 3.1411857539766492, 1.0277629089414786, 2.211312159834651, 2.609958742715735, 2.693918928495962, 3.141592653589793, 1.5648576388888644, 0.9395071711864065, 0.20639346125316851]",2.8683114945945523,2.693918928495962,"[2.30539828 2.30539828 2.30539828 2.30539828 2.30539828 0.86207424
 1.12341683 0.9468185  0.8559005  0.6654754 ]",2.3053982843137253,0.8620742360644783,5,17,27,9.890092134475708,1,1710.0,0.0,0.0,981,gnm
known,static_conjecture,regular_982,24.638876679112833,"[2.951095027716117, 1.6668283144945124, 1.9335531844500216, 3.141592653589793, 1.967577190956003, 1.1636080918270806, 2.2922315661959254, 0.5309690831548973, 2.278731614758298, 1.375451908158337]",2.951095027716117,1.1636080918270806,"[3.14159265 3.14159265 3.14159265 3.14159265 3.14159265 0.86207424
 1.12341683 0.9468185  0.8559005  0.6654754 ]",3.141592653589793,0.8620742360644783,5,17,34,7.9893105030059814,1,1179.0,0.0,0.0,982,regular
known,static_conjecture,regular_983,11.409788576833307,"[1.7303752086984787, 0.4212659715476959, 1.460882892710475, 1.3323269149708876, 1.806183680474969, 1.0790751168208814, 1.9242173209534443, 1.7851008596111662, 1.4893212740730566, 0.7175361647555842]",1.7303752086984787,1.0790751168208814,"[1.33696172 1.33696172 1.33696172 1.33696172 1.33696172 0.86207424
 1.12341683 0.9468185  0.8559005  0.6654754 ]",1.3369617224880386,0.8620742360644783,5,8,16,4.978840589523315,1,1833.0,0.0,0.0,983,regular
known,static_conjecture,gnm_984,5.564073976668238,"[2.9925196719980773, 0.8517380538602074, 2.7156240528577027, 0.8746788003322952, 2.923589397386771, 1.6183718508829856, 1.8397299195443826, 2.3510537112577565, 2.0359915536517463, 0.9004377013727838]",2.9925196719980773,1.6183718508829856,"[1.78519119 1.78519119 1.78519119 1.78519119 1.78519119 0.86207424
 1.12341683 0.9468185  0.8559005  0.6654754 ]",1.7851911872545445,0.8620742360644783,5,7,6,4.8339831829071045,1,2887.0,0.0,0.0,984,gnm
known,static_conjecture,watts_985,14.538397469440794,"[1.7606026138229591, 1.9961759175268972, 2.699095783680621, 1.3768409704045323, 1.942261934386243, -0.05328982565953447, 1.7889790366513454, 1.3456020034063139, 1.6372178909516277, 1.1615878031956473]",1.7606026138229591,-0.05328982565953447,"[1.57079633 1.57079633 1.57079633 1.57079633 1.57079633 0.86207424
 1.12341683 0.9468185  0.8559005  0.6654754 ]",1.5707963267948966,0.8620742360644783,5,18,18,3.9582631587982178,1,1029.0,0.0,0.0,985,watts
known,static_conjecture,watts_986,25.587963192540723,"[1.5311534479867914, 3.047214309449924, 1.4981831339693268, 2.759460275300107, 1.4750570548285573, 0.4609174482708407, 2.9990992791275253, 2.0199017060837186, 1.8151233669900884, 1.5484731456792957]",1.5311534479867914,0.4609174482708407,"[1.60794062 1.60794062 1.60794062 1.60794062 1.60794062 0.86207424
 1.12341683 0.9468185  0.8559005  0.6654754 ]",1.6079406229419628,0.8620742360644783,5,19,38,7.313432455062866,1,971.0,0.0,0.0,986,watts
known,static_conjecture,watts_987,15.120050421979855,"[2.119837011087677, 1.662739102329542, 3.141542234162973, 1.6183241930102723, 1.2574327782139743, 1.253492878577759, 2.386537373323509, 2.647433121219098, 1.9135023468759886, 0.9185590905288252]",2.119837011087677,1.253492878577759,"[1.57079633 1.57079633 1.57079633 1.57079633 1.57079633 0.86207424
 1.12341683 0.9468185  0.8559005  0.6654754 ]",1.5707963267948966,0.8620742360644783,5,19,19,5.290618658065796,1,1323.0,0.0,0.0,987,watts
known,static_conjecture,watts_988,6.665266148708042,"[1.4537253878424397, 1.316056784734037, 1.0818109518721417, 3.141520189286357, 1.473423260108392, 1.8939630055426773, 2.0939439166889056, 1.466758025528141, 1.7039026641474817, 0.2961710649660876]",1.4537253878424397,1.8939630055426773,"[1.46995192 1.46995192 1.46995192 1.46995192 1.46995192 0.86207424
 1.12341683 0.9468185  0.8559005  0.6654754 ]",1.4699519230769231,0.8620742360644783,5,8,8,1.150557279586792,1,843.0,0.0,0.0,988,watts
known,static_conjecture,gnm_989,7.721273046164242,"[2.761599082388009, 2.8252721254215354, 2.020188610708284, 1.8068812413183946, 1.6147359338631682, 1.173343073353035, 3.1413878343482238, 0.7576788963183505, 2.3243558655204386, 0.8011124346834033]",2.761599082388009,1.173343073353035,"[1.85651061 1.85651061 1.85651061 1.85651061 1.85651061 0.86207424
 1.12341683 0.9468185  0.8559005  0.6654754 ]",1.8565106125091821,0.8620742360644783,5,8,11,2.892040252685547,1,1768.0,0.0,0.0,989,gnm
known,static_conjecture,barabasi_990,11.5159032630224,"[0.2982120798687985, 1.5229861872031623, 1.953559213724013, 2.7316092779525576, 0.830533725759715, 0.883333679366642, 3.060217166288814, 2.8613774633085676, 1.8168808596040322, 1.3901577483377279]",0.2982120798687985,0.883333679366642,"[1.55102041 1.55102041 1.55102041 1.55102041 1.55102041 0.86207424
 1.12341683 0.9468185  0.8559005  0.6654754 ]",1.5510204081632653,0.8620742360644783,5,14,13,3.6015520095825195,1,1558.0,0.0,0.0,990,barabasi
known,static_conjecture,regular_991,13.609703568820937,"[1.8063947187944098, 1.9922511763897208, 2.0982303043605883, 2.226848094406124, 2.0172785022342774, 0.010649335359274897, 3.141514507593499, 1.6945446443887757, 2.06340527701232, 1.2787006388264972]",1.8063947187944098,0.010649335359274897,"[2.09196429 2.09196429 2.09196429 2.09196429 2.09196429 0.86207424
 1.12341683 0.9468185  0.8559005  0.6654754 ]",2.091964285714286,0.8620742360644783,5,12,18,2.511538505554199,1,735.0,0.0,0.0,991,regular
known,static_conjecture,barabasi_992,17.02767971118111,"[1.7337090739358194, 2.6687663376973116, 1.5854490867145188, 1.4181347432223381, 1.8083610553542158, 1.324789889358148, 2.9250393066031197, 2.6167366756257744, 1.7261403441025154, 0.9395956031299538]",1.7337090739358194,1.324789889358148,"[1.65402952 1.65402952 1.65402952 1.65402952 1.65402952 0.86207424
 1.12341683 0.9468185  0.8559005  0.6654754 ]",1.6540295182400446,0.8620742360644783,5,14,24,5.859034538269043,1,1237.0,0.0,0.0,992,barabasi
known,static_conjecture,gnm_993,45.09443069809262,"[3.1410484641278673, 2.361281321272153, 2.2651389274208777, 2.2720625661998577, 2.3064427474581612, 1.0574795877004397, 3.1387582607060827, 2.3364455164153437, 1.5710050783772251, 0.2455978846143761]",3.1410484641278673,1.0574795877004397,"[2.37430531 2.37430531 2.37430531 2.37430531 2.37430531 0.86207424
 1.12341683 0.9468185  0.8559005  0.6654754 ]",2.374305314054939,0.8620742360644783,5,16,82,10.968510627746582,1,729.0,0.0,0.0,993,gnm
known,static_conjecture,watts_994,17.441104215866247,"[2.3461818543213195, 0.5590000004745295, 2.572260696826871, 1.708915425404443, 1.6108561216918609, -0.14455616408822392, 2.116781752607304, 1.0749895801970495, 1.5968371868301832, 0.7423245713803315]",2.3461818543213195,-0.14455616408822392,"[1.57079633 1.57079633 1.57079633 1.57079633 1.57079633 0.86207424
 1.12341683 0.9468185  0.8559005  0.6654754 ]",1.5707963267948966,0.8620742360644783,5,20,20,6.563914060592651,1,1152.0,0.0,0.0,994,watts
known,static_conjecture,barabasi_995,5.146100657443526,"[3.141591673886973, 2.4070541431172616, 3.141589205361921, 2.1285057453129728, 2.5185712883373785, 1.2200062843797868, 3.1414485163553505, 1.9808543936961198, 1.7203734731725273, 1.1955878740735142]",3.141591673886973,1.2200062843797868,"[2.23017809 2.23017809 2.23017809 2.23017809 2.23017809 0.86207424
 1.12341683 0.9468185  0.8559005  0.6654754 ]",2.230178092584108,0.8620742360644783,5,7,6,0.9133501052856445,1,870.0,0.0,0.0,995,barabasi
known,static_conjecture,regular_996,19.903082838892466,"[2.8469270631979913, 1.701708818224736, 2.17114121990301, 2.0619550491095313, 1.655503205463037, 1.2311804207667991, 2.5452861336236405, 1.5784735031939883, 1.1475310892315482, 0.7469943610145444]",2.8469270631979913,1.2311804207667991,"[1.97142857 1.97142857 1.97142857 1.97142857 1.97142857 0.86207424
 1.12341683 0.9468185  0.8559005  0.6654754 ]",1.971428571428571,0.8620742360644783,5,13,26,3.430527448654175,1,999.0,0.0,0.0,996,regular
known,static_conjecture,barabasi_997,13.033278023339816,"[2.953925344161041, 2.0611148161989137, 1.5586705548862645, 2.1239072742294502, 1.57172263885019, 1.9283304851943779, 1.6765793156406659, 1.3319669175890763, 1.730583493682353, 1.4187485140959841]",2.953925344161041,1.9283304851943779,"[1.93530619 1.93530619 1.93530619 1.93530619 1.93530619 0.86207424
 1.12341683 0.9468185  0.8559005  0.6654754 ]",1.935306186868687,0.8620742360644783,5,16,15,4.564206838607788,1,1326.0,0.0,0.0,997,barabasi
known,static_conjecture,gnm_998,20.14681767897575,"[1.7272284216741296, 2.75941743723463, 1.5117995087445162, 1.5325485869567506, 1.7062468521847889, -0.18573792948185885, 3.041444538623278, 2.770345586431384, 1.599240062138079, 0.7558302587787408]",1.7272284216741296,-0.18573792948185885,"[1.66136982 1.66136982 1.66136982 1.66136982 1.66136982 0.86207424
 1.12341683 0.9468185  0.8559005  0.6654754 ]",1.661369818393702,0.8620742360644783,5,14,30,6.75249171257019,1,1197.0,0.0,0.0,998,gnm
known,static_conjecture,regular_999,24.31351945801217,"[2.9568949259150474, 2.218375525229728, 2.2752823630915446, 1.791369959578486, 2.9872542293851905, 0.40711876308345335, 1.575365111244829, 0.9521549653894101, 1.7348139306197128, 0.7133242779545854]",2.9568949259150474,0.40711876308345335,"[3.14159265 3.14159265 3.14159265 3.14159265 3.14159265 0.86207424
 1.12341683 0.9468185  0.8559005  0.6654754 ]",3.141592653589793,0.8620742360644783,5,17,34,6.374229431152344,1,921.0,0.0,0.0,999,regular
